{"type":"FeatureCollection","features":[{"type":"Feature","properties":{"colonia":"LAS ESTRELLAS","pea":0,"pocupada":0},"geometry":{"type":"Polygon","coordinates":[[[-103.380867490143,25.4896862343323],[-103.380867490143,25.4896862343323]]]}},{"type":"Feature","properties":{"colonia":"PRIMITIVO (CENTRO)","pea":66.08,"pocupada":97.48},"geometry":{"type":"Polygon","coordinates":[[[-103.45688950025,25.5432364348137],[-103.45688950025,25.5432364348137]]]}},{"type":"Feature","properties":{"colonia":"UNIVERSIDAD","pea":84.33,"pocupada":100},"geometry":{"type":"Polygon","coordinates":[[[-103.426343562006,25.5789034788125],[-103.426343562006,25.5789034788125]]]}},{"type":"Feature","properties":{"colonia":"LAZARO CARDENAS","pea":72.08,"pocupada":97.26},"geometry":{"type":"Polygon","coordinates":[[[-103.420483387998,25.5041433020718],[-103.420483387998,25.5041433020718]]]}},{"type":"Feature","properties":{"colonia":"QUINTAS LA MERCED","pea":58.76,"pocupada":96.79},"geometry":{"type":"Polygon","coordinates":[[[-103.386957342008,25.5122484887768],[-103.386957342008,25.5122484887768]]]}},{"type":"Feature","properties":{"colonia":"ROMA","pea":73.15,"pocupada":98.88},"geometry":{"type":"Polygon","coordinates":[[[-103.396231847022,25.5136838319434],[-103.396231847022,25.5136838319434]]]}},{"type":"Feature","properties":{"colonia":"RESIDENCIAL LAS MISIONES","pea":83.33,"pocupada":100},"geometry":{"type":"Polygon","coordinates":[[[-103.392359842932,25.5150137736668],[-103.392359842932,25.5150137736668]]]}},{"type":"Feature","properties":{"colonia":"BRAULIO FERNANDEZ AGUIRRE","pea":55.9,"pocupada":97.29},"geometry":{"type":"Polygon","coordinates":[[[-103.433732384742,25.5151578819307],[-103.433732384742,25.5151578819307]]]}},{"type":"Feature","properties":{"colonia":"ANGELES RESIDENCIAL I","pea":42.42,"pocupada":100},"geometry":{"type":"Polygon","coordinates":[[[-103.401238836003,25.5311854087797],[-103.401238836003,25.5311854087797]]]}},{"type":"Feature","properties":{"colonia":"SECCION 38","pea":59.57,"pocupada":97.2099999999999},"geometry":{"type":"Polygon","coordinates":[[[-103.380286699871,25.521960557134],[-103.380286699871,25.521960557134]]]}},{"type":"Feature","properties":{"colonia":"SIN NOMBRE","pea":0,"pocupada":0},"geometry":{"type":"Polygon","coordinates":[[[-103.366016782848,25.5205768125699],[-103.366016782848,25.5205768125699]]]}},{"type":"Feature","properties":{"colonia":"SAN JOSE","pea":62.5,"pocupada":96.36},"geometry":{"type":"Polygon","coordinates":[[[-103.382941899649,25.5303764263311],[-103.382941899649,25.5303764263311]]]}},{"type":"Feature","properties":{"colonia":"CALERAS MARTINEZ","pea":60.24,"pocupada":99.15},"geometry":{"type":"Polygon","coordinates":[[[-103.475825618058,25.5296335638379],[-103.475825618058,25.5296335638379]]]}},{"type":"Feature","properties":{"colonia":"RINCON LA ROSITA","pea":57.24,"pocupada":100},"geometry":{"type":"Polygon","coordinates":[[[-103.403854589718,25.5318894277549],[-103.403854589718,25.5318894277549]]]}},{"type":"Feature","properties":{"colonia":"DIVISION DEL NORTE","pea":67.73,"pocupada":95.98},"geometry":{"type":"Polygon","coordinates":[[[-103.386005835001,25.5321770309453],[-103.386005835001,25.5321770309453]]]}},{"type":"Feature","properties":{"colonia":"SAN MARCOS","pea":57.9,"pocupada":99.06},"geometry":{"type":"Polygon","coordinates":[[[-103.410784581943,25.5453903983483],[-103.410784581943,25.5453903983483]]]}},{"type":"Feature","properties":{"colonia":"PALMAS AEROPUERTO","pea":65.8,"pocupada":95.48},"geometry":{"type":"Polygon","coordinates":[[[-103.403287436766,25.5509365650705],[-103.403287436766,25.5509365650705]]]}},{"type":"Feature","properties":{"colonia":"NUEVA LOS ANGELES","pea":54.37,"pocupada":98.8199999999999},"geometry":{"type":"Polygon","coordinates":[[[-103.438442665796,25.5644394719042],[-103.438442665796,25.5644394719042]]]}},{"type":"Feature","properties":{"colonia":"QUINTAS DEL NAZAS","pea":60.44,"pocupada":98.01},"geometry":{"type":"Polygon","coordinates":[[[-103.364668056985,25.5487290208277],[-103.364668056985,25.5487290208277]]]}},{"type":"Feature","properties":{"colonia":"FRANCISCO VILLA","pea":61.08,"pocupada":98.36},"geometry":{"type":"Polygon","coordinates":[[[-103.406012709019,25.5502185472482],[-103.406012709019,25.5502185472482]]]}},{"type":"Feature","properties":{"colonia":"LAS ARBOLEDAS 3A. ETAPA","pea":61.65,"pocupada":97.9},"geometry":{"type":"Polygon","coordinates":[[[-103.370066083783,25.5438891177886],[-103.370066083783,25.5438891177886]]]}},{"type":"Feature","properties":{"colonia":"NAZARIO ORTIZ GARZA","pea":63.82,"pocupada":95.88},"geometry":{"type":"Polygon","coordinates":[[[-103.45505550111,25.554722458175],[-103.45505550111,25.554722458175]]]}},{"type":"Feature","properties":{"colonia":"VILLAS DE LA HUERTA","pea":68.68,"pocupada":98.88},"geometry":{"type":"Polygon","coordinates":[[[-103.328253713238,25.5546001440815],[-103.328253713238,25.5546001440815]]]}},{"type":"Feature","properties":{"colonia":"RESIDENCIAL EL SECRETO","pea":56.44,"pocupada":100},"geometry":{"type":"Polygon","coordinates":[[[-103.366852519228,25.5404505257712],[-103.366852519228,25.5404505257712]]]}},{"type":"Feature","properties":{"colonia":"CERRADAS VILLAS DIAMANTE","pea":71.75,"pocupada":97.64},"geometry":{"type":"Polygon","coordinates":[[[-103.350977149576,25.5396865561897],[-103.350977149576,25.5396865561897]]]}},{"type":"Feature","properties":{"colonia":"LAS CAPILLAS","pea":0,"pocupada":0},"geometry":{"type":"Polygon","coordinates":[[[-103.398040282033,25.5863070441349],[-103.398040282033,25.5863070441349]]]}},{"type":"Feature","properties":{"colonia":"LAGUNA SUR","pea":70.19,"pocupada":97.15},"geometry":{"type":"Polygon","coordinates":[[[-103.415752380268,25.5829073747756],[-103.415752380268,25.5829073747756]]]}},{"type":"Feature","properties":{"colonia":"EJIDO LA CONCHITA ROJA","pea":0,"pocupada":0},"geometry":{"type":"Polygon","coordinates":[[[-103.405887627712,25.6432062902381],[-103.405887627712,25.6432062902381]]]}},{"type":"Feature","properties":{"colonia":"VILLAS CENTENARIO","pea":66.67,"pocupada":97.66},"geometry":{"type":"Polygon","coordinates":[[[-103.350529241331,25.5532791254313],[-103.350529241331,25.5532791254313]]]}},{"type":"Feature","properties":{"colonia":"RINCON DE LAS TROJES","pea":54.67,"pocupada":100},"geometry":{"type":"Polygon","coordinates":[[[-103.382499891856,25.5933360750998],[-103.382499891856,25.5933360750998]]]}},{"type":"Feature","properties":{"colonia":"RESIDENCIAL DEL BOSQUE","pea":71.29,"pocupada":96.7},"geometry":{"type":"Polygon","coordinates":[[[-103.343585502969,25.5033991067834],[-103.343585502969,25.5033991067834]]]}},{"type":"Feature","properties":{"colonia":" ","pea":58.16,"pocupada":98.25},"geometry":{"type":"Polygon","coordinates":[[[-103.327594924766,25.5392954113542],[-103.327594924766,25.5392954113542]]]}},{"type":"Feature","properties":{"colonia":"CIRCUITO PUERTO ALBA","pea":92.86,"pocupada":100},"geometry":{"type":"Polygon","coordinates":[[[-103.360618725474,25.5769902880714],[-103.360618725474,25.5769902880714]]]}},{"type":"Feature","properties":{"colonia":"PARQUE INDUSTRIAL GLOBAL PARK","pea":0,"pocupada":0},"geometry":{"type":"Polygon","coordinates":[[[-103.346984826988,25.4599727562377],[-103.346984826988,25.4599727562377]]]}},{"type":"Feature","properties":{"colonia":"RESIDENCIAL RANCHO ALEGRE 1RA ETAPA","pea":0,"pocupada":0},"geometry":{"type":"Polygon","coordinates":[[[-103.321563617867,25.5043266837295],[-103.321563617867,25.5043266837295]]]}},{"type":"Feature","properties":{"colonia":"RASTRO MUNICIPAL","pea":0,"pocupada":0},"geometry":{"type":"Polygon","coordinates":[[[-103.340321853371,25.4857554397618],[-103.340321853371,25.4857554397618]]]}},{"type":"Feature","properties":{"colonia":"AMPLIACION CASTELLO RESIDENCIAL","pea":0,"pocupada":0},"geometry":{"type":"Polygon","coordinates":[[[-103.36347486887,25.569508702065],[-103.36347486887,25.569508702065]]]}},{"type":"Feature","properties":{"colonia":"SIN NOMBRE","pea":61.9,"pocupada":100},"geometry":{"type":"Polygon","coordinates":[[[-103.356400753092,25.5142902438997],[-103.356400753092,25.5142902438997]]]}},{"type":"Feature","properties":{"colonia":"SANTA ELENA","pea":67.24,"pocupada":97.67},"geometry":{"type":"Polygon","coordinates":[[[-103.389099853575,25.5147681724133],[-103.389099853575,25.5147681724133]]]}},{"type":"Feature","properties":{"colonia":"RINCON DE LA HACIENDA","pea":65.12,"pocupada":97.5},"geometry":{"type":"Polygon","coordinates":[[[-103.389584852559,25.5174537953564],[-103.389584852559,25.5174537953564]]]}},{"type":"Feature","properties":{"colonia":"AMPLIACION NUEVA MERCED","pea":58.58,"pocupada":98.92},"geometry":{"type":"Polygon","coordinates":[[[-103.397652113055,25.4980856648216],[-103.397652113055,25.4980856648216]]]}},{"type":"Feature","properties":{"colonia":"EX-HACIENDA LA MERCED","pea":60.66,"pocupada":100},"geometry":{"type":"Polygon","coordinates":[[[-103.384063731056,25.5344813647233],[-103.384063731056,25.5344813647233]]]}},{"type":"Feature","properties":{"colonia":"EX-HACIENDA ANTIGUA LOS ANGELES","pea":64.4599999999999,"pocupada":98.97},"geometry":{"type":"Polygon","coordinates":[[[-103.403974461252,25.5352831741792],[-103.403974461252,25.5352831741792]]]}},{"type":"Feature","properties":{"colonia":"JESUS MARIA DEL BOSQUE","pea":0,"pocupada":0},"geometry":{"type":"Polygon","coordinates":[[[-103.439519367425,25.5237571210943],[-103.439519367425,25.5237571210943]]]}},{"type":"Feature","properties":{"colonia":"NUEVA CREACION","pea":61.01,"pocupada":100},"geometry":{"type":"Polygon","coordinates":[[[-103.455684405111,25.5205441141196],[-103.455684405111,25.5205441141196]]]}},{"type":"Feature","properties":{"colonia":"AMPLIACION SECCION 38","pea":58.54,"pocupada":97.92},"geometry":{"type":"Polygon","coordinates":[[[-103.385124386082,25.5214925796189],[-103.385124386082,25.5214925796189]]]}},{"type":"Feature","properties":{"colonia":"LA HACIENDA ORIENTE","pea":56,"pocupada":98.41},"geometry":{"type":"Polygon","coordinates":[[[-103.385244441078,25.5215772328031],[-103.385244441078,25.5215772328031]]]}},{"type":"Feature","properties":{"colonia":"QUINTAS ISABELA","pea":50,"pocupada":100},"geometry":{"type":"Polygon","coordinates":[[[-103.40213022423,25.5314248137042],[-103.40213022423,25.5314248137042]]]}},{"type":"Feature","properties":{"colonia":"LOS PORTALES","pea":59.09,"pocupada":100},"geometry":{"type":"Polygon","coordinates":[[[-103.398379410082,25.5332169368122],[-103.398379410082,25.5332169368122]]]}},{"type":"Feature","properties":{"colonia":"LA ORQUIDEA","pea":79.31,"pocupada":95.65},"geometry":{"type":"Polygon","coordinates":[[[-103.376098211763,25.5262491532758],[-103.376098211763,25.5262491532758]]]}},{"type":"Feature","properties":{"colonia":"LOS PERIODISTAS","pea":63.03,"pocupada":97.5999999999999},"geometry":{"type":"Polygon","coordinates":[[[-103.351741822427,25.5256200829006],[-103.351741822427,25.5256200829006]]]}},{"type":"Feature","properties":{"colonia":"TORREON RESIDENCIAL","pea":59.88,"pocupada":97.61},"geometry":{"type":"Polygon","coordinates":[[[-103.398165512628,25.5276329976647],[-103.398165512628,25.5276329976647]]]}},{"type":"Feature","properties":{"colonia":"SIN NOMBRE","pea":60.26,"pocupada":98.38},"geometry":{"type":"Polygon","coordinates":[[[-103.385976846254,25.5343425705532],[-103.385976846254,25.5343425705532]]]}},{"type":"Feature","properties":{"colonia":"RINCON DE LAS NOAS","pea":62.33,"pocupada":98.7},"geometry":{"type":"Polygon","coordinates":[[[-103.355691591794,25.5444713226934],[-103.355691591794,25.5444713226934]]]}},{"type":"Feature","properties":{"colonia":"VILLAS DE LA JOYA","pea":64.3,"pocupada":97.92},"geometry":{"type":"Polygon","coordinates":[[[-103.344849692559,25.5461507139843],[-103.344849692559,25.5461507139843]]]}},{"type":"Feature","properties":{"colonia":"VEINTIOCHO DE ABRIL","pea":58.89,"pocupada":98.3199999999999},"geometry":{"type":"Polygon","coordinates":[[[-103.463760233448,25.5465372228146],[-103.463760233448,25.5465372228146]]]}},{"type":"Feature","properties":{"colonia":"SATELITE DE LA LAGUNA I","pea":68.4599999999999,"pocupada":98.37},"geometry":{"type":"Polygon","coordinates":[[[-103.392422358405,25.5597376687584],[-103.392422358405,25.5597376687584]]]}},{"type":"Feature","properties":{"colonia":"PUERTA REAL","pea":69.23,"pocupada":98.94},"geometry":{"type":"Polygon","coordinates":[[[-103.389814763341,25.5643988576213],[-103.389814763341,25.5643988576213]]]}},{"type":"Feature","properties":{"colonia":"VILLAS SALTILLO 400","pea":60,"pocupada":91.67},"geometry":{"type":"Polygon","coordinates":[[[-103.40432116429,25.5487058623857],[-103.40432116429,25.5487058623857]]]}},{"type":"Feature","properties":{"colonia":"EL ARENAL","pea":61.36,"pocupada":96.89},"geometry":{"type":"Polygon","coordinates":[[[-103.46372205363,25.5500546359128],[-103.46372205363,25.5500546359128]]]}},{"type":"Feature","properties":{"colonia":"ELSA HERNANDEZ","pea":67.8199999999999,"pocupada":98.52},"geometry":{"type":"Polygon","coordinates":[[[-103.402263240256,25.5501193529258],[-103.402263240256,25.5501193529258]]]}},{"type":"Feature","properties":{"colonia":"VALLE VERDE","pea":55.51,"pocupada":97.19},"geometry":{"type":"Polygon","coordinates":[[[-103.368741132397,25.5511076943646],[-103.368741132397,25.5511076943646]]]}},{"type":"Feature","properties":{"colonia":"SOL DE ORIENTE 3A. ETAPA","pea":63.06,"pocupada":96.73},"geometry":{"type":"Polygon","coordinates":[[[-103.325653221919,25.5383178806657],[-103.325653221919,25.5383178806657]]]}},{"type":"Feature","properties":{"colonia":"LAS ARBOLEDAS 2A. ETAPA","pea":65.8,"pocupada":98.25},"geometry":{"type":"Polygon","coordinates":[[[-103.363242362645,25.5414591945862],[-103.363242362645,25.5414591945862]]]}},{"type":"Feature","properties":{"colonia":"CIUDAD NAZAS POLIGONO 30","pea":70.13,"pocupada":98},"geometry":{"type":"Polygon","coordinates":[[[-103.357426126814,25.5429106068391],[-103.357426126814,25.5429106068391]]]}},{"type":"Feature","properties":{"colonia":"PLAN DE AYALA","pea":58.35,"pocupada":98.53},"geometry":{"type":"Polygon","coordinates":[[[-103.469056070281,25.5450067664491],[-103.469056070281,25.5450067664491]]]}},{"type":"Feature","properties":{"colonia":"INFONAVIT NUEVA CALIFORNIA","pea":64.76,"pocupada":97.51},"geometry":{"type":"Polygon","coordinates":[[[-103.391246485837,25.5445965110202],[-103.391246485837,25.5445965110202]]]}},{"type":"Feature","properties":{"colonia":"NUEVA CALIFORNIA","pea":60.44,"pocupada":96.0699999999999},"geometry":{"type":"Polygon","coordinates":[[[-103.403313228423,25.5447546028427],[-103.403313228423,25.5447546028427]]]}},{"type":"Feature","properties":{"colonia":"EJIDO SAN AGUSTIN","pea":61.16,"pocupada":97.5999999999999},"geometry":{"type":"Polygon","coordinates":[[[-103.378833122051,25.5878185787644],[-103.378833122051,25.5878185787644]]]}},{"type":"Feature","properties":{"colonia":"RESIDENCIAL LAS ISABELES","pea":48.1,"pocupada":98.42},"geometry":{"type":"Polygon","coordinates":[[[-103.405750559341,25.5923040967567],[-103.405750559341,25.5923040967567]]]}},{"type":"Feature","properties":{"colonia":"SIN NOMBRE","pea":0,"pocupada":0},"geometry":{"type":"Polygon","coordinates":[[[-103.409586891822,25.5855354680874],[-103.409586891822,25.5855354680874]]]}},{"type":"Feature","properties":{"colonia":"ABASTOS","pea":62.12,"pocupada":97.98},"geometry":{"type":"Polygon","coordinates":[[[-103.417162649437,25.5535428300376],[-103.417162649437,25.5535428300376]]]}},{"type":"Feature","properties":{"colonia":"TIERRA Y LIBERTAD","pea":59.65,"pocupada":96.9599999999999},"geometry":{"type":"Polygon","coordinates":[[[-103.412159254146,25.5552427375624],[-103.412159254146,25.5552427375624]]]}},{"type":"Feature","properties":{"colonia":"EX-HACIENDA LA JOYA","pea":63.55,"pocupada":98},"geometry":{"type":"Polygon","coordinates":[[[-103.340854217848,25.5578120403934],[-103.340854217848,25.5578120403934]]]}},{"type":"Feature","properties":{"colonia":"HACIENDA LA NORIA","pea":66.3,"pocupada":98.44},"geometry":{"type":"Polygon","coordinates":[[[-103.345019278617,25.5579583223188],[-103.345019278617,25.5579583223188]]]}},{"type":"Feature","properties":{"colonia":"VILLA JARDIN","pea":64.29,"pocupada":98.26},"geometry":{"type":"Polygon","coordinates":[[[-103.449895680441,25.5604014358776],[-103.449895680441,25.5604014358776]]]}},{"type":"Feature","properties":{"colonia":"EJIDO EL PACIFICO","pea":0,"pocupada":0},"geometry":{"type":"Polygon","coordinates":[[[-103.270200995779,25.587523650596],[-103.270200995779,25.587523650596]]]}},{"type":"Feature","properties":{"colonia":"RESIDENCIAL LAS VILLAS ETAPA XIII","pea":54.41,"pocupada":100},"geometry":{"type":"Polygon","coordinates":[[[-103.410720325383,25.6204336906624],[-103.410720325383,25.6204336906624]]]}},{"type":"Feature","properties":{"colonia":"RESIDENCIAL LAS VILLAS 7A. ETAPA","pea":50,"pocupada":100},"geometry":{"type":"Polygon","coordinates":[[[-103.403164921224,25.6202579649332],[-103.403164921224,25.6202579649332]]]}},{"type":"Feature","properties":{"colonia":"EJIDO RANCHO ALEGRE","pea":0,"pocupada":0},"geometry":{"type":"Polygon","coordinates":[[[-103.327413682595,25.5048686970328],[-103.327413682595,25.5048686970328]]]}},{"type":"Feature","properties":{"colonia":"VILLAS DE SAN ANGEL III","pea":65.76,"pocupada":99.34},"geometry":{"type":"Polygon","coordinates":[[[-103.343638948778,25.5355586832866],[-103.343638948778,25.5355586832866]]]}},{"type":"Feature","properties":{"colonia":"EJIDO RICARDO FLORES MAGON","pea":0,"pocupada":0},"geometry":{"type":"Polygon","coordinates":[[[-103.351412341406,25.6240005700703],[-103.351412341406,25.6240005700703]]]}},{"type":"Feature","properties":{"colonia":"LA JOYA","pea":0,"pocupada":0},"geometry":{"type":"Polygon","coordinates":[[[-103.339112204964,25.542970659968],[-103.339112204964,25.542970659968]]]}},{"type":"Feature","properties":{"colonia":"VILLA MANZART","pea":0,"pocupada":0},"geometry":{"type":"Polygon","coordinates":[[[-103.36909988725,25.6585901821912],[-103.36909988725,25.6585901821912]]]}},{"type":"Feature","properties":{"colonia":"QUINTAS DEL DESIERTO","pea":0,"pocupada":0},"geometry":{"type":"Polygon","coordinates":[[[-103.422764951841,25.5956753808142],[-103.422764951841,25.5956753808142]]]}},{"type":"Feature","properties":{"colonia":"SIN NOMBRE","pea":0,"pocupada":0},"geometry":{"type":"Polygon","coordinates":[[[-103.337666669781,25.5541831896026],[-103.337666669781,25.5541831896026]]]}},{"type":"Feature","properties":{"colonia":"RESIDENCIAL LAS VILLAS ETEPA XXI","pea":57.41,"pocupada":100},"geometry":{"type":"Polygon","coordinates":[[[-103.409199872176,25.6144127799259],[-103.409199872176,25.6144127799259]]]}},{"type":"Feature","properties":{"colonia":"MORETTO","pea":72.42,"pocupada":99.34},"geometry":{"type":"Polygon","coordinates":[[[-103.35765007689,25.5073387057167],[-103.35765007689,25.5073387057167]]]}},{"type":"Feature","properties":{"colonia":"SIN NOMBRE","pea":0,"pocupada":0},"geometry":{"type":"Polygon","coordinates":[[[-103.345597601148,25.5467207879341],[-103.345597601148,25.5467207879341]]]}},{"type":"Feature","properties":{"colonia":"RESIDENCIAL HACIENDA EL ROSARIO","pea":0,"pocupada":0},"geometry":{"type":"Polygon","coordinates":[[[-103.401587260344,25.624784928182],[-103.401654660035,25.6249738991262],[-103.40165408177,25.6249723567889],[-103.401587260344,25.624784928182]]]}},{"type":"Feature","properties":{"colonia":"VILLAS CENTENARIO II","pea":65.87,"pocupada":97.75},"geometry":{"type":"Polygon","coordinates":[[[-103.351575833658,25.5467884529248],[-103.351575833658,25.5467884529248]]]}},{"type":"Feature","properties":{"colonia":"RESIDENCIAL VILLA FRONDOSO","pea":0,"pocupada":0},"geometry":{"type":"Polygon","coordinates":[[[-103.414747561451,25.5899959525512],[-103.414747561451,25.5899959525512]]]}},{"type":"Feature","properties":{"colonia":"BENITO JUAREZ","pea":70.92,"pocupada":99.08},"geometry":{"type":"Polygon","coordinates":[[[-103.356513744813,25.4948753099476],[-103.356513744813,25.4948753099476]]]}},{"type":"Feature","properties":{"colonia":"PALMAS LA ROSITA","pea":59.24,"pocupada":98.17},"geometry":{"type":"Polygon","coordinates":[[[-103.412193171178,25.5273475699345],[-103.412193171178,25.5273475699345]]]}},{"type":"Feature","properties":{"colonia":"AMPLIACION LAZARO CARDENAS","pea":65.58,"pocupada":97.23},"geometry":{"type":"Polygon","coordinates":[[[-103.411952580048,25.502769119999],[-103.411952580048,25.502769119999]]]}},{"type":"Feature","properties":{"colonia":"LAS JULIETAS","pea":62.09,"pocupada":98.45},"geometry":{"type":"Polygon","coordinates":[[[-103.403632541708,25.5038288640109],[-103.403632541708,25.5038288640109]]]}},{"type":"Feature","properties":{"colonia":"JOSE LUZ TORRES","pea":59.25,"pocupada":97.66},"geometry":{"type":"Polygon","coordinates":[[[-103.390222846907,25.5023235652804],[-103.390222846907,25.5023235652804]]]}},{"type":"Feature","properties":{"colonia":"BELLA VISTA","pea":58.58,"pocupada":97.75},"geometry":{"type":"Polygon","coordinates":[[[-103.410938321946,25.5041251906251],[-103.410938321946,25.5041251906251]]]}},{"type":"Feature","properties":{"colonia":"RESIDENCIAL LOS CEDROS","pea":0,"pocupada":0},"geometry":{"type":"Polygon","coordinates":[[[-103.396268587925,25.5109414590811],[-103.396268587925,25.5109414590811]]]}},{"type":"Feature","properties":{"colonia":"QUINTAS LA PERLA","pea":72.3499999999999,"pocupada":98.55},"geometry":{"type":"Polygon","coordinates":[[[-103.353131423376,25.5042475092152],[-103.353131423376,25.5042475092152]]]}},{"type":"Feature","properties":{"colonia":"VILLAS DE LAS PERLAS","pea":71.95,"pocupada":98.72},"geometry":{"type":"Polygon","coordinates":[[[-103.350412075857,25.5060818689831],[-103.350412075857,25.5060818689831]]]}},{"type":"Feature","properties":{"colonia":"EX-HACIENDA LA PERLA","pea":65.28,"pocupada":98.37},"geometry":{"type":"Polygon","coordinates":[[[-103.3503228757,25.4927393949072],[-103.3503228757,25.4927393949072]]]}},{"type":"Feature","properties":{"colonia":"LAS BRISAS","pea":67.72,"pocupada":97.61},"geometry":{"type":"Polygon","coordinates":[[[-103.405224965859,25.491460587736],[-103.405224965859,25.491460587736]]]}},{"type":"Feature","properties":{"colonia":"EL PENSADOR","pea":0,"pocupada":0},"geometry":{"type":"Polygon","coordinates":[[[-103.391012355436,25.4942063771227],[-103.391012355436,25.4942063771227]]]}},{"type":"Feature","properties":{"colonia":"LUCIO CABAÈ÷ú?¬AS","pea":91.11,"pocupada":97.0699999999999},"geometry":{"type":"Polygon","coordinates":[[[-103.385512406672,25.5295294978881],[-103.385512406672,25.5295294978881]]]}},{"type":"Feature","properties":{"colonia":"PERLA DEL ORIENTE","pea":72.63,"pocupada":96.66},"geometry":{"type":"Polygon","coordinates":[[[-103.347746151664,25.507001869141],[-103.347746151664,25.507001869141]]]}},{"type":"Feature","properties":{"colonia":"AMPLIACION FUENTES","pea":63.72,"pocupada":97.0999999999999},"geometry":{"type":"Polygon","coordinates":[[[-103.407758407325,25.5083411017605],[-103.407758407325,25.5083411017605]]]}},{"type":"Feature","properties":{"colonia":"ANGELES RESIDENCIAL II","pea":65.33,"pocupada":100},"geometry":{"type":"Polygon","coordinates":[[[-103.399662203048,25.5308299049762],[-103.399662203048,25.5308299049762]]]}},{"type":"Feature","properties":{"colonia":"EJIDO LOS ARENALES","pea":56.06,"pocupada":100},"geometry":{"type":"Polygon","coordinates":[[[-103.368872875882,25.4946433064435],[-103.368872875882,25.4946433064435]]]}},{"type":"Feature","properties":{"colonia":"EX-HACIENDA LA PERLA 2A. ETAPA","pea":64.37,"pocupada":96.98},"geometry":{"type":"Polygon","coordinates":[[[-103.346876465876,25.4939659613601],[-103.346876465876,25.4939659613601]]]}},{"type":"Feature","properties":{"colonia":"AMPLIACION LA DALIA","pea":69.47,"pocupada":95.5999999999999},"geometry":{"type":"Polygon","coordinates":[[[-103.405375322613,25.4937396964299],[-103.405375322613,25.4937396964299]]]}},{"type":"Feature","properties":{"colonia":"SANTA SOFIA","pea":66.19,"pocupada":98.38},"geometry":{"type":"Polygon","coordinates":[[[-103.356475351856,25.4905626794242],[-103.356475351856,25.4905626794242]]]}},{"type":"Feature","properties":{"colonia":"LA DALIA ORIENTE","pea":59.97,"pocupada":98.13},"geometry":{"type":"Polygon","coordinates":[[[-103.400913341677,25.4944397278113],[-103.400913341677,25.4944397278113]]]}},{"type":"Feature","properties":{"colonia":"RESIDENCIAL SAULO","pea":63.08,"pocupada":100},"geometry":{"type":"Polygon","coordinates":[[[-103.398616122436,25.5108752213144],[-103.398616122436,25.5108752213144]]]}},{"type":"Feature","properties":{"colonia":"PANTEON TORREON","pea":0,"pocupada":0},"geometry":{"type":"Polygon","coordinates":[[[-103.427398687999,25.5092193392012],[-103.427398687999,25.5092193392012]]]}},{"type":"Feature","properties":{"colonia":"AMPLIACION FOVISSSTE LA ROSITA","pea":60.35,"pocupada":97.41},"geometry":{"type":"Polygon","coordinates":[[[-103.400227747113,25.5143578576291],[-103.400227747113,25.5143578576291]]]}},{"type":"Feature","properties":{"colonia":"AMPLIACION SANTIAGO RAMIREZ","pea":71.09,"pocupada":97.95},"geometry":{"type":"Polygon","coordinates":[[[-103.426810882116,25.5100436110239],[-103.426810882116,25.5100436110239]]]}},{"type":"Feature","properties":{"colonia":"SANTIAGO RAMIREZ","pea":65.92,"pocupada":97.95},"geometry":{"type":"Polygon","coordinates":[[[-103.426508860096,25.5103945750496],[-103.426508860096,25.5103945750496]]]}},{"type":"Feature","properties":{"colonia":"SIN NOMBRE","pea":59.18,"pocupada":100},"geometry":{"type":"Polygon","coordinates":[[[-103.401124996222,25.5115096714342],[-103.401124996222,25.5115096714342]]]}},{"type":"Feature","properties":{"colonia":"MARIA MERCADO DE LOPEZ SANCHEZ","pea":62.63,"pocupada":98.8},"geometry":{"type":"Polygon","coordinates":[[[-103.374135784039,25.511244079151],[-103.374135784039,25.511244079151]]]}},{"type":"Feature","properties":{"colonia":"LA MERCED","pea":62.69,"pocupada":96.45},"geometry":{"type":"Polygon","coordinates":[[[-103.406274906362,25.5112678302462],[-103.406274906362,25.5112678302462]]]}},{"type":"Feature","properties":{"colonia":"VILLAS LA MERCED","pea":60.9,"pocupada":97.7},"geometry":{"type":"Polygon","coordinates":[[[-103.382628629807,25.5120036060816],[-103.382628629807,25.5120036060816]]]}},{"type":"Feature","properties":{"colonia":"FUENTES DEL SUR","pea":56.23,"pocupada":97.2099999999999},"geometry":{"type":"Polygon","coordinates":[[[-103.415558874043,25.5111572280237],[-103.415558874043,25.5111572280237]]]}},{"type":"Feature","properties":{"colonia":"VALLE DORADO","pea":56.47,"pocupada":97.25},"geometry":{"type":"Polygon","coordinates":[[[-103.421433947119,25.5159351992501],[-103.421433947119,25.5159351992501]]]}},{"type":"Feature","properties":{"colonia":"RINCON LA MERCED","pea":63.92,"pocupada":97.41},"geometry":{"type":"Polygon","coordinates":[[[-103.379719634154,25.5120938062842],[-103.379719634154,25.5120938062842]]]}},{"type":"Feature","properties":{"colonia":"SIN NOMBRE","pea":58.7,"pocupada":99.42},"geometry":{"type":"Polygon","coordinates":[[[-103.394177742409,25.5136691028468],[-103.394177742409,25.5136691028468]]]}},{"type":"Feature","properties":{"colonia":"MAYRAN","pea":68.5,"pocupada":98.2},"geometry":{"type":"Polygon","coordinates":[[[-103.378234508116,25.5143402012393],[-103.378234508116,25.5143402012393]]]}},{"type":"Feature","properties":{"colonia":"EL OASIS","pea":61.51,"pocupada":99.3499999999999},"geometry":{"type":"Polygon","coordinates":[[[-103.387887062038,25.5147296472555],[-103.387887062038,25.5147296472555]]]}},{"type":"Feature","properties":{"colonia":"CONSTANCIA","pea":59.75,"pocupada":97.26},"geometry":{"type":"Polygon","coordinates":[[[-103.474470522297,25.5354623775867],[-103.474470522297,25.5354623775867]]]}},{"type":"Feature","properties":{"colonia":"ANTIGUA ACEITERA","pea":61.92,"pocupada":99.45},"geometry":{"type":"Polygon","coordinates":[[[-103.456958685095,25.5357563542724],[-103.456958685095,25.5357563542724]]]}},{"type":"Feature","properties":{"colonia":"VILLAS ZARAGOZA","pea":65.4599999999999,"pocupada":97.26},"geometry":{"type":"Polygon","coordinates":[[[-103.344669659077,25.515273443015],[-103.344669659077,25.515273443015]]]}},{"type":"Feature","properties":{"colonia":"BUENOS AIRES","pea":61.03,"pocupada":96.39},"geometry":{"type":"Polygon","coordinates":[[[-103.47077809933,25.5179645491247],[-103.47077809933,25.5179645491247]]]}},{"type":"Feature","properties":{"colonia":"NARCISO MENDOZA","pea":58.66,"pocupada":94.74},"geometry":{"type":"Polygon","coordinates":[[[-103.429297482393,25.5164699361387],[-103.429297482393,25.5164699361387]]]}},{"type":"Feature","properties":{"colonia":"RESIDENCIAL TECNOLOGICO","pea":66.67,"pocupada":100},"geometry":{"type":"Polygon","coordinates":[[[-103.394066200395,25.5150157027126],[-103.394066200395,25.5150157027126]]]}},{"type":"Feature","properties":{"colonia":"AMPLIACION ZARAGOZA SUR","pea":61.18,"pocupada":94.77},"geometry":{"type":"Polygon","coordinates":[[[-103.381839575436,25.4959222727947],[-103.381839575436,25.4959222727947]]]}},{"type":"Feature","properties":{"colonia":"ZARAGOZA SUR","pea":66.36,"pocupada":97.5999999999999},"geometry":{"type":"Polygon","coordinates":[[[-103.379220119213,25.4958337507271],[-103.379220119213,25.4958337507271]]]}},{"type":"Feature","properties":{"colonia":"LAS LUISAS","pea":58.98,"pocupada":96.95},"geometry":{"type":"Polygon","coordinates":[[[-103.4106279758,25.4965100840732],[-103.4106279758,25.4965100840732]]]}},{"type":"Feature","properties":{"colonia":"EX-HACIENDA LA PERLA 3RA. ETAPA","pea":63.44,"pocupada":98.3499999999999},"geometry":{"type":"Polygon","coordinates":[[[-103.341402127106,25.4955672051624],[-103.341402127106,25.4955672051624]]]}},{"type":"Feature","properties":{"colonia":"PARQUE INDUSTRIAL LAS AMERICAS","pea":0,"pocupada":0},"geometry":{"type":"Polygon","coordinates":[[[-103.361713275947,25.5300847447152],[-103.361713275947,25.5300847447152]]]}},{"type":"Feature","properties":{"colonia":"VILLAS DEL VALLE","pea":66.67,"pocupada":96.51},"geometry":{"type":"Polygon","coordinates":[[[-103.382010484396,25.5336948248564],[-103.382010484396,25.5336948248564]]]}},{"type":"Feature","properties":{"colonia":"LOS MONASTERIOS 1RA. ETAPA","pea":61.54,"pocupada":94.17},"geometry":{"type":"Polygon","coordinates":[[[-103.361913236607,25.4977513013815],[-103.361913236607,25.4977513013815]]]}},{"type":"Feature","properties":{"colonia":"LA DALIA","pea":62.43,"pocupada":97.15},"geometry":{"type":"Polygon","coordinates":[[[-103.407585143939,25.5001014691076],[-103.407585143939,25.5001014691076]]]}},{"type":"Feature","properties":{"colonia":"NUEVA MERCED","pea":58.75,"pocupada":99.0699999999999},"geometry":{"type":"Polygon","coordinates":[[[-103.395385465367,25.4993893814149],[-103.395385465367,25.4993893814149]]]}},{"type":"Feature","properties":{"colonia":"RESIDENCIAL DEL VALLE","pea":64.34,"pocupada":97.45},"geometry":{"type":"Polygon","coordinates":[[[-103.381891047234,25.5331111891301],[-103.381891047234,25.5331111891301]]]}},{"type":"Feature","properties":{"colonia":"EX-HACIENDA LOS ANGELES","pea":60.24,"pocupada":98.67},"geometry":{"type":"Polygon","coordinates":[[[-103.396091262302,25.5335960918862],[-103.396091262302,25.5335960918862]]]}},{"type":"Feature","properties":{"colonia":"LA PERLA","pea":66.48,"pocupada":97.5999999999999},"geometry":{"type":"Polygon","coordinates":[[[-103.353608469655,25.4999265051042],[-103.353608469655,25.4999265051042]]]}},{"type":"Feature","properties":{"colonia":"EJIDO LA PERLA","pea":0,"pocupada":0},"geometry":{"type":"Polygon","coordinates":[[[-103.349121707001,25.5001863453236],[-103.349121707001,25.5001863453236]]]}},{"type":"Feature","properties":{"colonia":"AMPLIACION LAS JULIETAS","pea":60.19,"pocupada":95.25},"geometry":{"type":"Polygon","coordinates":[[[-103.4006781186,25.5025265683465],[-103.4006781186,25.5025265683465]]]}},{"type":"Feature","properties":{"colonia":"PERLA DEL MAR DEL NORTE","pea":56.52,"pocupada":100},"geometry":{"type":"Polygon","coordinates":[[[-103.347743951922,25.5009549149374],[-103.347743951922,25.5009549149374]]]}},{"type":"Feature","properties":{"colonia":"TORREON JARDIN","pea":58.41,"pocupada":98.05},"geometry":{"type":"Polygon","coordinates":[[[-103.416947438074,25.5337462507889],[-103.416947438074,25.5337462507889]]]}},{"type":"Feature","properties":{"colonia":"VALLE ORIENTE","pea":57.61,"pocupada":97.69},"geometry":{"type":"Polygon","coordinates":[[[-103.35865940131,25.5346459487516],[-103.35865940131,25.5346459487516]]]}},{"type":"Feature","properties":{"colonia":"LA FE","pea":60.15,"pocupada":92.36},"geometry":{"type":"Polygon","coordinates":[[[-103.466956441087,25.5342922076193],[-103.466956441087,25.5342922076193]]]}},{"type":"Feature","properties":{"colonia":"COMPRESORA","pea":60.86,"pocupada":97.22},"geometry":{"type":"Polygon","coordinates":[[[-103.466831016238,25.5344441067102],[-103.466831016238,25.5344441067102]]]}},{"type":"Feature","properties":{"colonia":"RESIDENCIAL CAMPESTRE LA ROSITA","pea":58.27,"pocupada":99.02},"geometry":{"type":"Polygon","coordinates":[[[-103.407801261819,25.5354286548086],[-103.407801261819,25.5354286548086]]]}},{"type":"Feature","properties":{"colonia":"SIN NOMBRE","pea":0,"pocupada":0},"geometry":{"type":"Polygon","coordinates":[[[-103.353222546283,25.534708513687],[-103.353222546283,25.534708513687]]]}},{"type":"Feature","properties":{"colonia":"DURANGUEÈ÷ú?¬A","pea":63.02,"pocupada":98.68},"geometry":{"type":"Polygon","coordinates":[[[-103.467448172395,25.5344919155695],[-103.467448172395,25.5344919155695]]]}},{"type":"Feature","properties":{"colonia":"SANTA BARBARA","pea":0,"pocupada":0},"geometry":{"type":"Polygon","coordinates":[[[-103.391000559029,25.533989681079],[-103.391000559029,25.533989681079]]]}},{"type":"Feature","properties":{"colonia":"VILLAS RESIDENCIALES","pea":62.45,"pocupada":100},"geometry":{"type":"Polygon","coordinates":[[[-103.396576225313,25.5225153030389],[-103.396576225313,25.5225153030389]]]}},{"type":"Feature","properties":{"colonia":"CAMPO MILITAR","pea":15.63,"pocupada":97.06},"geometry":{"type":"Polygon","coordinates":[[[-103.340523324891,25.5346211517448],[-103.340523324891,25.5346211517448]]]}},{"type":"Feature","properties":{"colonia":"EJIDO EL AGUILA","pea":56.82,"pocupada":98.36},"geometry":{"type":"Polygon","coordinates":[[[-103.334540296298,25.5345327456897],[-103.334540296298,25.5345327456897]]]}},{"type":"Feature","properties":{"colonia":"SAN JOAQUIN","pea":56.48,"pocupada":96.98},"geometry":{"type":"Polygon","coordinates":[[[-103.476491868205,25.5362372001867],[-103.476491868205,25.5362372001867]]]}},{"type":"Feature","properties":{"colonia":"JOSE DE LAS FUENTES","pea":0,"pocupada":0},"geometry":{"type":"Polygon","coordinates":[[[-103.33489638466,25.5369567558496],[-103.33489638466,25.5369567558496]]]}},{"type":"Feature","properties":{"colonia":"JOSE LOPEZ PORTILLO","pea":58.11,"pocupada":99.3499999999999},"geometry":{"type":"Polygon","coordinates":[[[-103.455899039109,25.5353404448057],[-103.455899039109,25.5353404448057]]]}},{"type":"Feature","properties":{"colonia":"VENCEDORA","pea":57.97,"pocupada":99.77},"geometry":{"type":"Polygon","coordinates":[[[-103.452758736027,25.5340244659564],[-103.452758736027,25.5340244659564]]]}},{"type":"Feature","properties":{"colonia":"LA LIBERTAD","pea":62.26,"pocupada":96.2099999999999},"geometry":{"type":"Polygon","coordinates":[[[-103.477891787976,25.536034081108],[-103.477891787976,25.536034081108]]]}},{"type":"Feature","properties":{"colonia":"NUEVA AURORA","pea":60.35,"pocupada":99.02},"geometry":{"type":"Polygon","coordinates":[[[-103.448726359434,25.5323100361793],[-103.448726359434,25.5323100361793]]]}},{"type":"Feature","properties":{"colonia":"LUIS ECHEVERRIA NORTE","pea":56.64,"pocupada":94.54},"geometry":{"type":"Polygon","coordinates":[[[-103.44237064459,25.5351532302374],[-103.44237064459,25.5351532302374]]]}},{"type":"Feature","properties":{"colonia":"PROVITEC","pea":58.32,"pocupada":97.61},"geometry":{"type":"Polygon","coordinates":[[[-103.393874010777,25.533432851445],[-103.393874010777,25.533432851445]]]}},{"type":"Feature","properties":{"colonia":"LUIS ECHEVERRIA ALVAREZ SUR","pea":0,"pocupada":0},"geometry":{"type":"Polygon","coordinates":[[[-103.445816754939,25.5303241046738],[-103.445816754939,25.5303241046738]]]}},{"type":"Feature","properties":{"colonia":"LUIS ECHEVERRIA ORIENTE","pea":54.53,"pocupada":96.8199999999999},"geometry":{"type":"Polygon","coordinates":[[[-103.436397099347,25.5352089351443],[-103.436397099347,25.5352089351443]]]}},{"type":"Feature","properties":{"colonia":"LUCIO BLANCO","pea":57.33,"pocupada":98.09},"geometry":{"type":"Polygon","coordinates":[[[-103.43248121014,25.5343710529818],[-103.43248121014,25.5343710529818]]]}},{"type":"Feature","properties":{"colonia":"LA FUENTE","pea":56.17,"pocupada":97.74},"geometry":{"type":"Polygon","coordinates":[[[-103.417433721289,25.51751804742],[-103.417433721289,25.51751804742]]]}},{"type":"Feature","properties":{"colonia":"CAMILO TORRES","pea":61.83,"pocupada":97.84},"geometry":{"type":"Polygon","coordinates":[[[-103.470662101175,25.5193213032356],[-103.470662101175,25.5193213032356]]]}},{"type":"Feature","properties":{"colonia":"ZARAGOZA NORTE","pea":66.33,"pocupada":94.75},"geometry":{"type":"Polygon","coordinates":[[[-103.357830185015,25.5175545841768],[-103.357830185015,25.5175545841768]]]}},{"type":"Feature","properties":{"colonia":"SIN NOMBRE","pea":0,"pocupada":0},"geometry":{"type":"Polygon","coordinates":[[[-103.398704870234,25.5187173877973],[-103.398704870234,25.5187173877973]]]}},{"type":"Feature","properties":{"colonia":"NUEVO ZARAGOZA II","pea":71.16,"pocupada":98.69},"geometry":{"type":"Polygon","coordinates":[[[-103.34781980434,25.521786730773],[-103.34781980434,25.521786730773]]]}},{"type":"Feature","properties":{"colonia":"HACIENDA SANTA MARIA","pea":65.9599999999999,"pocupada":98.55},"geometry":{"type":"Polygon","coordinates":[[[-103.346914115094,25.5218063980469],[-103.346914115094,25.5218063980469]]]}},{"type":"Feature","properties":{"colonia":"HOGARES FERROCARRILEROS","pea":55.09,"pocupada":96.72},"geometry":{"type":"Polygon","coordinates":[[[-103.424227814262,25.5236009484251],[-103.424227814262,25.5236009484251]]]}},{"type":"Feature","properties":{"colonia":"FELIPE ANGELES","pea":62.8,"pocupada":96.5999999999999},"geometry":{"type":"Polygon","coordinates":[[[-103.396000830974,25.5359205848671],[-103.396000830974,25.5359205848671]]]}},{"type":"Feature","properties":{"colonia":"JOSE RAMIREZ MIJARES","pea":70.58,"pocupada":97.51},"geometry":{"type":"Polygon","coordinates":[[[-103.471470966712,25.5248619067517],[-103.471470966712,25.5248619067517]]]}},{"type":"Feature","properties":{"colonia":"RINCON DEL BOSQUE","pea":58.19,"pocupada":97.48},"geometry":{"type":"Polygon","coordinates":[[[-103.356550365207,25.5228376560331],[-103.356550365207,25.5228376560331]]]}},{"type":"Feature","properties":{"colonia":"CAMPO NUEVO ZARAGOZA","pea":62.8,"pocupada":98.92},"geometry":{"type":"Polygon","coordinates":[[[-103.353095876773,25.523078014239],[-103.353095876773,25.523078014239]]]}},{"type":"Feature","properties":{"colonia":"LA MERCED II","pea":63.85,"pocupada":97.8499999999999},"geometry":{"type":"Polygon","coordinates":[[[-103.386077208796,25.5238103213892],[-103.386077208796,25.5238103213892]]]}},{"type":"Feature","properties":{"colonia":"RESIDENCIAL FLORIDA BLANCA","pea":67.8199999999999,"pocupada":99.0699999999999},"geometry":{"type":"Polygon","coordinates":[[[-103.396793918804,25.5253831502122],[-103.396793918804,25.5253831502122]]]}},{"type":"Feature","properties":{"colonia":"EJIDO LA ROSITA","pea":60.78,"pocupada":95.7},"geometry":{"type":"Polygon","coordinates":[[[-103.33864622934,25.525354704656],[-103.33864622934,25.525354704656]]]}},{"type":"Feature","properties":{"colonia":"BRITANIA","pea":69.38,"pocupada":96.24},"geometry":{"type":"Polygon","coordinates":[[[-103.384194024834,25.5295395082418],[-103.384194024834,25.5295395082418]]]}},{"type":"Feature","properties":{"colonia":"CERRADA LAS FLORES","pea":68.42,"pocupada":95.73},"geometry":{"type":"Polygon","coordinates":[[[-103.354843119215,25.5292539905793],[-103.354843119215,25.5292539905793]]]}},{"type":"Feature","properties":{"colonia":"JOYAS DEL ORIENTE","pea":63.37,"pocupada":97.3},"geometry":{"type":"Polygon","coordinates":[[[-103.327655602924,25.5511646088597],[-103.327655602924,25.5511646088597]]]}},{"type":"Feature","properties":{"colonia":"SANTA ANITA","pea":65.33,"pocupada":98.47},"geometry":{"type":"Polygon","coordinates":[[[-103.387835978747,25.5189103139599],[-103.387835978747,25.5189103139599]]]}},{"type":"Feature","properties":{"colonia":"DIANA MARIA GALINDO","pea":78.95,"pocupada":100},"geometry":{"type":"Polygon","coordinates":[[[-103.454727336697,25.5204731728987],[-103.454727336697,25.5204731728987]]]}},{"type":"Feature","properties":{"colonia":"ZACATECAS","pea":58.6,"pocupada":100},"geometry":{"type":"Polygon","coordinates":[[[-103.448547189301,25.5204327843456],[-103.448547189301,25.5204327843456]]]}},{"type":"Feature","properties":{"colonia":"VILLAS DE LA HACIENDA","pea":58.51,"pocupada":97.91},"geometry":{"type":"Polygon","coordinates":[[[-103.385610752035,25.5190893995562],[-103.385610752035,25.5190893995562]]]}},{"type":"Feature","properties":{"colonia":"AMPLIACION LA ROSITA","pea":57.73,"pocupada":98.27},"geometry":{"type":"Polygon","coordinates":[[[-103.402400778073,25.5202624662399],[-103.402400778073,25.5202624662399]]]}},{"type":"Feature","properties":{"colonia":"FRANCISCO I. MADERO","pea":54.47,"pocupada":96.4599999999999},"geometry":{"type":"Polygon","coordinates":[[[-103.451705462637,25.5209579137767],[-103.451705462637,25.5209579137767]]]}},{"type":"Feature","properties":{"colonia":"VICENTE GUERRERO","pea":55.92,"pocupada":97.94},"geometry":{"type":"Polygon","coordinates":[[[-103.438545190308,25.5199336264358],[-103.438545190308,25.5199336264358]]]}},{"type":"Feature","properties":{"colonia":"RESIDENCIAL LA ROSA","pea":60.35,"pocupada":99.59},"geometry":{"type":"Polygon","coordinates":[[[-103.396171021375,25.5205055206133],[-103.396171021375,25.5205055206133]]]}},{"type":"Feature","properties":{"colonia":"JUSTO SIERRA","pea":45.83,"pocupada":95.45},"geometry":{"type":"Polygon","coordinates":[[[-103.450296878798,25.5225856048418],[-103.450296878798,25.5225856048418]]]}},{"type":"Feature","properties":{"colonia":"NUEVA CORONA","pea":80.8499999999999,"pocupada":96.49},"geometry":{"type":"Polygon","coordinates":[[[-103.384997688692,25.5295950566666],[-103.384997688692,25.5295950566666]]]}},{"type":"Feature","properties":{"colonia":"RESIDENCIAL DEL NORTE","pea":65.38,"pocupada":98.69},"geometry":{"type":"Polygon","coordinates":[[[-103.379959032783,25.5208285040323],[-103.379959032783,25.5208285040323]]]}},{"type":"Feature","properties":{"colonia":"CERRADAS ESMERALDA - MONTEBELLO","pea":71.54,"pocupada":100},"geometry":{"type":"Polygon","coordinates":[[[-103.377740317162,25.518862899903],[-103.377740317162,25.518862899903]]]}},{"type":"Feature","properties":{"colonia":"RESIDENCIAL LA HACIENDA","pea":61.41,"pocupada":97.01},"geometry":{"type":"Polygon","coordinates":[[[-103.387816530009,25.5218324352188],[-103.387816530009,25.5218324352188]]]}},{"type":"Feature","properties":{"colonia":"RESIDENCIAL LINDAVISTA","pea":79.17,"pocupada":100},"geometry":{"type":"Polygon","coordinates":[[[-103.378557210047,25.5218064574021],[-103.378557210047,25.5218064574021]]]}},{"type":"Feature","properties":{"colonia":"CLUB CAMPESTRE MONTEBELLO","pea":65.77,"pocupada":98.55},"geometry":{"type":"Polygon","coordinates":[[[-103.367773648935,25.5209842441276],[-103.367773648935,25.5209842441276]]]}},{"type":"Feature","properties":{"colonia":"JESUS GARCIA CORONA","pea":66.67,"pocupada":95.12},"geometry":{"type":"Polygon","coordinates":[[[-103.383926684269,25.5303850373397],[-103.383926684269,25.5303850373397]]]}},{"type":"Feature","properties":{"colonia":"PARQUE INDUSTRIAL ORIENTE","pea":0,"pocupada":0},"geometry":{"type":"Polygon","coordinates":[[[-103.36593965699,25.5302650273092],[-103.36593965699,25.5302650273092]]]}},{"type":"Feature","properties":{"colonia":"GUSTAVO DIAZ ORDAZ","pea":60.16,"pocupada":96.36},"geometry":{"type":"Polygon","coordinates":[[[-103.373676296124,25.5357630452284],[-103.373676296124,25.5357630452284]]]}},{"type":"Feature","properties":{"colonia":"LA AMISTAD","pea":92.31,"pocupada":100},"geometry":{"type":"Polygon","coordinates":[[[-103.353103878042,25.5348946032034],[-103.353103878042,25.5348946032034]]]}},{"type":"Feature","properties":{"colonia":"OSCAR FLORES TAPIA","pea":56.59,"pocupada":98.63},"geometry":{"type":"Polygon","coordinates":[[[-103.336508017431,25.5347582390016],[-103.336508017431,25.5347582390016]]]}},{"type":"Feature","properties":{"colonia":"MIGUEL HIDALGO","pea":71.14,"pocupada":99.78},"geometry":{"type":"Polygon","coordinates":[[[-103.476381891911,25.5378288491221],[-103.476381891911,25.5378288491221]]]}},{"type":"Feature","properties":{"colonia":"RESIDENCIAL LAS TORRES I","pea":62.46,"pocupada":96.87},"geometry":{"type":"Polygon","coordinates":[[[-103.384817623734,25.5368196703915],[-103.384817623734,25.5368196703915]]]}},{"type":"Feature","properties":{"colonia":"SAN DIEGO","pea":0,"pocupada":0},"geometry":{"type":"Polygon","coordinates":[[[-103.336469332194,25.536862232606],[-103.336469332194,25.536862232606]]]}},{"type":"Feature","properties":{"colonia":"TORREON VIEJO","pea":67.28,"pocupada":96.8199999999999},"geometry":{"type":"Polygon","coordinates":[[[-103.469877770942,25.5386049253771],[-103.469877770942,25.5386049253771]]]}},{"type":"Feature","properties":{"colonia":"HORIZONTE","pea":65.84,"pocupada":97.17},"geometry":{"type":"Polygon","coordinates":[[[-103.3824997012,25.5378676269895],[-103.3824997012,25.5378676269895]]]}},{"type":"Feature","properties":{"colonia":"RECINTOS VILLAS UNIVERSIDAD","pea":70.49,"pocupada":98.86},"geometry":{"type":"Polygon","coordinates":[[[-103.317638483629,25.5374153156644],[-103.317638483629,25.5374153156644]]]}},{"type":"Feature","properties":{"colonia":"JARDINES DE CALIFORNIA","pea":55.05,"pocupada":95.88},"geometry":{"type":"Polygon","coordinates":[[[-103.433988083583,25.5289542069712],[-103.433988083583,25.5289542069712]]]}},{"type":"Feature","properties":{"colonia":"CALERAS SOLARES","pea":59.96,"pocupada":99.7},"geometry":{"type":"Polygon","coordinates":[[[-103.473665533737,25.5311418411231],[-103.473665533737,25.5311418411231]]]}},{"type":"Feature","properties":{"colonia":"SAN EDUARDO","pea":68.49,"pocupada":99},"geometry":{"type":"Polygon","coordinates":[[[-103.322799844837,25.5378128861558],[-103.322799844837,25.5378128861558]]]}},{"type":"Feature","properties":{"colonia":"VICTORIA","pea":63.22,"pocupada":99.34},"geometry":{"type":"Polygon","coordinates":[[[-103.479376655009,25.540290876323],[-103.479376655009,25.540290876323]]]}},{"type":"Feature","properties":{"colonia":"VEINTE DE NOVIEMBRE","pea":62.84,"pocupada":99.22},"geometry":{"type":"Polygon","coordinates":[[[-103.471549793188,25.540584075095],[-103.471549793188,25.540584075095]]]}},{"type":"Feature","properties":{"colonia":"SIN NOMBRE","pea":55.56,"pocupada":100},"geometry":{"type":"Polygon","coordinates":[[[-103.47869679632,25.5408637111914],[-103.47869679632,25.5408637111914]]]}},{"type":"Feature","properties":{"colonia":"VALLES DEL NAZAS","pea":67.68,"pocupada":97.79},"geometry":{"type":"Polygon","coordinates":[[[-103.357715206691,25.5389091723205],[-103.357715206691,25.5389091723205]]]}},{"type":"Feature","properties":{"colonia":"PRIMERO DE MAYO","pea":59.69,"pocupada":98.49},"geometry":{"type":"Polygon","coordinates":[[[-103.453175143718,25.5291485846395],[-103.453175143718,25.5291485846395]]]}},{"type":"Feature","properties":{"colonia":"SEGUNDA RINCONADA DE LA UNION","pea":64.55,"pocupada":98.4},"geometry":{"type":"Polygon","coordinates":[[[-103.463571675293,25.5298494451958],[-103.463571675293,25.5298494451958]]]}},{"type":"Feature","properties":{"colonia":"VILLAS LA ROSITA","pea":0,"pocupada":0},"geometry":{"type":"Polygon","coordinates":[[[-103.415340541133,25.5276293850881],[-103.415340541133,25.5276293850881]]]}},{"type":"Feature","properties":{"colonia":"JACOBO MEYER","pea":58.58,"pocupada":98.44},"geometry":{"type":"Polygon","coordinates":[[[-103.482011799005,25.5297507059304],[-103.482011799005,25.5297507059304]]]}},{"type":"Feature","properties":{"colonia":"NUEVO MEXICO","pea":59.56,"pocupada":100},"geometry":{"type":"Polygon","coordinates":[[[-103.456558668448,25.5301188901747],[-103.456558668448,25.5301188901747]]]}},{"type":"Feature","properties":{"colonia":"FOVISSSTE LA ROSITA","pea":51.43,"pocupada":98.11},"geometry":{"type":"Polygon","coordinates":[[[-103.405699977872,25.5295612817278],[-103.405699977872,25.5295612817278]]]}},{"type":"Feature","properties":{"colonia":"MORELOS","pea":59.31,"pocupada":95.4},"geometry":{"type":"Polygon","coordinates":[[[-103.4637240834,25.5300398271763],[-103.4637240834,25.5300398271763]]]}},{"type":"Feature","properties":{"colonia":"RESIDENCIAL RINCON DEL DESIERTO","pea":58.43,"pocupada":97.94},"geometry":{"type":"Polygon","coordinates":[[[-103.38358543472,25.5295273871792],[-103.38358543472,25.5295273871792]]]}},{"type":"Feature","properties":{"colonia":"LOS SAUCES","pea":63.26,"pocupada":96.3499999999999},"geometry":{"type":"Polygon","coordinates":[[[-103.340833035216,25.5289414150143],[-103.340833035216,25.5289414150143]]]}},{"type":"Feature","properties":{"colonia":"PRIMERA RINCONADA DE LA UNION","pea":56.15,"pocupada":100},"geometry":{"type":"Polygon","coordinates":[[[-103.46322198021,25.5304607000014],[-103.46322198021,25.5304607000014]]]}},{"type":"Feature","properties":{"colonia":"RINCON AURORA","pea":66.67,"pocupada":100},"geometry":{"type":"Polygon","coordinates":[[[-103.400455831371,25.5300895929604],[-103.400455831371,25.5300895929604]]]}},{"type":"Feature","properties":{"colonia":"CONDOMINIO PUNTO DIAMANTE","pea":65.34,"pocupada":99.13},"geometry":{"type":"Polygon","coordinates":[[[-103.355134412323,25.5292651169916],[-103.355134412323,25.5292651169916]]]}},{"type":"Feature","properties":{"colonia":"CERRADA LAS FLORES II","pea":65.69,"pocupada":95.95},"geometry":{"type":"Polygon","coordinates":[[[-103.353285220936,25.5294127146252],[-103.353285220936,25.5294127146252]]]}},{"type":"Feature","properties":{"colonia":"SIN NOMBRE","pea":65.9599999999999,"pocupada":96.77},"geometry":{"type":"Polygon","coordinates":[[[-103.383045740768,25.5268100010807],[-103.383045740768,25.5268100010807]]]}},{"type":"Feature","properties":{"colonia":"CASA BLANCA","pea":61.32,"pocupada":99.33},"geometry":{"type":"Polygon","coordinates":[[[-103.398982478359,25.530635142398],[-103.398982478359,25.530635142398]]]}},{"type":"Feature","properties":{"colonia":"JARDINES UNIVERSIDAD","pea":64.7,"pocupada":98},"geometry":{"type":"Polygon","coordinates":[[[-103.318928154611,25.5298478857713],[-103.318928154611,25.5298478857713]]]}},{"type":"Feature","properties":{"colonia":"ANGELES RESIDENCIAL III","pea":76.36,"pocupada":100},"geometry":{"type":"Polygon","coordinates":[[[-103.399004382246,25.5316084417762],[-103.399004382246,25.5316084417762]]]}},{"type":"Feature","properties":{"colonia":"TORREON Y ANEXAS","pea":59.18,"pocupada":97.68},"geometry":{"type":"Polygon","coordinates":[[[-103.458610647064,25.5326141797007],[-103.458610647064,25.5326141797007]]]}},{"type":"Feature","properties":{"colonia":"SIN NOMBRE","pea":59.63,"pocupada":95.38},"geometry":{"type":"Polygon","coordinates":[[[-103.466478998207,25.5332586959321],[-103.466478998207,25.5332586959321]]]}},{"type":"Feature","properties":{"colonia":"MIGUEL ALEMAN","pea":55.75,"pocupada":98.5999999999999},"geometry":{"type":"Polygon","coordinates":[[[-103.435447143671,25.5280634446723],[-103.435447143671,25.5280634446723]]]}},{"type":"Feature","properties":{"colonia":"CAMINO REAL","pea":0,"pocupada":0},"geometry":{"type":"Polygon","coordinates":[[[-103.3726856803,25.5771471855942],[-103.3726856803,25.5771471855942]]]}},{"type":"Feature","properties":{"colonia":"VILLAS DEL SOL","pea":67.33,"pocupada":98.8499999999999},"geometry":{"type":"Polygon","coordinates":[[[-103.318741145088,25.532220370174],[-103.318741145088,25.532220370174]]]}},{"type":"Feature","properties":{"colonia":"BUGAMBILIAS","pea":63.77,"pocupada":100},"geometry":{"type":"Polygon","coordinates":[[[-103.432120060392,25.5336386936708],[-103.432120060392,25.5336386936708]]]}},{"type":"Feature","properties":{"colonia":"RINCON DEL VALLE","pea":62.16,"pocupada":100},"geometry":{"type":"Polygon","coordinates":[[[-103.385997759089,25.532356693007],[-103.385997759089,25.532356693007]]]}},{"type":"Feature","properties":{"colonia":"METALURGICA","pea":0,"pocupada":0},"geometry":{"type":"Polygon","coordinates":[[[-103.449266033601,25.5266735721277],[-103.449266033601,25.5266735721277]]]}},{"type":"Feature","properties":{"colonia":"INDUSTRIAL LAJAT","pea":0,"pocupada":0},"geometry":{"type":"Polygon","coordinates":[[[-103.373296900032,25.5261277034308],[-103.373296900032,25.5261277034308]]]}},{"type":"Feature","properties":{"colonia":"CARMEN ROMANO","pea":68.14,"pocupada":97.17},"geometry":{"type":"Polygon","coordinates":[[[-103.385839375886,25.5273291428257],[-103.385839375886,25.5273291428257]]]}},{"type":"Feature","properties":{"colonia":"EJIDO ZARAGOZA","pea":61.27,"pocupada":98.64},"geometry":{"type":"Polygon","coordinates":[[[-103.353366613179,25.5263448015714],[-103.353366613179,25.5263448015714]]]}},{"type":"Feature","properties":{"colonia":"POLVORERA","pea":57.16,"pocupada":95.75},"geometry":{"type":"Polygon","coordinates":[[[-103.469783438355,25.5273213259185],[-103.469783438355,25.5273213259185]]]}},{"type":"Feature","properties":{"colonia":"LAS FLORES COOPERATIVA HABITACIONAL","pea":69.5699999999999,"pocupada":100},"geometry":{"type":"Polygon","coordinates":[[[-103.381978877723,25.525897932044],[-103.381978877723,25.525897932044]]]}},{"type":"Feature","properties":{"colonia":"EDUARDO GUERRA","pea":59.19,"pocupada":96.66},"geometry":{"type":"Polygon","coordinates":[[[-103.434873398688,25.5274885323699],[-103.434873398688,25.5274885323699]]]}},{"type":"Feature","properties":{"colonia":"EL PEDREGAL","pea":59.44,"pocupada":97.98},"geometry":{"type":"Polygon","coordinates":[[[-103.356478577724,25.5530644095949],[-103.356478577724,25.5530644095949]]]}},{"type":"Feature","properties":{"colonia":"LOS AGAVES","pea":66.14,"pocupada":97.4599999999999},"geometry":{"type":"Polygon","coordinates":[[[-103.336477330764,25.5264881202306],[-103.336477330764,25.5264881202306]]]}},{"type":"Feature","properties":{"colonia":"ANTIGUA MAYRAN","pea":64.44,"pocupada":100},"geometry":{"type":"Polygon","coordinates":[[[-103.430079397046,25.5283520739891],[-103.430079397046,25.5283520739891]]]}},{"type":"Feature","properties":{"colonia":"SANTA FE","pea":59.23,"pocupada":97.0999999999999},"geometry":{"type":"Polygon","coordinates":[[[-103.376508155127,25.5262862889811],[-103.376508155127,25.5262862889811]]]}},{"type":"Feature","properties":{"colonia":"LATINOAMERICANO II","pea":64.18,"pocupada":95.58},"geometry":{"type":"Polygon","coordinates":[[[-103.350605000221,25.5275578952807],[-103.350605000221,25.5275578952807]]]}},{"type":"Feature","properties":{"colonia":"LATINOAMERICANO","pea":61.05,"pocupada":96.62},"geometry":{"type":"Polygon","coordinates":[[[-103.342385104089,25.5276651763069],[-103.342385104089,25.5276651763069]]]}},{"type":"Feature","properties":{"colonia":"MODERNA","pea":57.22,"pocupada":97.14},"geometry":{"type":"Polygon","coordinates":[[[-103.453712716169,25.5465620998611],[-103.453712716169,25.5465620998611]]]}},{"type":"Feature","properties":{"colonia":"CIUDAD NAZAS POLIGONO 27","pea":66.17,"pocupada":96.93},"geometry":{"type":"Polygon","coordinates":[[[-103.352942151159,25.5448823146671],[-103.352942151159,25.5448823146671]]]}},{"type":"Feature","properties":{"colonia":"VILLA CALIFORNIA","pea":62.92,"pocupada":97.66},"geometry":{"type":"Polygon","coordinates":[[[-103.392680496208,25.5449716820975],[-103.392680496208,25.5449716820975]]]}},{"type":"Feature","properties":{"colonia":"VILLAS UNIVERSIDAD ORIENTE ETAPA IV","pea":67.0699999999999,"pocupada":97.5999999999999},"geometry":{"type":"Polygon","coordinates":[[[-103.314689428574,25.5462444143483],[-103.314689428574,25.5462444143483]]]}},{"type":"Feature","properties":{"colonia":"QUINTAS LAGUNA II","pea":64.56,"pocupada":98.64},"geometry":{"type":"Polygon","coordinates":[[[-103.359748041439,25.5446111636743],[-103.359748041439,25.5446111636743]]]}},{"type":"Feature","properties":{"colonia":"PLAN DE SAN LUIS","pea":63.94,"pocupada":98.5},"geometry":{"type":"Polygon","coordinates":[[[-103.370904208762,25.5445955964097],[-103.370904208762,25.5445955964097]]]}},{"type":"Feature","properties":{"colonia":"QUINTAS LAGUNA III","pea":64.3499999999999,"pocupada":100},"geometry":{"type":"Polygon","coordinates":[[[-103.358402216789,25.5442802788119],[-103.358402216789,25.5442802788119]]]}},{"type":"Feature","properties":{"colonia":"PRIMERO DE COBIAN (CENTRO)","pea":60.17,"pocupada":96.93},"geometry":{"type":"Polygon","coordinates":[[[-103.448603310594,25.5461412306333],[-103.448603310594,25.5461412306333]]]}},{"type":"Feature","properties":{"colonia":"LOS PORTONES RESIDENCIAL III ETAPA","pea":0,"pocupada":0},"geometry":{"type":"Polygon","coordinates":[[[-103.384123535073,25.5468700133405],[-103.384123535073,25.5468700133405]]]}},{"type":"Feature","properties":{"colonia":"EL KIOSCO","pea":63.15,"pocupada":98.48},"geometry":{"type":"Polygon","coordinates":[[[-103.359065491079,25.54639216037],[-103.359065491079,25.54639216037]]]}},{"type":"Feature","properties":{"colonia":"JARDIN LAS ETNIAS","pea":66.44,"pocupada":95.88},"geometry":{"type":"Polygon","coordinates":[[[-103.386951079129,25.546980006722],[-103.386951079129,25.546980006722]]]}},{"type":"Feature","properties":{"colonia":"JOYAS DE TORREON","pea":68.44,"pocupada":97.86},"geometry":{"type":"Polygon","coordinates":[[[-103.321067702912,25.546376748688],[-103.321067702912,25.546376748688]]]}},{"type":"Feature","properties":{"colonia":"VILLA FLORENCIA","pea":84.31,"pocupada":97.67},"geometry":{"type":"Polygon","coordinates":[[[-103.362968643188,25.5469724820944],[-103.362968643188,25.5469724820944]]]}},{"type":"Feature","properties":{"colonia":"LOMAS DE LAS ETNIAS","pea":0,"pocupada":0},"geometry":{"type":"Polygon","coordinates":[[[-103.385824704347,25.5477468136646],[-103.385824704347,25.5477468136646]]]}},{"type":"Feature","properties":{"colonia":"VILLAS UNIVERSIDAD 3A. ETAPA","pea":60.36,"pocupada":97.39},"geometry":{"type":"Polygon","coordinates":[[[-103.320417654951,25.5500467452611],[-103.320417654951,25.5500467452611]]]}},{"type":"Feature","properties":{"colonia":"ESPARZA","pea":57.51,"pocupada":98.03},"geometry":{"type":"Polygon","coordinates":[[[-103.460836300055,25.5500989014432],[-103.460836300055,25.5500989014432]]]}},{"type":"Feature","properties":{"colonia":"AVIACION","pea":58.44,"pocupada":97.73},"geometry":{"type":"Polygon","coordinates":[[[-103.396750093942,25.5511543817694],[-103.396750093942,25.5511543817694]]]}},{"type":"Feature","properties":{"colonia":"RINCON DE LOS NOGALES","pea":60.91,"pocupada":97.17},"geometry":{"type":"Polygon","coordinates":[[[-103.362833964316,25.5510688256658],[-103.362833964316,25.5510688256658]]]}},{"type":"Feature","properties":{"colonia":"CUARTO DE COBIAN (CENTRO)","pea":55.17,"pocupada":97.13},"geometry":{"type":"Polygon","coordinates":[[[-103.425873841604,25.5516611974064],[-103.425873841604,25.5516611974064]]]}},{"type":"Feature","properties":{"colonia":"PARQUE INDUSTRIAL LA AMISTAD","pea":69.44,"pocupada":100},"geometry":{"type":"Polygon","coordinates":[[[-103.365722935665,25.5500223376608],[-103.365722935665,25.5500223376608]]]}},{"type":"Feature","properties":{"colonia":"RESIDENCIAL SANTIAGO","pea":64.37,"pocupada":97.79},"geometry":{"type":"Polygon","coordinates":[[[-103.379882254063,25.5515327616277],[-103.379882254063,25.5515327616277]]]}},{"type":"Feature","properties":{"colonia":"FOVISSSTE NUEVA LOS ANGELES","pea":48.06,"pocupada":98.7099999999999},"geometry":{"type":"Polygon","coordinates":[[[-103.442063917316,25.5635721684209],[-103.442063917316,25.5635721684209]]]}},{"type":"Feature","properties":{"colonia":"EUGENIO AGUIRRE BENAVIDES","pea":57.07,"pocupada":98.06},"geometry":{"type":"Polygon","coordinates":[[[-103.456822421617,25.5534006571147],[-103.456822421617,25.5534006571147]]]}},{"type":"Feature","properties":{"colonia":"AMPLIACION SAN IGNACIO","pea":66.2,"pocupada":100},"geometry":{"type":"Polygon","coordinates":[[[-103.39514798679,25.5633438179629],[-103.39514798679,25.5633438179629]]]}},{"type":"Feature","properties":{"colonia":"SIN NOMBRE","pea":57.32,"pocupada":98.33},"geometry":{"type":"Polygon","coordinates":[[[-103.396578157056,25.565019051688],[-103.396578157056,25.565019051688]]]}},{"type":"Feature","properties":{"colonia":"LAS MARGARITAS","pea":54.12,"pocupada":98.91},"geometry":{"type":"Polygon","coordinates":[[[-103.447194626031,25.5662025621986],[-103.447194626031,25.5662025621986]]]}},{"type":"Feature","properties":{"colonia":"FRANCISCO VILLA PONIENTE","pea":57.36,"pocupada":98.0999999999999},"geometry":{"type":"Polygon","coordinates":[[[-103.458875457836,25.5504201770496],[-103.458875457836,25.5504201770496]]]}},{"type":"Feature","properties":{"colonia":"VILLAS UNIVERSIDAD ORIENTE ETAPA II","pea":61.7,"pocupada":100},"geometry":{"type":"Polygon","coordinates":[[[-103.318652810079,25.5489608273803],[-103.318652810079,25.5489608273803]]]}},{"type":"Feature","properties":{"colonia":"RESIDENCIAL VICTORIA","pea":56.94,"pocupada":98.31},"geometry":{"type":"Polygon","coordinates":[[[-103.356992698554,25.548198092568],[-103.356992698554,25.548198092568]]]}},{"type":"Feature","properties":{"colonia":"RINCON LAS ETNIAS","pea":67.76,"pocupada":99.31},"geometry":{"type":"Polygon","coordinates":[[[-103.385881411098,25.5490631117733],[-103.385881411098,25.5490631117733]]]}},{"type":"Feature","properties":{"colonia":"LAS AVES","pea":65.48,"pocupada":96.9},"geometry":{"type":"Polygon","coordinates":[[[-103.349623007995,25.5486725946645],[-103.349623007995,25.5486725946645]]]}},{"type":"Feature","properties":{"colonia":"LAS AVES II","pea":68.12,"pocupada":98.94},"geometry":{"type":"Polygon","coordinates":[[[-103.348628857835,25.5486040573314],[-103.348628857835,25.5486040573314]]]}},{"type":"Feature","properties":{"colonia":"LAS LOMAS","pea":61.09,"pocupada":98.42},"geometry":{"type":"Polygon","coordinates":[[[-103.379619060271,25.5497093250254],[-103.379619060271,25.5497093250254]]]}},{"type":"Feature","properties":{"colonia":"NUEVO TORREON","pea":57.08,"pocupada":97.97},"geometry":{"type":"Polygon","coordinates":[[[-103.405783040155,25.5487272041972],[-103.405783040155,25.5487272041972]]]}},{"type":"Feature","properties":{"colonia":"RINCON DEL PEDREGAL","pea":68.66,"pocupada":99.44},"geometry":{"type":"Polygon","coordinates":[[[-103.352871488728,25.5498751528161],[-103.352871488728,25.5498751528161]]]}},{"type":"Feature","properties":{"colonia":"CHAPULTEPEC","pea":63.25,"pocupada":98.7},"geometry":{"type":"Polygon","coordinates":[[[-103.35822605309,25.5499695141818],[-103.35822605309,25.5499695141818]]]}},{"type":"Feature","properties":{"colonia":"LOS PORTONES RESIDENCIAL II ETAPA","pea":0,"pocupada":0},"geometry":{"type":"Polygon","coordinates":[[[-103.385531266355,25.553239104701],[-103.385531266355,25.553239104701]]]}},{"type":"Feature","properties":{"colonia":"LOS RACIMOS","pea":53.33,"pocupada":100},"geometry":{"type":"Polygon","coordinates":[[[-103.382319048086,25.5834093628519],[-103.382319048086,25.5834093628519]]]}},{"type":"Feature","properties":{"colonia":"VILLAS UNIVERSIDAD ORIENTE ETAPA III","pea":67.3199999999999,"pocupada":98.9},"geometry":{"type":"Polygon","coordinates":[[[-103.320149577841,25.5500376207397],[-103.320149577841,25.5500376207397]]]}},{"type":"Feature","properties":{"colonia":"VILLAS DEL BOSQUE","pea":64.59,"pocupada":97.84},"geometry":{"type":"Polygon","coordinates":[[[-103.326009061169,25.5515641119942],[-103.326009061169,25.5515641119942]]]}},{"type":"Feature","properties":{"colonia":"LOMA REAL","pea":66.63,"pocupada":97.23},"geometry":{"type":"Polygon","coordinates":[[[-103.330087564889,25.5512448778489],[-103.330087564889,25.5512448778489]]]}},{"type":"Feature","properties":{"colonia":"VIÈ÷ú?¬EDOS DE LA JOYA","pea":70.28,"pocupada":99.74},"geometry":{"type":"Polygon","coordinates":[[[-103.329026281238,25.552213298405],[-103.329026281238,25.552213298405]]]}},{"type":"Feature","properties":{"colonia":"SIN NOMBRE","pea":61.98,"pocupada":98.7},"geometry":{"type":"Polygon","coordinates":[[[-103.387686715569,25.5530636091983],[-103.387686715569,25.5530636091983]]]}},{"type":"Feature","properties":{"colonia":"MOCTEZUMA","pea":57.45,"pocupada":95.01},"geometry":{"type":"Polygon","coordinates":[[[-103.413200591734,25.5502717133689],[-103.413200591734,25.5502717133689]]]}},{"type":"Feature","properties":{"colonia":"SALVADOR ALLENDE","pea":64.9,"pocupada":99.23},"geometry":{"type":"Polygon","coordinates":[[[-103.400194660155,25.5539954066628],[-103.400194660155,25.5539954066628]]]}},{"type":"Feature","properties":{"colonia":"RINCON DE LA JOYA","pea":68.76,"pocupada":98.36},"geometry":{"type":"Polygon","coordinates":[[[-103.31764374916,25.5527768180957],[-103.31764374916,25.5527768180957]]]}},{"type":"Feature","properties":{"colonia":"PARQUE LAS ETNIAS","pea":0,"pocupada":0},"geometry":{"type":"Polygon","coordinates":[[[-103.391266302398,25.5548661914216],[-103.391266302398,25.5548661914216]]]}},{"type":"Feature","properties":{"colonia":"RESIDENCIAL LOS PORTONES","pea":0,"pocupada":0},"geometry":{"type":"Polygon","coordinates":[[[-103.384450053727,25.5549743933536],[-103.384450053727,25.5549743933536]]]}},{"type":"Feature","properties":{"colonia":"MIGUEL DE LA MADRID","pea":65.38,"pocupada":97.36},"geometry":{"type":"Polygon","coordinates":[[[-103.391386719821,25.5549636653409],[-103.391386719821,25.5549636653409]]]}},{"type":"Feature","properties":{"colonia":"VIÈ÷ú?¬EDOS DE LA VEGA","pea":63.18,"pocupada":94.29},"geometry":{"type":"Polygon","coordinates":[[[-103.326760716334,25.5581498581295],[-103.326760716334,25.5581498581295]]]}},{"type":"Feature","properties":{"colonia":"SEGUNDO DE COBIAN (CENTRO)","pea":59.94,"pocupada":97.2099999999999},"geometry":{"type":"Polygon","coordinates":[[[-103.438385286352,25.5555242379533],[-103.438385286352,25.5555242379533]]]}},{"type":"Feature","properties":{"colonia":"LOS ANGELES","pea":55.67,"pocupada":97.3499999999999},"geometry":{"type":"Polygon","coordinates":[[[-103.446592817704,25.5560724628739],[-103.446592817704,25.5560724628739]]]}},{"type":"Feature","properties":{"colonia":"EJIDO SAN ANTONIO DE LOS BRAVOS","pea":62.79,"pocupada":98.2099999999999},"geometry":{"type":"Polygon","coordinates":[[[-103.380831367074,25.5561033725726],[-103.380831367074,25.5561033725726]]]}},{"type":"Feature","properties":{"colonia":"JOYAS DEL DESIERTO","pea":64.8,"pocupada":96.76},"geometry":{"type":"Polygon","coordinates":[[[-103.311918817,25.540251353817],[-103.311918817,25.540251353817]]]}},{"type":"Feature","properties":{"colonia":"RESIDENCIAL LAS TORRES II","pea":64.88,"pocupada":96.86},"geometry":{"type":"Polygon","coordinates":[[[-103.393290527936,25.5403443014484],[-103.393290527936,25.5403443014484]]]}},{"type":"Feature","properties":{"colonia":"AQUILES SERDAN","pea":65.97,"pocupada":98.69},"geometry":{"type":"Polygon","coordinates":[[[-103.473397515983,25.5410470038162],[-103.473397515983,25.5410470038162]]]}},{"type":"Feature","properties":{"colonia":"LA MINA","pea":50.54,"pocupada":97.73},"geometry":{"type":"Polygon","coordinates":[[[-103.365727324356,25.5552375556687],[-103.365727324356,25.5552375556687]]]}},{"type":"Feature","properties":{"colonia":"VALLE REVOLUCION","pea":56.35,"pocupada":97.08},"geometry":{"type":"Polygon","coordinates":[[[-103.363938657343,25.5560878817504],[-103.363938657343,25.5560878817504]]]}},{"type":"Feature","properties":{"colonia":"RESIDENCIAL DEL NAZAS","pea":60.47,"pocupada":99.02},"geometry":{"type":"Polygon","coordinates":[[[-103.353062618945,25.5359263189445],[-103.353062618945,25.5359263189445]]]}},{"type":"Feature","properties":{"colonia":"QUINTAS LOS NOGALES","pea":65.9599999999999,"pocupada":96.55},"geometry":{"type":"Polygon","coordinates":[[[-103.330547863093,25.5395784576797],[-103.330547863093,25.5395784576797]]]}},{"type":"Feature","properties":{"colonia":"CERRO DE LA CRUZ","pea":61.62,"pocupada":97.98},"geometry":{"type":"Polygon","coordinates":[[[-103.472574094019,25.5408446689464],[-103.472574094019,25.5408446689464]]]}},{"type":"Feature","properties":{"colonia":"SIN NOMBRE","pea":49.06,"pocupada":92.31},"geometry":{"type":"Polygon","coordinates":[[[-103.363321267363,25.5403973794355],[-103.363321267363,25.5403973794355]]]}},{"type":"Feature","properties":{"colonia":"MARTINEZ ADAME","pea":59.25,"pocupada":100},"geometry":{"type":"Polygon","coordinates":[[[-103.467995399968,25.5415612739337],[-103.467995399968,25.5415612739337]]]}},{"type":"Feature","properties":{"colonia":"CIUDAD NAZAS POLIGONO 24A","pea":63.02,"pocupada":100},"geometry":{"type":"Polygon","coordinates":[[[-103.352475238441,25.5580875773799],[-103.352475238441,25.5580875773799]]]}},{"type":"Feature","properties":{"colonia":"VILLAS UNIVERSIDAD 2A. ETAPA","pea":64.51,"pocupada":96.76},"geometry":{"type":"Polygon","coordinates":[[[-103.31766909835,25.5375675178267],[-103.31766909835,25.5375675178267]]]}},{"type":"Feature","properties":{"colonia":"VISTA HERMOSA","pea":64.08,"pocupada":98.48},"geometry":{"type":"Polygon","coordinates":[[[-103.479904164046,25.5412949855752],[-103.479904164046,25.5412949855752]]]}},{"type":"Feature","properties":{"colonia":"QUINTAS LAGUNA","pea":56.52,"pocupada":98.5999999999999},"geometry":{"type":"Polygon","coordinates":[[[-103.36157281983,25.5439997182125],[-103.36157281983,25.5439997182125]]]}},{"type":"Feature","properties":{"colonia":"VEREDAS DE LA JOYA","pea":72.79,"pocupada":98.69},"geometry":{"type":"Polygon","coordinates":[[[-103.330659628139,25.5402959242176],[-103.330659628139,25.5402959242176]]]}},{"type":"Feature","properties":{"colonia":"PEQUEÈ÷ú?¬A ZONA INDUSTRIAL","pea":0,"pocupada":0},"geometry":{"type":"Polygon","coordinates":[[[-103.370595815045,25.5418717217026],[-103.370595815045,25.5418717217026]]]}},{"type":"Feature","properties":{"colonia":"NUEVA ROSITA","pea":64.7,"pocupada":99.28},"geometry":{"type":"Polygon","coordinates":[[[-103.468333095396,25.5429446147023],[-103.468333095396,25.5429446147023]]]}},{"type":"Feature","properties":{"colonia":"SOL DE ORIENTE 2A. ETAPA","pea":64.2099999999999,"pocupada":97.13},"geometry":{"type":"Polygon","coordinates":[[[-103.325889362304,25.5398509162868],[-103.325889362304,25.5398509162868]]]}},{"type":"Feature","properties":{"colonia":"MACLOVIO HERRERA","pea":56.85,"pocupada":97.23},"geometry":{"type":"Polygon","coordinates":[[[-103.46847205684,25.5434509357121],[-103.46847205684,25.5434509357121]]]}},{"type":"Feature","properties":{"colonia":"AMPLIACION VALLES DEL NAZAS","pea":63.7,"pocupada":97.66},"geometry":{"type":"Polygon","coordinates":[[[-103.358512310894,25.5428241855877],[-103.358512310894,25.5428241855877]]]}},{"type":"Feature","properties":{"colonia":"ANA","pea":60.07,"pocupada":98.12},"geometry":{"type":"Polygon","coordinates":[[[-103.468302608379,25.5440905398466],[-103.468302608379,25.5440905398466]]]}},{"type":"Feature","properties":{"colonia":"FOVISSSTE NUEVA CALIFORNIA","pea":52.82,"pocupada":96.44},"geometry":{"type":"Polygon","coordinates":[[[-103.397043252244,25.5429280365997],[-103.397043252244,25.5429280365997]]]}},{"type":"Feature","properties":{"colonia":"SANTA MARIA","pea":65.91,"pocupada":97.66},"geometry":{"type":"Polygon","coordinates":[[[-103.419503449824,25.5584405720748],[-103.419503449824,25.5584405720748]]]}},{"type":"Feature","properties":{"colonia":"SOL DE ORIENTE","pea":64.0999999999999,"pocupada":98.77},"geometry":{"type":"Polygon","coordinates":[[[-103.32181692631,25.5432278939522],[-103.32181692631,25.5432278939522]]]}},{"type":"Feature","properties":{"colonia":"VILLAS UNIVERSIDAD 1A. ETAPA","pea":64.83,"pocupada":98.67},"geometry":{"type":"Polygon","coordinates":[[[-103.31924469079,25.5433283940902],[-103.31924469079,25.5433283940902]]]}},{"type":"Feature","properties":{"colonia":"LAS ARBOLEDAS","pea":69.77,"pocupada":96.97},"geometry":{"type":"Polygon","coordinates":[[[-103.362900211076,25.5444279609817],[-103.362900211076,25.5444279609817]]]}},{"type":"Feature","properties":{"colonia":"SAN FELIPE","pea":60.8,"pocupada":97.26},"geometry":{"type":"Polygon","coordinates":[[[-103.381250648998,25.5448242796169],[-103.381250648998,25.5448242796169]]]}},{"type":"Feature","properties":{"colonia":"SIN NOMBRE","pea":53.94,"pocupada":98.25},"geometry":{"type":"Polygon","coordinates":[[[-103.339289071933,25.5377912070986],[-103.339289071933,25.5377912070986]]]}},{"type":"Feature","properties":{"colonia":"VILLAS UNIVERSIDAD ORIENTE ETAPA V-B","pea":69.5699999999999,"pocupada":98.75},"geometry":{"type":"Polygon","coordinates":[[[-103.315327242158,25.5448679848697],[-103.315327242158,25.5448679848697]]]}},{"type":"Feature","properties":{"colonia":"VILLA SAN ISIDRO","pea":61.78,"pocupada":100},"geometry":{"type":"Polygon","coordinates":[[[-103.427670616905,25.5705147133834],[-103.427670616905,25.5705147133834]]]}},{"type":"Feature","properties":{"colonia":"AMPLIACION LOS ANGELES","pea":55.97,"pocupada":98.24},"geometry":{"type":"Polygon","coordinates":[[[-103.45190415795,25.557813237391],[-103.45190415795,25.557813237391]]]}},{"type":"Feature","properties":{"colonia":"VILLA FLORIDA","pea":61.6,"pocupada":98.7099999999999},"geometry":{"type":"Polygon","coordinates":[[[-103.407011327011,25.5902388306575],[-103.407011327011,25.5902388306575]]]}},{"type":"Feature","properties":{"colonia":"RESIDENCIAL LAS TROJES III ETAPA","pea":0,"pocupada":0},"geometry":{"type":"Polygon","coordinates":[[[-103.363974587057,25.589969439638],[-103.363974587057,25.589969439638]]]}},{"type":"Feature","properties":{"colonia":"RESIDENCIAL LAS TROJES II ETAPA","pea":58.19,"pocupada":99.43},"geometry":{"type":"Polygon","coordinates":[[[-103.369564278269,25.591001211137],[-103.369564278269,25.591001211137]]]}},{"type":"Feature","properties":{"colonia":"VILLAS UNIVERSIDAD ORIENTE ETAPA V","pea":71.49,"pocupada":99.38},"geometry":{"type":"Polygon","coordinates":[[[-103.317278183741,25.5433732747569],[-103.317278183741,25.5433732747569]]]}},{"type":"Feature","properties":{"colonia":"VILLAS UNIVERSIDAD ORIENTE","pea":66.26,"pocupada":96.45},"geometry":{"type":"Polygon","coordinates":[[[-103.310296771878,25.5462921017991],[-103.310296771878,25.5462921017991]]]}},{"type":"Feature","properties":{"colonia":"LAS QUINTAS","pea":57.96,"pocupada":97.63},"geometry":{"type":"Polygon","coordinates":[[[-103.415212448895,25.5950164547456],[-103.415212448895,25.5950164547456]]]}},{"type":"Feature","properties":{"colonia":"VILLAS SANTORINI","pea":60.3,"pocupada":98.8499999999999},"geometry":{"type":"Polygon","coordinates":[[[-103.416256256921,25.5926031537126],[-103.416256256921,25.5926031537126]]]}},{"type":"Feature","properties":{"colonia":"COUNTRY FRONDOSO","pea":55.81,"pocupada":98.9599999999999},"geometry":{"type":"Polygon","coordinates":[[[-103.411760661126,25.592611814184],[-103.411760661126,25.592611814184]]]}},{"type":"Feature","properties":{"colonia":"RESIDENCIAL EL FRESNO SEGUNDA ETAPA","pea":0,"pocupada":0},"geometry":{"type":"Polygon","coordinates":[[[-103.410255845331,25.5827055444254],[-103.410255845331,25.5827055444254]]]}},{"type":"Feature","properties":{"colonia":"EJIDO EL TAJITO","pea":65,"pocupada":96.29},"geometry":{"type":"Polygon","coordinates":[[[-103.414849084118,25.5831329526237],[-103.414849084118,25.5831329526237]]]}},{"type":"Feature","properties":{"colonia":"SAN AGUSTIN 1A. ETAPA","pea":66.73,"pocupada":96.8},"geometry":{"type":"Polygon","coordinates":[[[-103.368717929889,25.5797915818161],[-103.368717929889,25.5797915818161]]]}},{"type":"Feature","properties":{"colonia":"SIN NOMBRE","pea":62.75,"pocupada":100},"geometry":{"type":"Polygon","coordinates":[[[-103.327622818139,25.5561712093339],[-103.327622818139,25.5561712093339]]]}},{"type":"Feature","properties":{"colonia":"REAL DEL SOL","pea":65.27,"pocupada":98.99},"geometry":{"type":"Polygon","coordinates":[[[-103.328746286312,25.5569360719422],[-103.328746286312,25.5569360719422]]]}},{"type":"Feature","properties":{"colonia":"RESIDENCIAL PALMA REAL","pea":66,"pocupada":99.38},"geometry":{"type":"Polygon","coordinates":[[[-103.378020920029,25.5845032154511],[-103.378020920029,25.5845032154511]]]}},{"type":"Feature","properties":{"colonia":"LA AMISTAD","pea":64.24,"pocupada":97.92},"geometry":{"type":"Polygon","coordinates":[[[-103.358698205258,25.5560979190838],[-103.358698205258,25.5560979190838]]]}},{"type":"Feature","properties":{"colonia":"LAS CAROLINAS","pea":55.86,"pocupada":96.64},"geometry":{"type":"Polygon","coordinates":[[[-103.405460238399,25.5583101973578],[-103.405460238399,25.5583101973578]]]}},{"type":"Feature","properties":{"colonia":"REAL DEL SOL II","pea":62.35,"pocupada":95.45},"geometry":{"type":"Polygon","coordinates":[[[-103.331926734231,25.5605201706694],[-103.331926734231,25.5605201706694]]]}},{"type":"Feature","properties":{"colonia":"GRANJAS SAN ISIDRO","pea":53.39,"pocupada":100},"geometry":{"type":"Polygon","coordinates":[[[-103.438844892078,25.5622358064373],[-103.438844892078,25.5622358064373]]]}},{"type":"Feature","properties":{"colonia":"VILLAS SAN JOSE","pea":62.53,"pocupada":96.76},"geometry":{"type":"Polygon","coordinates":[[[-103.392586553027,25.5620289227966],[-103.392586553027,25.5620289227966]]]}},{"type":"Feature","properties":{"colonia":"SATELITE DE LA LAGUNA II","pea":61.61,"pocupada":98.99},"geometry":{"type":"Polygon","coordinates":[[[-103.393557210197,25.5623775953498],[-103.393557210197,25.5623775953498]]]}},{"type":"Feature","properties":{"colonia":"VEREDAS DE SANTA FE","pea":64.8,"pocupada":96.3},"geometry":{"type":"Polygon","coordinates":[[[-103.345642227307,25.562311365677],[-103.345642227307,25.562311365677]]]}},{"type":"Feature","properties":{"colonia":"CIUDAD NAZAS POLIGONO 24","pea":62.68,"pocupada":97.9},"geometry":{"type":"Polygon","coordinates":[[[-103.35286030386,25.5543508583055],[-103.35286030386,25.5543508583055]]]}},{"type":"Feature","properties":{"colonia":"RESIDENCIAL HACIENDA EL ROSARIO","pea":56.37,"pocupada":98.91},"geometry":{"type":"Polygon","coordinates":[[[-103.401554368539,25.6246305955256],[-103.401554368539,25.6246305955256]]]}},{"type":"Feature","properties":{"colonia":"RESIDENCIAL LAS ETNIAS","pea":63.62,"pocupada":98.7},"geometry":{"type":"Polygon","coordinates":[[[-103.384355241801,25.5581176677962],[-103.384355241801,25.5581176677962]]]}},{"type":"Feature","properties":{"colonia":"LA PAZ","pea":65.24,"pocupada":98.53},"geometry":{"type":"Polygon","coordinates":[[[-103.361323758884,25.5922206927308],[-103.361323758884,25.5922206927308]]]}},{"type":"Feature","properties":{"colonia":"CLUB DE GOLF LOS AZULEJOS PRIMERA ETAPA","pea":0,"pocupada":0},"geometry":{"type":"Polygon","coordinates":[[[-103.367322445574,25.6433264648445],[-103.367322445574,25.6433264648445]]]}},{"type":"Feature","properties":{"colonia":"BOCANEGRA","pea":55.82,"pocupada":93.11},"geometry":{"type":"Polygon","coordinates":[[[-103.415994356354,25.5583946940599],[-103.415994356354,25.5583946940599]]]}},{"type":"Feature","properties":{"colonia":"QUINTAS SAN ANTONIO III","pea":66.93,"pocupada":98.81},"geometry":{"type":"Polygon","coordinates":[[[-103.382618534018,25.558098848583],[-103.382618534018,25.558098848583]]]}},{"type":"Feature","properties":{"colonia":"RINCON SAN SALVADOR","pea":65.97,"pocupada":97.37},"geometry":{"type":"Polygon","coordinates":[[[-103.380766533149,25.558023933258],[-103.380766533149,25.558023933258]]]}},{"type":"Feature","properties":{"colonia":"FIDEL VELAZQUEZ","pea":51.88,"pocupada":97.29},"geometry":{"type":"Polygon","coordinates":[[[-103.374375490237,25.5496594108532],[-103.374375490237,25.5496594108532]]]}},{"type":"Feature","properties":{"colonia":"LA CORTINA","pea":67.58,"pocupada":98.25},"geometry":{"type":"Polygon","coordinates":[[[-103.356658289249,25.5577860293018],[-103.356658289249,25.5577860293018]]]}},{"type":"Feature","properties":{"colonia":"JOYAS DEL BOSQUE","pea":66.62,"pocupada":98.34},"geometry":{"type":"Polygon","coordinates":[[[-103.326263000937,25.5577907228636],[-103.326263000937,25.5577907228636]]]}},{"type":"Feature","properties":{"colonia":"TERCERO DE COBIAN (CENTRO)","pea":58.39,"pocupada":98.2099999999999},"geometry":{"type":"Polygon","coordinates":[[[-103.434137351258,25.5585182294328],[-103.434137351258,25.5585182294328]]]}},{"type":"Feature","properties":{"colonia":"RESIDENCIAL FRONDOSO","pea":0,"pocupada":0},"geometry":{"type":"Polygon","coordinates":[[[-103.414195363325,25.5927357416612],[-103.414195363325,25.5927357416612]]]}},{"type":"Feature","properties":{"colonia":"SAN MARINO","pea":61.54,"pocupada":100},"geometry":{"type":"Polygon","coordinates":[[[-103.418840920172,25.5935229299393],[-103.418840920172,25.5935229299393]]]}},{"type":"Feature","properties":{"colonia":"CIPRESES","pea":61.19,"pocupada":100},"geometry":{"type":"Polygon","coordinates":[[[-103.417352508911,25.5938341897961],[-103.417352508911,25.5938341897961]]]}},{"type":"Feature","properties":{"colonia":"LORETTO","pea":0,"pocupada":0},"geometry":{"type":"Polygon","coordinates":[[[-103.374623263353,25.4886266818759],[-103.374623263353,25.4886266818759]]]}},{"type":"Feature","properties":{"colonia":"EJIDO SANTA FE","pea":0,"pocupada":0},"geometry":{"type":"Polygon","coordinates":[[[-103.32974960596,25.5693196456851],[-103.32974960596,25.5693196456851]]]}},{"type":"Feature","properties":{"colonia":"VILLA JACARANDAS","pea":59.27,"pocupada":94.4599999999999},"geometry":{"type":"Polygon","coordinates":[[[-103.442140909176,25.5709063060812],[-103.442140909176,25.5709063060812]]]}},{"type":"Feature","properties":{"colonia":"EJIDO SAN LUIS","pea":57.92,"pocupada":98.49},"geometry":{"type":"Polygon","coordinates":[[[-103.389399287347,25.5677859796393],[-103.389399287347,25.5677859796393]]]}},{"type":"Feature","properties":{"colonia":"ESTRELLA","pea":57.26,"pocupada":98.3499999999999},"geometry":{"type":"Polygon","coordinates":[[[-103.420304806022,25.5705145533041],[-103.420304806022,25.5705145533041]]]}},{"type":"Feature","properties":{"colonia":"GRANJA SANTA FE","pea":0,"pocupada":0},"geometry":{"type":"Polygon","coordinates":[[[-103.357615915242,25.4829117816535],[-103.357615915242,25.4829117816535]]]}},{"type":"Feature","properties":{"colonia":"VIRREYES","pea":75.76,"pocupada":92},"geometry":{"type":"Polygon","coordinates":[[[-103.369262092571,25.5698300819927],[-103.369262092571,25.5698300819927]]]}},{"type":"Feature","properties":{"colonia":"LOS LAURELES","pea":65.2,"pocupada":95.58},"geometry":{"type":"Polygon","coordinates":[[[-103.37369744638,25.5707453319316],[-103.37369744638,25.5707453319316]]]}},{"type":"Feature","properties":{"colonia":"AMPLIACION LOS NOGALES","pea":55.21,"pocupada":96.31},"geometry":{"type":"Polygon","coordinates":[[[-103.445052262852,25.5721160084471],[-103.445052262852,25.5721160084471]]]}},{"type":"Feature","properties":{"colonia":"SAN ISIDRO","pea":55.75,"pocupada":99.44},"geometry":{"type":"Polygon","coordinates":[[[-103.423850518087,25.5708472916692],[-103.423850518087,25.5708472916692]]]}},{"type":"Feature","properties":{"colonia":"LEANDRO ROVIROSA WADE","pea":64.41,"pocupada":97.37},"geometry":{"type":"Polygon","coordinates":[[[-103.447542834534,25.5725310051018],[-103.447542834534,25.5725310051018]]]}},{"type":"Feature","properties":{"colonia":"JACARANDAS","pea":64.7099999999999,"pocupada":97.7},"geometry":{"type":"Polygon","coordinates":[[[-103.440563938075,25.5724318080815],[-103.440563938075,25.5724318080815]]]}},{"type":"Feature","properties":{"colonia":"TORREON 2000","pea":67.65,"pocupada":98.43},"geometry":{"type":"Polygon","coordinates":[[[-103.393469834765,25.5719387169983],[-103.393469834765,25.5719387169983]]]}},{"type":"Feature","properties":{"colonia":"MAGDALENAS","pea":68.61,"pocupada":98.53},"geometry":{"type":"Polygon","coordinates":[[[-103.418238598333,25.5726570055164],[-103.418238598333,25.5726570055164]]]}},{"type":"Feature","properties":{"colonia":"EJIDO LA LIBERTAD","pea":61.94,"pocupada":100},"geometry":{"type":"Polygon","coordinates":[[[-103.376985582718,25.5712180812495],[-103.376985582718,25.5712180812495]]]}},{"type":"Feature","properties":{"colonia":"SAN ARMANDO","pea":0,"pocupada":0},"geometry":{"type":"Polygon","coordinates":[[[-103.332575692214,25.5727990318499],[-103.332575692214,25.5727990318499]]]}},{"type":"Feature","properties":{"colonia":"PALMAS SAN ISIDRO","pea":58.62,"pocupada":98.24},"geometry":{"type":"Polygon","coordinates":[[[-103.420275152676,25.5738052913811],[-103.420275152676,25.5738052913811]]]}},{"type":"Feature","properties":{"colonia":"NUEVO SAN ISIDRO","pea":54.53,"pocupada":98.59},"geometry":{"type":"Polygon","coordinates":[[[-103.417145583902,25.5738484768258],[-103.417145583902,25.5738484768258]]]}},{"type":"Feature","properties":{"colonia":"QUINTAS SAN ISIDRO","pea":59.87,"pocupada":97.45},"geometry":{"type":"Polygon","coordinates":[[[-103.411784501254,25.5750673261962],[-103.411784501254,25.5750673261962]]]}},{"type":"Feature","properties":{"colonia":"CERRADA LAS PALMAS II","pea":67.5,"pocupada":100},"geometry":{"type":"Polygon","coordinates":[[[-103.373935943889,25.5745540462323],[-103.373935943889,25.5745540462323]]]}},{"type":"Feature","properties":{"colonia":"AEROPUERTO INTERNACIONAL FRANCISCO SARABIA TINOCO","pea":0,"pocupada":0},"geometry":{"type":"Polygon","coordinates":[[[-103.416424127072,25.5740359503989],[-103.416424127072,25.5740359503989]]]}},{"type":"Feature","properties":{"colonia":"SAN ARMANDO 2A. ETAPA","pea":0,"pocupada":0},"geometry":{"type":"Polygon","coordinates":[[[-103.329193958934,25.5710435129478],[-103.329193958934,25.5710435129478]]]}},{"type":"Feature","properties":{"colonia":"EL TAJITO","pea":57.89,"pocupada":98.5699999999999},"geometry":{"type":"Polygon","coordinates":[[[-103.429003035362,25.5741232610797],[-103.429003035362,25.5741232610797]]]}},{"type":"Feature","properties":{"colonia":"AMPLIACION LEANDRO ROVIROSA WADE","pea":64.43,"pocupada":98.3},"geometry":{"type":"Polygon","coordinates":[[[-103.444509063343,25.5739031619015],[-103.444509063343,25.5739031619015]]]}},{"type":"Feature","properties":{"colonia":"RESIDENCIAL CUMBRES","pea":0,"pocupada":0},"geometry":{"type":"Polygon","coordinates":[[[-103.398721015762,25.5746168395955],[-103.398721015762,25.5746168395955]]]}},{"type":"Feature","properties":{"colonia":"ALAMEDAS","pea":51.58,"pocupada":96.31},"geometry":{"type":"Polygon","coordinates":[[[-103.434505497731,25.5755659130365],[-103.434505497731,25.5755659130365]]]}},{"type":"Feature","properties":{"colonia":"PLANTA DE MOTORES JOHN DEERE","pea":0,"pocupada":0},"geometry":{"type":"Polygon","coordinates":[[[-103.344666488967,25.4748537517992],[-103.344666488967,25.4748537517992]]]}},{"type":"Feature","properties":{"colonia":"QUINTAS CAMPESTRE - LOS LAURELES","pea":65.69,"pocupada":99.28},"geometry":{"type":"Polygon","coordinates":[[[-103.378562605979,25.5746290496909],[-103.378562605979,25.5746290496909]]]}},{"type":"Feature","properties":{"colonia":"RESIDENCIAL GALERIAS","pea":0,"pocupada":0},"geometry":{"type":"Polygon","coordinates":[[[-103.396498022965,25.5756897298972],[-103.396498022965,25.5756897298972]]]}},{"type":"Feature","properties":{"colonia":"PROLONGACION LOS NOGALES","pea":53.97,"pocupada":95.98},"geometry":{"type":"Polygon","coordinates":[[[-103.437818242218,25.5763540114285],[-103.437818242218,25.5763540114285]]]}},{"type":"Feature","properties":{"colonia":"RESIDENCIAL LOS FRESNOS","pea":62.04,"pocupada":99.13},"geometry":{"type":"Polygon","coordinates":[[[-103.399000412639,25.5748605441788],[-103.399000412639,25.5748605441788]]]}},{"type":"Feature","properties":{"colonia":"SIN NOMBRE","pea":59.02,"pocupada":97.22},"geometry":{"type":"Polygon","coordinates":[[[-103.378696318081,25.5758751835929],[-103.378696318081,25.5758751835929]]]}},{"type":"Feature","properties":{"colonia":"PARAISO DEL NAZAS","pea":73.5999999999999,"pocupada":99.24},"geometry":{"type":"Polygon","coordinates":[[[-103.425781334641,25.5777080495869],[-103.425781334641,25.5777080495869]]]}},{"type":"Feature","properties":{"colonia":"EL ROBLE II","pea":55.28,"pocupada":97.15},"geometry":{"type":"Polygon","coordinates":[[[-103.438374502581,25.5777419971955],[-103.438374502581,25.5777419971955]]]}},{"type":"Feature","properties":{"colonia":"EL ROBLE I","pea":62.37,"pocupada":98.52},"geometry":{"type":"Polygon","coordinates":[[[-103.434460435401,25.5773616927879],[-103.434460435401,25.5773616927879]]]}},{"type":"Feature","properties":{"colonia":"SAN LUCIANO","pea":73.91,"pocupada":100},"geometry":{"type":"Polygon","coordinates":[[[-103.414826785428,25.5788715816582],[-103.414826785428,25.5788715816582]]]}},{"type":"Feature","properties":{"colonia":"AVIACION SAN IGNACIO","pea":65.0699999999999,"pocupada":95.53},"geometry":{"type":"Polygon","coordinates":[[[-103.392891263121,25.5657839196922],[-103.392891263121,25.5657839196922]]]}},{"type":"Feature","properties":{"colonia":"NAVARRO","pea":55.02,"pocupada":99.3499999999999},"geometry":{"type":"Polygon","coordinates":[[[-103.426032517087,25.5659377478289],[-103.426032517087,25.5659377478289]]]}},{"type":"Feature","properties":{"colonia":"EJIDO ANA","pea":62.27,"pocupada":97.28},"geometry":{"type":"Polygon","coordinates":[[[-103.376865479158,25.6090034270666],[-103.376865479158,25.6090034270666]]]}},{"type":"Feature","properties":{"colonia":"VILLA LORETTO","pea":71.03,"pocupada":100},"geometry":{"type":"Polygon","coordinates":[[[-103.351651792196,25.5358495573113],[-103.351651792196,25.5358495573113]]]}},{"type":"Feature","properties":{"colonia":"EJIDO IGNACIO ALLENDE","pea":64.98,"pocupada":98.05},"geometry":{"type":"Polygon","coordinates":[[[-103.395937492621,25.5790877400073],[-103.395937492621,25.5790877400073]]]}},{"type":"Feature","properties":{"colonia":"RESIDENCIAL EL FRESNO","pea":66.38,"pocupada":98.86},"geometry":{"type":"Polygon","coordinates":[[[-103.410712228786,25.5827921176622],[-103.410712228786,25.5827921176622]]]}},{"type":"Feature","properties":{"colonia":"AVIACION SAN IGNACIO 2A. ETAPA","pea":62.83,"pocupada":94.08},"geometry":{"type":"Polygon","coordinates":[[[-103.391108701605,25.5656199732832],[-103.391108701605,25.5656199732832]]]}},{"type":"Feature","properties":{"colonia":"AEROPUERTO","pea":60.78,"pocupada":98.52},"geometry":{"type":"Polygon","coordinates":[[[-103.391971216199,25.5657429366872],[-103.391971216199,25.5657429366872]]]}},{"type":"Feature","properties":{"colonia":"AMPLIACION LAS MARGARITAS","pea":50.63,"pocupada":96.27},"geometry":{"type":"Polygon","coordinates":[[[-103.439748229597,25.5671840912728],[-103.439748229597,25.5671840912728]]]}},{"type":"Feature","properties":{"colonia":"LOS NOGALES","pea":51.22,"pocupada":96.95},"geometry":{"type":"Polygon","coordinates":[[[-103.447179384321,25.568638857997],[-103.447179384321,25.568638857997]]]}},{"type":"Feature","properties":{"colonia":"RINCON SAN JOSE","pea":63.93,"pocupada":100},"geometry":{"type":"Polygon","coordinates":[[[-103.392116894679,25.5691963612231],[-103.392116894679,25.5691963612231]]]}},{"type":"Feature","properties":{"colonia":"CONJUNTO OYAMEL","pea":67.19,"pocupada":99.06},"geometry":{"type":"Polygon","coordinates":[[[-103.373403912161,25.5695002538337],[-103.373403912161,25.5695002538337]]]}},{"type":"Feature","properties":{"colonia":"VILLA LOS PINOS","pea":0,"pocupada":0},"geometry":{"type":"Polygon","coordinates":[[[-103.379202237094,25.5699517233934],[-103.379202237094,25.5699517233934]]]}},{"type":"Feature","properties":{"colonia":"RESIDENCIAL LAS VILLAS 3A. ETAPA","pea":52.63,"pocupada":100},"geometry":{"type":"Polygon","coordinates":[[[-103.400660484694,25.6221723400815],[-103.400660484694,25.6221723400815]]]}},{"type":"Feature","properties":{"colonia":"SAN AGUSTIN 2A. ETAPA","pea":68.66,"pocupada":97.9},"geometry":{"type":"Polygon","coordinates":[[[-103.367263387995,25.5780531320465],[-103.367263387995,25.5780531320465]]]}},{"type":"Feature","properties":{"colonia":"VILLAS SAN AGUSTIN","pea":69.3,"pocupada":97.63},"geometry":{"type":"Polygon","coordinates":[[[-103.361286863298,25.5872350869298],[-103.361286863298,25.5872350869298]]]}},{"type":"Feature","properties":{"colonia":"REAL SAN AGUSTIN","pea":62.91,"pocupada":97.2099999999999},"geometry":{"type":"Polygon","coordinates":[[[-103.378553920327,25.5876677840411],[-103.378553920327,25.5876677840411]]]}},{"type":"Feature","properties":{"colonia":"FRACCIONAMIENTO LAGOS I ETAPA","pea":71.87,"pocupada":98.49},"geometry":{"type":"Polygon","coordinates":[[[-103.368923108415,25.6225331615762],[-103.368923108415,25.6225331615762]]]}},{"type":"Feature","properties":{"colonia":"CAMPIÈ÷ú?¬AS DE IBERIA","pea":74.77,"pocupada":99.59},"geometry":{"type":"Polygon","coordinates":[[[-103.385862824809,25.6181555253573],[-103.385862824809,25.6181555253573]]]}},{"type":"Feature","properties":{"colonia":"RESIDENCIAL LAS VILLAS ETAPA X","pea":54.35,"pocupada":100},"geometry":{"type":"Polygon","coordinates":[[[-103.40645268974,25.6195197870086],[-103.40645268974,25.6195197870086]]]}},{"type":"Feature","properties":{"colonia":"RESIDENCIAL LAS VILLAS 6A. ETAPA","pea":67.8,"pocupada":100},"geometry":{"type":"Polygon","coordinates":[[[-103.399806953428,25.6197523076229],[-103.399806953428,25.6197523076229]]]}},{"type":"Feature","properties":{"colonia":"VILLAS LAS MARGARITAS","pea":19.64,"pocupada":100},"geometry":{"type":"Polygon","coordinates":[[[-103.392584126656,25.6187507182711],[-103.392584126656,25.6187507182711]]]}},{"type":"Feature","properties":{"colonia":"RESIDENCIAL LAS VILLAS 9A. ETAPA","pea":61.11,"pocupada":96.97},"geometry":{"type":"Polygon","coordinates":[[[-103.404804639822,25.6231191930963],[-103.404804639822,25.6231191930963]]]}},{"type":"Feature","properties":{"colonia":"RESIDENCIAL SENDEROS","pea":64.8199999999999,"pocupada":98.73},"geometry":{"type":"Polygon","coordinates":[[[-103.380289563313,25.6209025728955],[-103.380289563313,25.6209025728955]]]}},{"type":"Feature","properties":{"colonia":"RESIDENCIAL LAS VILLAS ETAPA XV","pea":64.86,"pocupada":100},"geometry":{"type":"Polygon","coordinates":[[[-103.406161485664,25.619606202864],[-103.406161485664,25.619606202864]]]}},{"type":"Feature","properties":{"colonia":"VIÈ÷ú?¬A SAN FRANCISCO","pea":0,"pocupada":0},"geometry":{"type":"Polygon","coordinates":[[[-103.38297805959,25.5834376060607],[-103.38297805959,25.5834376060607]]]}},{"type":"Feature","properties":{"colonia":"VILLAS DE SAN ANGEL","pea":64.3499999999999,"pocupada":99.0999999999999},"geometry":{"type":"Polygon","coordinates":[[[-103.343030116746,25.543416872091],[-103.343030116746,25.543416872091]]]}},{"type":"Feature","properties":{"colonia":"LAS PUERTAS RESIDENCIAL","pea":63.66,"pocupada":99.64},"geometry":{"type":"Polygon","coordinates":[[[-103.351651792196,25.5358495573113],[-103.351651792196,25.5358495573113]]]}},{"type":"Feature","properties":{"colonia":"EL CASTAÈ÷ú?¬O","pea":67.67,"pocupada":98.34},"geometry":{"type":"Polygon","coordinates":[[[-103.347143820831,25.5391110350463],[-103.347143820831,25.5391110350463]]]}},{"type":"Feature","properties":{"colonia":"LOMA REAL IV","pea":72.86,"pocupada":98.05},"geometry":{"type":"Polygon","coordinates":[[[-103.337704506957,25.5541395688861],[-103.337704506957,25.5541395688861]]]}},{"type":"Feature","properties":{"colonia":"RESIDENCIAL HACIENDA SAN JOSE","pea":69.75,"pocupada":100},"geometry":{"type":"Polygon","coordinates":[[[-103.39035996564,25.6290529280502],[-103.39035996564,25.6290529280502]]]}},{"type":"Feature","properties":{"colonia":"RESIDENCIAL LOS LLANOS","pea":82.3199999999999,"pocupada":100},"geometry":{"type":"Polygon","coordinates":[[[-103.421108049897,25.5919587588897],[-103.421108049897,25.5919587588897]]]}},{"type":"Feature","properties":{"colonia":"RESIDENCIAL LAS VILLAS 8A. ETAPA","pea":60,"pocupada":100},"geometry":{"type":"Polygon","coordinates":[[[-103.404738573826,25.624509163667],[-103.404738573826,25.624509163667]]]}},{"type":"Feature","properties":{"colonia":"PEDREGAL DEL VALLE","pea":59.17,"pocupada":98.56},"geometry":{"type":"Polygon","coordinates":[[[-103.352833317903,25.5539006630852],[-103.352833317903,25.5539006630852]]]}},{"type":"Feature","properties":{"colonia":"EL RANCHITO","pea":65.02,"pocupada":98.78},"geometry":{"type":"Polygon","coordinates":[[[-103.421194769723,25.5926286611838],[-103.421194769723,25.5926286611838]]]}},{"type":"Feature","properties":{"colonia":"LAGUNA NORTE","pea":67.52,"pocupada":98.81},"geometry":{"type":"Polygon","coordinates":[[[-103.423503104585,25.588968790977],[-103.423503104585,25.588968790977]]]}},{"type":"Feature","properties":{"colonia":"SENDAS DEL BOSQUE","pea":70.63,"pocupada":96.91},"geometry":{"type":"Polygon","coordinates":[[[-103.381452743749,25.6338578870319],[-103.381452743749,25.6338578870319]]]}},{"type":"Feature","properties":{"colonia":"RESIDENCIAL SENDEROS 2A. ETAPA","pea":70.87,"pocupada":98.91},"geometry":{"type":"Polygon","coordinates":[[[-103.375455572417,25.6233239426459],[-103.375455572417,25.6233239426459]]]}},{"type":"Feature","properties":{"colonia":"RESIDENCIAL LAS VILLAS ETAPA XIV","pea":66.98,"pocupada":100},"geometry":{"type":"Polygon","coordinates":[[[-103.407832451207,25.6243714199052],[-103.407832451207,25.6243714199052]]]}},{"type":"Feature","properties":{"colonia":"LA JOYA","pea":59.78,"pocupada":100},"geometry":{"type":"Polygon","coordinates":[[[-103.339208536745,25.5405057243597],[-103.339208536745,25.5405057243597]]]}},{"type":"Feature","properties":{"colonia":"RESIDENCIAL LAS VILLAS 4A. ETAPA","pea":51.38,"pocupada":100},"geometry":{"type":"Polygon","coordinates":[[[-103.401587268438,25.6247849263833],[-103.401587268438,25.6247849263833]]]}},{"type":"Feature","properties":{"colonia":"AMPLIACION SENDEROS","pea":70.5999999999999,"pocupada":99.14},"geometry":{"type":"Polygon","coordinates":[[[-103.381292773243,25.6258710870811],[-103.381292773243,25.6258710870811]]]}},{"type":"Feature","properties":{"colonia":"EJIDO PASO DEL AGUILA","pea":0,"pocupada":0},"geometry":{"type":"Polygon","coordinates":[[[-103.365596310222,25.6264403219633],[-103.365596310222,25.6264403219633]]]}},{"type":"Feature","properties":{"colonia":"VIÈ÷ú?¬A SAN VICENTE","pea":75,"pocupada":100},"geometry":{"type":"Polygon","coordinates":[[[-103.383156313313,25.5792808262492],[-103.383156313313,25.5792808262492]]]}},{"type":"Feature","properties":{"colonia":"EJIDO LA CONCHA","pea":61.34,"pocupada":95.54},"geometry":{"type":"Polygon","coordinates":[[[-103.378037095236,25.6439912580901],[-103.378037095236,25.6439912580901]]]}},{"type":"Feature","properties":{"colonia":"EJIDO ALBIA","pea":0,"pocupada":0},"geometry":{"type":"Polygon","coordinates":[[[-103.360006085712,25.6685392848602],[-103.360006085712,25.6685392848602]]]}},{"type":"Feature","properties":{"colonia":"RESIDENCIAL SANTA BARBARA 2A. ETAPA","pea":42.59,"pocupada":95.65},"geometry":{"type":"Polygon","coordinates":[[[-103.407627129688,25.5975796565759],[-103.407627129688,25.5975796565759]]]}},{"type":"Feature","properties":{"colonia":"CLUB DE GOLF LOS AZULEJOS SEGUNDA ETAPA","pea":76.92,"pocupada":90},"geometry":{"type":"Polygon","coordinates":[[[-103.3652408298,25.648860532088],[-103.3652408298,25.648860532088]]]}},{"type":"Feature","properties":{"colonia":"SIN NOMBRE","pea":59.39,"pocupada":97.42},"geometry":{"type":"Polygon","coordinates":[[[-103.436380461889,25.5356646845776],[-103.436380461889,25.5356646845776]]]}},{"type":"Feature","properties":{"colonia":"RESIDENCIAL LAS TROJES IV","pea":0,"pocupada":0},"geometry":{"type":"Polygon","coordinates":[[[-103.372147234607,25.5939494828824],[-103.372147234607,25.5939494828824]]]}},{"type":"Feature","properties":{"colonia":"RESIDENCIAL LAS TROJES","pea":59.17,"pocupada":98.52},"geometry":{"type":"Polygon","coordinates":[[[-103.369162030403,25.5933977380153],[-103.369162030403,25.5933977380153]]]}},{"type":"Feature","properties":{"colonia":"VILLA ROMANA","pea":68.25,"pocupada":99.3},"geometry":{"type":"Polygon","coordinates":[[[-103.415509744979,25.5957031096109],[-103.415509744979,25.5957031096109]]]}},{"type":"Feature","properties":{"colonia":"EJIDO LA PARTIDA","pea":55.51,"pocupada":98.93},"geometry":{"type":"Polygon","coordinates":[[[-103.297611803842,25.5948594978676],[-103.297611803842,25.5948594978676]]]}},{"type":"Feature","properties":{"colonia":"EJIDO LA PAZ","pea":0,"pocupada":0},"geometry":{"type":"Polygon","coordinates":[[[-103.355252510395,25.5964031913542],[-103.355252510395,25.5964031913542]]]}},{"type":"Feature","properties":{"colonia":"RESIDENCIAL SANTA BARBARA 1A. ETAPA","pea":64.09,"pocupada":96.45},"geometry":{"type":"Polygon","coordinates":[[[-103.405944919023,25.5974463069016],[-103.405944919023,25.5974463069016]]]}},{"type":"Feature","properties":{"colonia":"RESIDENCIAL SANTA BARBARA 3A. ETAPA","pea":69.37,"pocupada":98.63},"geometry":{"type":"Polygon","coordinates":[[[-103.408775546854,25.5976339603391],[-103.408775546854,25.5976339603391]]]}},{"type":"Feature","properties":{"colonia":"CIUDAD INDUSTRIAL","pea":0,"pocupada":0},"geometry":{"type":"Polygon","coordinates":[[[-103.393439214648,25.5944080283079],[-103.393439214648,25.5944080283079]]]}},{"type":"Feature","properties":{"colonia":"RICARDO FLORES MAGON","pea":67.63,"pocupada":100},"geometry":{"type":"Polygon","coordinates":[[[-103.414180795207,25.5979164958496],[-103.414180795207,25.5979164958496]]]}},{"type":"Feature","properties":{"colonia":"EJIDO LOS RODRIGUEZ","pea":63.36,"pocupada":100},"geometry":{"type":"Polygon","coordinates":[[[-103.392453734852,25.598211879075],[-103.392453734852,25.598211879075]]]}},{"type":"Feature","properties":{"colonia":"MAGISTERIO-IBEROAMERICANA","pea":64.74,"pocupada":100},"geometry":{"type":"Polygon","coordinates":[[[-103.394558251862,25.6008266165551],[-103.394558251862,25.6008266165551]]]}},{"type":"Feature","properties":{"colonia":"VILLAS DE LA IBERO","pea":54.88,"pocupada":98.06},"geometry":{"type":"Polygon","coordinates":[[[-103.398336414394,25.6005514410962],[-103.398336414394,25.6005514410962]]]}},{"type":"Feature","properties":{"colonia":"QUINTAS ANNA","pea":0,"pocupada":0},"geometry":{"type":"Polygon","coordinates":[[[-103.367805045167,25.6010045267376],[-103.367805045167,25.6010045267376]]]}},{"type":"Feature","properties":{"colonia":"RINCON SAN ANGEL","pea":58.11,"pocupada":98.75},"geometry":{"type":"Polygon","coordinates":[[[-103.406551717688,25.6015866147305],[-103.406551717688,25.6015866147305]]]}},{"type":"Feature","properties":{"colonia":"RESIDENCIAL IBERO","pea":50,"pocupada":100},"geometry":{"type":"Polygon","coordinates":[[[-103.401835478624,25.6019064882939],[-103.401835478624,25.6019064882939]]]}},{"type":"Feature","properties":{"colonia":"LOS ALEBRIJES RESIDENCIAL","pea":67.0999999999999,"pocupada":98.9},"geometry":{"type":"Polygon","coordinates":[[[-103.379198326841,25.6028444542083],[-103.379198326841,25.6028444542083]]]}},{"type":"Feature","properties":{"colonia":"EJIDO LA UNION","pea":59.15,"pocupada":97.37},"geometry":{"type":"Polygon","coordinates":[[[-103.418185128241,25.6000381269581],[-103.418185128241,25.6000381269581]]]}},{"type":"Feature","properties":{"colonia":"EJIDO PROVIDENCIA","pea":0,"pocupada":0},"geometry":{"type":"Polygon","coordinates":[[[-103.358487236896,25.6024282812402],[-103.358487236896,25.6024282812402]]]}},{"type":"Feature","properties":{"colonia":"ALMERAS","pea":42.86,"pocupada":91.67},"geometry":{"type":"Polygon","coordinates":[[[-103.41600382082,25.6022173200733],[-103.41600382082,25.6022173200733]]]}},{"type":"Feature","properties":{"colonia":"JARDINES DE LA JOYA","pea":73.91,"pocupada":97.65},"geometry":{"type":"Polygon","coordinates":[[[-103.351824086113,25.5446308453373],[-103.351824086113,25.5446308453373]]]}},{"type":"Feature","properties":{"colonia":"EL CAMPANARIO","pea":62.96,"pocupada":97.06},"geometry":{"type":"Polygon","coordinates":[[[-103.420299676289,25.6039693298208],[-103.420299676289,25.6039693298208]]]}},{"type":"Feature","properties":{"colonia":"EJIDO EL PERU","pea":0,"pocupada":0},"geometry":{"type":"Polygon","coordinates":[[[-103.340421792332,25.6036141632631],[-103.340421792332,25.6036141632631]]]}},{"type":"Feature","properties":{"colonia":"REAL DEL NOGALAR","pea":62.04,"pocupada":99.65},"geometry":{"type":"Polygon","coordinates":[[[-103.391051332953,25.6035363988858],[-103.391051332953,25.6035363988858]]]}},{"type":"Feature","properties":{"colonia":"ANNA","pea":63.19,"pocupada":97.34},"geometry":{"type":"Polygon","coordinates":[[[-103.370709342762,25.6037058932125],[-103.370709342762,25.6037058932125]]]}},{"type":"Feature","properties":{"colonia":"JARDINES DEL SOL","pea":68.49,"pocupada":98.55},"geometry":{"type":"Polygon","coordinates":[[[-103.369718940976,25.6056082768006],[-103.369718940976,25.6056082768006]]]}},{"type":"Feature","properties":{"colonia":"VILLA BELLINI","pea":0,"pocupada":0},"geometry":{"type":"Polygon","coordinates":[[[-103.376133772755,25.6570960800202],[-103.376133772755,25.6570960800202]]]}},{"type":"Feature","properties":{"colonia":"EJIDO LA PALMA","pea":0,"pocupada":0},"geometry":{"type":"Polygon","coordinates":[[[-103.321372665716,25.6108105517656],[-103.321372665716,25.6108105517656]]]}},{"type":"Feature","properties":{"colonia":"LA ARBOLEDA","pea":71.43,"pocupada":100},"geometry":{"type":"Polygon","coordinates":[[[-103.388932460065,25.6115658536813],[-103.388932460065,25.6115658536813]]]}},{"type":"Feature","properties":{"colonia":"LA CIENEGA","pea":64.15,"pocupada":100},"geometry":{"type":"Polygon","coordinates":[[[-103.38948294768,25.6127876438347],[-103.38948294768,25.6127876438347]]]}},{"type":"Feature","properties":{"colonia":"RESIDENCIAL LAS VILLAS 1A. ETAPA","pea":58.67,"pocupada":100},"geometry":{"type":"Polygon","coordinates":[[[-103.404041354625,25.6146573721401],[-103.404041354625,25.6146573721401]]]}},{"type":"Feature","properties":{"colonia":"RESIDENCIAL LAS VILLAS ETAPA XII","pea":41.94,"pocupada":100},"geometry":{"type":"Polygon","coordinates":[[[-103.406787910234,25.6153569097936],[-103.406787910234,25.6153569097936]]]}},{"type":"Feature","properties":{"colonia":"RESIDENCIAL LAS VILLAS 5A. ETAPA","pea":63.64,"pocupada":100},"geometry":{"type":"Polygon","coordinates":[[[-103.404366114205,25.6159509479779],[-103.404366114205,25.6159509479779]]]}},{"type":"Feature","properties":{"colonia":"RESIDENCIAL LAS VILLAS 2A. ETAPA","pea":53.18,"pocupada":98.91},"geometry":{"type":"Polygon","coordinates":[[[-103.399115557337,25.6177513268623],[-103.399115557337,25.6177513268623]]]}},{"type":"Feature","properties":{"colonia":"RESIDENCIAL LAS VILLAS ETAPA XI","pea":52,"pocupada":100},"geometry":{"type":"Polygon","coordinates":[[[-103.410238572952,25.6187547229521],[-103.410238572952,25.6187547229521]]]}},{"type":"Feature","properties":{"colonia":"PRIVADAS DE SANTA FE","pea":71.54,"pocupada":98.76},"geometry":{"type":"Polygon","coordinates":[[[-103.352709412909,25.5603003700661],[-103.352709412909,25.5603003700661]]]}},{"type":"Feature","properties":{"colonia":"RESIDENCIAL LAS TROJES ETAPA VII","pea":0,"pocupada":0},"geometry":{"type":"Polygon","coordinates":[[[-103.364031424211,25.5923187521088],[-103.364031424211,25.5923187521088]]]}},{"type":"Feature","properties":{"colonia":"LAS ACACIAS","pea":57.06,"pocupada":97.8499999999999},"geometry":{"type":"Polygon","coordinates":[[[-103.406686928059,25.6093666263687],[-103.406686928059,25.6093666263687]]]}},{"type":"Feature","properties":{"colonia":"LA JOYA","pea":36,"pocupada":100},"geometry":{"type":"Polygon","coordinates":[[[-103.34321581236,25.5380850129131],[-103.34321581236,25.5380850129131]]]}},{"type":"Feature","properties":{"colonia":"LOMA REAL II","pea":65.94,"pocupada":96.91},"geometry":{"type":"Polygon","coordinates":[[[-103.343071744565,25.5452102821289],[-103.343071744565,25.5452102821289]]]}},{"type":"Feature","properties":{"colonia":"TOLEDO","pea":71.43,"pocupada":99.69},"geometry":{"type":"Polygon","coordinates":[[[-103.339208536745,25.5405057243597],[-103.339208536745,25.5405057243597]]]}},{"type":"Feature","properties":{"colonia":"CASTELLO RESIDENCIAL","pea":76.19,"pocupada":96.88},"geometry":{"type":"Polygon","coordinates":[[[-103.363361222442,25.5728794141537],[-103.363361222442,25.5728794141537]]]}},{"type":"Feature","properties":{"colonia":"SIN NOMBRE","pea":78.33,"pocupada":97.87},"geometry":{"type":"Polygon","coordinates":[[[-103.342947720861,25.5542118168219],[-103.342947720861,25.5542118168219]]]}},{"type":"Feature","properties":{"colonia":"LAS AVES III","pea":71.9,"pocupada":98.8},"geometry":{"type":"Polygon","coordinates":[[[-103.345608375926,25.5474004101009],[-103.345608375926,25.5474004101009]]]}},{"type":"Feature","properties":{"colonia":"VILLA BERNINI","pea":0,"pocupada":0},"geometry":{"type":"Polygon","coordinates":[[[-103.364004401382,25.6615090811792],[-103.364004401382,25.6615090811792]]]}},{"type":"Feature","properties":{"colonia":"LOMA REAL V SECTOR \"\"A\"\"","pea":70.31,"pocupada":98.84},"geometry":{"type":"Polygon","coordinates":[[[-103.336337827029,25.5543665235962],[-103.336337827029,25.5543665235962]]]}},{"type":"Feature","properties":{"colonia":"LOS ALMENDROS","pea":65.75,"pocupada":98.74},"geometry":{"type":"Polygon","coordinates":[[[-103.381943549655,25.5582144447409],[-103.381943549655,25.5582144447409]]]}},{"type":"Feature","properties":{"colonia":"SIN NOMBRE","pea":0,"pocupada":0},"geometry":{"type":"Polygon","coordinates":[[[-103.382099450729,25.5582153548548],[-103.382099450729,25.5582153548548]]]}},{"type":"Feature","properties":{"colonia":"VILLAS DE SANTA FE","pea":0,"pocupada":0},"geometry":{"type":"Polygon","coordinates":[[[-103.370949573264,25.5726595020345],[-103.370949573264,25.5726595020345]]]}},{"type":"Feature","properties":{"colonia":"LOS ALMENDROS II","pea":60.12,"pocupada":99.49},"geometry":{"type":"Polygon","coordinates":[[[-103.384103678042,25.5614267340566],[-103.384103678042,25.5614267340566]]]}},{"type":"Feature","properties":{"colonia":"LOS MONASTERIOS 2DA. ETAPA","pea":67.59,"pocupada":98.63},"geometry":{"type":"Polygon","coordinates":[[[-103.355193293636,25.496079342088],[-103.355193293636,25.496079342088]]]}},{"type":"Feature","properties":{"colonia":"RESIDENCIAL ALPES","pea":0,"pocupada":0},"geometry":{"type":"Polygon","coordinates":[[[-103.399000412639,25.5748605441788],[-103.399000412639,25.5748605441788]]]}},{"type":"Feature","properties":{"colonia":"LOMA REAL III","pea":75.87,"pocupada":98.62},"geometry":{"type":"Polygon","coordinates":[[[-103.342849290063,25.5473613840207],[-103.342849290063,25.5473613840207]]]}},{"type":"Feature","properties":{"colonia":"LOMA REAL III","pea":73.0999999999999,"pocupada":97.45},"geometry":{"type":"Polygon","coordinates":[[[-103.336941761353,25.5511523358117],[-103.336941761353,25.5511523358117]]]}},{"type":"Feature","properties":{"colonia":"VILLAS DE SAN ANGEL II","pea":69.89,"pocupada":97.43},"geometry":{"type":"Polygon","coordinates":[[[-103.342115458562,25.5404920897382],[-103.342115458562,25.5404920897382]]]}},{"type":"Feature","properties":{"colonia":"MONTE REAL","pea":66,"pocupada":97.7099999999999},"geometry":{"type":"Polygon","coordinates":[[[-103.358959861209,25.5096292672769],[-103.358959861209,25.5096292672769]]]}},{"type":"Feature","properties":{"colonia":"JARDINES DEL SOL II ETAPA","pea":75.19,"pocupada":98.99},"geometry":{"type":"Polygon","coordinates":[[[-103.371853184177,25.6015099061573],[-103.371853184177,25.6015099061573]]]}},{"type":"Feature","properties":{"colonia":"RESIDENCIAL LA VINICOLA","pea":55.56,"pocupada":100},"geometry":{"type":"Polygon","coordinates":[[[-103.408673411749,25.6131080983601],[-103.408673411749,25.6131080983601]]]}},{"type":"Feature","properties":{"colonia":"TOSCANA RESIDENCIAL","pea":0,"pocupada":0},"geometry":{"type":"Polygon","coordinates":[[[-103.38261379549,25.6232335733708],[-103.38261379549,25.6232335733708]]]}},{"type":"Feature","properties":{"colonia":"HACIENDA EL ROSARIO TERCERA ETAPA","pea":0,"pocupada":0},"geometry":{"type":"Polygon","coordinates":[[[-103.407888656137,25.6245488921177],[-103.407888656137,25.6245488921177]]]}},{"type":"Feature","properties":{"colonia":"SIN NOMBRE","pea":50,"pocupada":100},"geometry":{"type":"Polygon","coordinates":[[[-103.390548250401,25.5701221943838],[-103.390548250401,25.5701221943838]]]}},{"type":"Feature","properties":{"colonia":"SIN NOMBRE","pea":0,"pocupada":0},"geometry":{"type":"Polygon","coordinates":[[[-103.350344302947,25.5454380804031],[-103.350344302947,25.5454380804031]]]}},{"type":"Feature","properties":{"colonia":"VALLE DE LOS ALMENDROS","pea":65.78,"pocupada":100},"geometry":{"type":"Polygon","coordinates":[[[-103.384169831273,25.5617035615701],[-103.384169831273,25.5617035615701]]]}},{"type":"Feature","properties":{"colonia":"QUINTAS SAN ANTONIO","pea":63.81,"pocupada":98.93},"geometry":{"type":"Polygon","coordinates":[[[-103.385647488441,25.5614396303347],[-103.385647488441,25.5614396303347]]]}},{"type":"Feature","properties":{"colonia":"PUERTA DE HIERRO","pea":74.63,"pocupada":100},"geometry":{"type":"Polygon","coordinates":[[[-103.384148510146,25.5617224365413],[-103.384148510146,25.5617224365413]]]}},{"type":"Feature","properties":{"colonia":"RESIDENCIAL LAS VILLAS ETEPA XXIII","pea":50,"pocupada":100},"geometry":{"type":"Polygon","coordinates":[[[-103.407292208668,25.6152093499316],[-103.407292208668,25.6152093499316]]]}},{"type":"Feature","properties":{"colonia":"VILLAS UNIVERSIDAD ORIENTE ETAPA V-C","pea":69.59,"pocupada":99.34},"geometry":{"type":"Polygon","coordinates":[[[-103.317092337042,25.5446490431189],[-103.317092337042,25.5446490431189]]]}},{"type":"Feature","properties":{"colonia":"SIN NOMBRE","pea":0,"pocupada":0},"geometry":{"type":"Polygon","coordinates":[[[-103.351824086113,25.5446308453373],[-103.351824086113,25.5446308453373]]]}},{"type":"Feature","properties":{"colonia":"LA JOYA","pea":61.13,"pocupada":98.68},"geometry":{"type":"Polygon","coordinates":[[[-103.350349370627,25.5430550604427],[-103.350349370627,25.5430550604427]]]}},{"type":"Feature","properties":{"colonia":"PRIVADAS DE ALLENDE","pea":68.9,"pocupada":99.12},"geometry":{"type":"Polygon","coordinates":[[[-103.348527059077,25.5437187286365],[-103.348527059077,25.5437187286365]]]}},{"type":"Feature","properties":{"colonia":"QUINTAS DEL SOL","pea":76.8499999999999,"pocupada":100},"geometry":{"type":"Polygon","coordinates":[[[-103.331388488188,25.5442181698327],[-103.331388488188,25.5442181698327]]]}},{"type":"Feature","properties":{"colonia":"RESIDENCIAL LAS VILLAS ETEPA XX","pea":65.3499999999999,"pocupada":100},"geometry":{"type":"Polygon","coordinates":[[[-103.410595869104,25.6206158780204],[-103.410595869104,25.6206158780204]]]}},{"type":"Feature","properties":{"colonia":"LA JOYA","pea":68.77,"pocupada":99.56},"geometry":{"type":"Polygon","coordinates":[[[-103.350977149576,25.5396865561897],[-103.350977149576,25.5396865561897]]]}},{"type":"Feature","properties":{"colonia":"EJIDO LA JOYA","pea":53.52,"pocupada":98.3499999999999},"geometry":{"type":"Polygon","coordinates":[[[-103.336548925792,25.5406352636066],[-103.336548925792,25.5406352636066]]]}},{"type":"Feature","properties":{"colonia":"RESIDENCIAL LAS VILLAS ETAPA XVIII","pea":69.23,"pocupada":100},"geometry":{"type":"Polygon","coordinates":[[[-103.409892556097,25.6211190073363],[-103.409892556097,25.6211190073363]]]}},{"type":"Feature","properties":{"colonia":"RESIDENCIAL LAS VILLAS ETAPA XVI","pea":50,"pocupada":100},"geometry":{"type":"Polygon","coordinates":[[[-103.406161485664,25.619606202864],[-103.406161485664,25.619606202864]]]}},{"type":"Feature","properties":{"colonia":"RESIDENCIAL LAS VILLAS ETAPA XVII","pea":55.88,"pocupada":100},"geometry":{"type":"Polygon","coordinates":[[[-103.410595869104,25.6206158780204],[-103.410595869104,25.6206158780204]]]}},{"type":"Feature","properties":{"colonia":"AMPLIACION LOS AGAVES","pea":60.92,"pocupada":96.23},"geometry":{"type":"Polygon","coordinates":[[[-103.333677984951,25.5213757387993],[-103.333677984951,25.5213757387993]]]}},{"type":"Feature","properties":{"colonia":"CORTIJO DE LAS TROJES","pea":0,"pocupada":0},"geometry":{"type":"Polygon","coordinates":[[[-103.377983923719,25.596217618948],[-103.377983923719,25.596217618948]]]}},{"type":"Feature","properties":{"colonia":"QUINTAS LA JOYA","pea":0,"pocupada":0},"geometry":{"type":"Polygon","coordinates":[[[-103.343307687999,25.5453421569151],[-103.343307687999,25.5453421569151]]]}},{"type":"Feature","properties":{"colonia":"ALTARIA","pea":74.86,"pocupada":97.76},"geometry":{"type":"Polygon","coordinates":[[[-103.343066510511,25.545338761075],[-103.343066510511,25.545338761075]]]}},{"type":"Feature","properties":{"colonia":"LOS CIRUELOS","pea":74.92,"pocupada":99.58},"geometry":{"type":"Polygon","coordinates":[[[-103.339092769716,25.5438824124435],[-103.339092769716,25.5438824124435]]]}},{"type":"Feature","properties":{"colonia":"VIÈ÷ú?¬EDOS ETAPA I","pea":58.85,"pocupada":97.99},"geometry":{"type":"Polygon","coordinates":[[[-103.378331778789,25.5727481176316],[-103.378331778789,25.5727481176316]]]}},{"type":"Feature","properties":{"colonia":"RESIDENCIAL EL CARDENCHAL","pea":0,"pocupada":0},"geometry":{"type":"Polygon","coordinates":[[[-103.417132309009,25.6233333009911],[-103.417132309009,25.6233333009911]]]}},{"type":"Feature","properties":{"colonia":"RESIDENCIAL RANCHO LA BARRANCA","pea":0,"pocupada":0},"geometry":{"type":"Polygon","coordinates":[[[-103.369124797571,25.5983131067645],[-103.369124797571,25.5983131067645]]]}},{"type":"Feature","properties":{"colonia":"VILLA BRAMANTE","pea":0,"pocupada":0},"geometry":{"type":"Polygon","coordinates":[[[-103.372069704054,25.6565348455068],[-103.372069704054,25.6565348455068]]]}},{"type":"Feature","properties":{"colonia":"RESIDENCIAL  QUINTAS DEL PALMAR","pea":0,"pocupada":0},"geometry":{"type":"Polygon","coordinates":[[[-103.356650298772,25.5743404500518],[-103.356650298772,25.5743404500518]]]}},{"type":"Feature","properties":{"colonia":"PUERTO CIELO","pea":70.69,"pocupada":99.19},"geometry":{"type":"Polygon","coordinates":[[[-103.368101582222,25.5731273977113],[-103.368101582222,25.5731273977113]]]}},{"type":"Feature","properties":{"colonia":"LAS VEREDAS","pea":0,"pocupada":0},"geometry":{"type":"Polygon","coordinates":[[[-103.339851902743,25.4947132422224],[-103.339851902743,25.4947132422224]]]}},{"type":"Feature","properties":{"colonia":"LOMA REAL V B","pea":0,"pocupada":0},"geometry":{"type":"Polygon","coordinates":[[[-103.334273840665,25.557534034768],[-103.334273840665,25.557534034768]]]}},{"type":"Feature","properties":{"colonia":"EX HACIENDA LAS NOAS","pea":0,"pocupada":0},"geometry":{"type":"Polygon","coordinates":[[[-103.404877679162,25.6024203249381],[-103.404877679162,25.6024203249381]]]}},{"type":"Feature","properties":{"colonia":"QUINTAS SAN  FRANCISCO","pea":0,"pocupada":0},"geometry":{"type":"Polygon","coordinates":[[[-103.377137723727,25.5996152738259],[-103.377137723727,25.5996152738259]]]}},{"type":"Feature","properties":{"colonia":"CERRADA CONDOR","pea":58.33,"pocupada":98.2099999999999},"geometry":{"type":"Polygon","coordinates":[[[-103.382814704035,25.5667501800768],[-103.382814704035,25.5667501800768]]]}},{"type":"Feature","properties":{"colonia":"CERRADA HALCON","pea":0,"pocupada":0},"geometry":{"type":"Polygon","coordinates":[[[-103.38005700133,25.5761747837393],[-103.38005700133,25.5761747837393]]]}},{"type":"Feature","properties":{"colonia":"CERRADA GAVIOTA","pea":56.3,"pocupada":100},"geometry":{"type":"Polygon","coordinates":[[[-103.380393053696,25.5829009086501],[-103.380393053696,25.5829009086501]]]}},{"type":"Feature","properties":{"colonia":"CERRADA CANTERAS","pea":65.67,"pocupada":99.3499999999999},"geometry":{"type":"Polygon","coordinates":[[[-103.380115328659,25.577411430693],[-103.380115328659,25.577411430693]]]}},{"type":"Feature","properties":{"colonia":"CERRADA LOS TUCANES","pea":66.67,"pocupada":100},"geometry":{"type":"Polygon","coordinates":[[[-103.381400830384,25.5847046168246],[-103.381400830384,25.5847046168246]]]}},{"type":"Feature","properties":{"colonia":"CERRADA AVESTRUZ Y CODORNIZ","pea":70,"pocupada":100},"geometry":{"type":"Polygon","coordinates":[[[-103.380066938838,25.5844074646328],[-103.380066938838,25.5844074646328]]]}},{"type":"Feature","properties":{"colonia":"VIÈ÷ú?¬A SAN AGUSTIN","pea":0,"pocupada":0},"geometry":{"type":"Polygon","coordinates":[[[-103.384298354286,25.5821115287241],[-103.384298354286,25.5821115287241]]]}},{"type":"Feature","properties":{"colonia":"PARQUE PIT","pea":0,"pocupada":0},"geometry":{"type":"Polygon","coordinates":[[[-103.352790040728,25.4728916028652],[-103.352790040728,25.4728916028652]]]}},{"type":"Feature","properties":{"colonia":"LOS VIÈ÷ú?¬EDOS","pea":47.62,"pocupada":96.67},"geometry":{"type":"Polygon","coordinates":[[[-103.3843716913,25.5857911552377],[-103.3843716913,25.5857911552377]]]}},{"type":"Feature","properties":{"colonia":"VILLA FERRARA","pea":0,"pocupada":0},"geometry":{"type":"Polygon","coordinates":[[[-103.366591142068,25.6531139935161],[-103.366591142068,25.6531139935161]]]}},{"type":"Feature","properties":{"colonia":" ","pea":0,"pocupada":0},"geometry":{"type":"Polygon","coordinates":[[[-103.369443921999,25.6532831047315],[-103.369443921999,25.6532831047315]]]}},{"type":"Feature","properties":{"colonia":"VILLA TINTORETTO","pea":0,"pocupada":0},"geometry":{"type":"Polygon","coordinates":[[[-103.366756451849,25.6542212190341],[-103.366756451849,25.6542212190341]]]}},{"type":"Feature","properties":{"colonia":"VILLA SERLIO","pea":0,"pocupada":0},"geometry":{"type":"Polygon","coordinates":[[[-103.367054809132,25.661986859506],[-103.367054809132,25.661986859506]]]}},{"type":"Feature","properties":{"colonia":"VILLA MIGUEL ANGE LBOUNARROTTI","pea":0,"pocupada":0},"geometry":{"type":"Polygon","coordinates":[[[-103.370647970328,25.6579617269522],[-103.370647970328,25.6579617269522]]]}},{"type":"Feature","properties":{"colonia":"VILLA MADERNO","pea":0,"pocupada":0},"geometry":{"type":"Polygon","coordinates":[[[-103.374503149001,25.6572077434427],[-103.374503149001,25.6572077434427]]]}},{"type":"Feature","properties":{"colonia":"VILLA IÈ÷ú?¬IGO JONES","pea":0,"pocupada":0},"geometry":{"type":"Polygon","coordinates":[[[-103.372247873241,25.6574192819743],[-103.372247873241,25.6574192819743]]]}},{"type":"Feature","properties":{"colonia":"VILLA DAVINCI","pea":0,"pocupada":0},"geometry":{"type":"Polygon","coordinates":[[[-103.370158847952,25.6555613581702],[-103.370158847952,25.6555613581702]]]}},{"type":"Feature","properties":{"colonia":"VILLA BRUNELLESCHI","pea":0,"pocupada":0},"geometry":{"type":"Polygon","coordinates":[[[-103.363023315673,25.6569820226023],[-103.363023315673,25.6569820226023]]]}},{"type":"Feature","properties":{"colonia":"VILLA  ALBERTINI","pea":0,"pocupada":0},"geometry":{"type":"Polygon","coordinates":[[[-103.365579353504,25.6598696035994],[-103.365579353504,25.6598696035994]]]}},{"type":"Feature","properties":{"colonia":"VILLA PALADIO","pea":0,"pocupada":0},"geometry":{"type":"Polygon","coordinates":[[[-103.367802294141,25.6580196028224],[-103.367802294141,25.6580196028224]]]}},{"type":"Feature","properties":{"colonia":"SECTOR 13","pea":0,"pocupada":0},"geometry":{"type":"Polygon","coordinates":[[[-103.367687122463,25.6575143771868],[-103.367687122463,25.6575143771868]]]}},{"type":"Feature","properties":{"colonia":"SECTOR 17","pea":0,"pocupada":0},"geometry":{"type":"Polygon","coordinates":[[[-103.364373851872,25.6552907440727],[-103.364373851872,25.6552907440727]]]}},{"type":"Feature","properties":{"colonia":"RESIDENCIAL VILLA DE LAS PALMAS ETAPA I","pea":64.8199999999999,"pocupada":99.7},"geometry":{"type":"Polygon","coordinates":[[[-103.377506124708,25.5844975137493],[-103.377506124708,25.5844975137493]]]}},{"type":"Feature","properties":{"colonia":"RESIDENCIAL VILLA DE LAS PALMAS ETAPA 2","pea":68.58,"pocupada":99.31},"geometry":{"type":"Polygon","coordinates":[[[-103.369709684254,25.5796429400697],[-103.369709684254,25.5796429400697]]]}},{"type":"Feature","properties":{"colonia":"RESIDENCIAL VILLA DE LAS PALMAS ETAPA 3","pea":63.85,"pocupada":95.18},"geometry":{"type":"Polygon","coordinates":[[[-103.362319491851,25.5786991447498],[-103.362319491851,25.5786991447498]]]}},{"type":"Feature","properties":{"colonia":"RESIDENCIAL VILLA DE LAS PALMAS ETAPA 4","pea":70.27,"pocupada":98.08},"geometry":{"type":"Polygon","coordinates":[[[-103.367928984335,25.576598291578],[-103.367928984335,25.576598291578]]]}},{"type":"Feature","properties":{"colonia":"RESIDENCIAL LA RUA","pea":0,"pocupada":0},"geometry":{"type":"Polygon","coordinates":[[[-103.4222443451,25.6059185563963],[-103.4222443451,25.6059185563963]]]}},{"type":"Feature","properties":{"colonia":"RESIDENCIAL QUINTAS LA CIMA","pea":0,"pocupada":0},"geometry":{"type":"Polygon","coordinates":[[[-103.356687014494,25.5767565084062],[-103.356687014494,25.5767565084062]]]}},{"type":"Feature","properties":{"colonia":"RESIDENCIAL QUINTAS LA CIMA","pea":0,"pocupada":0},"geometry":{"type":"Polygon","coordinates":[[[-103.353521305564,25.5741584479541],[-103.353521305564,25.5741584479541]]]}},{"type":"Feature","properties":{"colonia":"FERROPUERTO LAGUNA","pea":0,"pocupada":0},"geometry":{"type":"Polygon","coordinates":[[[-103.355345144163,25.4816910679884],[-103.355345144163,25.4816910679884]]]}},{"type":"Feature","properties":{"colonia":"AMPLIACION VALLE VERDE","pea":57.07,"pocupada":100},"geometry":{"type":"Polygon","coordinates":[[[-103.367417694571,25.5518641114397],[-103.367417694571,25.5518641114397]]]}},{"type":"Feature","properties":{"colonia":"PARQUE PYMES","pea":0,"pocupada":0},"geometry":{"type":"Polygon","coordinates":[[[-103.360299146888,25.4700945314376],[-103.360299146888,25.4700945314376]]]}},{"type":"Feature","properties":{"colonia":"AREZZO","pea":0,"pocupada":0},"geometry":{"type":"Polygon","coordinates":[[[-103.358409503096,25.5027499698353],[-103.358409503096,25.5027499698353]]]}},{"type":"Feature","properties":{"colonia":"CERRADA iBERO","pea":57.89,"pocupada":100},"geometry":{"type":"Polygon","coordinates":[[[-103.401186776948,25.5982338800895],[-103.401186776948,25.5982338800895]]]}},{"type":"Feature","properties":{"colonia":"ANTIGUO TAJO LA PARTIDA","pea":0,"pocupada":0},"geometry":{"type":"Polygon","coordinates":[[[-103.339847844103,25.6012738458114],[-103.339847844103,25.6012738458114]]]}},{"type":"Feature","properties":{"colonia":"Linea J","pea":62.25,"pocupada":100},"geometry":{"type":"Polygon","coordinates":[[[-103.37034838457,25.4913089656363],[-103.37034838457,25.4913089656363]]]}},{"type":"Feature","properties":{"colonia":"BRITANIA II","pea":68.92,"pocupada":98.04},"geometry":{"type":"Polygon","coordinates":[[[-103.384048600862,25.52953683096],[-103.384048600862,25.52953683096]]]}},{"type":"Feature","properties":{"colonia":"RINCON DEL QUIJOTE","pea":0,"pocupada":0},"geometry":{"type":"Polygon","coordinates":[[[-103.38452497175,25.6167877932222],[-103.38452497175,25.6167877932222]]]}},{"type":"Feature","properties":{"colonia":"RINCON SANTA FE","pea":0,"pocupada":0},"geometry":{"type":"Polygon","coordinates":[[[-103.338397445386,25.5584444787298],[-103.338397445386,25.5584444787298]]]}},{"type":"Feature","properties":{"colonia":"TECNOLOGICO DE LA LAGUNA","pea":0,"pocupada":0},"geometry":{"type":"Polygon","coordinates":[[[-103.434632790471,25.5353436814658],[-103.434632790471,25.5353436814658]]]}},{"type":"Feature","properties":{"colonia":"CAMPO NUEVO ZARAGOZA 2A. ETAPA","pea":66.99,"pocupada":98.09},"geometry":{"type":"Polygon","coordinates":[[[-103.357337634424,25.5154427529807],[-103.357337634424,25.5154427529807]]]}},{"type":"Feature","properties":{"colonia":"CAMPO NUEVO ZARAGOZA 2A. ETAPA","pea":67.68,"pocupada":98.8499999999999},"geometry":{"type":"Polygon","coordinates":[[[-103.350572123705,25.5203211550973],[-103.350572123705,25.5203211550973]]]}},{"type":"Feature","properties":{"colonia":"CAMPO NUEVO ZARAGOZA 2A. ETAPA","pea":62.18,"pocupada":97.67},"geometry":{"type":"Polygon","coordinates":[[[-103.349071860278,25.5242374328113],[-103.349071860278,25.5242374328113]]]}},{"type":"Feature","properties":{"colonia":"CAMPIÈ÷ú?¬AS ROMANAS","pea":69.37,"pocupada":99.68},"geometry":{"type":"Polygon","coordinates":[[[-103.355934156936,25.5175062141405],[-103.355934156936,25.5175062141405]]]}},{"type":"Feature","properties":{"colonia":"SONTERRA","pea":70.94,"pocupada":99.12},"geometry":{"type":"Polygon","coordinates":[[[-103.341084107945,25.5379350059958],[-103.341084107945,25.5379350059958]]]}},{"type":"Feature","properties":{"colonia":"VILLA GRECO","pea":0,"pocupada":0},"geometry":{"type":"Polygon","coordinates":[[[-103.366047748305,25.6523947661056],[-103.366047748305,25.6523947661056]]]}},{"type":"Feature","properties":{"colonia":"LUIS DONALDO COLOSIO","pea":55.97,"pocupada":94.72},"geometry":{"type":"Polygon","coordinates":[[[-103.383444554123,25.4956008775785],[-103.383444554123,25.4956008775785]]]}},{"type":"Feature","properties":{"colonia":"LA CIMA RESIDENCIAL","pea":55.21,"pocupada":97.78},"geometry":{"type":"Polygon","coordinates":[[[-103.419000289931,25.6037672233787],[-103.419000289931,25.6037672233787]]]}},{"type":"Feature","properties":{"colonia":"LA MURALLA ETAPA I","pea":59.52,"pocupada":100},"geometry":{"type":"Polygon","coordinates":[[[-103.41548691389,25.6032137662024],[-103.41548691389,25.6032137662024]]]}}]}