{"type":"FeatureCollection","municipio":"Torreon","cve_ent":"5","cve_mun":"35","features":[{"type":"Feature","properties":{"CVEGEO":"0503500010136","pob_total":6220,"pob_2010":6794,"pob_fem":3148,"pob_mas":3072,"hog_total":1625,"hog_2010":1593,"viv_habitadas":1627,"viv_2010":1794,"viv_total":1796,"viv_deshabitadas":158,"viv_temporal":11,"vph_1dor":489,"vph_2mas_dor":1129,"escolaridad":8.94,"pea":3134,"solteros":1692,"casados":2488,"separados":810,"prom_hnv":2.41,"pob_0_14":1543,"pob_15_24":1033,"pob_25_59":2735,"pob_60mas":909,"area_km2":0.8021,"crec_pct_pob":-0.0845,"crec_abs_hog":32,"pct_pea":50.39,"pct_0_14":24.81,"pct_15_24":16.61,"pct_25_59":43.97,"pct_60mas":14.61,"crec_pct_hog":2.01,"nse_ab":75,"nse_cmas":126,"nse_c":208,"nse_cmenos":247,"nse_dmas":292,"nse_d":539,"nse_e":129,"nse_predominante":"D"},"geometry":{"type":"Polygon","coordinates":[[[-103.39128294029426,25.552772301278182],[-103.39123193030314,25.55040900222833],[-103.39084122021342,25.549128402557134],[-103.39109285100466,25.544609173263314],[-103.39260727002423,25.544602163149737],[-103.39594030939189,25.544641993166664],[-103.39603630959033,25.545029173284615],[-103.40438038723005,25.55181633198975],[-103.40122901837238,25.554978821771385],[-103.39685301927605,25.551254541625127],[-103.39671012959019,25.551558162248067],[-103.39541027908777,25.551619111906362],[-103.39513618923354,25.55138834200162],[-103.3952063291391,25.55130979199505],[-103.3940213300505,25.550535311762413],[-103.39410297008796,25.550424702257494],[-103.3938517897905,25.550208191872848],[-103.39128294029426,25.552772301278182]]]}},{"type":"Feature","properties":{"CVEGEO":"0503500013821","pob_total":224,"pob_2010":139,"pob_fem":119,"pob_mas":105,"hog_total":66,"hog_2010":36,"viv_habitadas":66,"viv_2010":67,"viv_total":100,"viv_deshabitadas":27,"viv_temporal":7,"vph_1dor":12,"vph_2mas_dor":54,"escolaridad":11.56,"pea":126,"solteros":64,"casados":96,"separados":19,"prom_hnv":1.68,"pob_0_14":54,"pob_15_24":36,"pob_25_59":121,"pob_60mas":13,"area_km2":0.0961,"crec_pct_pob":0.6115,"crec_abs_hog":30,"pct_pea":56.25,"pct_0_14":24.11,"pct_15_24":16.07,"pct_25_59":54.02,"pct_60mas":5.8,"crec_pct_hog":83.33,"nse_ab":6,"nse_cmas":19,"nse_c":17,"nse_cmenos":5,"nse_dmas":9,"nse_d":10,"nse_e":0,"nse_predominante":"C+"},"geometry":{"type":"Polygon","coordinates":[[[-103.32192945688433,25.538325282827863],[-103.32271828647534,25.538295052883605],[-103.32274712668946,25.536647993219372],[-103.32364455595871,25.53661648326737],[-103.32361028609554,25.53470899389073],[-103.32513185638548,25.534707074051816],[-103.3256782556045,25.538509442692455],[-103.32197423614338,25.5385768830023],[-103.32192945688433,25.538325282827863]]]}},{"type":"Feature","properties":{"CVEGEO":"0503500013963","pob_total":3928,"pob_2010":3771,"pob_fem":2012,"pob_mas":1916,"hog_total":971,"hog_2010":972,"viv_habitadas":971,"viv_2010":1188,"viv_total":1212,"viv_deshabitadas":222,"viv_temporal":19,"vph_1dor":308,"vph_2mas_dor":663,"escolaridad":8.51,"pea":1694,"solteros":934,"casados":1602,"separados":285,"prom_hnv":2.22,"pob_0_14":1360,"pob_15_24":813,"pob_25_59":1535,"pob_60mas":220,"area_km2":0.3077,"crec_pct_pob":0.0416,"crec_abs_hog":-1,"pct_pea":43.13,"pct_0_14":34.62,"pct_15_24":20.7,"pct_25_59":39.08,"pct_60mas":5.6,"crec_pct_hog":-0.1,"nse_ab":0,"nse_cmas":22,"nse_c":69,"nse_cmenos":128,"nse_dmas":178,"nse_d":429,"nse_e":141,"nse_predominante":"D"},"geometry":{"type":"Polygon","coordinates":[[[-103.38301491410897,25.491294882935566],[-103.3833988535472,25.491533913309652],[-103.38069745437653,25.49486028279205],[-103.37677005545194,25.49228534291274],[-103.37711140522792,25.491853063190035],[-103.37628747526361,25.491541173512562],[-103.37697651556972,25.490675663260145],[-103.37501642604964,25.49041448362828],[-103.37514134610352,25.489073373804388],[-103.38396724379832,25.490067523771984],[-103.38301491410897,25.491294882935566]]]}},{"type":"Feature","properties":{"CVEGEO":"0503500013234","pob_total":4060,"pob_2010":4336,"pob_fem":2036,"pob_mas":2024,"hog_total":1245,"hog_2010":1103,"viv_habitadas":1245,"viv_2010":1396,"viv_total":1423,"viv_deshabitadas":166,"viv_temporal":12,"vph_1dor":321,"vph_2mas_dor":924,"escolaridad":11.21,"pea":2156,"solteros":1275,"casados":1735,"separados":370,"prom_hnv":2.12,"pob_0_14":853,"pob_15_24":873,"pob_25_59":2037,"pob_60mas":297,"area_km2":0.3291,"crec_pct_pob":-0.0637,"crec_abs_hog":142,"pct_pea":53.1,"pct_0_14":21.01,"pct_15_24":21.5,"pct_25_59":50.17,"pct_60mas":7.32,"crec_pct_hog":12.87,"nse_ab":89,"nse_cmas":196,"nse_c":293,"nse_cmenos":229,"nse_dmas":202,"nse_d":201,"nse_e":28,"nse_predominante":"C"},"geometry":{"type":"Polygon","coordinates":[[[-103.38560836289538,25.502876291484732],[-103.38336211385105,25.505820750161067],[-103.38257907363051,25.505315920206527],[-103.38177602419367,25.50636890991622],[-103.38368764283699,25.5075860803433],[-103.38256533357193,25.50903437001928],[-103.38218613333815,25.508784709737963],[-103.38093996379338,25.51037116930536],[-103.3788771146093,25.509055339682885],[-103.37889154486056,25.508314369712135],[-103.37836204479154,25.50830085956857],[-103.3783768249057,25.507230689811706],[-103.38041148431216,25.504619210520687],[-103.38049199367285,25.5038499710084],[-103.38133699357437,25.503920011046688],[-103.38166324428731,25.503531550824466],[-103.38129314370921,25.503296260620477],[-103.38295828341855,25.50116977134336],[-103.38560836289538,25.502876291484732]]]}},{"type":"Feature","properties":{"CVEGEO":"0503500012804","pob_total":2247,"pob_2010":2801,"pob_fem":1137,"pob_mas":1110,"hog_total":667,"hog_2010":724,"viv_habitadas":667,"viv_2010":896,"viv_total":853,"viv_deshabitadas":166,"viv_temporal":20,"vph_1dor":171,"vph_2mas_dor":495,"escolaridad":9.21,"pea":1042,"solteros":636,"casados":901,"separados":269,"prom_hnv":2.32,"pob_0_14":555,"pob_15_24":381,"pob_25_59":954,"pob_60mas":357,"area_km2":0.2326,"crec_pct_pob":-0.1978,"crec_abs_hog":-57,"pct_pea":46.37,"pct_0_14":24.7,"pct_15_24":16.96,"pct_25_59":42.46,"pct_60mas":15.89,"crec_pct_hog":-7.87,"nse_ab":14,"nse_cmas":60,"nse_c":71,"nse_cmenos":90,"nse_dmas":99,"nse_d":256,"nse_e":73,"nse_predominante":"D"},"geometry":{"type":"Polygon","coordinates":[[[-103.47681751176619,25.53497279715265],[-103.47524380140044,25.530595088049264],[-103.4769077812579,25.530018367748394],[-103.48335334989422,25.529214178457316],[-103.48362246033015,25.529510378310196],[-103.48300331048812,25.529942708300187],[-103.48316068968214,25.530253847967852],[-103.48255049039878,25.53052342753814],[-103.48249911031664,25.530707977618157],[-103.48141851020151,25.531080547429642],[-103.48142471994167,25.531270137996483],[-103.48111822026706,25.531214107430333],[-103.4811036602279,25.531803337412285],[-103.48044634082284,25.53146611753044],[-103.47999865081441,25.531744947844786],[-103.47968075109145,25.532236607809892],[-103.4786844213513,25.53265587772034],[-103.47860983140552,25.532527147771187],[-103.47846211105602,25.532601367636396],[-103.47857109090242,25.53292305752262],[-103.47847229122341,25.533355376910517],[-103.47806049082003,25.533729206801294],[-103.47817418088293,25.534151936908618],[-103.47878362106084,25.533956597376676],[-103.47889928127091,25.534387676760314],[-103.47681751176619,25.53497279715265]]]}},{"type":"Feature","properties":{"CVEGEO":"0503500011007","pob_total":2582,"pob_2010":2933,"pob_fem":1334,"pob_mas":1248,"hog_total":826,"hog_2010":815,"viv_habitadas":827,"viv_2010":996,"viv_total":979,"viv_deshabitadas":127,"viv_temporal":25,"vph_1dor":190,"vph_2mas_dor":636,"escolaridad":12.26,"pea":1382,"solteros":881,"casados":1017,"separados":361,"prom_hnv":2.01,"pob_0_14":422,"pob_15_24":421,"pob_25_59":1235,"pob_60mas":504,"area_km2":0.5159,"crec_pct_pob":-0.1197,"crec_abs_hog":11,"pct_pea":53.52,"pct_0_14":16.34,"pct_15_24":16.31,"pct_25_59":47.83,"pct_60mas":19.52,"crec_pct_hog":1.35,"nse_ab":104,"nse_cmas":217,"nse_c":162,"nse_cmenos":124,"nse_dmas":94,"nse_d":98,"nse_e":25,"nse_predominante":"C+"},"geometry":{"type":"Polygon","coordinates":[[[-103.39599243981453,25.53699100516741],[-103.38412660265818,25.536871884531614],[-103.38410756209677,25.53603193482656],[-103.38456028220183,25.53604068435112],[-103.38457944216816,25.535114144784586],[-103.38406353281617,25.53511067474313],[-103.38401416302925,25.5321695753593],[-103.39388979987837,25.532263005606715],[-103.39384299045945,25.53516311520438],[-103.39233745104156,25.535165475354354],[-103.39234079075855,25.53565239467874],[-103.39359608072282,25.53566348478778],[-103.39358628060299,25.536121595243824],[-103.39539579028585,25.536139964946383],[-103.39537855956655,25.536513044652313],[-103.39599436993888,25.536510735224024],[-103.39599243981453,25.53699100516741]]]}},{"type":"Feature","properties":{"CVEGEO":"0503500012734","pob_total":2721,"pob_2010":3213,"pob_fem":1404,"pob_mas":1317,"hog_total":806,"hog_2010":757,"viv_habitadas":806,"viv_2010":912,"viv_total":937,"viv_deshabitadas":114,"viv_temporal":17,"vph_1dor":241,"vph_2mas_dor":560,"escolaridad":9.33,"pea":1392,"solteros":797,"casados":1157,"separados":342,"prom_hnv":2.21,"pob_0_14":527,"pob_15_24":422,"pob_25_59":1241,"pob_60mas":531,"area_km2":0.2374,"crec_pct_pob":-0.1531,"crec_abs_hog":49,"pct_pea":51.16,"pct_0_14":19.37,"pct_15_24":15.51,"pct_25_59":45.61,"pct_60mas":19.51,"crec_pct_hog":6.47,"nse_ab":17,"nse_cmas":58,"nse_c":126,"nse_cmenos":99,"nse_dmas":152,"nse_d":292,"nse_e":45,"nse_predominante":"D"},"geometry":{"type":"Polygon","coordinates":[[[-103.46050400477698,25.535797876162455],[-103.45519648648059,25.535768426185236],[-103.45536240663144,25.532829966707006],[-103.45638178556727,25.532739646434084],[-103.45631106608047,25.532302007233056],[-103.45984926526013,25.533732006780088],[-103.46126734439682,25.534002936908276],[-103.4612833751018,25.533711226417307],[-103.46740772385658,25.534484906497813],[-103.46736500337137,25.534732136601036],[-103.46559365351754,25.534641566871265],[-103.46050400477698,25.535797876162455]]]}},{"type":"Feature","properties":{"CVEGEO":"0503500010386","pob_total":2698,"pob_2010":3064,"pob_fem":1459,"pob_mas":1239,"hog_total":1013,"hog_2010":859,"viv_habitadas":1013,"viv_2010":1117,"viv_total":1132,"viv_deshabitadas":101,"viv_temporal":18,"vph_1dor":195,"vph_2mas_dor":817,"escolaridad":14.98,"pea":1404,"solteros":812,"casados":1239,"separados":418,"prom_hnv":1.81,"pob_0_14":282,"pob_15_24":266,"pob_25_59":1216,"pob_60mas":934,"area_km2":0.7056,"crec_pct_pob":-0.1195,"crec_abs_hog":154,"pct_pea":52.04,"pct_0_14":10.45,"pct_15_24":9.86,"pct_25_59":45.07,"pct_60mas":34.62,"crec_pct_hog":17.93,"nse_ab":362,"nse_cmas":319,"nse_c":146,"nse_cmenos":95,"nse_dmas":56,"nse_d":31,"nse_e":0,"nse_predominante":"A/B"},"geometry":{"type":"Polygon","coordinates":[[[-103.41885067533399,25.520603918661852],[-103.42976393178262,25.526719227057495],[-103.42780883290034,25.529600886476338],[-103.42754553272911,25.529668806635556],[-103.42757918310535,25.5299173366603],[-103.42649013289724,25.531531656542732],[-103.42540815293265,25.5309448865452],[-103.4252848932258,25.530606476783984],[-103.42403389390556,25.529911316856985],[-103.42367963321728,25.52999520631219],[-103.42161773375177,25.528802877289344],[-103.4216443942293,25.528532287232835],[-103.4214942437018,25.528395706621527],[-103.42105459372716,25.52851145736643],[-103.41850896481792,25.527059347468843],[-103.41855753541444,25.52247370778754],[-103.41840978450197,25.522248798085556],[-103.41841318549764,25.52109614830564],[-103.41885067533399,25.520603918661852]]]}},{"type":"Feature","properties":{"CVEGEO":"0503500010776","pob_total":1801,"pob_2010":1942,"pob_fem":907,"pob_mas":894,"hog_total":588,"hog_2010":489,"viv_habitadas":588,"viv_2010":547,"viv_total":635,"viv_deshabitadas":36,"viv_temporal":11,"vph_1dor":138,"vph_2mas_dor":449,"escolaridad":14.81,"pea":1086,"solteros":609,"casados":845,"separados":152,"prom_hnv":1.69,"pob_0_14":240,"pob_15_24":336,"pob_25_59":905,"pob_60mas":320,"area_km2":1.5575,"crec_pct_pob":-0.0726,"crec_abs_hog":99,"pct_pea":60.3,"pct_0_14":13.33,"pct_15_24":18.66,"pct_25_59":50.25,"pct_60mas":17.77,"crec_pct_hog":20.25,"nse_ab":280,"nse_cmas":164,"nse_c":71,"nse_cmenos":43,"nse_dmas":14,"nse_d":13,"nse_e":0,"nse_predominante":"A/B"},"geometry":{"type":"Polygon","coordinates":[[[-103.39610255855503,25.576132247272906],[-103.40027424781161,25.575994737011953],[-103.40023278755793,25.5750568471866],[-103.40323986715322,25.574866677722927],[-103.40500418657327,25.57381670737512],[-103.40590623614483,25.573846297976228],[-103.40770219581188,25.574380137498565],[-103.40929738563828,25.575116507727813],[-103.41008096536534,25.575181907630945],[-103.41447741439848,25.57451716771025],[-103.41549452402448,25.574011797581957],[-103.4159577643665,25.574052478002976],[-103.41629096407182,25.57433353753151],[-103.41755126410962,25.57398855777486],[-103.42026496355535,25.5737585580973],[-103.42023269306422,25.575041108076203],[-103.41994032275632,25.575591838161117],[-103.41690501349531,25.578250076852317],[-103.41641718336547,25.578846216860644],[-103.4156008343918,25.58397836601608],[-103.41225370464481,25.58564772522241],[-103.40951899531991,25.58613887540382],[-103.41012506521227,25.58512172572478],[-103.40977379490499,25.585010785442936],[-103.41091127490706,25.58318896587844],[-103.40880701526191,25.582128126165024],[-103.40768823562044,25.58198692584624],[-103.40710144606581,25.58175196627601],[-103.39610255855503,25.576132247272906]]]}},{"type":"Feature","properties":{"CVEGEO":"0503500013766","pob_total":1512,"pob_2010":1301,"pob_fem":738,"pob_mas":774,"hog_total":420,"hog_2010":343,"viv_habitadas":420,"viv_2010":616,"viv_total":541,"viv_deshabitadas":116,"viv_temporal":5,"vph_1dor":141,"vph_2mas_dor":278,"escolaridad":7.95,"pea":668,"solteros":332,"casados":659,"separados":104,"prom_hnv":2.3,"pob_0_14":530,"pob_15_24":261,"pob_25_59":634,"pob_60mas":87,"area_km2":0.2649,"crec_pct_pob":0.1622,"crec_abs_hog":77,"pct_pea":44.18,"pct_0_14":35.05,"pct_15_24":17.26,"pct_25_59":41.93,"pct_60mas":5.75,"crec_pct_hog":22.45,"nse_ab":null,"nse_cmas":8,"nse_c":27,"nse_cmenos":41,"nse_dmas":80,"nse_d":207,"nse_e":55,"nse_predominante":"D"},"geometry":{"type":"Polygon","coordinates":[[[-103.37141485630762,25.49202574320371],[-103.36878200609489,25.490384633371708],[-103.3664346579442,25.48872972369233],[-103.36801467710322,25.488374453409293],[-103.37514134610352,25.489073373804388],[-103.37501642604964,25.49041448362828],[-103.37697651556972,25.490675663260145],[-103.37628747526361,25.491541173512562],[-103.37499667567859,25.49105841290765],[-103.3739857954889,25.492380542918774],[-103.37357777569821,25.49215834279105],[-103.37333560616723,25.49251914275983],[-103.37470004574669,25.493328002712357],[-103.37445616552371,25.493645882621106],[-103.37141485630762,25.49202574320371]]]}},{"type":"Feature","properties":{"CVEGEO":"0503500012325","pob_total":0,"pob_2010":0,"pob_fem":0,"pob_mas":0,"hog_total":0,"hog_2010":0,"viv_habitadas":0,"viv_2010":0,"viv_total":0,"viv_deshabitadas":0,"viv_temporal":0,"vph_1dor":0,"vph_2mas_dor":0,"escolaridad":0.0,"pea":0,"solteros":0,"casados":0,"separados":0,"prom_hnv":0.0,"pob_0_14":0,"pob_15_24":0,"pob_25_59":0,"pob_60mas":0,"area_km2":2.0329,"crec_pct_pob":null,"crec_abs_hog":0,"pct_pea":0.0,"pct_0_14":0.0,"pct_15_24":0.0,"pct_25_59":0.0,"pct_60mas":0.0,"crec_pct_hog":0.0,"nse_ab":null,"nse_cmas":null,"nse_c":null,"nse_cmenos":null,"nse_dmas":null,"nse_d":null,"nse_e":null,"nse_predominante":null},"geometry":{"type":"Polygon","coordinates":[[[-103.38574905314825,25.490240202772824],[-103.39202479165007,25.48592820443711],[-103.3843859736295,25.478625095427965],[-103.38738551326753,25.47614012675007],[-103.38813524343645,25.47678894677366],[-103.38925942289453,25.477382985793845],[-103.39026833219172,25.478375205619074],[-103.39138719255227,25.48019172550672],[-103.39224350213388,25.480955555482957],[-103.3934711319139,25.48082011570357],[-103.39495940114627,25.48180025551485],[-103.39687004087031,25.482613745007548],[-103.40016612991911,25.48334688568377],[-103.40120547946647,25.48343558526819],[-103.40307309969985,25.483300944985107],[-103.40553173867424,25.482855885758838],[-103.40594529836034,25.483869055209862],[-103.40667883912175,25.484677284932243],[-103.40409387952107,25.48594532452097],[-103.40429953868316,25.486357155312145],[-103.40469976941519,25.4866826845294],[-103.4047571292073,25.486974923315678],[-103.4024931598928,25.488722284236058],[-103.40424459952798,25.490091144363657],[-103.40346864958195,25.490900433922768],[-103.40248301939398,25.490178414023347],[-103.40126321991445,25.490125374105453],[-103.4007107398459,25.490414414308155],[-103.39711782038907,25.493454832806407],[-103.39605717113307,25.493918653132994],[-103.3922246016335,25.494513373142826],[-103.38574905314825,25.490240202772824]]]}},{"type":"Feature","properties":{"CVEGEO":"0503500014020","pob_total":1923,"pob_2010":1858,"pob_fem":966,"pob_mas":957,"hog_total":557,"hog_2010":496,"viv_habitadas":557,"viv_2010":625,"viv_total":653,"viv_deshabitadas":87,"viv_temporal":9,"vph_1dor":94,"vph_2mas_dor":462,"escolaridad":12.01,"pea":1082,"solteros":616,"casados":814,"separados":156,"prom_hnv":1.69,"pob_0_14":427,"pob_15_24":448,"pob_25_59":956,"pob_60mas":92,"area_km2":0.2961,"crec_pct_pob":0.035,"crec_abs_hog":61,"pct_pea":56.27,"pct_0_14":22.2,"pct_15_24":23.3,"pct_25_59":49.71,"pct_60mas":4.78,"crec_pct_hog":12.3,"nse_ab":52,"nse_cmas":147,"nse_c":123,"nse_cmenos":96,"nse_dmas":71,"nse_d":57,"nse_e":8,"nse_predominante":"C+"},"geometry":{"type":"Polygon","coordinates":[[[-103.39365592929595,25.571954758392046],[-103.39238830929091,25.571120418455514],[-103.39208075999395,25.571461848302643],[-103.39107961988536,25.570662079430857],[-103.39115493044159,25.565658768816796],[-103.38968693027384,25.564535839152178],[-103.3898052504641,25.564381839618108],[-103.39001415932492,25.56453738937036],[-103.39105241943936,25.563489309631287],[-103.39113022060546,25.564354879217156],[-103.39207476957262,25.564320678897708],[-103.39203399988116,25.565482019439514],[-103.3929880399414,25.565715049107613],[-103.39356453964936,25.565089989003827],[-103.39634083865843,25.566190599382157],[-103.39365592929595,25.571954758392046]]]}},{"type":"Feature","properties":{"CVEGEO":"050350178436A","pob_total":77,"pob_2010":34,"pob_fem":44,"pob_mas":33,"hog_total":18,"hog_2010":8,"viv_habitadas":18,"viv_2010":11,"viv_total":33,"viv_deshabitadas":12,"viv_temporal":3,"vph_1dor":4,"vph_2mas_dor":14,"escolaridad":10.98,"pea":30,"solteros":15,"casados":36,"separados":0,"prom_hnv":1.63,"pob_0_14":29,"pob_15_24":13,"pob_25_59":31,"pob_60mas":4,"area_km2":0.1171,"crec_pct_pob":1.2647,"crec_abs_hog":10,"pct_pea":38.96,"pct_0_14":37.66,"pct_15_24":16.88,"pct_25_59":40.26,"pct_60mas":5.19,"crec_pct_hog":125.0,"nse_ab":null,"nse_cmas":0,"nse_c":6,"nse_cmenos":4,"nse_dmas":null,"nse_d":4,"nse_e":0,"nse_predominante":"C"},"geometry":{"type":"Polygon","coordinates":[[[-103.29520279138347,25.58830529261881],[-103.2970964706028,25.588882502087632],[-103.29655041131826,25.59107409226542],[-103.29703153091911,25.591179931985952],[-103.29626296088385,25.59445064181422],[-103.29430462097052,25.5940626710073],[-103.29545626111299,25.58929323199086],[-103.29516142154921,25.588587642362615],[-103.29520279138347,25.58830529261881]]]}},{"type":"Feature","properties":{"CVEGEO":"0503500011562","pob_total":621,"pob_2010":931,"pob_fem":315,"pob_mas":306,"hog_total":218,"hog_2010":246,"viv_habitadas":218,"viv_2010":367,"viv_total":362,"viv_deshabitadas":119,"viv_temporal":25,"vph_1dor":65,"vph_2mas_dor":153,"escolaridad":9.84,"pea":325,"solteros":211,"casados":247,"separados":76,"prom_hnv":1.88,"pob_0_14":93,"pob_15_24":76,"pob_25_59":263,"pob_60mas":189,"area_km2":0.2922,"crec_pct_pob":-0.333,"crec_abs_hog":-28,"pct_pea":52.33,"pct_0_14":14.98,"pct_15_24":12.24,"pct_25_59":42.35,"pct_60mas":30.43,"crec_pct_hog":-11.38,"nse_ab":8,"nse_cmas":21,"nse_c":38,"nse_cmenos":28,"nse_dmas":41,"nse_d":71,"nse_e":13,"nse_predominante":"D"},"geometry":{"type":"Polygon","coordinates":[[[-103.46387080379426,25.545008654388653],[-103.46182725432556,25.544970394968367],[-103.46183515463059,25.544343964918777],[-103.46132140421511,25.544259174602438],[-103.46155560453761,25.543258604744906],[-103.46050400477698,25.535797876162455],[-103.46293640456732,25.535264106756696],[-103.46470166373317,25.541648905640148],[-103.46364091411463,25.54171971557376],[-103.4641564342779,25.543612424873647],[-103.46387080379426,25.545008654388653]]]}},{"type":"Feature","properties":{"CVEGEO":"0503500011223","pob_total":4012,"pob_2010":3978,"pob_fem":2058,"pob_mas":1954,"hog_total":1159,"hog_2010":1051,"viv_habitadas":1160,"viv_2010":1247,"viv_total":1258,"viv_deshabitadas":66,"viv_temporal":32,"vph_1dor":194,"vph_2mas_dor":962,"escolaridad":10.63,"pea":1776,"solteros":1283,"casados":1572,"separados":465,"prom_hnv":2.14,"pob_0_14":860,"pob_15_24":775,"pob_25_59":1682,"pob_60mas":695,"area_km2":0.3808,"crec_pct_pob":0.0085,"crec_abs_hog":108,"pct_pea":44.27,"pct_0_14":21.44,"pct_15_24":19.32,"pct_25_59":41.92,"pct_60mas":17.32,"crec_pct_hog":10.28,"nse_ab":59,"nse_cmas":158,"nse_c":210,"nse_cmenos":270,"nse_dmas":172,"nse_d":246,"nse_e":36,"nse_predominante":"C-"},"geometry":{"type":"Polygon","coordinates":[[[-103.37924519300643,25.558173650340407],[-103.37843307324157,25.556854330256346],[-103.3787664433111,25.556703470290987],[-103.3763837340077,25.552752101039616],[-103.37533139447206,25.551108881505858],[-103.37497045373323,25.551232851175808],[-103.37408233473309,25.549772171359145],[-103.3770184236382,25.549645112213078],[-103.38028379254426,25.549749512108292],[-103.38041084313888,25.549515711792147],[-103.38148564277552,25.549604332396605],[-103.38140407155991,25.55173131189968],[-103.38096679192697,25.551759992497256],[-103.38078945284968,25.55205324153928],[-103.38076188168165,25.558060390549443],[-103.37924519300643,25.558173650340407]]]}},{"type":"Feature","properties":{"CVEGEO":"0503500010278","pob_total":1699,"pob_2010":2264,"pob_fem":920,"pob_mas":779,"hog_total":567,"hog_2010":696,"viv_habitadas":573,"viv_2010":970,"viv_total":804,"viv_deshabitadas":204,"viv_temporal":27,"vph_1dor":138,"vph_2mas_dor":416,"escolaridad":12.37,"pea":874,"solteros":593,"casados":580,"separados":299,"prom_hnv":1.7,"pob_0_14":251,"pob_15_24":193,"pob_25_59":769,"pob_60mas":486,"area_km2":0.5704,"crec_pct_pob":-0.2496,"crec_abs_hog":-129,"pct_pea":51.44,"pct_0_14":14.77,"pct_15_24":11.36,"pct_25_59":45.26,"pct_60mas":28.61,"crec_pct_hog":-18.53,"nse_ab":72,"nse_cmas":91,"nse_c":124,"nse_cmenos":75,"nse_dmas":75,"nse_d":99,"nse_e":20,"nse_predominante":"C"},"geometry":{"type":"Polygon","coordinates":[[[-103.43433086053787,25.53566208575456],[-103.43854685959205,25.535710675908064],[-103.43843084005107,25.54785867361832],[-103.43422919111075,25.547835083294533],[-103.43433086053787,25.53566208575456]]]}},{"type":"Feature","properties":{"CVEGEO":"0503500013145","pob_total":2152,"pob_2010":2382,"pob_fem":1124,"pob_mas":1028,"hog_total":635,"hog_2010":605,"viv_habitadas":635,"viv_2010":734,"viv_total":739,"viv_deshabitadas":86,"viv_temporal":18,"vph_1dor":117,"vph_2mas_dor":516,"escolaridad":12.97,"pea":1144,"solteros":712,"casados":888,"separados":221,"prom_hnv":1.68,"pob_0_14":404,"pob_15_24":462,"pob_25_59":1081,"pob_60mas":205,"area_km2":0.2389,"crec_pct_pob":-0.0966,"crec_abs_hog":30,"pct_pea":53.16,"pct_0_14":18.77,"pct_15_24":21.47,"pct_25_59":50.23,"pct_60mas":9.53,"crec_pct_hog":4.96,"nse_ab":114,"nse_cmas":152,"nse_c":149,"nse_cmenos":107,"nse_dmas":61,"nse_d":46,"nse_e":null,"nse_predominante":"C+"},"geometry":{"type":"Polygon","coordinates":[[[-103.3960891710511,25.502820151133786],[-103.39634142005839,25.502446981279423],[-103.4020827089801,25.505861410634672],[-103.39984378969059,25.507706940748008],[-103.39329567112739,25.503946311353495],[-103.3947533606741,25.50208094188584],[-103.3960891710511,25.502820151133786]]]}},{"type":"Feature","properties":{"CVEGEO":"0503500012645","pob_total":2626,"pob_2010":2837,"pob_fem":1368,"pob_mas":1258,"hog_total":812,"hog_2010":769,"viv_habitadas":813,"viv_2010":917,"viv_total":912,"viv_deshabitadas":81,"viv_temporal":18,"vph_1dor":158,"vph_2mas_dor":654,"escolaridad":12.31,"pea":1475,"solteros":865,"casados":1090,"separados":272,"prom_hnv":1.81,"pob_0_14":475,"pob_15_24":481,"pob_25_59":1359,"pob_60mas":311,"area_km2":0.2105,"crec_pct_pob":-0.0744,"crec_abs_hog":43,"pct_pea":56.17,"pct_0_14":18.09,"pct_15_24":18.32,"pct_25_59":51.75,"pct_60mas":11.84,"crec_pct_hog":5.59,"nse_ab":109,"nse_cmas":185,"nse_c":178,"nse_cmenos":128,"nse_dmas":93,"nse_d":100,"nse_e":20,"nse_predominante":"C+"},"geometry":{"type":"Polygon","coordinates":[[[-103.38860516096273,25.54457204286842],[-103.38124710276027,25.54448425370459],[-103.38131265315495,25.540744444007608],[-103.38407268187567,25.540793883599825],[-103.38860516096273,25.54457204286842]]]}},{"type":"Feature","properties":{"CVEGEO":"0503500012058","pob_total":976,"pob_2010":915,"pob_fem":491,"pob_mas":485,"hog_total":331,"hog_2010":217,"viv_habitadas":331,"viv_2010":307,"viv_total":363,"viv_deshabitadas":25,"viv_temporal":7,"vph_1dor":28,"vph_2mas_dor":303,"escolaridad":15.35,"pea":549,"solteros":295,"casados":520,"separados":75,"prom_hnv":1.82,"pob_0_14":112,"pob_15_24":110,"pob_25_59":446,"pob_60mas":308,"area_km2":0.3489,"crec_pct_pob":0.0667,"crec_abs_hog":114,"pct_pea":56.25,"pct_0_14":11.48,"pct_15_24":11.27,"pct_25_59":45.7,"pct_60mas":31.56,"crec_pct_hog":52.53,"nse_ab":181,"nse_cmas":92,"nse_c":33,"nse_cmenos":14,"nse_dmas":4,"nse_d":null,"nse_e":0,"nse_predominante":"A/B"},"geometry":{"type":"Polygon","coordinates":[[[-103.40594166722651,25.526704226680433],[-103.408496236693,25.52675099673314],[-103.40818138707037,25.5276179464751],[-103.40803164690034,25.52916010659366],[-103.40761656773383,25.530474396027248],[-103.40785126708523,25.530921536550714],[-103.40819686681269,25.531114246179477],[-103.40877233694687,25.53110327643404],[-103.40990338713551,25.530363115957606],[-103.41051973626452,25.52959985606252],[-103.41094686622249,25.528195796817478],[-103.41216826593296,25.52820036673213],[-103.41218024669726,25.526281917515885],[-103.41491387553243,25.526306656909302],[-103.41490286531149,25.52737730731704],[-103.41533023588545,25.52738577725343],[-103.41530652550034,25.529824366117047],[-103.41215127595466,25.529814626866568],[-103.41173326582518,25.53092922605086],[-103.41026412690766,25.53225213591195],[-103.40961667707295,25.532562596016657],[-103.4073494670728,25.532535846189173],[-103.4065120377646,25.532057195960533],[-103.40591453749641,25.531125806189007],[-103.40594166722651,25.526704226680433]]]}},{"type":"Feature","properties":{"CVEGEO":"0503500013944","pob_total":2459,"pob_2010":2088,"pob_fem":1238,"pob_mas":1221,"hog_total":626,"hog_2010":534,"viv_habitadas":626,"viv_2010":641,"viv_total":774,"viv_deshabitadas":115,"viv_temporal":33,"vph_1dor":197,"vph_2mas_dor":424,"escolaridad":8.35,"pea":1185,"solteros":556,"casados":1057,"separados":183,"prom_hnv":2.19,"pob_0_14":796,"pob_15_24":509,"pob_25_59":983,"pob_60mas":171,"area_km2":0.3139,"crec_pct_pob":0.1777,"crec_abs_hog":92,"pct_pea":48.19,"pct_0_14":32.37,"pct_15_24":20.7,"pct_25_59":39.98,"pct_60mas":6.95,"crec_pct_hog":17.23,"nse_ab":10,"nse_cmas":33,"nse_c":63,"nse_cmenos":88,"nse_dmas":111,"nse_d":250,"nse_e":64,"nse_predominante":"D"},"geometry":{"type":"Polygon","coordinates":[[[-103.37445616552371,25.493645882621106],[-103.37470004574669,25.493328002712357],[-103.37333560616723,25.49251914275983],[-103.37357777569821,25.49215834279105],[-103.3739857954889,25.492380542918774],[-103.37499667567859,25.49105841290765],[-103.37711140522792,25.491853063190035],[-103.37677005545194,25.49228534291274],[-103.38069745437653,25.49486028279205],[-103.37999097432211,25.495725572502394],[-103.37961117503988,25.49552314270534],[-103.37930891492846,25.495894322758375],[-103.37971348453345,25.496492052319322],[-103.37209257632031,25.497548882045084],[-103.37470182513502,25.49378891246686],[-103.37445616552371,25.493645882621106]]]}},{"type":"Feature","properties":{"CVEGEO":"050350001233A","pob_total":104,"pob_2010":686,"pob_fem":58,"pob_mas":46,"hog_total":36,"hog_2010":187,"viv_habitadas":36,"viv_2010":212,"viv_total":54,"viv_deshabitadas":18,"viv_temporal":0,"vph_1dor":16,"vph_2mas_dor":20,"escolaridad":8.54,"pea":49,"solteros":39,"casados":33,"separados":16,"prom_hnv":2.0,"pob_0_14":19,"pob_15_24":23,"pob_25_59":50,"pob_60mas":12,"area_km2":0.3375,"crec_pct_pob":-0.8484,"crec_abs_hog":-151,"pct_pea":47.12,"pct_0_14":18.27,"pct_15_24":22.12,"pct_25_59":48.08,"pct_60mas":11.54,"crec_pct_hog":-80.75,"nse_ab":0,"nse_cmas":null,"nse_c":3,"nse_cmenos":null,"nse_dmas":8,"nse_d":15,"nse_e":8,"nse_predominante":"D"},"geometry":{"type":"Polygon","coordinates":[[[-103.43956293014986,25.520533908608556],[-103.4425668392082,25.516450769567236],[-103.44181579002677,25.515984180202363],[-103.44349394919749,25.513734650479623],[-103.44274101016052,25.51326835046471],[-103.44243752926579,25.51367797012465],[-103.44174006955258,25.513275410053364],[-103.44120644044948,25.513846540483943],[-103.44066463028679,25.513747980027315],[-103.44035529037859,25.513496230188462],[-103.44009063016284,25.513110339904806],[-103.44005487051912,25.512219080901907],[-103.44037935992239,25.511581000479556],[-103.44089168997597,25.51110831057121],[-103.44109106049007,25.510443981221716],[-103.44139739051779,25.51025400028591],[-103.44887951833573,25.512442460647417],[-103.44841782817657,25.51331055011696],[-103.44795946799142,25.513630490144898],[-103.44542029881187,25.514628769810244],[-103.44396706978505,25.515719029678888],[-103.44387138953901,25.515633089561707],[-103.44297989938389,25.516955879783318],[-103.44274188952987,25.51609814024049],[-103.44155806936656,25.51965274872023],[-103.44145192959412,25.519593509126793],[-103.4403500396826,25.52108602917385],[-103.43956293014986,25.520533908608556]]]}},{"type":"Feature","properties":{"CVEGEO":"0503500012912","pob_total":0,"pob_2010":0,"pob_fem":0,"pob_mas":0,"hog_total":0,"hog_2010":0,"viv_habitadas":0,"viv_2010":1,"viv_total":0,"viv_deshabitadas":0,"viv_temporal":0,"vph_1dor":0,"vph_2mas_dor":0,"escolaridad":0.0,"pea":0,"solteros":0,"casados":0,"separados":0,"prom_hnv":0.0,"pob_0_14":0,"pob_15_24":0,"pob_25_59":0,"pob_60mas":0,"area_km2":0.9949,"crec_pct_pob":null,"crec_abs_hog":0,"pct_pea":0.0,"pct_0_14":0.0,"pct_15_24":0.0,"pct_25_59":0.0,"pct_60mas":0.0,"crec_pct_hog":0.0,"nse_ab":null,"nse_cmas":null,"nse_c":null,"nse_cmenos":null,"nse_dmas":null,"nse_d":null,"nse_e":null,"nse_predominante":null},"geometry":{"type":"Polygon","coordinates":[[[-103.3658664011711,25.530271610963368],[-103.36593642699954,25.521699476697385],[-103.37828902415369,25.521786477439903],[-103.37943590420609,25.52197207705046],[-103.37290880514921,25.530365375489527],[-103.3658664011711,25.530271610963368]]]}},{"type":"Feature","properties":{"CVEGEO":"0503500012768","pob_total":1138,"pob_2010":1562,"pob_fem":588,"pob_mas":550,"hog_total":321,"hog_2010":395,"viv_habitadas":321,"viv_2010":440,"viv_total":410,"viv_deshabitadas":62,"viv_temporal":27,"vph_1dor":63,"vph_2mas_dor":258,"escolaridad":10.07,"pea":557,"solteros":340,"casados":484,"separados":152,"prom_hnv":2.22,"pob_0_14":206,"pob_15_24":188,"pob_25_59":488,"pob_60mas":256,"area_km2":0.1157,"crec_pct_pob":-0.2714,"crec_abs_hog":-74,"pct_pea":48.95,"pct_0_14":18.1,"pct_15_24":16.52,"pct_25_59":42.88,"pct_60mas":22.5,"crec_pct_hog":-18.73,"nse_ab":22,"nse_cmas":34,"nse_c":51,"nse_cmenos":57,"nse_dmas":62,"nse_d":73,"nse_e":17,"nse_predominante":"D"},"geometry":{"type":"Polygon","coordinates":[[[-103.44440392846893,25.533249026935746],[-103.44442998859604,25.529358197584493],[-103.44870997773205,25.53234045719724],[-103.44870048775826,25.533275406297008],[-103.44440392846893,25.533249026935746]]]}},{"type":"Feature","properties":{"CVEGEO":"0503500013662","pob_total":7525,"pob_2010":8653,"pob_fem":3850,"pob_mas":3675,"hog_total":2438,"hog_2010":2226,"viv_habitadas":2438,"viv_2010":2829,"viv_total":2833,"viv_deshabitadas":374,"viv_temporal":21,"vph_1dor":611,"vph_2mas_dor":1827,"escolaridad":11.41,"pea":4065,"solteros":2142,"casados":3287,"separados":786,"prom_hnv":1.81,"pob_0_14":1617,"pob_15_24":1286,"pob_25_59":3919,"pob_60mas":703,"area_km2":0.5497,"crec_pct_pob":-0.1304,"crec_abs_hog":212,"pct_pea":54.02,"pct_0_14":21.49,"pct_15_24":17.09,"pct_25_59":52.08,"pct_60mas":9.34,"crec_pct_hog":9.52,"nse_ab":137,"nse_cmas":309,"nse_c":539,"nse_cmenos":512,"nse_dmas":391,"nse_d":493,"nse_e":44,"nse_predominante":"C"},"geometry":{"type":"Polygon","coordinates":[[[-103.37959851396852,25.5219714070675],[-103.37786234426953,25.5217844273896],[-103.37788691325031,25.516874688739456],[-103.37855410298492,25.51513757930734],[-103.37906596414038,25.514482489630918],[-103.3782799441106,25.513865569564235],[-103.37832905457807,25.511217489505988],[-103.38050688439996,25.51261556914252],[-103.38065944349367,25.512424429469835],[-103.38667128240702,25.51246524898299],[-103.38446867324446,25.51513062871906],[-103.38481771274071,25.515300228912984],[-103.38473764306246,25.515430538591307],[-103.37959851396852,25.5219714070675]]]}},{"type":"Feature","properties":{"CVEGEO":"0503500014251","pob_total":2995,"pob_2010":2272,"pob_fem":1533,"pob_mas":1462,"hog_total":866,"hog_2010":622,"viv_habitadas":866,"viv_2010":1175,"viv_total":1179,"viv_deshabitadas":285,"viv_temporal":28,"vph_1dor":164,"vph_2mas_dor":702,"escolaridad":9.9,"pea":1527,"solteros":739,"casados":1269,"separados":255,"prom_hnv":1.83,"pob_0_14":951,"pob_15_24":571,"pob_25_59":1331,"pob_60mas":142,"area_km2":0.3242,"crec_pct_pob":0.3182,"crec_abs_hog":244,"pct_pea":50.98,"pct_0_14":31.75,"pct_15_24":19.07,"pct_25_59":44.44,"pct_60mas":4.74,"crec_pct_hog":39.23,"nse_ab":14,"nse_cmas":56,"nse_c":124,"nse_cmenos":170,"nse_dmas":181,"nse_d":292,"nse_e":29,"nse_predominante":"D"},"geometry":{"type":"Polygon","coordinates":[[[-103.32913017424279,25.559916468560683],[-103.3292629440735,25.557163419214657],[-103.32656891528696,25.555494339420378],[-103.32627381485152,25.55218121982565],[-103.32674740509785,25.552174900347413],[-103.32668077471966,25.551439770484755],[-103.32888718420725,25.551410940228656],[-103.3288817246837,25.55119520018769],[-103.33029145409527,25.551205500370905],[-103.33043451449647,25.552177130461416],[-103.33005388430124,25.55217928000391],[-103.33002603007735,25.552343190352172],[-103.33018590414153,25.554649390401842],[-103.33080826397001,25.55463683885281],[-103.33195411396606,25.560519998430664],[-103.32955051401743,25.560211189127724],[-103.32913017424279,25.559916468560683]]]}},{"type":"Feature","properties":{"CVEGEO":"0503500012310","pob_total":4892,"pob_2010":4303,"pob_fem":2476,"pob_mas":2416,"hog_total":1408,"hog_2010":1104,"viv_habitadas":1408,"viv_2010":1476,"viv_total":1566,"viv_deshabitadas":153,"viv_temporal":5,"vph_1dor":273,"vph_2mas_dor":1135,"escolaridad":11.14,"pea":2551,"solteros":1426,"casados":2096,"separados":388,"prom_hnv":1.71,"pob_0_14":1249,"pob_15_24":1112,"pob_25_59":2284,"pob_60mas":247,"area_km2":0.4157,"crec_pct_pob":0.1369,"crec_abs_hog":304,"pct_pea":52.15,"pct_0_14":25.53,"pct_15_24":22.73,"pct_25_59":46.69,"pct_60mas":5.05,"crec_pct_hog":27.54,"nse_ab":74,"nse_cmas":215,"nse_c":340,"nse_cmenos":320,"nse_dmas":230,"nse_d":208,"nse_e":16,"nse_predominante":"C"},"geometry":{"type":"Polygon","coordinates":[[[-103.36540034643262,25.558060638913588],[-103.35272217904644,25.55797689997985],[-103.35278036882649,25.554363740799165],[-103.35478377763556,25.55395197151995],[-103.35553640767627,25.555702671402983],[-103.35754613789746,25.554699560893265],[-103.35842093756163,25.555816680030564],[-103.3616454275889,25.553959240291878],[-103.36186316729211,25.554248700287665],[-103.36215404682915,25.55428899088588],[-103.36304368670946,25.55543811062108],[-103.36355713625781,25.555061560743564],[-103.36435402652589,25.55608256061045],[-103.36402710624283,25.556217360303705],[-103.36540034643262,25.558060638913588]]]}},{"type":"Feature","properties":{"CVEGEO":"0503500012005","pob_total":1624,"pob_2010":1172,"pob_fem":815,"pob_mas":809,"hog_total":444,"hog_2010":287,"viv_habitadas":445,"viv_2010":346,"viv_total":537,"viv_deshabitadas":82,"viv_temporal":10,"vph_1dor":98,"vph_2mas_dor":345,"escolaridad":9.68,"pea":740,"solteros":477,"casados":644,"separados":179,"prom_hnv":1.99,"pob_0_14":408,"pob_15_24":338,"pob_25_59":696,"pob_60mas":182,"area_km2":1.057,"crec_pct_pob":0.3857,"crec_abs_hog":157,"pct_pea":45.57,"pct_0_14":25.12,"pct_15_24":20.81,"pct_25_59":42.86,"pct_60mas":11.21,"crec_pct_hog":54.7,"nse_ab":9,"nse_cmas":39,"nse_c":77,"nse_cmenos":87,"nse_dmas":92,"nse_d":120,"nse_e":20,"nse_predominante":"D"},"geometry":{"type":"Polygon","coordinates":[[[-103.37690814287602,25.569120908068466],[-103.37684657195767,25.567944479345513],[-103.37314460446458,25.56956524771124],[-103.37262184454649,25.568004708621835],[-103.37421357418361,25.56766535858314],[-103.37373694388098,25.566922018050033],[-103.37725676292703,25.565235818164815],[-103.37790973323078,25.566094069030147],[-103.37934954304681,25.565354508450085],[-103.37872344257316,25.564417849076186],[-103.37855544256848,25.56451223943745],[-103.37827073339571,25.56412169893921],[-103.3780480835313,25.563554449178994],[-103.38041625268896,25.56245695900778],[-103.38095717217529,25.56322072913699],[-103.38125333250535,25.56303555922524],[-103.37890262335502,25.559242369975802],[-103.37800991281412,25.558693620242416],[-103.3763047938856,25.558619589718525],[-103.3761227435297,25.55813950028704],[-103.36546530606533,25.558078160171668],[-103.36402710624283,25.556217360303705],[-103.37604576417816,25.55221817090944],[-103.3787664433111,25.556703470290987],[-103.37843307324157,25.556854330256346],[-103.38315676200688,25.564574219374265],[-103.38158956193665,25.5656738991002],[-103.38157345233552,25.56628929857159],[-103.38117662211522,25.56647981909158],[-103.38065899248646,25.567119338547982],[-103.38051737222716,25.567059908141648],[-103.37945724292992,25.568814188441753],[-103.37924280284409,25.569924367761477],[-103.37849514236203,25.569922927912256],[-103.37850476236784,25.56976249782059],[-103.37823084288297,25.569763768115426],[-103.37805927306033,25.569010788422574],[-103.37690814287602,25.569120908068466]]]}},{"type":"Feature","properties":{"CVEGEO":"0503500011755","pob_total":2399,"pob_2010":2670,"pob_fem":1236,"pob_mas":1163,"hog_total":686,"hog_2010":697,"viv_habitadas":686,"viv_2010":831,"viv_total":824,"viv_deshabitadas":131,"viv_temporal":7,"vph_1dor":167,"vph_2mas_dor":512,"escolaridad":9.19,"pea":1132,"solteros":621,"casados":954,"separados":339,"prom_hnv":2.3,"pob_0_14":580,"pob_15_24":387,"pob_25_59":1011,"pob_60mas":421,"area_km2":0.2909,"crec_pct_pob":-0.1015,"crec_abs_hog":-11,"pct_pea":47.19,"pct_0_14":24.18,"pct_15_24":16.13,"pct_25_59":42.14,"pct_60mas":17.55,"crec_pct_hog":-1.58,"nse_ab":24,"nse_cmas":53,"nse_c":118,"nse_cmenos":111,"nse_dmas":113,"nse_d":217,"nse_e":45,"nse_predominante":"D"},"geometry":{"type":"Polygon","coordinates":[[[-103.43241639178815,25.52248556796221],[-103.43552136094252,25.518008339076996],[-103.43838836036016,25.51975294918029],[-103.43867547053205,25.520119459267992],[-103.43655301044826,25.526404967696863],[-103.43579983073137,25.52601825799006],[-103.43597829069742,25.52551988786269],[-103.43526623124288,25.525127027928704],[-103.43578823071559,25.52434282849992],[-103.43241639178815,25.52248556796221]]]}},{"type":"Feature","properties":{"CVEGEO":"0503500014603","pob_total":0,"pob_2010":0,"pob_fem":0,"pob_mas":0,"hog_total":0,"hog_2010":0,"viv_habitadas":0,"viv_2010":0,"viv_total":0,"viv_deshabitadas":0,"viv_temporal":0,"vph_1dor":0,"vph_2mas_dor":0,"escolaridad":0.0,"pea":0,"solteros":0,"casados":0,"separados":0,"prom_hnv":0.0,"pob_0_14":0,"pob_15_24":0,"pob_25_59":0,"pob_60mas":0,"area_km2":0.1536,"crec_pct_pob":null,"crec_abs_hog":0,"pct_pea":0.0,"pct_0_14":0.0,"pct_15_24":0.0,"pct_25_59":0.0,"pct_60mas":0.0,"crec_pct_hog":0.0,"nse_ab":null,"nse_cmas":null,"nse_c":null,"nse_cmenos":null,"nse_dmas":null,"nse_d":null,"nse_e":null,"nse_predominante":null},"geometry":{"type":"Polygon","coordinates":[[[-103.3628405041061,25.601308761895556],[-103.36146565549807,25.59907590151017],[-103.36257551523798,25.59890793229793],[-103.3625471361742,25.598725782268367],[-103.36719522428105,25.598566531490665],[-103.36727290498068,25.601028262480657],[-103.36471380503714,25.60117506257877],[-103.36413627546719,25.60223724036473],[-103.3628405041061,25.601308761895556]]]}},{"type":"Feature","properties":{"CVEGEO":"0503500011558","pob_total":1533,"pob_2010":2065,"pob_fem":804,"pob_mas":729,"hog_total":507,"hog_2010":536,"viv_habitadas":509,"viv_2010":763,"viv_total":701,"viv_deshabitadas":153,"viv_temporal":39,"vph_1dor":164,"vph_2mas_dor":336,"escolaridad":10.34,"pea":764,"solteros":485,"casados":580,"separados":225,"prom_hnv":1.79,"pob_0_14":287,"pob_15_24":201,"pob_25_59":688,"pob_60mas":357,"area_km2":0.3492,"crec_pct_pob":-0.2576,"crec_abs_hog":-29,"pct_pea":49.84,"pct_0_14":18.72,"pct_15_24":13.11,"pct_25_59":44.88,"pct_60mas":23.29,"crec_pct_hog":-5.41,"nse_ab":32,"nse_cmas":65,"nse_c":58,"nse_cmenos":79,"nse_dmas":69,"nse_d":156,"nse_e":32,"nse_predominante":"D"},"geometry":{"type":"Polygon","coordinates":[[[-103.46387080379426,25.545008654388653],[-103.4641564342779,25.543612424873647],[-103.46364091411463,25.54171971557376],[-103.46470166373317,25.541648905640148],[-103.46293640456732,25.535264106756696],[-103.46497192436102,25.534788906710943],[-103.4668326034482,25.541511075600344],[-103.46788365276512,25.541436705783045],[-103.46878235266232,25.544730225006667],[-103.47006709288632,25.546247854367152],[-103.4694661724561,25.54647724447682],[-103.4681260928309,25.545363974406985],[-103.46733437323111,25.54519273448845],[-103.46501618421979,25.544868945063584],[-103.46500929384848,25.5450322546309],[-103.46387080379426,25.545008654388653]]]}},{"type":"Feature","properties":{"CVEGEO":"0503500011613","pob_total":1938,"pob_2010":2544,"pob_fem":985,"pob_mas":953,"hog_total":522,"hog_2010":610,"viv_habitadas":523,"viv_2010":775,"viv_total":720,"viv_deshabitadas":188,"viv_temporal":9,"vph_1dor":161,"vph_2mas_dor":361,"escolaridad":7.98,"pea":972,"solteros":507,"casados":745,"separados":231,"prom_hnv":2.42,"pob_0_14":562,"pob_15_24":323,"pob_25_59":779,"pob_60mas":274,"area_km2":0.1916,"crec_pct_pob":-0.2382,"crec_abs_hog":-88,"pct_pea":50.15,"pct_0_14":29.0,"pct_15_24":16.67,"pct_25_59":40.2,"pct_60mas":14.14,"crec_pct_hog":-14.43,"nse_ab":null,"nse_cmas":18,"nse_c":57,"nse_cmenos":77,"nse_dmas":83,"nse_d":223,"nse_e":58,"nse_predominante":"D"},"geometry":{"type":"Polygon","coordinates":[[[-103.47065578289732,25.538777455964635],[-103.46998211293729,25.536540206184686],[-103.470305892331,25.53611708652318],[-103.47018834265124,25.53602865625185],[-103.47062658271004,25.53568216673153],[-103.47117835291277,25.53560071652466],[-103.47118874275638,25.535093176342915],[-103.47422102162476,25.53542884676201],[-103.47556882192025,25.535810206444253],[-103.47519682197758,25.536528536856043],[-103.4764519712073,25.537076366057043],[-103.47606545171992,25.537495405974987],[-103.47573306197448,25.537489056224487],[-103.47529838134402,25.538055256178897],[-103.47159552228439,25.53893236600237],[-103.47157202242383,25.53926725551855],[-103.47065578289732,25.538777455964635]]]}},{"type":"Feature","properties":{"CVEGEO":"0503500014459","pob_total":2736,"pob_2010":778,"pob_fem":1390,"pob_mas":1346,"hog_total":792,"hog_2010":235,"viv_habitadas":792,"viv_2010":767,"viv_total":994,"viv_deshabitadas":166,"viv_temporal":36,"vph_1dor":172,"vph_2mas_dor":620,"escolaridad":9.58,"pea":1269,"solteros":495,"casados":1198,"separados":197,"prom_hnv":1.96,"pob_0_14":998,"pob_15_24":451,"pob_25_59":1205,"pob_60mas":82,"area_km2":0.3152,"crec_pct_pob":2.5167,"crec_abs_hog":557,"pct_pea":46.38,"pct_0_14":36.48,"pct_15_24":16.48,"pct_25_59":44.04,"pct_60mas":3.0,"crec_pct_hog":237.02,"nse_ab":8,"nse_cmas":34,"nse_c":110,"nse_cmenos":143,"nse_dmas":180,"nse_d":303,"nse_e":10,"nse_predominante":"D"},"geometry":{"type":"Polygon","coordinates":[[[-103.36154753627254,25.587533793329698],[-103.36138342524696,25.586070525306386],[-103.36161622487946,25.586241635073225],[-103.36191579624304,25.58611432544139],[-103.3620044747802,25.585105554719842],[-103.3651488853157,25.583593725439318],[-103.36529330554204,25.58393972518733],[-103.36691107468396,25.58317732545356],[-103.36706559486507,25.58346438534897],[-103.367547904869,25.583024364744134],[-103.36793370488564,25.583671385078368],[-103.36902428473442,25.583201275499306],[-103.3695166741617,25.584587234822855],[-103.36949130463623,25.585840354509397],[-103.36916351344809,25.58609713580708],[-103.36914596342392,25.587686735547198],[-103.36154753627254,25.587533793329698]]]}},{"type":"Feature","properties":{"CVEGEO":"0503500013516","pob_total":1195,"pob_2010":893,"pob_fem":567,"pob_mas":628,"hog_total":326,"hog_2010":127,"viv_habitadas":326,"viv_2010":398,"viv_total":415,"viv_deshabitadas":82,"viv_temporal":7,"vph_1dor":159,"vph_2mas_dor":158,"escolaridad":7.79,"pea":557,"solteros":223,"casados":514,"separados":111,"prom_hnv":2.38,"pob_0_14":415,"pob_15_24":197,"pob_25_59":513,"pob_60mas":70,"area_km2":0.9863,"crec_pct_pob":0.3382,"crec_abs_hog":199,"pct_pea":46.61,"pct_0_14":34.73,"pct_15_24":16.49,"pct_25_59":42.93,"pct_60mas":5.86,"crec_pct_hog":156.69,"nse_ab":null,"nse_cmas":5,"nse_c":14,"nse_cmenos":17,"nse_dmas":56,"nse_d":167,"nse_e":64,"nse_predominante":"D"},"geometry":{"type":"Polygon","coordinates":[[[-103.36595125753226,25.508700259462447],[-103.36618699652814,25.4976133526011],[-103.37120965586259,25.49764785307234],[-103.37971348453345,25.496492052319322],[-103.37141828586947,25.506762309707877],[-103.3685322061382,25.50492991095473],[-103.3684106757348,25.509254859294536],[-103.36698067616013,25.508561080530313],[-103.36595125753226,25.508700259462447]]]}},{"type":"Feature","properties":{"CVEGEO":"0503500014637","pob_total":1420,"pob_2010":0,"pob_fem":701,"pob_mas":719,"hog_total":405,"hog_2010":0,"viv_habitadas":405,"viv_2010":0,"viv_total":471,"viv_deshabitadas":60,"viv_temporal":6,"vph_1dor":88,"vph_2mas_dor":317,"escolaridad":10.83,"pea":717,"solteros":239,"casados":624,"separados":102,"prom_hnv":1.85,"pob_0_14":528,"pob_15_24":201,"pob_25_59":661,"pob_60mas":30,"area_km2":0.104,"crec_pct_pob":null,"crec_abs_hog":405,"pct_pea":50.49,"pct_0_14":37.18,"pct_15_24":14.15,"pct_25_59":46.55,"pct_60mas":2.11,"crec_pct_hog":0.0,"nse_ab":11,"nse_cmas":42,"nse_c":91,"nse_cmenos":103,"nse_dmas":70,"nse_d":71,"nse_e":11,"nse_predominante":"C-"},"geometry":{"type":"Polygon","coordinates":[[[-103.33408283384809,25.551844450421704],[-103.33698454141535,25.551076280881713],[-103.33764017442078,25.552970048102164],[-103.33770263517881,25.554124087319266],[-103.33443301287902,25.554538619056117],[-103.33408283384809,25.551844450421704]]]}},{"type":"Feature","properties":{"CVEGEO":"0503500014482","pob_total":521,"pob_2010":8,"pob_fem":265,"pob_mas":256,"hog_total":153,"hog_2010":0,"viv_habitadas":153,"viv_2010":44,"viv_total":202,"viv_deshabitadas":25,"viv_temporal":24,"vph_1dor":34,"vph_2mas_dor":119,"escolaridad":10.18,"pea":260,"solteros":99,"casados":235,"separados":36,"prom_hnv":1.78,"pob_0_14":172,"pob_15_24":81,"pob_25_59":252,"pob_60mas":16,"area_km2":0.0394,"crec_pct_pob":64.125,"crec_abs_hog":153,"pct_pea":49.9,"pct_0_14":33.01,"pct_15_24":15.55,"pct_25_59":48.37,"pct_60mas":3.07,"crec_pct_hog":0.0,"nse_ab":3,"nse_cmas":12,"nse_c":27,"nse_cmenos":37,"nse_dmas":33,"nse_d":41,"nse_e":0,"nse_predominante":"D"},"geometry":{"type":"Polygon","coordinates":[[[-103.34858523024533,25.54880353054621],[-103.34858314020684,25.548600741618532],[-103.34839175015689,25.548600641562253],[-103.34840065052578,25.547502501890495],[-103.3469404606509,25.54751373140874],[-103.34694900406738,25.54675400556621],[-103.34959437976057,25.54674600152544],[-103.34959188042944,25.548804940164175],[-103.34858523024533,25.54880353054621]]]}},{"type":"Feature","properties":{"CVEGEO":"050350001169A","pob_total":1265,"pob_2010":1414,"pob_fem":667,"pob_mas":598,"hog_total":433,"hog_2010":378,"viv_habitadas":433,"viv_2010":460,"viv_total":483,"viv_deshabitadas":37,"viv_temporal":13,"vph_1dor":41,"vph_2mas_dor":391,"escolaridad":14.71,"pea":676,"solteros":409,"casados":649,"separados":106,"prom_hnv":1.78,"pob_0_14":128,"pob_15_24":174,"pob_25_59":575,"pob_60mas":388,"area_km2":0.2757,"crec_pct_pob":-0.1054,"crec_abs_hog":55,"pct_pea":53.44,"pct_0_14":10.12,"pct_15_24":13.75,"pct_25_59":45.45,"pct_60mas":30.67,"crec_pct_hog":14.55,"nse_ab":203,"nse_cmas":130,"nse_c":56,"nse_cmenos":27,"nse_dmas":7,"nse_d":9,"nse_e":0,"nse_predominante":"A/B"},"geometry":{"type":"Polygon","coordinates":[[[-103.407273277322,25.51519728945668],[-103.40737095788846,25.51643582893584],[-103.40782936732376,25.51719179868894],[-103.40710913726541,25.51753608848733],[-103.40601423808702,25.51760354827679],[-103.40599787803833,25.520142568025594],[-103.40408907867278,25.52009093830977],[-103.40270209905218,25.520302648364588],[-103.40085715883203,25.519876148036737],[-103.4018161893106,25.518200348650637],[-103.40201939905437,25.516948138998092],[-103.40287692914984,25.515237198979193],[-103.40297279868825,25.514433029609034],[-103.40538455860903,25.515223799413032],[-103.407273277322,25.51519728945668]]]}},{"type":"Feature","properties":{"CVEGEO":"050350001144A","pob_total":1879,"pob_2010":2288,"pob_fem":997,"pob_mas":882,"hog_total":695,"hog_2010":691,"viv_habitadas":695,"viv_2010":809,"viv_total":812,"viv_deshabitadas":115,"viv_temporal":0,"vph_1dor":233,"vph_2mas_dor":462,"escolaridad":11.57,"pea":915,"solteros":626,"casados":716,"separados":354,"prom_hnv":1.98,"pob_0_14":248,"pob_15_24":244,"pob_25_59":851,"pob_60mas":536,"area_km2":0.2689,"crec_pct_pob":-0.1788,"crec_abs_hog":4,"pct_pea":48.7,"pct_0_14":13.2,"pct_15_24":12.99,"pct_25_59":45.29,"pct_60mas":28.53,"crec_pct_hog":0.58,"nse_ab":70,"nse_cmas":115,"nse_c":121,"nse_cmenos":126,"nse_dmas":93,"nse_d":141,"nse_e":27,"nse_predominante":"D"},"geometry":{"type":"Polygon","coordinates":[[[-103.42051093422596,25.54012971489736],[-103.42049796373625,25.543016054004227],[-103.41657604523292,25.542982624181732],[-103.41605632474763,25.542559273840986],[-103.41549850480372,25.54317493409245],[-103.41258272581035,25.54077154444468],[-103.41313095541203,25.540175224645438],[-103.41184721604127,25.53913837475589],[-103.41736041459268,25.53916502516862],[-103.4173457542787,25.54010940429557],[-103.42051093422596,25.54012971489736]]]}},{"type":"Feature","properties":{"CVEGEO":"0503500010367","pob_total":1553,"pob_2010":1877,"pob_fem":821,"pob_mas":732,"hog_total":441,"hog_2010":486,"viv_habitadas":441,"viv_2010":546,"viv_total":549,"viv_deshabitadas":92,"viv_temporal":16,"vph_1dor":94,"vph_2mas_dor":347,"escolaridad":10.52,"pea":752,"solteros":514,"casados":590,"separados":229,"prom_hnv":2.14,"pob_0_14":284,"pob_15_24":241,"pob_25_59":688,"pob_60mas":340,"area_km2":1.367,"crec_pct_pob":-0.1726,"crec_abs_hog":-45,"pct_pea":48.42,"pct_0_14":18.29,"pct_15_24":15.52,"pct_25_59":44.3,"pct_60mas":21.89,"crec_pct_hog":-9.26,"nse_ab":37,"nse_cmas":54,"nse_c":82,"nse_cmenos":87,"nse_dmas":74,"nse_d":83,"nse_e":20,"nse_predominante":"C-"},"geometry":{"type":"Polygon","coordinates":[[[-103.44437483852069,25.535729286238137],[-103.43433086053787,25.53566208575456],[-103.43434792138868,25.5330014559286],[-103.43861009054174,25.520519259117844],[-103.43910549046149,25.520303548592327],[-103.44625197830298,25.524866568307758],[-103.44601903873067,25.52497964846229],[-103.44535169832216,25.526135648108653],[-103.4443124586625,25.52928794744335],[-103.44442998859604,25.529358197584493],[-103.44437483852069,25.535729286238137]]]}},{"type":"Feature","properties":{"CVEGEO":"0503500014158","pob_total":4265,"pob_2010":2772,"pob_fem":2147,"pob_mas":2118,"hog_total":1194,"hog_2010":790,"viv_habitadas":1194,"viv_2010":1328,"viv_total":1376,"viv_deshabitadas":144,"viv_temporal":38,"vph_1dor":163,"vph_2mas_dor":1031,"escolaridad":9.96,"pea":2069,"solteros":1038,"casados":1775,"separados":293,"prom_hnv":1.94,"pob_0_14":1431,"pob_15_24":726,"pob_25_59":1953,"pob_60mas":155,"area_km2":0.2661,"crec_pct_pob":0.5386,"crec_abs_hog":404,"pct_pea":48.51,"pct_0_14":33.55,"pct_15_24":17.02,"pct_25_59":45.79,"pct_60mas":3.63,"crec_pct_hog":51.14,"nse_ab":17,"nse_cmas":93,"nse_c":204,"nse_cmenos":232,"nse_dmas":232,"nse_d":373,"nse_e":37,"nse_predominante":"D"},"geometry":{"type":"Polygon","coordinates":[[[-103.34944757103699,25.514385538013276],[-103.34957072143712,25.51396393832223],[-103.34939077077465,25.513547168124965],[-103.34729011118404,25.509549778646264],[-103.35095500086935,25.507909029453423],[-103.35417658010998,25.51353424818368],[-103.3506192894538,25.51389436790308],[-103.3506239504811,25.514416398349667],[-103.34944757103699,25.514385538013276]]]}},{"type":"Feature","properties":{"CVEGEO":"0503500011971","pob_total":2724,"pob_2010":2778,"pob_fem":1360,"pob_mas":1364,"hog_total":688,"hog_2010":639,"viv_habitadas":688,"viv_2010":724,"viv_total":772,"viv_deshabitadas":80,"viv_temporal":4,"vph_1dor":194,"vph_2mas_dor":494,"escolaridad":8.62,"pea":1291,"solteros":661,"casados":1134,"separados":279,"prom_hnv":2.31,"pob_0_14":797,"pob_15_24":482,"pob_25_59":1173,"pob_60mas":272,"area_km2":0.3022,"crec_pct_pob":-0.0194,"crec_abs_hog":49,"pct_pea":47.39,"pct_0_14":29.26,"pct_15_24":17.69,"pct_25_59":43.06,"pct_60mas":9.99,"crec_pct_hog":7.67,"nse_ab":21,"nse_cmas":45,"nse_c":104,"nse_cmenos":114,"nse_dmas":110,"nse_d":228,"nse_e":57,"nse_predominante":"D"},"geometry":{"type":"Polygon","coordinates":[[[-103.40327341927704,25.502378261902752],[-103.39774830015652,25.498719972472752],[-103.39834856058619,25.498375751909737],[-103.3994976795825,25.497958982079698],[-103.40105830943055,25.497595322413673],[-103.40195329978704,25.497697782128494],[-103.40302209953656,25.497902802742004],[-103.40496367856237,25.4988101827126],[-103.40743399833246,25.500426651860078],[-103.40692227821741,25.500845482342353],[-103.4052174486592,25.50302111157646],[-103.40508273833538,25.503001811496922],[-103.40379606883533,25.50267038126483],[-103.40327341927704,25.502378261902752]]]}},{"type":"Feature","properties":{"CVEGEO":"0503500012062","pob_total":1264,"pob_2010":1454,"pob_fem":651,"pob_mas":613,"hog_total":437,"hog_2010":407,"viv_habitadas":437,"viv_2010":479,"viv_total":506,"viv_deshabitadas":54,"viv_temporal":15,"vph_1dor":101,"vph_2mas_dor":336,"escolaridad":13.73,"pea":641,"solteros":408,"casados":528,"separados":185,"prom_hnv":1.88,"pob_0_14":181,"pob_15_24":176,"pob_25_59":586,"pob_60mas":321,"area_km2":0.1969,"crec_pct_pob":-0.1307,"crec_abs_hog":30,"pct_pea":50.71,"pct_0_14":14.32,"pct_15_24":13.92,"pct_25_59":46.36,"pct_60mas":25.4,"crec_pct_hog":7.37,"nse_ab":93,"nse_cmas":128,"nse_c":86,"nse_cmenos":55,"nse_dmas":39,"nse_d":32,"nse_e":null,"nse_predominante":"C+"},"geometry":{"type":"Polygon","coordinates":[[[-103.41973866430631,25.518803168343265],[-103.41626783590469,25.51688593942911],[-103.41818247528346,25.5141005197327],[-103.41859826555961,25.514332689900066],[-103.41933664546512,25.51340564973154],[-103.42244975388603,25.515464169468988],[-103.41973866430631,25.518803168343265]]]}},{"type":"Feature","properties":{"CVEGEO":"0503500012293","pob_total":3252,"pob_2010":2610,"pob_fem":1681,"pob_mas":1571,"hog_total":981,"hog_2010":649,"viv_habitadas":982,"viv_2010":831,"viv_total":1165,"viv_deshabitadas":124,"viv_temporal":59,"vph_1dor":200,"vph_2mas_dor":781,"escolaridad":13.99,"pea":1646,"solteros":1004,"casados":1499,"separados":204,"prom_hnv":1.61,"pob_0_14":703,"pob_15_24":569,"pob_25_59":1667,"pob_60mas":313,"area_km2":0.9706,"crec_pct_pob":0.246,"crec_abs_hog":332,"pct_pea":50.62,"pct_0_14":21.62,"pct_15_24":17.5,"pct_25_59":51.26,"pct_60mas":9.62,"crec_pct_hog":51.16,"nse_ab":427,"nse_cmas":252,"nse_c":114,"nse_cmenos":57,"nse_dmas":66,"nse_d":49,"nse_e":16,"nse_predominante":"A/B"},"geometry":{"type":"Polygon","coordinates":[[[-103.41121195363101,25.59801023276574],[-103.40307550634394,25.597301992978817],[-103.40552759610594,25.592658704202318],[-103.40724399524962,25.589833354367773],[-103.40790029522064,25.590248364489103],[-103.41431764422245,25.588866964663207],[-103.41600566398031,25.59883403279354],[-103.41465275389278,25.599190613280438],[-103.4124807934591,25.59942506385624],[-103.41241955310119,25.598872443301076],[-103.41203101324926,25.598213503246765],[-103.41121195363101,25.59801023276574]]]}},{"type":"Feature","properties":{"CVEGEO":"0503500012880","pob_total":1459,"pob_2010":2010,"pob_fem":770,"pob_mas":689,"hog_total":474,"hog_2010":501,"viv_habitadas":474,"viv_2010":582,"viv_total":605,"viv_deshabitadas":122,"viv_temporal":9,"vph_1dor":148,"vph_2mas_dor":326,"escolaridad":8.46,"pea":823,"solteros":344,"casados":693,"separados":130,"prom_hnv":2.16,"pob_0_14":369,"pob_15_24":255,"pob_25_59":620,"pob_60mas":215,"area_km2":0.258,"crec_pct_pob":-0.2741,"crec_abs_hog":-27,"pct_pea":56.41,"pct_0_14":25.29,"pct_15_24":17.48,"pct_25_59":42.49,"pct_60mas":14.74,"crec_pct_hog":-5.39,"nse_ab":10,"nse_cmas":35,"nse_c":61,"nse_cmenos":116,"nse_dmas":83,"nse_d":116,"nse_e":47,"nse_predominante":"D"},"geometry":{"type":"Polygon","coordinates":[[[-103.47075331317234,25.5247028586955],[-103.46857680356855,25.523162458672143],[-103.46814226391498,25.523871248422203],[-103.46780883332788,25.52369999898717],[-103.4679739139567,25.523155430117946],[-103.4678841125278,25.522713539440236],[-103.46801168374303,25.52245330880492],[-103.46860875369693,25.5226755189294],[-103.46894725391039,25.52243905933858],[-103.46904825331087,25.522204309505785],[-103.4688522625611,25.521734430186743],[-103.46938686206589,25.521773649563734],[-103.46953646358209,25.521503680458892],[-103.46926923206976,25.520915060738744],[-103.46983334200249,25.520531509795234],[-103.47048805265861,25.51968178028837],[-103.47085834238763,25.519538680571454],[-103.47107308164308,25.518832149945986],[-103.47099925313898,25.518430150250197],[-103.4712557231183,25.51831124989263],[-103.47088968313135,25.51760445999838],[-103.47097445362759,25.516794970924785],[-103.4714732320929,25.515997970345037],[-103.47233964401937,25.515153152209162],[-103.47514723229665,25.517917349798307],[-103.47577017216065,25.51745395053089],[-103.47592358185393,25.51764185019405],[-103.47528649240074,25.517991200239354],[-103.47508622226623,25.518328809616552],[-103.47366569234471,25.51859310959782],[-103.47321811280032,25.51963584974644],[-103.47282337218113,25.51940416944573],[-103.47252965221269,25.519934459715298],[-103.47229691291702,25.520001599978233],[-103.47176412313239,25.520918629814467],[-103.47167871296647,25.521555289380395],[-103.47228423276306,25.521759539206247],[-103.47241294229921,25.522000049012398],[-103.47171783331123,25.522037109010608],[-103.47138032334416,25.522300579102815],[-103.47164382254049,25.522623488999372],[-103.4713878930817,25.52263414937337],[-103.4712392628756,25.52282108885548],[-103.47075860319443,25.523957118784296],[-103.47049578299779,25.52417862860454],[-103.47103895310032,25.524371028843127],[-103.47075331317234,25.5247028586955]]]}},{"type":"Feature","properties":{"CVEGEO":"0503500013484","pob_total":302,"pob_2010":366,"pob_fem":143,"pob_mas":159,"hog_total":72,"hog_2010":79,"viv_habitadas":72,"viv_2010":89,"viv_total":94,"viv_deshabitadas":16,"viv_temporal":6,"vph_1dor":22,"vph_2mas_dor":50,"escolaridad":7.92,"pea":140,"solteros":96,"casados":121,"separados":11,"prom_hnv":2.18,"pob_0_14":90,"pob_15_24":68,"pob_25_59":127,"pob_60mas":17,"area_km2":0.2049,"crec_pct_pob":-0.1749,"crec_abs_hog":-7,"pct_pea":46.36,"pct_0_14":29.8,"pct_15_24":22.52,"pct_25_59":42.05,"pct_60mas":5.63,"crec_pct_hog":-8.86,"nse_ab":0,"nse_cmas":4,"nse_c":null,"nse_cmenos":6,"nse_dmas":7,"nse_d":36,"nse_e":16,"nse_predominante":"D"},"geometry":{"type":"Polygon","coordinates":[[[-103.45504408788582,25.520796878979446],[-103.45491426661535,25.520420319143792],[-103.45511157665122,25.520432809201097],[-103.45512726695725,25.5199637495628],[-103.45585209611811,25.51960199973685],[-103.45610551636197,25.519616629610052],[-103.45668277666343,25.520023509572713],[-103.45729805604988,25.52005622956647],[-103.45731277572165,25.519908459768956],[-103.4574807159782,25.519926719465264],[-103.45747605583767,25.520077979711346],[-103.45775772604168,25.520145939264534],[-103.4577404062793,25.52030019914527],[-103.45881726562158,25.520090089699764],[-103.45900675580954,25.520310169518815],[-103.46058195561515,25.519420969238258],[-103.46160500533846,25.519587629132634],[-103.4624624953991,25.51939488916995],[-103.46292466452994,25.519565830465865],[-103.46156365542072,25.520661609281508],[-103.46139708386193,25.520947149122936],[-103.46140897446321,25.521827548913667],[-103.46125431528179,25.52200601036852],[-103.45958400593267,25.523212449467405],[-103.45887597472984,25.52334297005279],[-103.45778023555812,25.523500008919637],[-103.45504408788582,25.520796878979446]]]}},{"type":"Feature","properties":{"CVEGEO":"050350001087A","pob_total":0,"pob_2010":0,"pob_fem":0,"pob_mas":0,"hog_total":0,"hog_2010":0,"viv_habitadas":0,"viv_2010":0,"viv_total":0,"viv_deshabitadas":0,"viv_temporal":0,"vph_1dor":0,"vph_2mas_dor":0,"escolaridad":0.0,"pea":0,"solteros":0,"casados":0,"separados":0,"prom_hnv":0.0,"pob_0_14":0,"pob_15_24":0,"pob_25_59":0,"pob_60mas":0,"area_km2":0.547,"crec_pct_pob":null,"crec_abs_hog":0,"pct_pea":0.0,"pct_0_14":0.0,"pct_15_24":0.0,"pct_25_59":0.0,"pct_60mas":0.0,"crec_pct_hog":0.0,"nse_ab":null,"nse_cmas":null,"nse_c":null,"nse_cmenos":null,"nse_dmas":null,"nse_d":null,"nse_e":null,"nse_predominante":null},"geometry":{"type":"Polygon","coordinates":[[[-103.36583094625028,25.534931024154236],[-103.36170784714295,25.534943404760735],[-103.36170236803295,25.53470331483352],[-103.36164099830329,25.523393406579835],[-103.36200434760033,25.523234286715653],[-103.36595857736376,25.523167176865105],[-103.36583094625028,25.534931024154236]]]}},{"type":"Feature","properties":{"CVEGEO":"0503500013357","pob_total":0,"pob_2010":0,"pob_fem":0,"pob_mas":0,"hog_total":0,"hog_2010":0,"viv_habitadas":0,"viv_2010":0,"viv_total":0,"viv_deshabitadas":0,"viv_temporal":0,"vph_1dor":0,"vph_2mas_dor":0,"escolaridad":0.0,"pea":0,"solteros":0,"casados":0,"separados":0,"prom_hnv":0.0,"pob_0_14":0,"pob_15_24":0,"pob_25_59":0,"pob_60mas":0,"area_km2":0.1374,"crec_pct_pob":null,"crec_abs_hog":0,"pct_pea":0.0,"pct_0_14":0.0,"pct_15_24":0.0,"pct_25_59":0.0,"pct_60mas":0.0,"crec_pct_hog":0.0,"nse_ab":null,"nse_cmas":null,"nse_c":null,"nse_cmenos":null,"nse_dmas":null,"nse_d":null,"nse_e":null,"nse_predominante":null},"geometry":{"type":"Polygon","coordinates":[[[-103.36835557520733,25.551346571609223],[-103.36703280595772,25.549258801747566],[-103.37116430432772,25.546486142036628],[-103.37251716504744,25.548621672383845],[-103.36835557520733,25.551346571609223]]]}},{"type":"Feature","properties":{"CVEGEO":"0503500011416","pob_total":1629,"pob_2010":2232,"pob_fem":858,"pob_mas":771,"hog_total":645,"hog_2010":661,"viv_habitadas":645,"viv_2010":793,"viv_total":804,"viv_deshabitadas":153,"viv_temporal":6,"vph_1dor":261,"vph_2mas_dor":381,"escolaridad":11.73,"pea":868,"solteros":575,"casados":581,"separados":288,"prom_hnv":2.1,"pob_0_14":227,"pob_15_24":233,"pob_25_59":768,"pob_60mas":401,"area_km2":0.2985,"crec_pct_pob":-0.2702,"crec_abs_hog":-16,"pct_pea":53.28,"pct_0_14":13.93,"pct_15_24":14.3,"pct_25_59":47.15,"pct_60mas":24.62,"crec_pct_hog":-2.42,"nse_ab":50,"nse_cmas":113,"nse_c":125,"nse_cmenos":132,"nse_dmas":94,"nse_d":112,"nse_e":14,"nse_predominante":"C-"},"geometry":{"type":"Polygon","coordinates":[[[-103.42366150342477,25.543025004156238],[-103.42362613290021,25.54778079293071],[-103.4224184933824,25.54773902335693],[-103.42273630300362,25.548022762763104],[-103.422118673086,25.548607653085696],[-103.41549850480372,25.54317493409245],[-103.41605632474763,25.542559273840986],[-103.41657604523292,25.542982624181732],[-103.42366150342477,25.543025004156238]]]}},{"type":"Feature","properties":{"CVEGEO":"0503500014266","pob_total":1787,"pob_2010":1413,"pob_fem":941,"pob_mas":846,"hog_total":513,"hog_2010":378,"viv_habitadas":513,"viv_2010":635,"viv_total":689,"viv_deshabitadas":129,"viv_temporal":47,"vph_1dor":72,"vph_2mas_dor":441,"escolaridad":9.83,"pea":861,"solteros":438,"casados":768,"separados":129,"prom_hnv":1.87,"pob_0_14":569,"pob_15_24":341,"pob_25_59":800,"pob_60mas":77,"area_km2":0.169,"crec_pct_pob":0.2647,"crec_abs_hog":135,"pct_pea":48.18,"pct_0_14":31.84,"pct_15_24":19.08,"pct_25_59":44.77,"pct_60mas":4.31,"crec_pct_hog":35.71,"nse_ab":3,"nse_cmas":30,"nse_c":78,"nse_cmenos":100,"nse_dmas":124,"nse_d":163,"nse_e":15,"nse_predominante":"D"},"geometry":{"type":"Polygon","coordinates":[[[-103.33043451449647,25.552177130461416],[-103.32959423419396,25.54807894101673],[-103.32992797347394,25.548075901572084],[-103.33001892377685,25.5477568816687],[-103.33055143333338,25.547606602416632],[-103.33085666379661,25.546720021249826],[-103.33129405302915,25.546292932667647],[-103.33170415389536,25.546191851431306],[-103.33254854407173,25.548785481596973],[-103.33408283384809,25.551844450421704],[-103.33043451449647,25.552177130461416]]]}},{"type":"Feature","properties":{"CVEGEO":"0503500011346","pob_total":551,"pob_2010":733,"pob_fem":291,"pob_mas":260,"hog_total":201,"hog_2010":198,"viv_habitadas":201,"viv_2010":260,"viv_total":248,"viv_deshabitadas":40,"viv_temporal":7,"vph_1dor":42,"vph_2mas_dor":155,"escolaridad":14.7,"pea":278,"solteros":195,"casados":211,"separados":103,"prom_hnv":1.96,"pob_0_14":44,"pob_15_24":71,"pob_25_59":245,"pob_60mas":191,"area_km2":0.4098,"crec_pct_pob":-0.2483,"crec_abs_hog":3,"pct_pea":50.45,"pct_0_14":7.99,"pct_15_24":12.89,"pct_25_59":44.46,"pct_60mas":34.66,"crec_pct_hog":1.52,"nse_ab":68,"nse_cmas":54,"nse_c":39,"nse_cmenos":19,"nse_dmas":11,"nse_d":3,"nse_e":null,"nse_predominante":"A/B"},"geometry":{"type":"Polygon","coordinates":[[[-103.4451390277896,25.550697203157167],[-103.44915597703925,25.54682077384995],[-103.45060060725328,25.54831439343589],[-103.44845285755308,25.550774873225038],[-103.44857686742478,25.551832873009317],[-103.44853768681587,25.556934901575016],[-103.4416845191162,25.553640362891166],[-103.4451390277896,25.550697203157167]]]}},{"type":"Feature","properties":{"CVEGEO":"050350001265A","pob_total":3557,"pob_2010":4254,"pob_fem":1842,"pob_mas":1715,"hog_total":1061,"hog_2010":1045,"viv_habitadas":1061,"viv_2010":1227,"viv_total":1219,"viv_deshabitadas":139,"viv_temporal":19,"vph_1dor":233,"vph_2mas_dor":828,"escolaridad":11.09,"pea":1805,"solteros":1015,"casados":1494,"separados":458,"prom_hnv":2.13,"pob_0_14":726,"pob_15_24":587,"pob_25_59":1651,"pob_60mas":593,"area_km2":0.3987,"crec_pct_pob":-0.1638,"crec_abs_hog":16,"pct_pea":50.75,"pct_0_14":20.41,"pct_15_24":16.5,"pct_25_59":46.42,"pct_60mas":16.67,"crec_pct_hog":1.53,"nse_ab":87,"nse_cmas":202,"nse_c":210,"nse_cmenos":172,"nse_dmas":120,"nse_d":230,"nse_e":35,"nse_predominante":"D"},"geometry":{"type":"Polygon","coordinates":[[[-103.39535296922116,25.544631273073215],[-103.39702572957933,25.542933083929995],[-103.396015019303,25.54197925404436],[-103.39596336957445,25.540951573758527],[-103.40579473777358,25.5409697637148],[-103.40579664727652,25.544809363738416],[-103.39535296922116,25.544631273073215]]]}},{"type":"Feature","properties":{"CVEGEO":"0503500010174","pob_total":2594,"pob_2010":2957,"pob_fem":1359,"pob_mas":1235,"hog_total":875,"hog_2010":909,"viv_habitadas":876,"viv_2010":1174,"viv_total":1117,"viv_deshabitadas":222,"viv_temporal":19,"vph_1dor":250,"vph_2mas_dor":622,"escolaridad":10.88,"pea":1323,"solteros":853,"casados":935,"separados":445,"prom_hnv":2.02,"pob_0_14":435,"pob_15_24":362,"pob_25_59":1161,"pob_60mas":636,"area_km2":0.5895,"crec_pct_pob":-0.1228,"crec_abs_hog":-34,"pct_pea":51.0,"pct_0_14":16.77,"pct_15_24":13.96,"pct_25_59":44.76,"pct_60mas":24.52,"crec_pct_hog":-3.74,"nse_ab":67,"nse_cmas":126,"nse_c":153,"nse_cmenos":151,"nse_dmas":136,"nse_d":190,"nse_e":49,"nse_predominante":"D"},"geometry":{"type":"Polygon","coordinates":[[[-103.43841648928013,25.550724003043925],[-103.43421524043343,25.550691763100232],[-103.43419095076796,25.55260311293953],[-103.42832210234238,25.5525883922139],[-103.42808639217606,25.55242793214983],[-103.42748835177059,25.553046272273946],[-103.42474583302844,25.55079590282],[-103.42536384246444,25.55016527294018],[-103.42570650305495,25.550455912751644],[-103.425720582985,25.547795913192775],[-103.43843084005107,25.54785867361832],[-103.43841648928013,25.550724003043925]]]}},{"type":"Feature","properties":{"CVEGEO":"0503501782518","pob_total":93,"pob_2010":124,"pob_fem":42,"pob_mas":51,"hog_total":22,"hog_2010":30,"viv_habitadas":22,"viv_2010":32,"viv_total":27,"viv_deshabitadas":4,"viv_temporal":0,"vph_1dor":8,"vph_2mas_dor":14,"escolaridad":8.53,"pea":45,"solteros":28,"casados":40,"separados":8,"prom_hnv":2.17,"pob_0_14":23,"pob_15_24":18,"pob_25_59":46,"pob_60mas":6,"area_km2":0.2522,"crec_pct_pob":-0.25,"crec_abs_hog":-8,"pct_pea":48.39,"pct_0_14":24.73,"pct_15_24":19.35,"pct_25_59":49.46,"pct_60mas":6.45,"crec_pct_hog":-26.67,"nse_ab":0,"nse_cmas":3,"nse_c":3,"nse_cmenos":0,"nse_dmas":6,"nse_d":7,"nse_e":3,"nse_predominante":"D"},"geometry":{"type":"Polygon","coordinates":[[[-103.30807798874027,25.592668501604948],[-103.30253872004192,25.590718102515094],[-103.30266448978612,25.59031218367039],[-103.30331114875561,25.59072861222753],[-103.31420128698984,25.594307861775754],[-103.31421288641458,25.594442591815753],[-103.31398954710758,25.59460346214804],[-103.3115166978535,25.59381258148527],[-103.31043165796626,25.599016750632522],[-103.30793032856867,25.598358410741607],[-103.30769325778377,25.599392040838243],[-103.3072278183988,25.599298690868203],[-103.30626405904903,25.59803126081152],[-103.3063759589745,25.59731635132172],[-103.30760817874999,25.596808161320286],[-103.30834011789186,25.595902121228203],[-103.30861906852559,25.594494031639137],[-103.30793648858435,25.593071671542784],[-103.30807798874027,25.592668501604948]]]}},{"type":"Feature","properties":{"CVEGEO":"0503500011492","pob_total":1540,"pob_2010":1711,"pob_fem":852,"pob_mas":688,"hog_total":535,"hog_2010":522,"viv_habitadas":537,"viv_2010":653,"viv_total":688,"viv_deshabitadas":66,"viv_temporal":85,"vph_1dor":116,"vph_2mas_dor":419,"escolaridad":13.2,"pea":724,"solteros":485,"casados":617,"separados":291,"prom_hnv":1.8,"pob_0_14":197,"pob_15_24":204,"pob_25_59":652,"pob_60mas":487,"area_km2":0.3727,"crec_pct_pob":-0.0999,"crec_abs_hog":13,"pct_pea":47.01,"pct_0_14":12.79,"pct_15_24":13.25,"pct_25_59":42.34,"pct_60mas":31.62,"crec_pct_hog":2.49,"nse_ab":88,"nse_cmas":148,"nse_c":96,"nse_cmenos":86,"nse_dmas":52,"nse_d":60,"nse_e":6,"nse_predominante":"C+"},"geometry":{"type":"Polygon","coordinates":[[[-103.41211098551737,25.539132944474044],[-103.41204326594628,25.535512845574182],[-103.42051349415274,25.535574225850866],[-103.42051093422596,25.54012971489736],[-103.4173457542787,25.54010940429557],[-103.41736041459268,25.53916502516862],[-103.41211098551737,25.539132944474044]]]}},{"type":"Feature","properties":{"CVEGEO":"0503500011948","pob_total":2264,"pob_2010":2317,"pob_fem":1123,"pob_mas":1141,"hog_total":607,"hog_2010":585,"viv_habitadas":607,"viv_2010":704,"viv_total":721,"viv_deshabitadas":93,"viv_temporal":21,"vph_1dor":147,"vph_2mas_dor":460,"escolaridad":9.25,"pea":1166,"solteros":556,"casados":1000,"separados":196,"prom_hnv":2.16,"pob_0_14":634,"pob_15_24":452,"pob_25_59":1018,"pob_60mas":160,"area_km2":0.1996,"crec_pct_pob":-0.0229,"crec_abs_hog":22,"pct_pea":51.5,"pct_0_14":28.0,"pct_15_24":19.96,"pct_25_59":44.96,"pct_60mas":7.07,"crec_pct_hog":3.76,"nse_ab":15,"nse_cmas":42,"nse_c":90,"nse_cmenos":108,"nse_dmas":129,"nse_d":190,"nse_e":30,"nse_predominante":"D"},"geometry":{"type":"Polygon","coordinates":[[[-103.40363856912073,25.48774146440324],[-103.40494158902531,25.48684417484872],[-103.40757072848454,25.489014294345083],[-103.40828566777402,25.489157454150707],[-103.40896875798909,25.4888835240105],[-103.41021906806942,25.48922746461946],[-103.41108838743506,25.489953513878195],[-103.41131259766465,25.490474384983333],[-103.41160369741871,25.490685884236537],[-103.41085458679828,25.491574184870046],[-103.41217666742065,25.49260041341839],[-103.411212337617,25.49364877354378],[-103.40363856912073,25.48774146440324]]]}},{"type":"Feature","properties":{"CVEGEO":"0503500013802","pob_total":362,"pob_2010":173,"pob_fem":187,"pob_mas":175,"hog_total":107,"hog_2010":50,"viv_habitadas":107,"viv_2010":106,"viv_total":174,"viv_deshabitadas":65,"viv_temporal":0,"vph_1dor":15,"vph_2mas_dor":92,"escolaridad":12.58,"pea":197,"solteros":74,"casados":168,"separados":22,"prom_hnv":1.67,"pob_0_14":116,"pob_15_24":54,"pob_25_59":179,"pob_60mas":13,"area_km2":0.065,"crec_pct_pob":1.0925,"crec_abs_hog":57,"pct_pea":54.42,"pct_0_14":32.04,"pct_15_24":14.92,"pct_25_59":49.45,"pct_60mas":3.59,"crec_pct_hog":114.0,"nse_ab":16,"nse_cmas":21,"nse_c":23,"nse_cmenos":12,"nse_dmas":17,"nse_d":16,"nse_e":null,"nse_predominante":"C"},"geometry":{"type":"Polygon","coordinates":[[[-103.34800888129534,25.516844597313977],[-103.34725591158208,25.515201878216725],[-103.34949054060465,25.515246577748865],[-103.34944757103699,25.514385538013276],[-103.3506239504811,25.514416398349667],[-103.35060085015081,25.516881078808655],[-103.34800888129534,25.516844597313977]]]}},{"type":"Feature","properties":{"CVEGEO":"0503500010901","pob_total":2169,"pob_2010":2635,"pob_fem":1106,"pob_mas":1063,"hog_total":710,"hog_2010":707,"viv_habitadas":710,"viv_2010":774,"viv_total":760,"viv_deshabitadas":44,"viv_temporal":6,"vph_1dor":171,"vph_2mas_dor":536,"escolaridad":11.85,"pea":1044,"solteros":653,"casados":873,"separados":364,"prom_hnv":2.26,"pob_0_14":345,"pob_15_24":295,"pob_25_59":931,"pob_60mas":598,"area_km2":0.281,"crec_pct_pob":-0.1769,"crec_abs_hog":3,"pct_pea":48.13,"pct_0_14":15.91,"pct_15_24":13.6,"pct_25_59":42.92,"pct_60mas":27.57,"crec_pct_hog":0.42,"nse_ab":80,"nse_cmas":146,"nse_c":147,"nse_cmenos":118,"nse_dmas":91,"nse_d":108,"nse_e":13,"nse_predominante":"C"},"geometry":{"type":"Polygon","coordinates":[[[-103.43551423962886,25.569147049548008],[-103.43369230061224,25.568327879659318],[-103.43230495029918,25.56897066907713],[-103.42826566114468,25.570310838766748],[-103.42892547102122,25.569705278810236],[-103.43539229020347,25.56551299019272],[-103.43596994967983,25.566232329541037],[-103.43680006987397,25.56547899008003],[-103.4409681184476,25.567908479717275],[-103.43984857852524,25.569492248925016],[-103.43551423962886,25.569147049548008]]]}},{"type":"Feature","properties":{"CVEGEO":"0503500010066","pob_total":2508,"pob_2010":3106,"pob_fem":1318,"pob_mas":1190,"hog_total":888,"hog_2010":840,"viv_habitadas":889,"viv_2010":973,"viv_total":971,"viv_deshabitadas":75,"viv_temporal":7,"vph_1dor":294,"vph_2mas_dor":590,"escolaridad":12.32,"pea":1407,"solteros":728,"casados":1071,"separados":429,"prom_hnv":2.0,"pob_0_14":336,"pob_15_24":311,"pob_25_59":1171,"pob_60mas":690,"area_km2":0.5872,"crec_pct_pob":-0.1925,"crec_abs_hog":48,"pct_pea":56.1,"pct_0_14":13.4,"pct_15_24":12.4,"pct_25_59":46.69,"pct_60mas":27.51,"crec_pct_hog":5.71,"nse_ab":128,"nse_cmas":217,"nse_c":211,"nse_cmenos":136,"nse_dmas":80,"nse_d":93,"nse_e":17,"nse_predominante":"C+"},"geometry":{"type":"Polygon","coordinates":[[[-103.41619703487832,25.558448281064308],[-103.42168436290217,25.558472561110115],[-103.42156909279996,25.56019182114365],[-103.42708229189937,25.56573177011974],[-103.42366098275649,25.568579559552838],[-103.41614996418735,25.561020930156978],[-103.41619703487832,25.558448281064308]]]}},{"type":"Feature","properties":{"CVEGEO":"0503500012984","pob_total":3649,"pob_2010":4306,"pob_fem":1831,"pob_mas":1818,"hog_total":1056,"hog_2010":1028,"viv_habitadas":1057,"viv_2010":1207,"viv_total":1228,"viv_deshabitadas":152,"viv_temporal":19,"vph_1dor":257,"vph_2mas_dor":799,"escolaridad":9.14,"pea":1918,"solteros":966,"casados":1554,"separados":486,"prom_hnv":2.18,"pob_0_14":816,"pob_15_24":618,"pob_25_59":1658,"pob_60mas":557,"area_km2":0.444,"crec_pct_pob":-0.1526,"crec_abs_hog":28,"pct_pea":52.56,"pct_0_14":22.36,"pct_15_24":16.94,"pct_25_59":45.44,"pct_60mas":15.26,"crec_pct_hog":2.72,"nse_ab":37,"nse_cmas":104,"nse_c":146,"nse_cmenos":190,"nse_dmas":174,"nse_d":348,"nse_e":53,"nse_predominante":"D"},"geometry":{"type":"Polygon","coordinates":[[[-103.40574698703378,25.55044922249219],[-103.40438038723005,25.55181633198975],[-103.39603630959033,25.545029173284615],[-103.39594030939189,25.544641993166664],[-103.40579664727652,25.544809363738416],[-103.40574698703378,25.55044922249219]]]}},{"type":"Feature","properties":{"CVEGEO":"0503500011365","pob_total":2135,"pob_2010":2083,"pob_fem":1117,"pob_mas":1018,"hog_total":709,"hog_2010":537,"viv_habitadas":709,"viv_2010":802,"viv_total":826,"viv_deshabitadas":87,"viv_temporal":30,"vph_1dor":121,"vph_2mas_dor":586,"escolaridad":13.59,"pea":1184,"solteros":664,"casados":952,"separados":210,"prom_hnv":1.57,"pob_0_14":378,"pob_15_24":361,"pob_25_59":1127,"pob_60mas":269,"area_km2":0.2427,"crec_pct_pob":0.025,"crec_abs_hog":172,"pct_pea":55.46,"pct_0_14":17.7,"pct_15_24":16.91,"pct_25_59":52.79,"pct_60mas":12.6,"crec_pct_hog":32.03,"nse_ab":125,"nse_cmas":211,"nse_c":146,"nse_cmenos":117,"nse_dmas":57,"nse_d":49,"nse_e":null,"nse_predominante":"C+"},"geometry":{"type":"Polygon","coordinates":[[[-103.39538622015434,25.54036051416332],[-103.3886100518221,25.540291534353443],[-103.3886431616694,25.537931054348494],[-103.38985696064161,25.537936974512352],[-103.38987710129997,25.536935674292643],[-103.39599243981453,25.53699100516741],[-103.39586057015907,25.537373474341923],[-103.39537473947115,25.537369044390775],[-103.39538622015434,25.54036051416332]]]}},{"type":"Feature","properties":{"CVEGEO":"050350001258A","pob_total":2369,"pob_2010":2482,"pob_fem":1170,"pob_mas":1199,"hog_total":659,"hog_2010":577,"viv_habitadas":659,"viv_2010":689,"viv_total":733,"viv_deshabitadas":69,"viv_temporal":5,"vph_1dor":169,"vph_2mas_dor":487,"escolaridad":8.98,"pea":1252,"solteros":616,"casados":1019,"separados":274,"prom_hnv":2.29,"pob_0_14":554,"pob_15_24":435,"pob_25_59":1100,"pob_60mas":280,"area_km2":0.3116,"crec_pct_pob":-0.0455,"crec_abs_hog":82,"pct_pea":52.85,"pct_0_14":23.39,"pct_15_24":18.36,"pct_25_59":46.43,"pct_60mas":11.82,"crec_pct_hog":14.21,"nse_ab":24,"nse_cmas":42,"nse_c":89,"nse_cmenos":126,"nse_dmas":122,"nse_d":202,"nse_e":46,"nse_predominante":"D"},"geometry":{"type":"Polygon","coordinates":[[[-103.41690501349531,25.578250076852317],[-103.41994032275632,25.575591838161117],[-103.42023269306422,25.575041108076203],[-103.42026496355535,25.5737585580973],[-103.42351389244146,25.573129908376117],[-103.42475369229928,25.57247444845033],[-103.42512112256384,25.57279384838691],[-103.42594621193508,25.57303098871127],[-103.42557304070151,25.574088128192336],[-103.4258866721468,25.574156738062744],[-103.42577158118948,25.574528737895427],[-103.42528389100586,25.574900678503546],[-103.42522127155972,25.57513029816252],[-103.42365150187213,25.57584141747799],[-103.42415172102682,25.57743149884025],[-103.41774930234844,25.579017307480207],[-103.41690501349531,25.578250076852317]]]}},{"type":"Feature","properties":{"CVEGEO":"0503500013018","pob_total":663,"pob_2010":670,"pob_fem":350,"pob_mas":313,"hog_total":181,"hog_2010":169,"viv_habitadas":181,"viv_2010":188,"viv_total":242,"viv_deshabitadas":56,"viv_temporal":5,"vph_1dor":52,"vph_2mas_dor":129,"escolaridad":8.67,"pea":286,"solteros":182,"casados":277,"separados":54,"prom_hnv":2.29,"pob_0_14":175,"pob_15_24":128,"pob_25_59":287,"pob_60mas":73,"area_km2":0.1456,"crec_pct_pob":-0.0104,"crec_abs_hog":12,"pct_pea":43.14,"pct_0_14":26.4,"pct_15_24":19.31,"pct_25_59":43.29,"pct_60mas":11.01,"crec_pct_hog":7.1,"nse_ab":null,"nse_cmas":14,"nse_c":29,"nse_cmenos":28,"nse_dmas":37,"nse_d":52,"nse_e":17,"nse_predominante":"D"},"geometry":{"type":"Polygon","coordinates":[[[-103.35998820843525,25.518212547275493],[-103.3599753777417,25.519169108248747],[-103.36099958245686,25.519162489076542],[-103.36099108691296,25.520588968411438],[-103.36335404726826,25.520342106900213],[-103.36332819741737,25.521494457448338],[-103.35844959825988,25.52195431715285],[-103.35793094805634,25.521220206749955],[-103.3583728781374,25.521005337868548],[-103.35751714860336,25.520419208077115],[-103.35726133843161,25.519995978178628],[-103.35799150782096,25.51967190687004],[-103.3577610086816,25.519218628097782],[-103.35774051910494,25.518231367856462],[-103.35998820843525,25.518212547275493]]]}},{"type":"Feature","properties":{"CVEGEO":"0503500014622","pob_total":411,"pob_2010":0,"pob_fem":199,"pob_mas":212,"hog_total":119,"hog_2010":0,"viv_habitadas":119,"viv_2010":0,"viv_total":152,"viv_deshabitadas":15,"viv_temporal":18,"vph_1dor":43,"vph_2mas_dor":76,"escolaridad":10.43,"pea":196,"solteros":62,"casados":176,"separados":25,"prom_hnv":1.96,"pob_0_14":158,"pob_15_24":69,"pob_25_59":173,"pob_60mas":11,"area_km2":0.0301,"crec_pct_pob":null,"crec_abs_hog":119,"pct_pea":47.69,"pct_0_14":38.44,"pct_15_24":16.79,"pct_25_59":42.09,"pct_60mas":2.68,"crec_pct_hog":0.0,"nse_ab":0,"nse_cmas":8,"nse_c":25,"nse_cmenos":16,"nse_dmas":34,"nse_d":35,"nse_e":0,"nse_predominante":"D"},"geometry":{"type":"Polygon","coordinates":[[[-103.3456221208352,25.548804144998805],[-103.34560617112938,25.546765191680613],[-103.34694900406738,25.54675400556621],[-103.34693901089803,25.54881184018822],[-103.3456221208352,25.548804144998805]]]}},{"type":"Feature","properties":{"CVEGEO":"0503500012113","pob_total":2917,"pob_2010":3452,"pob_fem":1504,"pob_mas":1413,"hog_total":942,"hog_2010":883,"viv_habitadas":942,"viv_2010":1024,"viv_total":1050,"viv_deshabitadas":96,"viv_temporal":12,"vph_1dor":158,"vph_2mas_dor":782,"escolaridad":12.75,"pea":1484,"solteros":778,"casados":1355,"separados":380,"prom_hnv":1.92,"pob_0_14":510,"pob_15_24":363,"pob_25_59":1434,"pob_60mas":610,"area_km2":0.3472,"crec_pct_pob":-0.155,"crec_abs_hog":59,"pct_pea":50.87,"pct_0_14":17.48,"pct_15_24":12.44,"pct_25_59":49.16,"pct_60mas":20.91,"crec_pct_hog":6.68,"nse_ab":139,"nse_cmas":226,"nse_c":175,"nse_cmenos":148,"nse_dmas":102,"nse_d":125,"nse_e":17,"nse_predominante":"C+"},"geometry":{"type":"Polygon","coordinates":[[[-103.40788166752156,25.513093119847884],[-103.40835636761123,25.512442289877622],[-103.40777303801254,25.5121165394641],[-103.41032869690294,25.50824795029001],[-103.41369898649667,25.51012691007632],[-103.41103744735862,25.513936549616627],[-103.41080435681027,25.51449967902774],[-103.41079735681103,25.515282009206896],[-103.41104293683074,25.515836149507066],[-103.40810667718146,25.51759610854213],[-103.40737095788846,25.51643582893584],[-103.40725449744205,25.51591700878543],[-103.40728863765628,25.51275268958541],[-103.40788166752156,25.513093119847884]]]}},{"type":"Feature","properties":{"CVEGEO":"0503500012274","pob_total":5191,"pob_2010":1348,"pob_fem":2636,"pob_mas":2555,"hog_total":1535,"hog_2010":380,"viv_habitadas":1535,"viv_2010":1382,"viv_total":1879,"viv_deshabitadas":297,"viv_temporal":47,"vph_1dor":359,"vph_2mas_dor":1174,"escolaridad":10.91,"pea":2588,"solteros":1043,"casados":2293,"separados":390,"prom_hnv":1.83,"pob_0_14":1767,"pob_15_24":730,"pob_25_59":2502,"pob_60mas":192,"area_km2":1.431,"crec_pct_pob":2.8509,"crec_abs_hog":1155,"pct_pea":49.86,"pct_0_14":34.04,"pct_15_24":14.06,"pct_25_59":48.2,"pct_60mas":3.7,"crec_pct_hog":303.95,"nse_ab":124,"nse_cmas":210,"nse_c":268,"nse_cmenos":252,"nse_dmas":262,"nse_d":370,"nse_e":43,"nse_predominante":"D"},"geometry":{"type":"Polygon","coordinates":[[[-103.36610482500774,25.612648120260015],[-103.37350308282545,25.598373491195492],[-103.38171351120006,25.59799261248777],[-103.37412610225782,25.614273129313254],[-103.37276064270573,25.613803149527754],[-103.36610482500774,25.612648120260015]]]}},{"type":"Feature","properties":{"CVEGEO":"0503500013003","pob_total":1179,"pob_2010":929,"pob_fem":593,"pob_mas":586,"hog_total":369,"hog_2010":196,"viv_habitadas":369,"viv_2010":320,"viv_total":414,"viv_deshabitadas":36,"viv_temporal":9,"vph_1dor":29,"vph_2mas_dor":339,"escolaridad":14.95,"pea":616,"solteros":412,"casados":565,"separados":81,"prom_hnv":1.41,"pob_0_14":176,"pob_15_24":238,"pob_25_59":617,"pob_60mas":148,"area_km2":0.5647,"crec_pct_pob":0.2691,"crec_abs_hog":173,"pct_pea":52.25,"pct_0_14":14.93,"pct_15_24":20.19,"pct_25_59":52.33,"pct_60mas":12.55,"crec_pct_hog":88.27,"nse_ab":203,"nse_cmas":107,"nse_c":39,"nse_cmenos":16,"nse_dmas":3,"nse_d":null,"nse_e":0,"nse_predominante":"A/B"},"geometry":{"type":"Polygon","coordinates":[[[-103.37840224143562,25.573670277704323],[-103.37825825298431,25.572844247222026],[-103.37701425333199,25.572830327193866],[-103.37690814287602,25.569120908068466],[-103.37805927306033,25.569010788422574],[-103.37823084288297,25.569763768115426],[-103.37850476236784,25.56976249782059],[-103.37849514236203,25.569922927912256],[-103.37924280284409,25.569924367761477],[-103.37945724292992,25.568814188441753],[-103.38051737222716,25.567059908141648],[-103.38065899248646,25.567119338547982],[-103.38117662211522,25.56647981909158],[-103.38157345233552,25.56628929857159],[-103.38158956193665,25.5656738991002],[-103.38315676200688,25.564574219374265],[-103.38796497049933,25.57165261764967],[-103.38712340081825,25.57167164793958],[-103.38072533271941,25.57287396771044],[-103.38064187239911,25.572482387455082],[-103.37840224143562,25.573670277704323]]]}},{"type":"Feature","properties":{"CVEGEO":"0503500010846","pob_total":2075,"pob_2010":1621,"pob_fem":1048,"pob_mas":1027,"hog_total":664,"hog_2010":417,"viv_habitadas":665,"viv_2010":505,"viv_total":743,"viv_deshabitadas":78,"viv_temporal":0,"vph_1dor":99,"vph_2mas_dor":383,"escolaridad":14.92,"pea":771,"solteros":451,"casados":744,"separados":104,"prom_hnv":1.54,"pob_0_14":273,"pob_15_24":226,"pob_25_59":1395,"pob_60mas":181,"area_km2":4.4588,"crec_pct_pob":0.2801,"crec_abs_hog":247,"pct_pea":37.16,"pct_0_14":13.16,"pct_15_24":10.89,"pct_25_59":67.23,"pct_60mas":8.72,"crec_pct_hog":59.23,"nse_ab":249,"nse_cmas":166,"nse_c":38,"nse_cmenos":16,"nse_dmas":7,"nse_d":4,"nse_e":0,"nse_predominante":"A/B"},"geometry":{"type":"Polygon","coordinates":[[[-103.39610255855503,25.576132247272906],[-103.39297198935209,25.573468537380208],[-103.39848135880811,25.561399300288294],[-103.39821827812555,25.56079132999354],[-103.39699713899796,25.559639569998055],[-103.39193216985811,25.555241340823123],[-103.39280812951269,25.554254931520138],[-103.39158425032552,25.55319704161471],[-103.39131060014302,25.553188451350806],[-103.39128294029426,25.552772301278182],[-103.3938517897905,25.550208191872848],[-103.39410297008796,25.550424702257494],[-103.3940213300505,25.550535311762413],[-103.3952063291391,25.55130979199505],[-103.39513618923354,25.55138834200162],[-103.39541027908777,25.551619111906362],[-103.39671012959019,25.551558162248067],[-103.39685301927605,25.551254541625127],[-103.40122901837238,25.554978821771385],[-103.4054920972474,25.558332301180577],[-103.41619703487832,25.558448281064308],[-103.4160985945718,25.570475938313017],[-103.41830764353354,25.57281089792781],[-103.41759019432322,25.57333349782006],[-103.416895533733,25.574113108001054],[-103.41629096407182,25.57433353753151],[-103.4159577643665,25.574052478002976],[-103.41549452402448,25.574011797581957],[-103.41492949451614,25.574390137675817],[-103.41316833514384,25.574779737841197],[-103.40961921583946,25.575175797976343],[-103.40681118648975,25.574093467891544],[-103.40590623614483,25.573846297976228],[-103.40500418657327,25.57381670737512],[-103.40323986715322,25.574866677722927],[-103.40023278755793,25.5750568471866],[-103.40027424781161,25.575994737011953],[-103.39610255855503,25.576132247272906]]]}},{"type":"Feature","properties":{"CVEGEO":"0503500012594","pob_total":2192,"pob_2010":2452,"pob_fem":1133,"pob_mas":1059,"hog_total":655,"hog_2010":660,"viv_habitadas":655,"viv_2010":727,"viv_total":712,"viv_deshabitadas":51,"viv_temporal":6,"vph_1dor":144,"vph_2mas_dor":511,"escolaridad":11.0,"pea":1046,"solteros":686,"casados":888,"separados":299,"prom_hnv":2.23,"pob_0_14":408,"pob_15_24":329,"pob_25_59":885,"pob_60mas":570,"area_km2":0.1513,"crec_pct_pob":-0.106,"crec_abs_hog":-5,"pct_pea":47.72,"pct_0_14":18.61,"pct_15_24":15.01,"pct_25_59":40.37,"pct_60mas":26.0,"crec_pct_hog":-0.76,"nse_ab":64,"nse_cmas":87,"nse_c":142,"nse_cmenos":106,"nse_dmas":110,"nse_d":117,"nse_e":27,"nse_predominante":"C"},"geometry":{"type":"Polygon","coordinates":[[[-103.43734371893439,25.572153739178155],[-103.43570898981656,25.5720458388992],[-103.43595192001354,25.569238469091854],[-103.43984857852524,25.569492248925016],[-103.43980014891959,25.56961769972076],[-103.44085322895582,25.57012929885019],[-103.44024397834293,25.57113876861647],[-103.44079317805841,25.57272830862771],[-103.43734371893439,25.572153739178155]]]}},{"type":"Feature","properties":{"CVEGEO":"0503500010418","pob_total":1646,"pob_2010":1963,"pob_fem":848,"pob_mas":798,"hog_total":603,"hog_2010":545,"viv_habitadas":603,"viv_2010":655,"viv_total":689,"viv_deshabitadas":67,"viv_temporal":19,"vph_1dor":103,"vph_2mas_dor":500,"escolaridad":14.22,"pea":927,"solteros":527,"casados":751,"separados":193,"prom_hnv":1.5,"pob_0_14":218,"pob_15_24":274,"pob_25_59":904,"pob_60mas":250,"area_km2":0.7202,"crec_pct_pob":-0.1615,"crec_abs_hog":58,"pct_pea":56.32,"pct_0_14":13.24,"pct_15_24":16.65,"pct_25_59":54.92,"pct_60mas":15.19,"crec_pct_hog":10.64,"nse_ab":197,"nse_cmas":197,"nse_c":107,"nse_cmenos":59,"nse_dmas":22,"nse_d":17,"nse_e":null,"nse_predominante":"C+"},"geometry":{"type":"Polygon","coordinates":[[[-103.40271432843313,25.52970240657602],[-103.40212309803428,25.53145434611577],[-103.40589790768085,25.532443505791566],[-103.40589704775178,25.535067425377022],[-103.40604559727177,25.535439534821645],[-103.40385904846265,25.53525876556853],[-103.39384299045945,25.53516311520438],[-103.39394453084459,25.528930056125304],[-103.3960901000475,25.528951705911904],[-103.39664429980036,25.529132916513937],[-103.39692107961146,25.52829564631139],[-103.40271432843313,25.52970240657602]]]}},{"type":"Feature","properties":{"CVEGEO":"0503500012700","pob_total":2065,"pob_2010":2348,"pob_fem":1104,"pob_mas":961,"hog_total":710,"hog_2010":658,"viv_habitadas":710,"viv_2010":761,"viv_total":783,"viv_deshabitadas":69,"viv_temporal":4,"vph_1dor":59,"vph_2mas_dor":649,"escolaridad":13.85,"pea":1069,"solteros":608,"casados":906,"separados":278,"prom_hnv":1.8,"pob_0_14":330,"pob_15_24":276,"pob_25_59":959,"pob_60mas":500,"area_km2":0.2714,"crec_pct_pob":-0.1205,"crec_abs_hog":52,"pct_pea":51.77,"pct_0_14":15.98,"pct_15_24":13.37,"pct_25_59":46.44,"pct_60mas":24.21,"crec_pct_hog":7.9,"nse_ab":199,"nse_cmas":206,"nse_c":123,"nse_cmenos":70,"nse_dmas":49,"nse_d":56,"nse_e":null,"nse_predominante":"C+"},"geometry":{"type":"Polygon","coordinates":[[[-103.3960901000475,25.528951705911904],[-103.39611389988593,25.525211656662453],[-103.40059767851224,25.52639340683913],[-103.40101284881669,25.525079807379335],[-103.4038781682728,25.525809166871795],[-103.40271432843313,25.52970240657602],[-103.39692107961146,25.52829564631139],[-103.39664429980036,25.529132916513937],[-103.3960901000475,25.528951705911904]]]}},{"type":"Feature","properties":{"CVEGEO":"0503500012611","pob_total":3535,"pob_2010":3942,"pob_fem":1787,"pob_mas":1748,"hog_total":950,"hog_2010":956,"viv_habitadas":950,"viv_2010":1083,"viv_total":1099,"viv_deshabitadas":131,"viv_temporal":18,"vph_1dor":284,"vph_2mas_dor":664,"escolaridad":8.22,"pea":1774,"solteros":887,"casados":1438,"separados":540,"prom_hnv":2.49,"pob_0_14":843,"pob_15_24":611,"pob_25_59":1521,"pob_60mas":560,"area_km2":0.2199,"crec_pct_pob":-0.1032,"crec_abs_hog":-6,"pct_pea":50.18,"pct_0_14":23.85,"pct_15_24":17.28,"pct_25_59":43.03,"pct_60mas":15.84,"crec_pct_hog":-0.63,"nse_ab":24,"nse_cmas":51,"nse_c":121,"nse_cmenos":170,"nse_dmas":133,"nse_d":332,"nse_e":112,"nse_predominante":"D"},"geometry":{"type":"Polygon","coordinates":[[[-103.41444536545593,25.55419854139495],[-103.41283430499045,25.555808641297208],[-103.4059980374706,25.550236282619743],[-103.40757810652362,25.548631622451616],[-103.41444536545593,25.55419854139495]]]}},{"type":"Feature","properties":{"CVEGEO":"0503500011505","pob_total":900,"pob_2010":1111,"pob_fem":461,"pob_mas":439,"hog_total":362,"hog_2010":364,"viv_habitadas":362,"viv_2010":571,"viv_total":542,"viv_deshabitadas":161,"viv_temporal":19,"vph_1dor":156,"vph_2mas_dor":196,"escolaridad":12.3,"pea":459,"solteros":320,"casados":296,"separados":164,"prom_hnv":1.58,"pob_0_14":141,"pob_15_24":107,"pob_25_59":411,"pob_60mas":241,"area_km2":0.2882,"crec_pct_pob":-0.1899,"crec_abs_hog":-2,"pct_pea":51.0,"pct_0_14":15.67,"pct_15_24":11.89,"pct_25_59":45.67,"pct_60mas":26.78,"crec_pct_hog":-0.55,"nse_ab":33,"nse_cmas":42,"nse_c":52,"nse_cmenos":76,"nse_dmas":45,"nse_d":84,"nse_e":17,"nse_predominante":"D"},"geometry":{"type":"Polygon","coordinates":[[[-103.45264077634707,25.545094024532467],[-103.45159097667394,25.545111114198008],[-103.45163800739223,25.54031673486121],[-103.45269578653777,25.540305745027823],[-103.4526771766249,25.54127928483541],[-103.45371748603229,25.541286684695134],[-103.4537315761827,25.54033117545207],[-103.45479251577206,25.540352174910673],[-103.4548050557232,25.541297425489145],[-103.45792378565328,25.541306205445686],[-103.45789832549917,25.544973994683073],[-103.45473258590407,25.544971594034948],[-103.45368448625821,25.54575859382592],[-103.45368534681003,25.544816024342413],[-103.45264009700753,25.545319314334357],[-103.45264077634707,25.545094024532467]]]}},{"type":"Feature","properties":{"CVEGEO":"0503500013361","pob_total":188,"pob_2010":177,"pob_fem":104,"pob_mas":84,"hog_total":49,"hog_2010":42,"viv_habitadas":49,"viv_2010":53,"viv_total":57,"viv_deshabitadas":3,"viv_temporal":5,"vph_1dor":11,"vph_2mas_dor":38,"escolaridad":10.16,"pea":89,"solteros":51,"casados":69,"separados":24,"prom_hnv":2.05,"pob_0_14":59,"pob_15_24":40,"pob_25_59":76,"pob_60mas":13,"area_km2":0.0304,"crec_pct_pob":0.0621,"crec_abs_hog":7,"pct_pea":47.34,"pct_0_14":31.38,"pct_15_24":21.28,"pct_25_59":40.43,"pct_60mas":6.91,"crec_pct_hog":16.67,"nse_ab":4,"nse_cmas":null,"nse_c":5,"nse_cmenos":13,"nse_dmas":6,"nse_d":15,"nse_e":5,"nse_predominante":"D"},"geometry":{"type":"Polygon","coordinates":[[[-103.32977818515275,25.54433460194428],[-103.33125380343716,25.544290511455596],[-103.3314564937212,25.545627731869523],[-103.32927063435189,25.5462823922737],[-103.3293108140067,25.54577456273075],[-103.32979217323289,25.545714732344184],[-103.32977818515275,25.54433460194428]]]}},{"type":"Feature","properties":{"CVEGEO":"0503500013785","pob_total":661,"pob_2010":419,"pob_fem":340,"pob_mas":321,"hog_total":207,"hog_2010":112,"viv_habitadas":207,"viv_2010":198,"viv_total":334,"viv_deshabitadas":110,"viv_temporal":17,"vph_1dor":111,"vph_2mas_dor":95,"escolaridad":8.9,"pea":322,"solteros":160,"casados":273,"separados":66,"prom_hnv":2.01,"pob_0_14":201,"pob_15_24":137,"pob_25_59":280,"pob_60mas":43,"area_km2":0.1152,"crec_pct_pob":0.5776,"crec_abs_hog":95,"pct_pea":48.71,"pct_0_14":30.41,"pct_15_24":20.73,"pct_25_59":42.36,"pct_60mas":6.51,"crec_pct_hog":84.82,"nse_ab":null,"nse_cmas":9,"nse_c":22,"nse_cmenos":26,"nse_dmas":31,"nse_d":72,"nse_e":45,"nse_predominante":"D"},"geometry":{"type":"Polygon","coordinates":[[[-103.36793370488564,25.583671385078368],[-103.36680197489872,25.58191121555402],[-103.36787094546627,25.581380295375155],[-103.36611077568735,25.578573165689082],[-103.3672664754121,25.577999667221448],[-103.37050308355472,25.581601475660943],[-103.36863519417909,25.582504464998987],[-103.36902428473442,25.583201275499306],[-103.36793370488564,25.583671385078368]]]}},{"type":"Feature","properties":{"CVEGEO":"0503500012077","pob_total":3529,"pob_2010":4062,"pob_fem":1807,"pob_mas":1722,"hog_total":1099,"hog_2010":1055,"viv_habitadas":1099,"viv_2010":1264,"viv_total":1287,"viv_deshabitadas":167,"viv_temporal":21,"vph_1dor":261,"vph_2mas_dor":838,"escolaridad":10.77,"pea":1727,"solteros":1057,"casados":1422,"separados":484,"prom_hnv":2.16,"pob_0_14":702,"pob_15_24":556,"pob_25_59":1532,"pob_60mas":739,"area_km2":0.3148,"crec_pct_pob":-0.1312,"crec_abs_hog":44,"pct_pea":48.94,"pct_0_14":19.89,"pct_15_24":15.76,"pct_25_59":43.41,"pct_60mas":20.94,"crec_pct_hog":4.17,"nse_ab":71,"nse_cmas":196,"nse_c":220,"nse_cmenos":176,"nse_dmas":145,"nse_d":218,"nse_e":68,"nse_predominante":"C"},"geometry":{"type":"Polygon","coordinates":[[[-103.43453176105464,25.519420208551786],[-103.42692316366791,25.5151491996614],[-103.42638689344136,25.51591671989597],[-103.42342509414117,25.514233679458705],[-103.42244975388603,25.515464169468988],[-103.41933664546512,25.51340564973154],[-103.42014504532173,25.51241410983925],[-103.41985413449493,25.51222942983044],[-103.42134570439481,25.510422980877546],[-103.43484150137067,25.51898230922483],[-103.43453176105464,25.519420208551786]]]}},{"type":"Feature","properties":{"CVEGEO":"0503500014340","pob_total":5563,"pob_2010":4069,"pob_fem":2840,"pob_mas":2723,"hog_total":1712,"hog_2010":1172,"viv_habitadas":1712,"viv_2010":1913,"viv_total":2025,"viv_deshabitadas":289,"viv_temporal":24,"vph_1dor":446,"vph_2mas_dor":1266,"escolaridad":11.65,"pea":2769,"solteros":1522,"casados":2248,"separados":525,"prom_hnv":1.66,"pob_0_14":1602,"pob_15_24":1079,"pob_25_59":2574,"pob_60mas":308,"area_km2":0.3728,"crec_pct_pob":0.3672,"crec_abs_hog":540,"pct_pea":49.78,"pct_0_14":28.8,"pct_15_24":19.4,"pct_25_59":46.27,"pct_60mas":5.54,"crec_pct_hog":46.08,"nse_ab":110,"nse_cmas":272,"nse_c":309,"nse_cmenos":365,"nse_dmas":297,"nse_d":334,"nse_e":19,"nse_predominante":"C-"},"geometry":{"type":"Polygon","coordinates":[[[-103.35842093756163,25.555816680030564],[-103.3564757687358,25.553064531721848],[-103.36111674781415,25.54987904107903],[-103.36199453651741,25.550731842598488],[-103.36286137559662,25.551057001110525],[-103.36356847556912,25.55106408242242],[-103.36411288572602,25.550938901503322],[-103.36703280595772,25.549258801747566],[-103.36803134555299,25.550822911566076],[-103.36281068692226,25.554092240282163],[-103.36355713625781,25.555061560743564],[-103.36304368670946,25.55543811062108],[-103.36215404682915,25.55428899088588],[-103.36186316729211,25.554248700287665],[-103.3616454275889,25.553959240291878],[-103.35842093756163,25.555816680030564]]]}},{"type":"Feature","properties":{"CVEGEO":"0503500011596","pob_total":4598,"pob_2010":5208,"pob_fem":2437,"pob_mas":2161,"hog_total":1435,"hog_2010":1404,"viv_habitadas":1437,"viv_2010":1622,"viv_total":1623,"viv_deshabitadas":165,"viv_temporal":21,"vph_1dor":173,"vph_2mas_dor":1262,"escolaridad":12.36,"pea":2451,"solteros":1309,"casados":2026,"separados":509,"prom_hnv":1.85,"pob_0_14":909,"pob_15_24":725,"pob_25_59":2298,"pob_60mas":666,"area_km2":0.3468,"crec_pct_pob":-0.1171,"crec_abs_hog":31,"pct_pea":53.31,"pct_0_14":19.77,"pct_15_24":15.77,"pct_25_59":49.98,"pct_60mas":14.48,"crec_pct_hog":2.21,"nse_ab":172,"nse_cmas":349,"nse_c":287,"nse_cmenos":255,"nse_dmas":186,"nse_d":166,"nse_e":18,"nse_predominante":"C+"},"geometry":{"type":"Polygon","coordinates":[[[-103.39396008039363,25.52511693665115],[-103.38633844206603,25.52507045711489],[-103.38637264222145,25.521915907703853],[-103.39615259982959,25.521981997442523],[-103.3961170395273,25.525296677011234],[-103.3939617703891,25.525300457035716],[-103.39396008039363,25.52511693665115]]]}},{"type":"Feature","properties":{"CVEGEO":"0503500012607","pob_total":1832,"pob_2010":2133,"pob_fem":946,"pob_mas":886,"hog_total":588,"hog_2010":576,"viv_habitadas":588,"viv_2010":630,"viv_total":635,"viv_deshabitadas":44,"viv_temporal":3,"vph_1dor":131,"vph_2mas_dor":457,"escolaridad":11.87,"pea":872,"solteros":546,"casados":752,"separados":293,"prom_hnv":2.1,"pob_0_14":293,"pob_15_24":279,"pob_25_59":793,"pob_60mas":467,"area_km2":0.172,"crec_pct_pob":-0.1411,"crec_abs_hog":12,"pct_pea":47.6,"pct_0_14":15.99,"pct_15_24":15.23,"pct_25_59":43.29,"pct_60mas":25.49,"crec_pct_hog":2.08,"nse_ab":61,"nse_cmas":115,"nse_c":106,"nse_cmenos":108,"nse_dmas":75,"nse_d":102,"nse_e":10,"nse_predominante":"C+"},"geometry":{"type":"Polygon","coordinates":[[[-103.43290092044768,25.571899678877465],[-103.42999072076748,25.570298138970717],[-103.42943143131741,25.570474138649363],[-103.42923461114134,25.5699575594203],[-103.43230495029918,25.56897066907713],[-103.43369230061224,25.568327879659318],[-103.43395973037066,25.568550639554665],[-103.43595192001354,25.569238469091854],[-103.43570898981656,25.5720458388992],[-103.43290092044768,25.571899678877465]]]}},{"type":"Feature","properties":{"CVEGEO":"0503500010282","pob_total":1834,"pob_2010":2212,"pob_fem":999,"pob_mas":835,"hog_total":597,"hog_2010":621,"viv_habitadas":599,"viv_2010":782,"viv_total":783,"viv_deshabitadas":156,"viv_temporal":28,"vph_1dor":143,"vph_2mas_dor":453,"escolaridad":11.83,"pea":877,"solteros":686,"casados":608,"separados":356,"prom_hnv":1.87,"pob_0_14":251,"pob_15_24":227,"pob_25_59":793,"pob_60mas":563,"area_km2":0.8684,"crec_pct_pob":-0.1709,"crec_abs_hog":-24,"pct_pea":47.82,"pct_0_14":13.69,"pct_15_24":12.38,"pct_25_59":43.24,"pct_60mas":30.7,"crec_pct_hog":-3.86,"nse_ab":100,"nse_cmas":106,"nse_c":112,"nse_cmenos":76,"nse_dmas":79,"nse_d":101,"nse_e":24,"nse_predominante":"C"},"geometry":{"type":"Polygon","coordinates":[[[-103.43432773146974,25.535746205680756],[-103.43422919111075,25.547835083294533],[-103.427830392205,25.54780377332934],[-103.42787238274227,25.54114125505587],[-103.42762635286722,25.541133684767132],[-103.4276691328889,25.538207515217533],[-103.42790543229961,25.538216245523138],[-103.4279179523225,25.536244645781185],[-103.42902789220196,25.536246905248746],[-103.42905784243881,25.53561728588207],[-103.43337436165565,25.535621026082136],[-103.43432773146974,25.535746205680756]]]}},{"type":"Feature","properties":{"CVEGEO":"0503500012096","pob_total":1841,"pob_2010":1972,"pob_fem":975,"pob_mas":866,"hog_total":612,"hog_2010":542,"viv_habitadas":612,"viv_2010":681,"viv_total":704,"viv_deshabitadas":82,"viv_temporal":10,"vph_1dor":126,"vph_2mas_dor":486,"escolaridad":12.95,"pea":880,"solteros":526,"casados":820,"separados":220,"prom_hnv":1.84,"pob_0_14":346,"pob_15_24":269,"pob_25_59":860,"pob_60mas":366,"area_km2":0.2316,"crec_pct_pob":-0.0664,"crec_abs_hog":70,"pct_pea":47.8,"pct_0_14":18.79,"pct_15_24":14.61,"pct_25_59":46.71,"pct_60mas":19.88,"crec_pct_hog":12.92,"nse_ab":104,"nse_cmas":166,"nse_c":111,"nse_cmenos":93,"nse_dmas":60,"nse_d":65,"nse_e":11,"nse_predominante":"C+"},"geometry":{"type":"Polygon","coordinates":[[[-103.41432255636826,25.515788938888054],[-103.41898932525834,25.50893443029912],[-103.42134570439481,25.510422980877546],[-103.41985413449493,25.51222942983044],[-103.42014504532173,25.51241410983925],[-103.41859826555961,25.514332689900066],[-103.41818247528346,25.5141005197327],[-103.41626783590469,25.51688593942911],[-103.41432255636826,25.515788938888054]]]}},{"type":"Feature","properties":{"CVEGEO":"0503500010102","pob_total":1463,"pob_2010":1869,"pob_fem":757,"pob_mas":706,"hog_total":521,"hog_2010":570,"viv_habitadas":521,"viv_2010":743,"viv_total":673,"viv_deshabitadas":114,"viv_temporal":38,"vph_1dor":175,"vph_2mas_dor":345,"escolaridad":11.4,"pea":753,"solteros":463,"casados":512,"separados":297,"prom_hnv":2.04,"pob_0_14":242,"pob_15_24":179,"pob_25_59":645,"pob_60mas":397,"area_km2":0.5461,"crec_pct_pob":-0.2172,"crec_abs_hog":-49,"pct_pea":51.47,"pct_0_14":16.54,"pct_15_24":12.24,"pct_25_59":44.09,"pct_60mas":27.14,"crec_pct_hog":-8.6,"nse_ab":41,"nse_cmas":89,"nse_c":97,"nse_cmenos":84,"nse_dmas":81,"nse_d":103,"nse_e":25,"nse_predominante":"D"},"geometry":{"type":"Polygon","coordinates":[[[-103.44505597843508,25.55076691316817],[-103.43580087026292,25.558565871170178],[-103.43414808996727,25.55853897176121],[-103.43421524043343,25.550691763100232],[-103.44505597843508,25.55076691316817]]]}},{"type":"Feature","properties":{"CVEGEO":"0503500010460","pob_total":1994,"pob_2010":2168,"pob_fem":1031,"pob_mas":963,"hog_total":701,"hog_2010":546,"viv_habitadas":702,"viv_2010":720,"viv_total":764,"viv_deshabitadas":53,"viv_temporal":9,"vph_1dor":133,"vph_2mas_dor":567,"escolaridad":15.16,"pea":992,"solteros":576,"casados":1035,"separados":229,"prom_hnv":1.84,"pob_0_14":213,"pob_15_24":241,"pob_25_59":830,"pob_60mas":710,"area_km2":1.4013,"crec_pct_pob":-0.0803,"crec_abs_hog":155,"pct_pea":49.75,"pct_0_14":10.68,"pct_15_24":12.09,"pct_25_59":41.62,"pct_60mas":35.61,"crec_pct_hog":28.39,"nse_ab":306,"nse_cmas":219,"nse_c":97,"nse_cmenos":36,"nse_dmas":25,"nse_d":7,"nse_e":null,"nse_predominante":"A/B"},"geometry":{"type":"Polygon","coordinates":[[[-103.41490286531149,25.52737730731704],[-103.41491387553243,25.526306656909302],[-103.41218024669726,25.526281917515885],[-103.41216826593296,25.52820036673213],[-103.41094686622249,25.528195796817478],[-103.41051973626452,25.52959985606252],[-103.40939476680079,25.53078131604964],[-103.40860563732963,25.531150766147704],[-103.40785126708523,25.530921536550714],[-103.40762850748366,25.530312946028094],[-103.40803164690034,25.52916010659366],[-103.40818138707037,25.5276179464751],[-103.408496236693,25.52675099673314],[-103.40594166722651,25.526704226680433],[-103.40601423808702,25.51760354827679],[-103.40710913726541,25.51753608848733],[-103.40782936732376,25.51719179868894],[-103.40810667718146,25.51759610854213],[-103.41122338726613,25.51574768890313],[-103.41213929654897,25.515688179307634],[-103.4131220662745,25.51616291907087],[-103.41400938589518,25.517113478567147],[-103.4141093365475,25.51754887847472],[-103.4140025961532,25.518273508515705],[-103.41430301560362,25.519163748684726],[-103.41432856613434,25.519828318396247],[-103.41742841565598,25.519812548513126],[-103.41878646484626,25.52057805841602],[-103.41841318549764,25.52109614830564],[-103.41840232538551,25.521718007967415],[-103.41855753541444,25.52247370778754],[-103.41850896481792,25.527059347468843],[-103.41879529463868,25.527224196806625],[-103.41868078447102,25.52741900689987],[-103.41490286531149,25.52737730731704]]]}},{"type":"Feature","properties":{"CVEGEO":"0503500010117","pob_total":1560,"pob_2010":1817,"pob_fem":824,"pob_mas":736,"hog_total":497,"hog_2010":515,"viv_habitadas":498,"viv_2010":589,"viv_total":570,"viv_deshabitadas":58,"viv_temporal":14,"vph_1dor":135,"vph_2mas_dor":353,"escolaridad":10.32,"pea":834,"solteros":435,"casados":636,"separados":239,"prom_hnv":2.18,"pob_0_14":290,"pob_15_24":221,"pob_25_59":722,"pob_60mas":327,"area_km2":0.7716,"crec_pct_pob":-0.1414,"crec_abs_hog":-18,"pct_pea":53.46,"pct_0_14":18.59,"pct_15_24":14.17,"pct_25_59":46.28,"pct_60mas":20.96,"crec_pct_hog":-3.5,"nse_ab":19,"nse_cmas":71,"nse_c":88,"nse_cmenos":75,"nse_dmas":65,"nse_d":114,"nse_e":25,"nse_predominante":"D"},"geometry":{"type":"Polygon","coordinates":[[[-103.42748835177059,25.553046272273946],[-103.42808639217606,25.55242793214983],[-103.42832210234238,25.5525883922139],[-103.43419095076796,25.55260311293953],[-103.43414808996727,25.55853897176121],[-103.41953389414064,25.558426021245914],[-103.42609955269283,25.55190094222841],[-103.42748835177059,25.553046272273946]]]}},{"type":"Feature","properties":{"CVEGEO":"0503500011242","pob_total":1606,"pob_2010":1775,"pob_fem":844,"pob_mas":762,"hog_total":552,"hog_2010":468,"viv_habitadas":553,"viv_2010":613,"viv_total":628,"viv_deshabitadas":60,"viv_temporal":15,"vph_1dor":142,"vph_2mas_dor":406,"escolaridad":14.01,"pea":743,"solteros":537,"casados":723,"separados":217,"prom_hnv":1.95,"pob_0_14":184,"pob_15_24":186,"pob_25_59":659,"pob_60mas":577,"area_km2":0.3967,"crec_pct_pob":-0.0952,"crec_abs_hog":84,"pct_pea":46.26,"pct_0_14":11.46,"pct_15_24":11.58,"pct_25_59":41.03,"pct_60mas":35.93,"crec_pct_hog":17.95,"nse_ab":143,"nse_cmas":176,"nse_c":97,"nse_cmenos":55,"nse_dmas":42,"nse_d":29,"nse_e":7,"nse_predominante":"C+"},"geometry":{"type":"Polygon","coordinates":[[[-103.44203300834064,25.56359099023333],[-103.44264508810431,25.563406640982418],[-103.44255891842951,25.563090850930998],[-103.44293322862157,25.562429770668576],[-103.4427371880447,25.56213277065672],[-103.44395526841113,25.560101510920443],[-103.44720665769887,25.56173836119615],[-103.44737332714553,25.561483271140773],[-103.44924797685736,25.562408911311817],[-103.4517390864237,25.56423276083811],[-103.4514232861909,25.565476220753606],[-103.4512973266305,25.567376891990147],[-103.44898683654162,25.566260339943586],[-103.44746811709678,25.566346790043813],[-103.44203300834064,25.56359099023333]]]}},{"type":"Feature","properties":{"CVEGEO":"0503500013431","pob_total":813,"pob_2010":838,"pob_fem":411,"pob_mas":402,"hog_total":232,"hog_2010":210,"viv_habitadas":233,"viv_2010":269,"viv_total":261,"viv_deshabitadas":16,"viv_temporal":12,"vph_1dor":37,"vph_2mas_dor":195,"escolaridad":11.83,"pea":448,"solteros":287,"casados":315,"separados":82,"prom_hnv":1.72,"pob_0_14":178,"pob_15_24":202,"pob_25_59":385,"pob_60mas":48,"area_km2":0.0802,"crec_pct_pob":-0.0298,"crec_abs_hog":22,"pct_pea":55.1,"pct_0_14":21.89,"pct_15_24":24.85,"pct_25_59":47.36,"pct_60mas":5.9,"crec_pct_hog":10.48,"nse_ab":22,"nse_cmas":52,"nse_c":43,"nse_cmenos":50,"nse_dmas":34,"nse_d":32,"nse_e":0,"nse_predominante":"C+"},"geometry":{"type":"Polygon","coordinates":[[[-103.35809850852748,25.53961134340876],[-103.3575893480226,25.537574793498077],[-103.36290973690087,25.537609623443593],[-103.36294647692192,25.538587936362934],[-103.3615590063004,25.538576083926255],[-103.35809850852748,25.53961134340876]]]}},{"type":"Feature","properties":{"CVEGEO":"0503500012946","pob_total":303,"pob_2010":361,"pob_fem":151,"pob_mas":152,"hog_total":91,"hog_2010":91,"viv_habitadas":91,"viv_2010":111,"viv_total":101,"viv_deshabitadas":9,"viv_temporal":0,"vph_1dor":25,"vph_2mas_dor":66,"escolaridad":7.41,"pea":130,"solteros":67,"casados":119,"separados":30,"prom_hnv":2.38,"pob_0_14":97,"pob_15_24":48,"pob_25_59":127,"pob_60mas":31,"area_km2":1.2805,"crec_pct_pob":-0.1607,"crec_abs_hog":0,"pct_pea":42.9,"pct_0_14":32.01,"pct_15_24":15.84,"pct_25_59":41.91,"pct_60mas":10.23,"crec_pct_hog":0.0,"nse_ab":0,"nse_cmas":0,"nse_c":null,"nse_cmenos":7,"nse_dmas":12,"nse_d":52,"nse_e":15,"nse_predominante":"D"},"geometry":{"type":"Polygon","coordinates":[[[-103.48033702008574,25.541854995392647],[-103.48082731012985,25.54170667566816],[-103.48088352063506,25.541474445661276],[-103.48214000011586,25.541148845342466],[-103.48175318032827,25.54094448582309],[-103.48145254979939,25.541048345530374],[-103.4813560004412,25.540808055497312],[-103.48148701987512,25.54066090553865],[-103.48047986044078,25.540530255569134],[-103.48031198046581,25.540405515867658],[-103.48019894067394,25.539826675642438],[-103.48091212017466,25.53922428576338],[-103.48070979998977,25.538667905867687],[-103.48089528079696,25.538053746483122],[-103.48197985014289,25.53825839644816],[-103.48204631962868,25.538028176476338],[-103.48307731942295,25.537863846096343],[-103.48255409043594,25.53733022660565],[-103.48197995015236,25.537316646809032],[-103.4815391197784,25.536844737027714],[-103.48239817972546,25.5363430571616],[-103.48283189019024,25.535473566872525],[-103.48273758004952,25.535371377105236],[-103.48174196982636,25.535820146486007],[-103.48119961995083,25.535681886657635],[-103.48106911043224,25.535501777048353],[-103.48055165028826,25.535611706476672],[-103.48032812032805,25.5353916266956],[-103.47996049093462,25.535394227266067],[-103.47983442020107,25.535860486494048],[-103.47945495083658,25.536196846993363],[-103.47897529066124,25.53570340689746],[-103.47880689041759,25.53498088707646],[-103.47905649071637,25.53484796681212],[-103.47878362106084,25.533956597376676],[-103.47817418088293,25.534151936908618],[-103.47806049082003,25.533729206801294],[-103.47847229122341,25.533355376910517],[-103.47857109090242,25.53292305752262],[-103.47846211105602,25.532601367636396],[-103.47860983140552,25.532527147771187],[-103.4786844213513,25.53265587772034],[-103.47968075109145,25.532236607809892],[-103.47999865081441,25.531744947844786],[-103.48044634082284,25.53146611753044],[-103.4811036602279,25.531803337412285],[-103.48111822026706,25.531214107430333],[-103.48142471994167,25.531270137996483],[-103.48141851020151,25.531080547429642],[-103.48249911031664,25.530707977618157],[-103.48255049039878,25.53052342753814],[-103.48316068968214,25.530253847967852],[-103.48300331048812,25.529942708300187],[-103.48433287987312,25.52901514883865],[-103.4847025688775,25.529444887713456],[-103.48555741984885,25.52892910824289],[-103.49440548686177,25.53772762649869],[-103.49418713686659,25.538007746453435],[-103.4928063079174,25.53875442633093],[-103.49051377773371,25.53952105624672],[-103.48681542923323,25.54048542593365],[-103.48454316983428,25.541631576078277],[-103.48269290958785,25.542197245881564],[-103.48068448038542,25.54244576577231],[-103.48033702008574,25.541854995392647]]]}},{"type":"Feature","properties":{"CVEGEO":"0503500011825","pob_total":2610,"pob_2010":2790,"pob_fem":1331,"pob_mas":1279,"hog_total":724,"hog_2010":666,"viv_habitadas":724,"viv_2010":796,"viv_total":819,"viv_deshabitadas":86,"viv_temporal":9,"vph_1dor":165,"vph_2mas_dor":554,"escolaridad":8.9,"pea":1239,"solteros":739,"casados":1078,"separados":272,"prom_hnv":2.36,"pob_0_14":645,"pob_15_24":406,"pob_25_59":1139,"pob_60mas":420,"area_km2":0.1999,"crec_pct_pob":-0.0645,"crec_abs_hog":58,"pct_pea":47.47,"pct_0_14":24.71,"pct_15_24":15.56,"pct_25_59":43.64,"pct_60mas":16.09,"crec_pct_hog":8.71,"nse_ab":12,"nse_cmas":54,"nse_c":111,"nse_cmenos":119,"nse_dmas":141,"nse_d":210,"nse_e":54,"nse_predominante":"D"},"geometry":{"type":"Polygon","coordinates":[[[-103.4290348328359,25.520572978219032],[-103.42481578373624,25.518203919176173],[-103.42692316366791,25.5151491996614],[-103.43117987174337,25.517561459684377],[-103.4290348328359,25.520572978219032]]]}},{"type":"Feature","properties":{"CVEGEO":"0503500012842","pob_total":1468,"pob_2010":1671,"pob_fem":761,"pob_mas":707,"hog_total":423,"hog_2010":436,"viv_habitadas":423,"viv_2010":555,"viv_total":538,"viv_deshabitadas":108,"viv_temporal":7,"vph_1dor":150,"vph_2mas_dor":269,"escolaridad":9.02,"pea":727,"solteros":412,"casados":600,"separados":161,"prom_hnv":2.14,"pob_0_14":369,"pob_15_24":256,"pob_25_59":641,"pob_60mas":202,"area_km2":0.2159,"crec_pct_pob":-0.1215,"crec_abs_hog":-13,"pct_pea":49.52,"pct_0_14":25.14,"pct_15_24":17.44,"pct_25_59":43.66,"pct_60mas":13.76,"crec_pct_hog":-2.98,"nse_ab":18,"nse_cmas":19,"nse_c":33,"nse_cmenos":64,"nse_dmas":67,"nse_d":149,"nse_e":65,"nse_predominante":"D"},"geometry":{"type":"Polygon","coordinates":[[[-103.46385763468602,25.5303288072241],[-103.46294626497867,25.52909657809167],[-103.46243026426365,25.529429517357187],[-103.4620428944854,25.52827211774347],[-103.46000146571124,25.52617125863514],[-103.46039368437914,25.526122517969167],[-103.46071335414568,25.52632224875959],[-103.46129514407329,25.525806379193728],[-103.46146394500904,25.52598314850802],[-103.46136338464694,25.526492597985712],[-103.46210889531932,25.527009408485213],[-103.46250362426078,25.5276404582976],[-103.46400745347876,25.5268246881086],[-103.4640502846723,25.526577719540104],[-103.46355286360048,25.526431538638953],[-103.4636028049015,25.52616705827425],[-103.46397075336381,25.52577907810956],[-103.46401722426438,25.52535356955917],[-103.4638704846307,25.524833149752165],[-103.46351038395942,25.524348488911603],[-103.46344937420922,25.523949478485743],[-103.4635842835256,25.523657058480563],[-103.46338149340787,25.523470179196057],[-103.46347192395562,25.523301719383383],[-103.46391103347204,25.523247949131147],[-103.46469069358062,25.522284119039806],[-103.46490589446341,25.522286088818365],[-103.46512795436884,25.522556999062967],[-103.4647282642555,25.523032540072954],[-103.46472466390004,25.524403978783894],[-103.46490597303408,25.52465359873115],[-103.46617097285785,25.524365909565397],[-103.46590274378441,25.524638749429176],[-103.46611383324712,25.524885598962953],[-103.46555988439745,25.526058937998663],[-103.46565788387376,25.526453737853824],[-103.46549197444949,25.52647710912822],[-103.46569577332387,25.527009908110294],[-103.46595308375308,25.52699128778781],[-103.46591995406628,25.52747779812913],[-103.4669159741225,25.528677027474117],[-103.46521058435812,25.52976407753136],[-103.46385763468602,25.5303288072241]]]}},{"type":"Feature","properties":{"CVEGEO":"0503500013817","pob_total":2225,"pob_2010":1781,"pob_fem":1156,"pob_mas":1069,"hog_total":677,"hog_2010":514,"viv_habitadas":677,"viv_2010":863,"viv_total":875,"viv_deshabitadas":187,"viv_temporal":11,"vph_1dor":208,"vph_2mas_dor":469,"escolaridad":10.98,"pea":1135,"solteros":621,"casados":951,"separados":168,"prom_hnv":1.7,"pob_0_14":636,"pob_15_24":404,"pob_25_59":1061,"pob_60mas":124,"area_km2":0.182,"crec_pct_pob":0.2493,"crec_abs_hog":163,"pct_pea":51.01,"pct_0_14":28.58,"pct_15_24":18.16,"pct_25_59":47.69,"pct_60mas":5.57,"crec_pct_hog":31.71,"nse_ab":36,"nse_cmas":100,"nse_c":117,"nse_cmenos":148,"nse_dmas":96,"nse_d":162,"nse_e":12,"nse_predominante":"D"},"geometry":{"type":"Polygon","coordinates":[[[-103.31923137728067,25.543245643502452],[-103.3188472074539,25.54103562322329],[-103.3180492878852,25.5385947730906],[-103.32174078641694,25.538557912462288],[-103.32171089665806,25.538290482796494],[-103.32188317656525,25.53827647321103],[-103.32237298651908,25.541770642430347],[-103.32203220625554,25.543273762175176],[-103.31923137728067,25.543245643502452]]]}},{"type":"Feature","properties":{"CVEGEO":"0503500011308","pob_total":2554,"pob_2010":2695,"pob_fem":1344,"pob_mas":1210,"hog_total":724,"hog_2010":706,"viv_habitadas":724,"viv_2010":796,"viv_total":820,"viv_deshabitadas":93,"viv_temporal":3,"vph_1dor":207,"vph_2mas_dor":513,"escolaridad":9.47,"pea":1259,"solteros":693,"casados":1038,"separados":332,"prom_hnv":2.32,"pob_0_14":604,"pob_15_24":425,"pob_25_59":1045,"pob_60mas":480,"area_km2":0.3817,"crec_pct_pob":-0.0523,"crec_abs_hog":18,"pct_pea":49.3,"pct_0_14":23.65,"pct_15_24":16.64,"pct_25_59":40.92,"pct_60mas":18.79,"crec_pct_hog":2.55,"nse_ab":26,"nse_cmas":75,"nse_c":117,"nse_cmenos":123,"nse_dmas":135,"nse_d":202,"nse_e":38,"nse_predominante":"D"},"geometry":{"type":"Polygon","coordinates":[[[-103.42095207341401,25.54761805356468],[-103.42609955269283,25.55190094222841],[-103.42280487322138,25.555232131431094],[-103.42219969313587,25.554726731536405],[-103.42169786331527,25.55521014155631],[-103.41831255408809,25.552441002126326],[-103.41879615388234,25.551912442399026],[-103.41762515419848,25.550974502288536],[-103.42095207341401,25.54761805356468]]]}},{"type":"Feature","properties":{"CVEGEO":"050350001272A","pob_total":1542,"pob_2010":1649,"pob_fem":795,"pob_mas":747,"hog_total":466,"hog_2010":479,"viv_habitadas":467,"viv_2010":591,"viv_total":621,"viv_deshabitadas":129,"viv_temporal":25,"vph_1dor":105,"vph_2mas_dor":360,"escolaridad":9.88,"pea":746,"solteros":461,"casados":603,"separados":222,"prom_hnv":2.2,"pob_0_14":310,"pob_15_24":226,"pob_25_59":675,"pob_60mas":331,"area_km2":0.2095,"crec_pct_pob":-0.0649,"crec_abs_hog":-13,"pct_pea":48.38,"pct_0_14":20.1,"pct_15_24":14.66,"pct_25_59":43.77,"pct_60mas":21.47,"crec_pct_hog":-2.71,"nse_ab":12,"nse_cmas":44,"nse_c":63,"nse_cmenos":65,"nse_dmas":64,"nse_d":133,"nse_e":22,"nse_predominante":"D"},"geometry":{"type":"Polygon","coordinates":[[[-103.45271649680942,25.53574220605136],[-103.44437483852069,25.535729286238137],[-103.44440392846893,25.533249026935746],[-103.44870048775826,25.533275406297008],[-103.44870997773205,25.53234045719724],[-103.45270712645038,25.535049796189004],[-103.45271649680942,25.53574220605136]]]}},{"type":"Feature","properties":{"CVEGEO":"0503500010070","pob_total":3163,"pob_2010":3568,"pob_fem":1657,"pob_mas":1506,"hog_total":947,"hog_2010":904,"viv_habitadas":947,"viv_2010":1049,"viv_total":1070,"viv_deshabitadas":112,"viv_temporal":11,"vph_1dor":229,"vph_2mas_dor":706,"escolaridad":9.98,"pea":1700,"solteros":937,"casados":1293,"separados":391,"prom_hnv":2.27,"pob_0_14":634,"pob_15_24":514,"pob_25_59":1405,"pob_60mas":610,"area_km2":0.5164,"crec_pct_pob":-0.1135,"crec_abs_hog":43,"pct_pea":53.75,"pct_0_14":20.04,"pct_15_24":16.25,"pct_25_59":44.42,"pct_60mas":19.29,"crec_pct_hog":4.76,"nse_ab":55,"nse_cmas":136,"nse_c":155,"nse_cmenos":171,"nse_dmas":139,"nse_d":214,"nse_e":60,"nse_predominante":"D"},"geometry":{"type":"Polygon","coordinates":[[[-103.41830764353354,25.57281089792781],[-103.4160985945718,25.570475938313017],[-103.41614996418735,25.561020930156978],[-103.42366098275649,25.568579559552838],[-103.41830764353354,25.57281089792781]]]}},{"type":"Feature","properties":{"CVEGEO":"0503500011721","pob_total":1992,"pob_2010":2268,"pob_fem":1007,"pob_mas":985,"hog_total":603,"hog_2010":640,"viv_habitadas":603,"viv_2010":823,"viv_total":776,"viv_deshabitadas":165,"viv_temporal":8,"vph_1dor":181,"vph_2mas_dor":422,"escolaridad":9.11,"pea":942,"solteros":591,"casados":810,"separados":239,"prom_hnv":2.23,"pob_0_14":444,"pob_15_24":317,"pob_25_59":852,"pob_60mas":379,"area_km2":0.248,"crec_pct_pob":-0.1217,"crec_abs_hog":-37,"pct_pea":47.29,"pct_0_14":22.29,"pct_15_24":15.91,"pct_25_59":42.77,"pct_60mas":19.03,"crec_pct_hog":-5.78,"nse_ab":17,"nse_cmas":44,"nse_c":59,"nse_cmenos":100,"nse_dmas":101,"nse_d":222,"nse_e":54,"nse_predominante":"D"},"geometry":{"type":"Polygon","coordinates":[[[-103.47524380140044,25.530595088049264],[-103.47728485166064,25.53639757701904],[-103.47834245087635,25.53754864623534],[-103.47805035049768,25.537675226112317],[-103.47662898169747,25.536335396527967],[-103.4750053717101,25.535604966711983],[-103.47305385189915,25.535257426562033],[-103.46736500337137,25.534732136601036],[-103.46740772385658,25.534484906497813],[-103.47170772239303,25.53331750706772],[-103.47524380140044,25.530595088049264]]]}},{"type":"Feature","properties":{"CVEGEO":"0503500012715","pob_total":1360,"pob_2010":1572,"pob_fem":695,"pob_mas":665,"hog_total":428,"hog_2010":424,"viv_habitadas":428,"viv_2010":541,"viv_total":513,"viv_deshabitadas":79,"viv_temporal":6,"vph_1dor":99,"vph_2mas_dor":326,"escolaridad":9.4,"pea":655,"solteros":419,"casados":507,"separados":210,"prom_hnv":2.12,"pob_0_14":273,"pob_15_24":209,"pob_25_59":586,"pob_60mas":292,"area_km2":0.0844,"crec_pct_pob":-0.1349,"crec_abs_hog":4,"pct_pea":48.16,"pct_0_14":20.07,"pct_15_24":15.37,"pct_25_59":43.09,"pct_60mas":21.47,"crec_pct_hog":0.94,"nse_ab":7,"nse_cmas":30,"nse_c":53,"nse_cmenos":61,"nse_dmas":83,"nse_d":155,"nse_e":25,"nse_predominante":"D"},"geometry":{"type":"Polygon","coordinates":[[[-103.45519648648059,25.535768426185236],[-103.45271649680942,25.53574220605136],[-103.45274371688289,25.53273948703432],[-103.45536240663144,25.532829966707006],[-103.45519648648059,25.535768426185236]]]}},{"type":"Feature","properties":{"CVEGEO":"0503500011933","pob_total":1968,"pob_2010":1968,"pob_fem":986,"pob_mas":982,"hog_total":523,"hog_2010":487,"viv_habitadas":524,"viv_2010":578,"viv_total":601,"viv_deshabitadas":59,"viv_temporal":18,"vph_1dor":99,"vph_2mas_dor":424,"escolaridad":10.0,"pea":1040,"solteros":539,"casados":858,"separados":169,"prom_hnv":2.03,"pob_0_14":496,"pob_15_24":394,"pob_25_59":931,"pob_60mas":147,"area_km2":0.2547,"crec_pct_pob":0.0,"crec_abs_hog":36,"pct_pea":52.85,"pct_0_14":25.2,"pct_15_24":20.02,"pct_25_59":47.31,"pct_60mas":7.47,"crec_pct_hog":7.39,"nse_ab":11,"nse_cmas":41,"nse_c":103,"nse_cmenos":114,"nse_dmas":107,"nse_d":129,"nse_e":16,"nse_predominante":"D"},"geometry":{"type":"Polygon","coordinates":[[[-103.411212337617,25.49364877354378],[-103.40936881804588,25.495534382681523],[-103.40346864958195,25.490900433922768],[-103.40424459952798,25.490091144363657],[-103.4024931598928,25.488722284236058],[-103.40363856912073,25.48774146440324],[-103.411212337617,25.49364877354378]]]}},{"type":"Feature","properties":{"CVEGEO":"0503500012908","pob_total":3416,"pob_2010":3144,"pob_fem":1775,"pob_mas":1641,"hog_total":993,"hog_2010":812,"viv_habitadas":994,"viv_2010":1188,"viv_total":1182,"viv_deshabitadas":154,"viv_temporal":34,"vph_1dor":195,"vph_2mas_dor":794,"escolaridad":11.1,"pea":1693,"solteros":947,"casados":1452,"separados":315,"prom_hnv":1.99,"pob_0_14":852,"pob_15_24":613,"pob_25_59":1640,"pob_60mas":311,"area_km2":0.3319,"crec_pct_pob":0.0865,"crec_abs_hog":181,"pct_pea":49.56,"pct_0_14":24.94,"pct_15_24":17.94,"pct_25_59":48.01,"pct_60mas":9.1,"crec_pct_hog":22.29,"nse_ab":64,"nse_cmas":151,"nse_c":196,"nse_cmenos":192,"nse_dmas":150,"nse_d":216,"nse_e":19,"nse_predominante":"D"},"geometry":{"type":"Polygon","coordinates":[[[-103.3432884616016,25.527442039650044],[-103.34333712244307,25.52132247619469],[-103.34685621136565,25.519749176846652],[-103.34776317138588,25.52138174674503],[-103.347595030704,25.521885257283436],[-103.34755438086924,25.52746531559217],[-103.3432884616016,25.527442039650044]]]}},{"type":"Feature","properties":{"CVEGEO":"050350001308A","pob_total":1328,"pob_2010":1515,"pob_fem":648,"pob_mas":680,"hog_total":364,"hog_2010":377,"viv_habitadas":364,"viv_2010":466,"viv_total":466,"viv_deshabitadas":93,"viv_temporal":9,"vph_1dor":116,"vph_2mas_dor":246,"escolaridad":8.89,"pea":628,"solteros":365,"casados":543,"separados":115,"prom_hnv":2.15,"pob_0_14":361,"pob_15_24":252,"pob_25_59":607,"pob_60mas":108,"area_km2":0.2506,"crec_pct_pob":-0.1234,"crec_abs_hog":-13,"pct_pea":47.29,"pct_0_14":27.18,"pct_15_24":18.98,"pct_25_59":45.71,"pct_60mas":8.13,"crec_pct_hog":-3.45,"nse_ab":13,"nse_cmas":24,"nse_c":43,"nse_cmenos":51,"nse_dmas":77,"nse_d":119,"nse_e":34,"nse_predominante":"D"},"geometry":{"type":"Polygon","coordinates":[[[-103.41572344351529,25.58575733630068],[-103.41564324366159,25.583762156415176],[-103.41774699303153,25.582756016853956],[-103.42241458294032,25.58168727704848],[-103.42274786222282,25.58296424653999],[-103.42269164247959,25.583196216288478],[-103.42250787210219,25.583226477406562],[-103.42229581418361,25.584809578204176],[-103.41970939166033,25.58517353578576],[-103.41945021319229,25.585736016863503],[-103.41728818355104,25.58628621627542],[-103.41735938395755,25.586421496643972],[-103.4170472137419,25.586712736362312],[-103.4183180134026,25.587167586768604],[-103.41662229364265,25.58737701580911],[-103.41572344351529,25.58575733630068]]]}},{"type":"Feature","properties":{"CVEGEO":"0503500011670","pob_total":1702,"pob_2010":1910,"pob_fem":873,"pob_mas":829,"hog_total":565,"hog_2010":526,"viv_habitadas":565,"viv_2010":614,"viv_total":632,"viv_deshabitadas":56,"viv_temporal":11,"vph_1dor":130,"vph_2mas_dor":435,"escolaridad":12.72,"pea":873,"solteros":522,"casados":710,"separados":262,"prom_hnv":2.0,"pob_0_14":247,"pob_15_24":207,"pob_25_59":795,"pob_60mas":453,"area_km2":0.2527,"crec_pct_pob":-0.1089,"crec_abs_hog":39,"pct_pea":51.29,"pct_0_14":14.51,"pct_15_24":12.16,"pct_25_59":46.71,"pct_60mas":26.62,"crec_pct_hog":7.41,"nse_ab":100,"nse_cmas":143,"nse_c":101,"nse_cmenos":92,"nse_dmas":60,"nse_d":59,"nse_e":9,"nse_predominante":"C+"},"geometry":{"type":"Polygon","coordinates":[[[-103.43103663242418,25.527426177188598],[-103.42526381384727,25.52419239793483],[-103.42646190267786,25.522404968039382],[-103.42742032309349,25.52294017800409],[-103.42851926283367,25.52135394870709],[-103.43190361170701,25.52324091843083],[-103.4313826315096,25.524010338101682],[-103.43224661150535,25.52448771750206],[-103.43167658185665,25.525327917348577],[-103.43223223173075,25.52564319755869],[-103.43103663242418,25.527426177188598]]]}},{"type":"Feature","properties":{"CVEGEO":"0503500013111","pob_total":1252,"pob_2010":1277,"pob_fem":655,"pob_mas":597,"hog_total":362,"hog_2010":340,"viv_habitadas":362,"viv_2010":454,"viv_total":422,"viv_deshabitadas":50,"viv_temporal":10,"vph_1dor":72,"vph_2mas_dor":290,"escolaridad":10.64,"pea":625,"solteros":394,"casados":529,"separados":127,"prom_hnv":2.01,"pob_0_14":275,"pob_15_24":265,"pob_25_59":596,"pob_60mas":116,"area_km2":0.4226,"crec_pct_pob":-0.0196,"crec_abs_hog":22,"pct_pea":49.92,"pct_0_14":21.96,"pct_15_24":21.17,"pct_25_59":47.6,"pct_60mas":9.27,"crec_pct_hog":6.47,"nse_ab":25,"nse_cmas":47,"nse_c":69,"nse_cmenos":68,"nse_dmas":65,"nse_d":77,"nse_e":9,"nse_predominante":"D"},"geometry":{"type":"Polygon","coordinates":[[[-103.39984378969059,25.507706940748008],[-103.39479805102519,25.51252288918776],[-103.39445622090628,25.512302779217443],[-103.38914557223667,25.512288859113127],[-103.38905210167961,25.51249422970129],[-103.38667128240702,25.51246524898299],[-103.38936351230072,25.509084939681035],[-103.39232311110672,25.510949210095948],[-103.39493894121648,25.507633320088775],[-103.39502260058552,25.505598580717752],[-103.39440027140674,25.505249551080933],[-103.39474107075458,25.50477171061367],[-103.39973395931501,25.50758654052964],[-103.39984378969059,25.507706940748008]]]}},{"type":"Feature","properties":{"CVEGEO":"0503500011844","pob_total":2257,"pob_2010":3278,"pob_fem":1170,"pob_mas":1087,"hog_total":667,"hog_2010":878,"viv_habitadas":667,"viv_2010":1058,"viv_total":868,"viv_deshabitadas":188,"viv_temporal":13,"vph_1dor":204,"vph_2mas_dor":462,"escolaridad":9.21,"pea":1015,"solteros":708,"casados":867,"separados":329,"prom_hnv":2.38,"pob_0_14":448,"pob_15_24":363,"pob_25_59":1006,"pob_60mas":440,"area_km2":0.3373,"crec_pct_pob":-0.3115,"crec_abs_hog":-211,"pct_pea":44.97,"pct_0_14":19.85,"pct_15_24":16.08,"pct_25_59":44.57,"pct_60mas":19.49,"crec_pct_hog":-24.03,"nse_ab":23,"nse_cmas":58,"nse_c":91,"nse_cmenos":98,"nse_dmas":84,"nse_d":221,"nse_e":87,"nse_predominante":"D"},"geometry":{"type":"Polygon","coordinates":[[[-103.43552136094252,25.518008339076996],[-103.43902696049412,25.51348192007118],[-103.43978804027871,25.51399409019058],[-103.44022010043155,25.513301200256016],[-103.44053865982539,25.51368374059913],[-103.4409980603723,25.51385715004165],[-103.44120644044948,25.513846540483943],[-103.44174006955258,25.513275410053364],[-103.44243752926579,25.51367797012465],[-103.44274101016052,25.51326835046471],[-103.44349394919749,25.513734650479623],[-103.44181579002677,25.515984180202363],[-103.4425668392082,25.516450769567236],[-103.43956293014986,25.520533908608556],[-103.43910549046149,25.520303548592327],[-103.4386271601421,25.520476688742885],[-103.43867547053205,25.520119459267992],[-103.43853046071254,25.51987068865662],[-103.43552136094252,25.518008339076996]]]}},{"type":"Feature","properties":{"CVEGEO":"0503500011685","pob_total":2518,"pob_2010":2871,"pob_fem":1294,"pob_mas":1224,"hog_total":787,"hog_2010":732,"viv_habitadas":787,"viv_2010":870,"viv_total":904,"viv_deshabitadas":105,"viv_temporal":12,"vph_1dor":185,"vph_2mas_dor":599,"escolaridad":10.76,"pea":1162,"solteros":871,"casados":982,"separados":333,"prom_hnv":2.12,"pob_0_14":423,"pob_15_24":418,"pob_25_59":1123,"pob_60mas":554,"area_km2":0.2743,"crec_pct_pob":-0.123,"crec_abs_hog":55,"pct_pea":46.15,"pct_0_14":16.8,"pct_15_24":16.6,"pct_25_59":44.6,"pct_60mas":22.0,"crec_pct_hog":7.51,"nse_ab":47,"nse_cmas":105,"nse_c":124,"nse_cmenos":119,"nse_dmas":89,"nse_d":240,"nse_e":43,"nse_predominante":"D"},"geometry":{"type":"Polygon","coordinates":[[[-103.42087824465152,25.521735778475076],[-103.42210449438214,25.51995954819227],[-103.42319613431776,25.520566078559522],[-103.42481578373624,25.518203919176173],[-103.4290348328359,25.520572978219032],[-103.42742032309349,25.52294017800409],[-103.42646190267786,25.522404968039382],[-103.42526381384727,25.52419239793483],[-103.42087824465152,25.521735778475076]]]}},{"type":"Feature","properties":{"CVEGEO":"0503500013588","pob_total":2413,"pob_2010":2182,"pob_fem":1205,"pob_mas":1208,"hog_total":705,"hog_2010":597,"viv_habitadas":705,"viv_2010":859,"viv_total":839,"viv_deshabitadas":126,"viv_temporal":8,"vph_1dor":152,"vph_2mas_dor":551,"escolaridad":11.16,"pea":1216,"solteros":656,"casados":1058,"separados":183,"prom_hnv":1.81,"pob_0_14":659,"pob_15_24":512,"pob_25_59":1122,"pob_60mas":120,"area_km2":0.2013,"crec_pct_pob":0.1059,"crec_abs_hog":108,"pct_pea":50.39,"pct_0_14":27.31,"pct_15_24":21.22,"pct_25_59":46.5,"pct_60mas":4.97,"crec_pct_hog":18.09,"nse_ab":28,"nse_cmas":99,"nse_c":161,"nse_cmenos":156,"nse_dmas":117,"nse_d":131,"nse_e":10,"nse_predominante":"C"},"geometry":{"type":"Polygon","coordinates":[[[-103.32197423614338,25.5385768830023],[-103.3256782556045,25.538509442692455],[-103.32584694451032,25.539531653963117],[-103.32622017573357,25.539810943197157],[-103.32591377430191,25.540147113027125],[-103.32640006549995,25.543100801939513],[-103.32203220625554,25.543273762175176],[-103.32237298651908,25.541770642430347],[-103.32197423614338,25.5385768830023]]]}},{"type":"Feature","properties":{"CVEGEO":"0503500013304","pob_total":451,"pob_2010":496,"pob_fem":216,"pob_mas":235,"hog_total":118,"hog_2010":116,"viv_habitadas":118,"viv_2010":166,"viv_total":165,"viv_deshabitadas":42,"viv_temporal":5,"vph_1dor":39,"vph_2mas_dor":79,"escolaridad":7.9,"pea":220,"solteros":122,"casados":190,"separados":31,"prom_hnv":2.27,"pob_0_14":131,"pob_15_24":98,"pob_25_59":188,"pob_60mas":34,"area_km2":1.5384,"crec_pct_pob":-0.0907,"crec_abs_hog":2,"pct_pea":48.78,"pct_0_14":29.05,"pct_15_24":21.73,"pct_25_59":41.69,"pct_60mas":7.54,"crec_pct_hog":1.72,"nse_ab":5,"nse_cmas":3,"nse_c":8,"nse_cmenos":12,"nse_dmas":17,"nse_d":49,"nse_e":23,"nse_predominante":"D"},"geometry":{"type":"Polygon","coordinates":[[[-103.42292239208169,25.58768575609959],[-103.42279087147709,25.58452906582653],[-103.42309464247363,25.58319923731364],[-103.42269164247959,25.583196216288478],[-103.42241458294032,25.58168727704848],[-103.44085334714296,25.577552848822474],[-103.4412551482861,25.57865335770193],[-103.44129757680257,25.57938798841615],[-103.4407046582122,25.58055518833066],[-103.44023380739209,25.58060073761548],[-103.44009549707405,25.58102710785601],[-103.44043397844042,25.581180107178408],[-103.44074388869714,25.58168684766424],[-103.43804078854352,25.581495847460182],[-103.43702946897125,25.581680966704546],[-103.43615969944932,25.582063526691098],[-103.43535774960786,25.58277335637179],[-103.434008559685,25.58507403622172],[-103.43338155940177,25.5867965059908],[-103.43329105973798,25.588077875885915],[-103.43363255879578,25.589126015596776],[-103.43257263995791,25.59048750590786],[-103.43155169873701,25.59106321507928],[-103.4306820603637,25.59226836474585],[-103.4228264613614,25.5885874956649],[-103.4226227020736,25.587719476652715],[-103.42292239208169,25.58768575609959]]]}},{"type":"Feature","properties":{"CVEGEO":"0503500014232","pob_total":4692,"pob_2010":3172,"pob_fem":2366,"pob_mas":2326,"hog_total":1284,"hog_2010":815,"viv_habitadas":1286,"viv_2010":1745,"viv_total":1781,"viv_deshabitadas":371,"viv_temporal":124,"vph_1dor":251,"vph_2mas_dor":1032,"escolaridad":8.55,"pea":2125,"solteros":1008,"casados":1968,"separados":324,"prom_hnv":2.04,"pob_0_14":1695,"pob_15_24":846,"pob_25_59":2000,"pob_60mas":151,"area_km2":0.3712,"crec_pct_pob":0.4792,"crec_abs_hog":469,"pct_pea":45.29,"pct_0_14":36.13,"pct_15_24":18.03,"pct_25_59":42.63,"pct_60mas":3.22,"crec_pct_hog":57.55,"nse_ab":4,"nse_cmas":41,"nse_c":120,"nse_cmenos":199,"nse_dmas":286,"nse_d":537,"nse_e":93,"nse_predominante":"D"},"geometry":{"type":"Polygon","coordinates":[[[-103.35646412006855,25.488874052367983],[-103.35656047991378,25.491116091965356],[-103.3523959806631,25.492437812890554],[-103.34167952313769,25.49629555269023],[-103.34136169314297,25.495568631335292],[-103.34066551374703,25.495784631110272],[-103.34019154363119,25.494737831578686],[-103.35646412006855,25.488874052367983]]]}},{"type":"Feature","properties":{"CVEGEO":"050350001176A","pob_total":2638,"pob_2010":2878,"pob_fem":1400,"pob_mas":1238,"hog_total":729,"hog_2010":724,"viv_habitadas":729,"viv_2010":815,"viv_total":804,"viv_deshabitadas":65,"viv_temporal":10,"vph_1dor":184,"vph_2mas_dor":545,"escolaridad":9.06,"pea":1250,"solteros":716,"casados":1062,"separados":343,"prom_hnv":2.27,"pob_0_14":656,"pob_15_24":456,"pob_25_59":1128,"pob_60mas":398,"area_km2":0.1991,"crec_pct_pob":-0.0834,"crec_abs_hog":5,"pct_pea":47.38,"pct_0_14":24.87,"pct_15_24":17.29,"pct_25_59":42.76,"pct_60mas":15.09,"crec_pct_hog":0.69,"nse_ab":30,"nse_cmas":44,"nse_c":117,"nse_cmenos":110,"nse_dmas":128,"nse_d":241,"nse_e":55,"nse_predominante":"D"},"geometry":{"type":"Polygon","coordinates":[[[-103.43117987174337,25.517561459684377],[-103.43453176105464,25.519420208551786],[-103.43190361170701,25.52324091843083],[-103.42851926283367,25.52135394870709],[-103.43117987174337,25.517561459684377]]]}},{"type":"Feature","properties":{"CVEGEO":"0503500010390","pob_total":1835,"pob_2010":2175,"pob_fem":967,"pob_mas":868,"hog_total":718,"hog_2010":656,"viv_habitadas":721,"viv_2010":781,"viv_total":789,"viv_deshabitadas":61,"viv_temporal":7,"vph_1dor":195,"vph_2mas_dor":523,"escolaridad":15.3,"pea":1009,"solteros":570,"casados":903,"separados":247,"prom_hnv":1.79,"pob_0_14":147,"pob_15_24":177,"pob_25_59":860,"pob_60mas":651,"area_km2":0.8084,"crec_pct_pob":-0.1563,"crec_abs_hog":62,"pct_pea":54.99,"pct_0_14":8.01,"pct_15_24":9.65,"pct_25_59":46.87,"pct_60mas":35.48,"crec_pct_hog":9.45,"nse_ab":271,"nse_cmas":242,"nse_c":113,"nse_cmenos":52,"nse_dmas":20,"nse_d":18,"nse_e":null,"nse_predominante":"A/B"},"geometry":{"type":"Polygon","coordinates":[[[-103.41533023588545,25.52738577725343],[-103.41868078447102,25.52741900689987],[-103.41879529463868,25.527224196806625],[-103.42105459372716,25.52851145736643],[-103.4214942437018,25.528395706621527],[-103.4216443942293,25.528532287232835],[-103.42161773375177,25.528802877289344],[-103.42367963321728,25.52999520631219],[-103.42403389390556,25.529911316856985],[-103.4252848932258,25.530606476783984],[-103.42540815293265,25.5309448865452],[-103.42649013289724,25.531531656542732],[-103.42533506285208,25.533239846537004],[-103.42508247325794,25.5332379357647],[-103.42519716267412,25.53344373587994],[-103.42508126279974,25.533639365992144],[-103.42512066346595,25.535611845217925],[-103.41527286566782,25.5355483053476],[-103.41533023588545,25.52738577725343]]]}},{"type":"Feature","properties":{"CVEGEO":"0503500011064","pob_total":3112,"pob_2010":3374,"pob_fem":1634,"pob_mas":1478,"hog_total":1007,"hog_2010":890,"viv_habitadas":1007,"viv_2010":1084,"viv_total":1114,"viv_deshabitadas":88,"viv_temporal":19,"vph_1dor":146,"vph_2mas_dor":861,"escolaridad":14.54,"pea":1711,"solteros":1030,"casados":1454,"separados":292,"prom_hnv":1.65,"pob_0_14":430,"pob_15_24":502,"pob_25_59":1577,"pob_60mas":603,"area_km2":0.6701,"crec_pct_pob":-0.0777,"crec_abs_hog":117,"pct_pea":54.98,"pct_0_14":13.82,"pct_15_24":16.13,"pct_25_59":50.67,"pct_60mas":19.38,"crec_pct_hog":13.15,"nse_ab":402,"nse_cmas":301,"nse_c":137,"nse_cmenos":86,"nse_dmas":45,"nse_d":29,"nse_e":null,"nse_predominante":"A/B"},"geometry":{"type":"Polygon","coordinates":[[[-103.39622444989584,25.511157489588474],[-103.39615259982959,25.521981997442523],[-103.38637264222145,25.521915907703853],[-103.38637347272162,25.52052133815123],[-103.39622444989584,25.511157489588474]]]}},{"type":"Feature","properties":{"CVEGEO":"0503500011011","pob_total":2452,"pob_2010":2284,"pob_fem":1244,"pob_mas":1208,"hog_total":731,"hog_2010":618,"viv_habitadas":731,"viv_2010":838,"viv_total":895,"viv_deshabitadas":127,"viv_temporal":37,"vph_1dor":161,"vph_2mas_dor":569,"escolaridad":11.9,"pea":1402,"solteros":738,"casados":1039,"separados":258,"prom_hnv":1.82,"pob_0_14":515,"pob_15_24":432,"pob_25_59":1208,"pob_60mas":297,"area_km2":1.0964,"crec_pct_pob":0.0736,"crec_abs_hog":113,"pct_pea":57.18,"pct_0_14":21.0,"pct_15_24":17.62,"pct_25_59":49.27,"pct_60mas":12.11,"crec_pct_hog":18.28,"nse_ab":109,"nse_cmas":159,"nse_c":154,"nse_cmenos":103,"nse_dmas":92,"nse_d":90,"nse_e":19,"nse_predominante":"C+"},"geometry":{"type":"Polygon","coordinates":[[[-103.38456028220183,25.53604068435112],[-103.37863005316396,25.536085135443976],[-103.37821942295227,25.535800764564673],[-103.37373070416481,25.535784345065792],[-103.37368745459516,25.53503954300966],[-103.37586220453511,25.535043424922247],[-103.37591505425446,25.530399565863206],[-103.38637347272162,25.52052133815123],[-103.38633844206603,25.52507045711489],[-103.38718242193535,25.525080607081662],[-103.38717742204594,25.5263117066115],[-103.38846713155287,25.52632087641959],[-103.38845976119441,25.52778714631717],[-103.3886085111911,25.527811946761684],[-103.38822445205912,25.52848316663265],[-103.38535025231334,25.52711634658915],[-103.38501410238987,25.527748625905954],[-103.38500339242802,25.529553206347572],[-103.3838966827587,25.52959105607266],[-103.38406353281617,25.53511067474313],[-103.38457944216816,25.535114144784586],[-103.38456028220183,25.53604068435112]]]}},{"type":"Feature","properties":{"CVEGEO":"050350001137A","pob_total":2015,"pob_2010":2320,"pob_fem":1041,"pob_mas":974,"hog_total":677,"hog_2010":630,"viv_habitadas":677,"viv_2010":769,"viv_total":783,"viv_deshabitadas":85,"viv_temporal":21,"vph_1dor":114,"vph_2mas_dor":561,"escolaridad":13.69,"pea":1100,"solteros":642,"casados":864,"separados":238,"prom_hnv":1.78,"pob_0_14":334,"pob_15_24":327,"pob_25_59":1051,"pob_60mas":303,"area_km2":0.3306,"crec_pct_pob":-0.1315,"crec_abs_hog":47,"pct_pea":54.59,"pct_0_14":16.58,"pct_15_24":16.23,"pct_25_59":52.16,"pct_60mas":15.04,"crec_pct_hog":7.46,"nse_ab":156,"nse_cmas":184,"nse_c":137,"nse_cmenos":101,"nse_dmas":40,"nse_d":54,"nse_e":4,"nse_predominante":"C+"},"geometry":{"type":"Polygon","coordinates":[[[-103.38131265315495,25.540744444007608],[-103.38132202337937,25.536030054964833],[-103.38410756209677,25.53603193482656],[-103.38412660265818,25.536871884531614],[-103.38987710129997,25.536935674292643],[-103.38985696064161,25.537936974512352],[-103.3886431616694,25.537931054348494],[-103.3886100518221,25.540291534353443],[-103.38408136217066,25.540239073708406],[-103.38407268187567,25.540793883599825],[-103.38131265315495,25.540744444007608]]]}},{"type":"Feature","properties":{"CVEGEO":"0503500011952","pob_total":2445,"pob_2010":2636,"pob_fem":1283,"pob_mas":1162,"hog_total":764,"hog_2010":722,"viv_habitadas":764,"viv_2010":874,"viv_total":872,"viv_deshabitadas":97,"viv_temporal":11,"vph_1dor":147,"vph_2mas_dor":617,"escolaridad":12.39,"pea":1245,"solteros":700,"casados":1070,"separados":251,"prom_hnv":1.71,"pob_0_14":512,"pob_15_24":370,"pob_25_59":1227,"pob_60mas":336,"area_km2":0.2388,"crec_pct_pob":-0.0725,"crec_abs_hog":42,"pct_pea":50.92,"pct_0_14":20.94,"pct_15_24":15.13,"pct_25_59":50.18,"pct_60mas":13.74,"crec_pct_hog":5.82,"nse_ab":74,"nse_cmas":122,"nse_c":121,"nse_cmenos":79,"nse_dmas":62,"nse_d":49,"nse_e":4,"nse_predominante":"C+"},"geometry":{"type":"Polygon","coordinates":[[[-103.40724399524962,25.589833354367773],[-103.40951899531991,25.58613887540382],[-103.4119033345401,25.58576927542753],[-103.41365633410396,25.584909586006518],[-103.41431764422245,25.588866964663207],[-103.40790029522064,25.590248364489103],[-103.40724399524962,25.589833354367773]]]}},{"type":"Feature","properties":{"CVEGEO":"0503500013380","pob_total":5866,"pob_2010":5560,"pob_fem":3024,"pob_mas":2842,"hog_total":1781,"hog_2010":1459,"viv_habitadas":1781,"viv_2010":2104,"viv_total":2173,"viv_deshabitadas":379,"viv_temporal":13,"vph_1dor":226,"vph_2mas_dor":1549,"escolaridad":10.81,"pea":3002,"solteros":1673,"casados":2507,"separados":460,"prom_hnv":1.65,"pob_0_14":1514,"pob_15_24":1185,"pob_25_59":2849,"pob_60mas":318,"area_km2":0.3372,"crec_pct_pob":0.055,"crec_abs_hog":322,"pct_pea":51.18,"pct_0_14":25.81,"pct_15_24":20.2,"pct_25_59":48.57,"pct_60mas":5.42,"crec_pct_hog":22.07,"nse_ab":56,"nse_cmas":191,"nse_c":312,"nse_cmenos":341,"nse_dmas":328,"nse_d":506,"nse_e":38,"nse_predominante":"D"},"geometry":{"type":"Polygon","coordinates":[[[-103.38601576263659,25.50314178090729],[-103.37944699451292,25.498896921863636],[-103.38074850377403,25.497212711868613],[-103.38823250240839,25.501422721610137],[-103.38841030250089,25.501200011731456],[-103.39005650224611,25.50194249105687],[-103.38710604283696,25.505887850211447],[-103.3849548429588,25.50449792104551],[-103.38601576263659,25.50314178090729]]]}},{"type":"Feature","properties":{"CVEGEO":"0503500011473","pob_total":1077,"pob_2010":1207,"pob_fem":585,"pob_mas":492,"hog_total":404,"hog_2010":393,"viv_habitadas":405,"viv_2010":470,"viv_total":513,"viv_deshabitadas":99,"viv_temporal":9,"vph_1dor":122,"vph_2mas_dor":281,"escolaridad":12.81,"pea":533,"solteros":385,"casados":399,"separados":203,"prom_hnv":1.9,"pob_0_14":119,"pob_15_24":137,"pob_25_59":493,"pob_60mas":328,"area_km2":0.3208,"crec_pct_pob":-0.1077,"crec_abs_hog":11,"pct_pea":49.49,"pct_0_14":11.05,"pct_15_24":12.72,"pct_25_59":45.78,"pct_60mas":30.45,"crec_pct_hog":2.8,"nse_ab":56,"nse_cmas":91,"nse_c":65,"nse_cmenos":55,"nse_dmas":51,"nse_d":74,"nse_e":13,"nse_predominante":"C+"},"geometry":{"type":"Polygon","coordinates":[[[-103.42902789220196,25.536246905248746],[-103.4279179523225,25.536244645781185],[-103.42790543229961,25.538216245523138],[-103.4276691328889,25.538207515217533],[-103.42762635286722,25.541133684767132],[-103.42787238274227,25.54114125505587],[-103.42787818259517,25.543031564625707],[-103.42366150342477,25.543025004156238],[-103.42370066317169,25.537272845089284],[-103.42475016330054,25.53730077552368],[-103.42476018280385,25.53621573537684],[-103.42582087294001,25.536227145167313],[-103.42578693280117,25.53560811568923],[-103.42905784243881,25.53561728588207],[-103.42902789220196,25.536246905248746]]]}},{"type":"Feature","properties":{"CVEGEO":"0503500011187","pob_total":2372,"pob_2010":2665,"pob_fem":1244,"pob_mas":1128,"hog_total":701,"hog_2010":685,"viv_habitadas":701,"viv_2010":729,"viv_total":733,"viv_deshabitadas":31,"viv_temporal":0,"vph_1dor":115,"vph_2mas_dor":586,"escolaridad":10.74,"pea":1003,"solteros":704,"casados":970,"separados":325,"prom_hnv":2.13,"pob_0_14":464,"pob_15_24":349,"pob_25_59":965,"pob_60mas":594,"area_km2":0.1784,"crec_pct_pob":-0.1099,"crec_abs_hog":16,"pct_pea":42.28,"pct_0_14":19.56,"pct_15_24":14.71,"pct_25_59":40.68,"pct_60mas":25.04,"crec_pct_hog":2.34,"nse_ab":57,"nse_cmas":96,"nse_c":135,"nse_cmenos":142,"nse_dmas":114,"nse_d":135,"nse_e":22,"nse_predominante":"C-"},"geometry":{"type":"Polygon","coordinates":[[[-103.43561506930382,25.575451958563665],[-103.43163263069827,25.57439504781947],[-103.43077350057263,25.574134297814386],[-103.43247235037308,25.571751129005733],[-103.43290092044768,25.571899678877465],[-103.43793971899039,25.572261388770116],[-103.43561506930382,25.575451958563665]]]}},{"type":"Feature","properties":{"CVEGEO":"0503500012876","pob_total":1545,"pob_2010":2005,"pob_fem":796,"pob_mas":749,"hog_total":510,"hog_2010":543,"viv_habitadas":510,"viv_2010":671,"viv_total":636,"viv_deshabitadas":114,"viv_temporal":12,"vph_1dor":156,"vph_2mas_dor":354,"escolaridad":9.03,"pea":746,"solteros":385,"casados":731,"separados":165,"prom_hnv":2.35,"pob_0_14":333,"pob_15_24":253,"pob_25_59":696,"pob_60mas":263,"area_km2":0.1946,"crec_pct_pob":-0.2294,"crec_abs_hog":-33,"pct_pea":48.28,"pct_0_14":21.55,"pct_15_24":16.38,"pct_25_59":45.05,"pct_60mas":17.02,"crec_pct_hog":-6.08,"nse_ab":9,"nse_cmas":41,"nse_c":54,"nse_cmenos":79,"nse_dmas":72,"nse_d":189,"nse_e":65,"nse_predominante":"D"},"geometry":{"type":"Polygon","coordinates":[[[-103.46741954331753,25.52928970816468],[-103.46591995406628,25.52747779812913],[-103.46585249389601,25.527130887963967],[-103.46595308375308,25.52699128778781],[-103.46679712278755,25.526979427904898],[-103.46712577413996,25.526046568163917],[-103.46763628395746,25.525527308841056],[-103.46783317329322,25.524447688827355],[-103.4675072328639,25.524001889740454],[-103.46755768314607,25.52386630877157],[-103.46777095281467,25.52368211005909],[-103.46814226391498,25.523871248422203],[-103.46857680356855,25.523162458672143],[-103.47075331317234,25.5247028586955],[-103.47103895310032,25.524371028843127],[-103.47142477282794,25.52442765871073],[-103.47137143328854,25.524989968342894],[-103.47153072306827,25.52539711842522],[-103.47141326246916,25.525521968848253],[-103.47166734314189,25.52642254872302],[-103.47102918314113,25.526618318115467],[-103.47026295279865,25.5275599384395],[-103.46959834334646,25.527110938144897],[-103.46885485299408,25.528113847957435],[-103.4685461130604,25.5282630882149],[-103.46827000369838,25.528885487608388],[-103.46793715348005,25.529095547928854],[-103.46741954331753,25.52928970816468]]]}},{"type":"Feature","properties":{"CVEGEO":"0503500011312","pob_total":4374,"pob_2010":4685,"pob_fem":2180,"pob_mas":2194,"hog_total":1128,"hog_2010":1119,"viv_habitadas":1128,"viv_2010":1243,"viv_total":1241,"viv_deshabitadas":98,"viv_temporal":15,"vph_1dor":273,"vph_2mas_dor":852,"escolaridad":8.6,"pea":2069,"solteros":1188,"casados":1690,"separados":616,"prom_hnv":2.48,"pob_0_14":1122,"pob_15_24":770,"pob_25_59":1860,"pob_60mas":622,"area_km2":0.3154,"crec_pct_pob":-0.0664,"crec_abs_hog":9,"pct_pea":47.3,"pct_0_14":25.65,"pct_15_24":17.6,"pct_25_59":42.52,"pct_60mas":14.22,"crec_pct_hog":0.8,"nse_ab":17,"nse_cmas":83,"nse_c":146,"nse_cmenos":173,"nse_dmas":224,"nse_d":367,"nse_e":106,"nse_predominante":"D"},"geometry":{"type":"Polygon","coordinates":[[[-103.41444536545593,25.55419854139495],[-103.41158661537605,25.551894082389],[-103.41318746579253,25.550274372595425],[-103.40918424636212,25.54699884337087],[-103.410786596065,25.5453572731382],[-103.41762515419848,25.550974502288536],[-103.41444536545593,25.55419854139495]]]}},{"type":"Feature","properties":{"CVEGEO":"0503500013200","pob_total":1228,"pob_2010":1441,"pob_fem":644,"pob_mas":584,"hog_total":366,"hog_2010":411,"viv_habitadas":366,"viv_2010":528,"viv_total":497,"viv_deshabitadas":113,"viv_temporal":18,"vph_1dor":94,"vph_2mas_dor":272,"escolaridad":9.77,"pea":626,"solteros":374,"casados":432,"separados":220,"prom_hnv":2.2,"pob_0_14":249,"pob_15_24":198,"pob_25_59":524,"pob_60mas":257,"area_km2":0.1556,"crec_pct_pob":-0.1478,"crec_abs_hog":-45,"pct_pea":50.98,"pct_0_14":20.28,"pct_15_24":16.12,"pct_25_59":42.67,"pct_60mas":20.93,"crec_pct_hog":-10.95,"nse_ab":22,"nse_cmas":34,"nse_c":39,"nse_cmenos":41,"nse_dmas":57,"nse_d":118,"nse_e":49,"nse_predominante":"D"},"geometry":{"type":"Polygon","coordinates":[[[-103.47262566249888,25.541307045352024],[-103.46916317243434,25.541520805874995],[-103.46904183262814,25.541169055595514],[-103.46784228272436,25.54124973508595],[-103.46788365276512,25.541436705783045],[-103.4668326034482,25.541511075600344],[-103.46620357390111,25.539229135484618],[-103.46900917281356,25.538575376341257],[-103.4697666329724,25.538153846423047],[-103.46988685298568,25.538279366248887],[-103.47043046278827,25.538181995795785],[-103.47065578289732,25.538777455964635],[-103.47157202242383,25.53926725551855],[-103.47106217211915,25.539984335452708],[-103.47228846205005,25.5408007655406],[-103.47255046206203,25.54082540557336],[-103.47262566249888,25.541307045352024]]]}},{"type":"Feature","properties":{"CVEGEO":"050350001048A","pob_total":2561,"pob_2010":3038,"pob_fem":1338,"pob_mas":1223,"hog_total":930,"hog_2010":881,"viv_habitadas":930,"viv_2010":1035,"viv_total":1036,"viv_deshabitadas":84,"viv_temporal":22,"vph_1dor":182,"vph_2mas_dor":746,"escolaridad":14.47,"pea":1371,"solteros":786,"casados":1221,"separados":309,"prom_hnv":1.75,"pob_0_14":293,"pob_15_24":340,"pob_25_59":1189,"pob_60mas":739,"area_km2":0.3635,"crec_pct_pob":-0.157,"crec_abs_hog":49,"pct_pea":53.53,"pct_0_14":11.44,"pct_15_24":13.28,"pct_25_59":46.43,"pct_60mas":28.86,"crec_pct_hog":5.56,"nse_ab":279,"nse_cmas":285,"nse_c":170,"nse_cmenos":113,"nse_dmas":50,"nse_d":26,"nse_e":4,"nse_predominante":"C+"},"geometry":{"type":"Polygon","coordinates":[[[-103.39615259982959,25.521981997442523],[-103.39619342011834,25.517655318675963],[-103.39818744000284,25.51847771813308],[-103.40010624902989,25.519594137782057],[-103.40131101856058,25.52000405841872],[-103.40270209905218,25.520302648364588],[-103.40408907867278,25.52009093830977],[-103.40599787803833,25.520142568025594],[-103.40596112733216,25.52402002781815],[-103.39785287939463,25.521918937310154],[-103.39615259982959,25.521981997442523]]]}},{"type":"Feature","properties":{"CVEGEO":"0503500012664","pob_total":2064,"pob_2010":2190,"pob_fem":1061,"pob_mas":1003,"hog_total":657,"hog_2010":590,"viv_habitadas":658,"viv_2010":749,"viv_total":746,"viv_deshabitadas":72,"viv_temporal":16,"vph_1dor":163,"vph_2mas_dor":494,"escolaridad":12.53,"pea":1083,"solteros":739,"casados":842,"separados":221,"prom_hnv":1.76,"pob_0_14":351,"pob_15_24":400,"pob_25_59":997,"pob_60mas":316,"area_km2":0.4606,"crec_pct_pob":-0.0575,"crec_abs_hog":67,"pct_pea":52.47,"pct_0_14":17.01,"pct_15_24":19.38,"pct_25_59":48.3,"pct_60mas":15.31,"crec_pct_hog":11.36,"nse_ab":104,"nse_cmas":141,"nse_c":121,"nse_cmenos":106,"nse_dmas":76,"nse_d":95,"nse_e":9,"nse_predominante":"C+"},"geometry":{"type":"Polygon","coordinates":[[[-103.40579473777358,25.5409697637148],[-103.39539927956348,25.540941343491067],[-103.39537473947115,25.537369044390775],[-103.39599059933687,25.53728700481488],[-103.39599184970318,25.536269404536284],[-103.4038838184252,25.53632527504724],[-103.40399186734815,25.540005514625356],[-103.40580966770428,25.540008794265827],[-103.40579473777358,25.5409697637148]]]}},{"type":"Feature","properties":{"CVEGEO":"0503500010371","pob_total":3051,"pob_2010":3294,"pob_fem":1581,"pob_mas":1470,"hog_total":1053,"hog_2010":978,"viv_habitadas":1054,"viv_2010":1202,"viv_total":1256,"viv_deshabitadas":175,"viv_temporal":27,"vph_1dor":261,"vph_2mas_dor":790,"escolaridad":12.35,"pea":1664,"solteros":981,"casados":1232,"separados":525,"prom_hnv":2.09,"pob_0_14":406,"pob_15_24":395,"pob_25_59":1405,"pob_60mas":845,"area_km2":0.7002,"crec_pct_pob":-0.0738,"crec_abs_hog":75,"pct_pea":54.54,"pct_0_14":13.31,"pct_15_24":12.95,"pct_25_59":46.05,"pct_60mas":27.7,"crec_pct_hog":7.67,"nse_ab":227,"nse_cmas":199,"nse_c":175,"nse_cmenos":135,"nse_dmas":104,"nse_d":157,"nse_e":44,"nse_predominante":"A/B"},"geometry":{"type":"Polygon","coordinates":[[[-103.42512066346595,25.535611845217925],[-103.42519716267412,25.53344373587994],[-103.42508247325794,25.5332379357647],[-103.42533506285208,25.533239846537004],[-103.42757918310535,25.5299173366603],[-103.42754553272911,25.529668806635556],[-103.42780883290034,25.529600886476338],[-103.42976393178262,25.526719227057495],[-103.43396741172572,25.528925686768925],[-103.43481367129505,25.529606227392645],[-103.43541081086873,25.529790996612466],[-103.43434792138868,25.5330014559286],[-103.43433086053787,25.53566208575456],[-103.42512066346595,25.535611845217925]]]}},{"type":"Feature","properties":{"CVEGEO":"0503500013130","pob_total":2834,"pob_2010":2775,"pob_fem":1456,"pob_mas":1378,"hog_total":741,"hog_2010":683,"viv_habitadas":741,"viv_2010":828,"viv_total":860,"viv_deshabitadas":110,"viv_temporal":9,"vph_1dor":229,"vph_2mas_dor":512,"escolaridad":9.27,"pea":1376,"solteros":772,"casados":1184,"separados":224,"prom_hnv":2.22,"pob_0_14":811,"pob_15_24":541,"pob_25_59":1213,"pob_60mas":269,"area_km2":0.3254,"crec_pct_pob":0.0213,"crec_abs_hog":58,"pct_pea":48.55,"pct_0_14":28.62,"pct_15_24":19.09,"pct_25_59":42.8,"pct_60mas":9.49,"crec_pct_hog":8.49,"nse_ab":30,"nse_cmas":70,"nse_c":123,"nse_cmenos":133,"nse_dmas":98,"nse_d":208,"nse_e":73,"nse_predominante":"D"},"geometry":{"type":"Polygon","coordinates":[[[-103.40138187926588,25.50644986110902],[-103.40472499888435,25.503636971686877],[-103.40692227821741,25.500845482342353],[-103.40939899740846,25.502615341269458],[-103.40884793754917,25.503193511961527],[-103.40870941796638,25.503692211450453],[-103.40942519716685,25.503825611426027],[-103.40669678789897,25.508122600465008],[-103.40276193905777,25.50717701029971],[-103.40138187926588,25.50644986110902]]]}},{"type":"Feature","properties":{"CVEGEO":"0503500012861","pob_total":808,"pob_2010":1130,"pob_fem":410,"pob_mas":398,"hog_total":296,"hog_2010":309,"viv_habitadas":296,"viv_2010":384,"viv_total":331,"viv_deshabitadas":34,"viv_temporal":0,"vph_1dor":131,"vph_2mas_dor":165,"escolaridad":7.76,"pea":406,"solteros":209,"casados":314,"separados":157,"prom_hnv":2.4,"pob_0_14":170,"pob_15_24":103,"pob_25_59":421,"pob_60mas":114,"area_km2":0.1526,"crec_pct_pob":-0.285,"crec_abs_hog":-13,"pct_pea":50.25,"pct_0_14":21.04,"pct_15_24":12.75,"pct_25_59":52.1,"pct_60mas":14.11,"crec_pct_hog":-4.21,"nse_ab":11,"nse_cmas":21,"nse_c":33,"nse_cmenos":34,"nse_dmas":36,"nse_d":107,"nse_e":42,"nse_predominante":"D"},"geometry":{"type":"Polygon","coordinates":[[[-103.44941771762583,25.526393317616616],[-103.4493422383342,25.522973078959286],[-103.44878220840295,25.522396538578516],[-103.44884955757048,25.521817598977286],[-103.44985743816744,25.520621608952165],[-103.45070683754159,25.52059168890454],[-103.45073548748451,25.520833429388865],[-103.4510137476204,25.520747089097803],[-103.45133095722966,25.521049278717374],[-103.45126751758445,25.52131931913394],[-103.45075517763775,25.521859888484645],[-103.45050909737124,25.52192064918865],[-103.45095677792928,25.522310168445042],[-103.45060197805022,25.522685108869847],[-103.4521621169556,25.522900878529686],[-103.45310100670343,25.524613708315858],[-103.45119485694806,25.525699058178454],[-103.45132289713847,25.525867477646155],[-103.45050783790859,25.526355568185558],[-103.44941771762583,25.526393317616616]]]}},{"type":"Feature","properties":{"CVEGEO":"0503500013126","pob_total":2711,"pob_2010":2841,"pob_fem":1399,"pob_mas":1312,"hog_total":817,"hog_2010":713,"viv_habitadas":817,"viv_2010":897,"viv_total":912,"viv_deshabitadas":86,"viv_temporal":9,"vph_1dor":155,"vph_2mas_dor":660,"escolaridad":11.95,"pea":1382,"solteros":976,"casados":1136,"separados":217,"prom_hnv":1.66,"pob_0_14":488,"pob_15_24":597,"pob_25_59":1406,"pob_60mas":220,"area_km2":0.2295,"crec_pct_pob":-0.0458,"crec_abs_hog":104,"pct_pea":50.98,"pct_0_14":18.0,"pct_15_24":22.02,"pct_25_59":51.86,"pct_60mas":8.12,"crec_pct_hog":14.59,"nse_ab":80,"nse_cmas":194,"nse_c":181,"nse_cmenos":151,"nse_dmas":91,"nse_d":103,"nse_e":14,"nse_predominante":"C+"},"geometry":{"type":"Polygon","coordinates":[[[-103.38936351230072,25.509084939681035],[-103.39329567112739,25.503946311353495],[-103.39474107075458,25.50477171061367],[-103.39440027140674,25.505249551080933],[-103.39502260058552,25.505598580717752],[-103.39493894121648,25.507633320088775],[-103.39232311110672,25.510949210095948],[-103.38936351230072,25.509084939681035]]]}},{"type":"Feature","properties":{"CVEGEO":"0503500010954","pob_total":4050,"pob_2010":4341,"pob_fem":2177,"pob_mas":1873,"hog_total":1352,"hog_2010":1264,"viv_habitadas":1352,"viv_2010":1438,"viv_total":1467,"viv_deshabitadas":100,"viv_temporal":15,"vph_1dor":253,"vph_2mas_dor":1099,"escolaridad":11.5,"pea":2091,"solteros":1254,"casados":1581,"separados":696,"prom_hnv":2.1,"pob_0_14":667,"pob_15_24":633,"pob_25_59":1731,"pob_60mas":1019,"area_km2":0.3457,"crec_pct_pob":-0.067,"crec_abs_hog":88,"pct_pea":51.63,"pct_0_14":16.47,"pct_15_24":15.63,"pct_25_59":42.74,"pct_60mas":25.16,"crec_pct_hog":6.96,"nse_ab":148,"nse_cmas":250,"nse_c":261,"nse_cmenos":213,"nse_dmas":192,"nse_d":258,"nse_e":26,"nse_predominante":"C"},"geometry":{"type":"Polygon","coordinates":[[[-103.4449624077932,25.573472678269063],[-103.44079317805841,25.57272830862771],[-103.44024397834293,25.57113876861647],[-103.44085322895582,25.57012929885019],[-103.43980014891959,25.56961769972076],[-103.44088349834067,25.568034309807118],[-103.4430973477989,25.568264400095135],[-103.4440871882051,25.566851169959307],[-103.44760452714927,25.568985109727613],[-103.4464821172845,25.56976541900164],[-103.4459063171918,25.57125844959148],[-103.44569695749945,25.5726260485722],[-103.4449624077932,25.573472678269063]]]}},{"type":"Feature","properties":{"CVEGEO":"0503500010263","pob_total":1529,"pob_2010":2094,"pob_fem":826,"pob_mas":703,"hog_total":552,"hog_2010":652,"viv_habitadas":558,"viv_2010":885,"viv_total":806,"viv_deshabitadas":230,"viv_temporal":18,"vph_1dor":157,"vph_2mas_dor":393,"escolaridad":12.23,"pea":816,"solteros":611,"casados":510,"separados":295,"prom_hnv":1.53,"pob_0_14":150,"pob_15_24":228,"pob_25_59":682,"pob_60mas":469,"area_km2":0.6105,"crec_pct_pob":-0.2698,"crec_abs_hog":-100,"pct_pea":53.37,"pct_0_14":9.81,"pct_15_24":14.91,"pct_25_59":44.6,"pct_60mas":30.67,"crec_pct_hog":-15.34,"nse_ab":69,"nse_cmas":112,"nse_c":98,"nse_cmenos":78,"nse_dmas":83,"nse_d":96,"nse_e":21,"nse_predominante":"C+"},"geometry":{"type":"Polygon","coordinates":[[[-103.43854685959205,25.535710675908064],[-103.44437483852069,25.535729286238137],[-103.44444992864652,25.541215764567557],[-103.44432151872105,25.541213654977327],[-103.44432775872916,25.545049004595157],[-103.43846133022771,25.54501191415696],[-103.43854685959205,25.535710675908064]]]}},{"type":"Feature","properties":{"CVEGEO":"0503500012772","pob_total":1126,"pob_2010":1246,"pob_fem":588,"pob_mas":538,"hog_total":397,"hog_2010":349,"viv_habitadas":397,"viv_2010":441,"viv_total":459,"viv_deshabitadas":56,"viv_temporal":6,"vph_1dor":71,"vph_2mas_dor":326,"escolaridad":14.13,"pea":569,"solteros":387,"casados":513,"separados":120,"prom_hnv":1.7,"pob_0_14":137,"pob_15_24":147,"pob_25_59":519,"pob_60mas":323,"area_km2":0.1739,"crec_pct_pob":-0.0963,"crec_abs_hog":48,"pct_pea":50.53,"pct_0_14":12.17,"pct_15_24":13.06,"pct_25_59":46.09,"pct_60mas":28.69,"crec_pct_hog":13.75,"nse_ab":127,"nse_cmas":117,"nse_c":64,"nse_cmenos":44,"nse_dmas":29,"nse_d":12,"nse_e":0,"nse_predominante":"A/B"},"geometry":{"type":"Polygon","coordinates":[[[-103.40070183953812,25.512879179210838],[-103.40193789884462,25.51394725905707],[-103.40297279868825,25.514433029609034],[-103.40287692914984,25.515237198979193],[-103.40201939905437,25.516948138998092],[-103.4018161893106,25.518200348650637],[-103.40085715883203,25.519876148036737],[-103.40010624902989,25.519594137782057],[-103.39882515917188,25.51880505849721],[-103.40070183953812,25.512879179210838]]]}},{"type":"Feature","properties":{"CVEGEO":"0503500012931","pob_total":2271,"pob_2010":2108,"pob_fem":1139,"pob_mas":1132,"hog_total":555,"hog_2010":479,"viv_habitadas":555,"viv_2010":598,"viv_total":684,"viv_deshabitadas":128,"viv_temporal":0,"vph_1dor":168,"vph_2mas_dor":387,"escolaridad":8.64,"pea":1010,"solteros":577,"casados":966,"separados":178,"prom_hnv":2.27,"pob_0_14":684,"pob_15_24":457,"pob_25_59":954,"pob_60mas":176,"area_km2":0.3092,"crec_pct_pob":0.0773,"crec_abs_hog":76,"pct_pea":44.47,"pct_0_14":30.12,"pct_15_24":20.12,"pct_25_59":42.01,"pct_60mas":7.75,"crec_pct_hog":15.87,"nse_ab":16,"nse_cmas":33,"nse_c":75,"nse_cmenos":98,"nse_dmas":85,"nse_d":202,"nse_e":42,"nse_predominante":"D"},"geometry":{"type":"Polygon","coordinates":[[[-103.39804510087728,25.492710983197217],[-103.40444652899238,25.49856721233645],[-103.40302209953656,25.497902802742004],[-103.40105830943055,25.497595322413673],[-103.39922704030133,25.49803200212075],[-103.39818807007931,25.49845968267333],[-103.3971448802245,25.497710292100795],[-103.39468796136045,25.49528581241601],[-103.39403962170746,25.495799942447903],[-103.3922246016335,25.494513373142826],[-103.39605717113307,25.493918653132994],[-103.39711782038907,25.493454832806407],[-103.39804510087728,25.492710983197217]]]}},{"type":"Feature","properties":{"CVEGEO":"0503500014162","pob_total":2994,"pob_2010":1569,"pob_fem":1473,"pob_mas":1521,"hog_total":849,"hog_2010":435,"viv_habitadas":849,"viv_2010":805,"viv_total":1030,"viv_deshabitadas":161,"viv_temporal":20,"vph_1dor":100,"vph_2mas_dor":749,"escolaridad":10.17,"pea":1334,"solteros":625,"casados":1271,"separados":228,"prom_hnv":1.99,"pob_0_14":1057,"pob_15_24":480,"pob_25_59":1338,"pob_60mas":119,"area_km2":0.2611,"crec_pct_pob":0.9082,"crec_abs_hog":414,"pct_pea":44.56,"pct_0_14":35.3,"pct_15_24":16.03,"pct_25_59":44.69,"pct_60mas":3.97,"crec_pct_hog":95.17,"nse_ab":14,"nse_cmas":59,"nse_c":119,"nse_cmenos":161,"nse_dmas":194,"nse_d":269,"nse_e":26,"nse_predominante":"D"},"geometry":{"type":"Polygon","coordinates":[[[-103.34729011118404,25.509549778646264],[-103.34957072143712,25.51396393832223],[-103.34949054060465,25.515246577748865],[-103.34725591158208,25.515201878216725],[-103.34705178181518,25.514824257932997],[-103.34594195159752,25.51484996828898],[-103.34503951186437,25.51524773810018],[-103.34307349235297,25.511469208624757],[-103.34729011118404,25.509549778646264]]]}},{"type":"Feature","properties":{"CVEGEO":"0503500013658","pob_total":2240,"pob_2010":2437,"pob_fem":1176,"pob_mas":1064,"hog_total":736,"hog_2010":636,"viv_habitadas":738,"viv_2010":783,"viv_total":846,"viv_deshabitadas":93,"viv_temporal":15,"vph_1dor":129,"vph_2mas_dor":607,"escolaridad":14.37,"pea":1173,"solteros":752,"casados":995,"separados":250,"prom_hnv":1.68,"pob_0_14":319,"pob_15_24":419,"pob_25_59":1175,"pob_60mas":327,"area_km2":0.3705,"crec_pct_pob":-0.0808,"crec_abs_hog":100,"pct_pea":52.37,"pct_0_14":14.24,"pct_15_24":18.71,"pct_25_59":52.46,"pct_60mas":14.6,"crec_pct_hog":15.72,"nse_ab":218,"nse_cmas":257,"nse_c":129,"nse_cmenos":61,"nse_dmas":37,"nse_d":30,"nse_e":null,"nse_predominante":"C+"},"geometry":{"type":"Polygon","coordinates":[[[-103.3848819927974,25.521928227490882],[-103.37959851396852,25.5219714070675],[-103.38481771274071,25.515300228912984],[-103.38659431249232,25.516382998950025],[-103.38819376239452,25.51650370811042],[-103.38942720222971,25.517577688339372],[-103.3848819927974,25.521928227490882]]]}},{"type":"Feature","properties":{"CVEGEO":"0503500012109","pob_total":1930,"pob_2010":1984,"pob_fem":1028,"pob_mas":902,"hog_total":621,"hog_2010":564,"viv_habitadas":621,"viv_2010":701,"viv_total":713,"viv_deshabitadas":76,"viv_temporal":16,"vph_1dor":136,"vph_2mas_dor":485,"escolaridad":12.8,"pea":909,"solteros":647,"casados":798,"separados":244,"prom_hnv":1.97,"pob_0_14":317,"pob_15_24":288,"pob_25_59":848,"pob_60mas":477,"area_km2":0.2183,"crec_pct_pob":-0.0272,"crec_abs_hog":57,"pct_pea":47.1,"pct_0_14":16.42,"pct_15_24":14.92,"pct_25_59":43.94,"pct_60mas":24.72,"crec_pct_hog":10.11,"nse_ab":114,"nse_cmas":143,"nse_c":129,"nse_cmenos":102,"nse_dmas":61,"nse_d":62,"nse_e":8,"nse_predominante":"C+"},"geometry":{"type":"Polygon","coordinates":[[[-103.41284292665827,25.511388809761055],[-103.41585303639572,25.506986810785726],[-103.41898932525834,25.50893443029912],[-103.41605733562024,25.51325744992426],[-103.41284292665827,25.511388809761055]]]}},{"type":"Feature","properties":{"CVEGEO":"0503500011986","pob_total":1142,"pob_2010":1231,"pob_fem":571,"pob_mas":571,"hog_total":306,"hog_2010":302,"viv_habitadas":306,"viv_2010":343,"viv_total":358,"viv_deshabitadas":42,"viv_temporal":10,"vph_1dor":73,"vph_2mas_dor":233,"escolaridad":8.69,"pea":564,"solteros":261,"casados":506,"separados":135,"prom_hnv":2.42,"pob_0_14":290,"pob_15_24":184,"pob_25_59":500,"pob_60mas":168,"area_km2":0.3302,"crec_pct_pob":-0.0723,"crec_abs_hog":4,"pct_pea":49.39,"pct_0_14":25.39,"pct_15_24":16.11,"pct_25_59":43.78,"pct_60mas":14.71,"crec_pct_hog":1.32,"nse_ab":13,"nse_cmas":24,"nse_c":51,"nse_cmenos":51,"nse_dmas":45,"nse_d":98,"nse_e":23,"nse_predominante":"D"},"geometry":{"type":"Polygon","coordinates":[[[-103.37662531213961,25.608995778956263],[-103.38171351120006,25.59799261248777],[-103.38448854108174,25.597889042850507],[-103.38448633087978,25.598283352966675],[-103.38425191123063,25.59838050229898],[-103.38256067139064,25.601991981621122],[-103.38315688122063,25.602243581553942],[-103.381592331305,25.605312731029485],[-103.38181311088915,25.60543358046356],[-103.37719857203454,25.609006980758775],[-103.37695785260996,25.60916416055342],[-103.37662531213961,25.608995778956263]]]}},{"type":"Feature","properties":{"CVEGEO":"0503500011524","pob_total":819,"pob_2010":1285,"pob_fem":448,"pob_mas":371,"hog_total":302,"hog_2010":453,"viv_habitadas":304,"viv_2010":585,"viv_total":515,"viv_deshabitadas":122,"viv_temporal":89,"vph_1dor":105,"vph_2mas_dor":195,"escolaridad":12.15,"pea":436,"solteros":316,"casados":269,"separados":143,"prom_hnv":1.76,"pob_0_14":117,"pob_15_24":113,"pob_25_59":362,"pob_60mas":227,"area_km2":0.4416,"crec_pct_pob":-0.3626,"crec_abs_hog":-151,"pct_pea":53.24,"pct_0_14":14.29,"pct_15_24":13.8,"pct_25_59":44.2,"pct_60mas":27.72,"crec_pct_hog":-33.33,"nse_ab":30,"nse_cmas":48,"nse_c":59,"nse_cmenos":48,"nse_dmas":40,"nse_d":69,"nse_e":7,"nse_predominante":"D"},"geometry":{"type":"Polygon","coordinates":[[[-103.4486016971763,25.545073374199944],[-103.44432775872916,25.545049004595157],[-103.44432151872105,25.541213654977327],[-103.44444992864652,25.541215764567557],[-103.44437483852069,25.535729286238137],[-103.44867508748227,25.535724175912947],[-103.4486016971763,25.545073374199944]]]}},{"type":"Feature","properties":{"CVEGEO":"0503500014317","pob_total":3375,"pob_2010":2680,"pob_fem":1716,"pob_mas":1659,"hog_total":992,"hog_2010":734,"viv_habitadas":992,"viv_2010":1253,"viv_total":1312,"viv_deshabitadas":235,"viv_temporal":85,"vph_1dor":163,"vph_2mas_dor":829,"escolaridad":10.18,"pea":1648,"solteros":881,"casados":1469,"separados":240,"prom_hnv":1.84,"pob_0_14":1007,"pob_15_24":622,"pob_25_59":1592,"pob_60mas":154,"area_km2":0.3317,"crec_pct_pob":0.2593,"crec_abs_hog":258,"pct_pea":48.83,"pct_0_14":29.84,"pct_15_24":18.43,"pct_25_59":47.17,"pct_60mas":4.56,"crec_pct_hog":35.15,"nse_ab":13,"nse_cmas":72,"nse_c":183,"nse_cmenos":183,"nse_dmas":234,"nse_d":283,"nse_e":24,"nse_predominante":"D"},"geometry":{"type":"Polygon","coordinates":[[[-103.32290709651407,25.552086640509106],[-103.32308615579298,25.550211770927778],[-103.32426441607518,25.54776902080351],[-103.32448572624573,25.546332801175687],[-103.32704225455494,25.54625337244527],[-103.32710083429397,25.54808224119582],[-103.32953734366686,25.547716961162468],[-103.33029145409527,25.551205500370905],[-103.3288817246837,25.55119520018769],[-103.32888718420725,25.551410940228656],[-103.32668077471966,25.551439770484755],[-103.32674740509785,25.552174900347413],[-103.32290709651407,25.552086640509106]]]}},{"type":"Feature","properties":{"CVEGEO":"050350001151A","pob_total":735,"pob_2010":927,"pob_fem":388,"pob_mas":347,"hog_total":300,"hog_2010":330,"viv_habitadas":301,"viv_2010":472,"viv_total":447,"viv_deshabitadas":119,"viv_temporal":27,"vph_1dor":119,"vph_2mas_dor":175,"escolaridad":12.53,"pea":391,"solteros":280,"casados":260,"separados":116,"prom_hnv":1.69,"pob_0_14":79,"pob_15_24":72,"pob_25_59":338,"pob_60mas":246,"area_km2":0.3132,"crec_pct_pob":-0.2071,"crec_abs_hog":-30,"pct_pea":53.2,"pct_0_14":10.75,"pct_15_24":9.8,"pct_25_59":45.99,"pct_60mas":33.47,"crec_pct_hog":-9.09,"nse_ab":27,"nse_cmas":60,"nse_c":59,"nse_cmenos":53,"nse_dmas":29,"nse_d":60,"nse_e":12,"nse_predominante":"D"},"geometry":{"type":"Polygon","coordinates":[[[-103.44867508748227,25.535724175912947],[-103.451656317168,25.535735006046124],[-103.45159097667394,25.545111114198008],[-103.4486016971763,25.545073374199944],[-103.44867508748227,25.535724175912947]]]}},{"type":"Feature","properties":{"CVEGEO":"0503500014374","pob_total":54,"pob_2010":45,"pob_fem":28,"pob_mas":26,"hog_total":17,"hog_2010":11,"viv_habitadas":17,"viv_2010":30,"viv_total":30,"viv_deshabitadas":8,"viv_temporal":5,"vph_1dor":0,"vph_2mas_dor":17,"escolaridad":7.66,"pea":26,"solteros":8,"casados":25,"separados":5,"prom_hnv":2.11,"pob_0_14":19,"pob_15_24":8,"pob_25_59":23,"pob_60mas":4,"area_km2":0.0439,"crec_pct_pob":0.2,"crec_abs_hog":6,"pct_pea":48.15,"pct_0_14":35.19,"pct_15_24":14.81,"pct_25_59":42.59,"pct_60mas":7.41,"crec_pct_hog":54.55,"nse_ab":0,"nse_cmas":0,"nse_c":null,"nse_cmenos":0,"nse_dmas":3,"nse_d":13,"nse_e":0,"nse_predominante":"D"},"geometry":{"type":"Polygon","coordinates":[[[-103.34402628278426,25.504304548986795],[-103.3440792519838,25.504789149957684],[-103.3444390922657,25.50531654008549],[-103.34396885245793,25.50890747903164],[-103.34282677247859,25.511025888908957],[-103.34503951186437,25.51524773810018],[-103.34474658201334,25.515357507632558],[-103.34245460256464,25.510948859747074],[-103.34365377228274,25.508763198959432],[-103.34412358220786,25.505647089258495],[-103.34378601210075,25.50503321008564],[-103.3437552525338,25.50439791998136],[-103.34402628278426,25.504304548986795]]]}},{"type":"Feature","properties":{"CVEGEO":"0503500011191","pob_total":1581,"pob_2010":1784,"pob_fem":836,"pob_mas":745,"hog_total":534,"hog_2010":515,"viv_habitadas":535,"viv_2010":579,"viv_total":593,"viv_deshabitadas":53,"viv_temporal":5,"vph_1dor":133,"vph_2mas_dor":401,"escolaridad":13.33,"pea":762,"solteros":430,"casados":710,"separados":217,"prom_hnv":1.88,"pob_0_14":269,"pob_15_24":189,"pob_25_59":646,"pob_60mas":477,"area_km2":0.2039,"crec_pct_pob":-0.1138,"crec_abs_hog":19,"pct_pea":48.2,"pct_0_14":17.01,"pct_15_24":11.95,"pct_25_59":40.86,"pct_60mas":30.17,"crec_pct_hog":3.69,"nse_ab":113,"nse_cmas":149,"nse_c":106,"nse_cmenos":59,"nse_dmas":53,"nse_d":46,"nse_e":6,"nse_predominante":"C+"},"geometry":{"type":"Polygon","coordinates":[[[-103.43069803951875,25.574221448102964],[-103.42512112256384,25.57279384838691],[-103.42475369229928,25.57247444845033],[-103.42773953163746,25.570565799142663],[-103.42923461114134,25.5699575594203],[-103.42943143131741,25.570474138649363],[-103.42999072076748,25.570298138970717],[-103.43247235037308,25.571751129005733],[-103.43069803951875,25.574221448102964]]]}},{"type":"Feature","properties":{"CVEGEO":"0503500014124","pob_total":412,"pob_2010":116,"pob_fem":219,"pob_mas":193,"hog_total":141,"hog_2010":33,"viv_habitadas":141,"viv_2010":70,"viv_total":163,"viv_deshabitadas":19,"viv_temporal":3,"vph_1dor":41,"vph_2mas_dor":100,"escolaridad":15.14,"pea":243,"solteros":93,"casados":202,"separados":30,"prom_hnv":1.4,"pob_0_14":104,"pob_15_24":42,"pob_25_59":228,"pob_60mas":38,"area_km2":0.0921,"crec_pct_pob":2.5517,"crec_abs_hog":108,"pct_pea":58.98,"pct_0_14":25.24,"pct_15_24":10.19,"pct_25_59":55.34,"pct_60mas":9.22,"crec_pct_hog":327.27,"nse_ab":56,"nse_cmas":52,"nse_c":23,"nse_cmenos":7,"nse_dmas":null,"nse_d":null,"nse_e":0,"nse_predominante":"A/B"},"geometry":{"type":"Polygon","coordinates":[[[-103.38635841933878,25.614566500752648],[-103.38886061815757,25.611599979644843],[-103.38905370889185,25.61146763128712],[-103.39038270827085,25.6146521798177],[-103.38955272806471,25.615612089927858],[-103.38809306908256,25.614563159571603],[-103.38752310926675,25.615410230654685],[-103.38635841933878,25.614566500752648]]]}},{"type":"Feature","properties":{"CVEGEO":"0503500011581","pob_total":531,"pob_2010":633,"pob_fem":285,"pob_mas":246,"hog_total":179,"hog_2010":179,"viv_habitadas":179,"viv_2010":317,"viv_total":281,"viv_deshabitadas":87,"viv_temporal":15,"vph_1dor":55,"vph_2mas_dor":123,"escolaridad":12.18,"pea":285,"solteros":159,"casados":199,"separados":86,"prom_hnv":1.77,"pob_0_14":104,"pob_15_24":58,"pob_25_59":242,"pob_60mas":127,"area_km2":0.3666,"crec_pct_pob":-0.1611,"crec_abs_hog":0,"pct_pea":53.67,"pct_0_14":19.59,"pct_15_24":10.92,"pct_25_59":45.57,"pct_60mas":23.92,"crec_pct_hog":0.0,"nse_ab":21,"nse_cmas":34,"nse_c":33,"nse_cmenos":22,"nse_dmas":25,"nse_d":42,"nse_e":4,"nse_predominante":"D"},"geometry":{"type":"Polygon","coordinates":[[[-103.45163800739223,25.54031673486121],[-103.451656317168,25.535735006046124],[-103.45799278525143,25.535797256376643],[-103.45792378565328,25.541306205445686],[-103.4548050557232,25.541297425489145],[-103.45479251577206,25.540352174910673],[-103.4537315761827,25.54033117545207],[-103.45371748603229,25.541286684695134],[-103.4526771766249,25.54127928483541],[-103.45269578653777,25.540305745027823],[-103.45163800739223,25.54031673486121]]]}},{"type":"Feature","properties":{"CVEGEO":"0503500013446","pob_total":1213,"pob_2010":1128,"pob_fem":633,"pob_mas":580,"hog_total":346,"hog_2010":289,"viv_habitadas":346,"viv_2010":390,"viv_total":398,"viv_deshabitadas":40,"viv_temporal":12,"vph_1dor":39,"vph_2mas_dor":307,"escolaridad":11.56,"pea":655,"solteros":392,"casados":535,"separados":93,"prom_hnv":1.66,"pob_0_14":263,"pob_15_24":272,"pob_25_59":618,"pob_60mas":60,"area_km2":0.1044,"crec_pct_pob":0.0754,"crec_abs_hog":57,"pct_pea":54.0,"pct_0_14":21.68,"pct_15_24":22.42,"pct_25_59":50.95,"pct_60mas":4.95,"crec_pct_hog":19.72,"nse_ab":25,"nse_cmas":61,"nse_c":97,"nse_cmenos":63,"nse_dmas":50,"nse_d":44,"nse_e":6,"nse_predominante":"C"},"geometry":{"type":"Polygon","coordinates":[[[-103.38510740342174,25.508493939651142],[-103.38237625359318,25.512006599688124],[-103.38097082375565,25.512015258976646],[-103.38050688439996,25.51261556914252],[-103.37889942460326,25.511565399452113],[-103.3802020838285,25.50990642923946],[-103.38180034387203,25.51092485936121],[-103.38417782306749,25.5078863099617],[-103.38510740342174,25.508493939651142]]]}},{"type":"Feature","properties":{"CVEGEO":"0503500012965","pob_total":0,"pob_2010":0,"pob_fem":0,"pob_mas":0,"hog_total":0,"hog_2010":0,"viv_habitadas":0,"viv_2010":0,"viv_total":0,"viv_deshabitadas":0,"viv_temporal":0,"vph_1dor":0,"vph_2mas_dor":0,"escolaridad":0.0,"pea":0,"solteros":0,"casados":0,"separados":0,"prom_hnv":0.0,"pob_0_14":0,"pob_15_24":0,"pob_25_59":0,"pob_60mas":0,"area_km2":1.2791,"crec_pct_pob":null,"crec_abs_hog":0,"pct_pea":0.0,"pct_0_14":0.0,"pct_15_24":0.0,"pct_25_59":0.0,"pct_60mas":0.0,"crec_pct_hog":0.0,"nse_ab":null,"nse_cmas":null,"nse_c":null,"nse_cmenos":null,"nse_dmas":null,"nse_d":null,"nse_e":null,"nse_predominante":null},"geometry":{"type":"Polygon","coordinates":[[[-103.46708546315531,25.533532506938073],[-103.46636112407735,25.533273136871124],[-103.46602206397779,25.53188607696287],[-103.46652232414682,25.531726287055022],[-103.46665194364921,25.531345877189914],[-103.46734618397107,25.530974057708743],[-103.4670357732556,25.530550287627005],[-103.46726502361294,25.52933057748793],[-103.46827000369838,25.528885487608388],[-103.4685461130604,25.5282630882149],[-103.46885485299408,25.528113847957435],[-103.46959834334646,25.527110938144897],[-103.47026295279865,25.5275599384395],[-103.47102918314113,25.526618318115467],[-103.47166734314189,25.52642254872302],[-103.47141326246916,25.525521968848253],[-103.47153072306827,25.52539711842522],[-103.47137143328854,25.524989968342894],[-103.47142477282794,25.52442765871073],[-103.47049578299779,25.52417862860454],[-103.47075860319443,25.523957118784296],[-103.4712392628756,25.52282108885548],[-103.4713878930817,25.52263414937337],[-103.47164382254049,25.522623488999372],[-103.47138032334416,25.522300579102815],[-103.47171783331123,25.522037109010608],[-103.47243798292443,25.521943599474763],[-103.47167871296647,25.521555289380395],[-103.47176412313239,25.520918629814467],[-103.47282337218113,25.51940416944573],[-103.47321811280032,25.51963584974644],[-103.47333897207515,25.51950929020328],[-103.47327872285769,25.519278379647822],[-103.47366569234471,25.51859310959782],[-103.4750717225944,25.51831488970297],[-103.48205778048626,25.525390139152258],[-103.48323325973499,25.52765884849252],[-103.4829872202638,25.527818578595305],[-103.4827393397529,25.52746679849047],[-103.4832016499307,25.528382428196114],[-103.4828285702755,25.528641198052714],[-103.48287435048915,25.52876504778869],[-103.48205657034968,25.528967337902206],[-103.48165945058524,25.528280278158658],[-103.48047686018766,25.528386308059115],[-103.48017808085825,25.52809953805445],[-103.47965140097361,25.528077108295076],[-103.47973134060145,25.528348998299652],[-103.4794173206526,25.528603077864577],[-103.47837455136931,25.528724117988066],[-103.47807277104069,25.528965228027417],[-103.47789143082635,25.52809750817073],[-103.47774891143122,25.528066738091876],[-103.47752623129254,25.5285857683987],[-103.47718460167442,25.528824477955396],[-103.47650506175383,25.528944767698732],[-103.47659337115707,25.528525078210077],[-103.47642908129788,25.52841871836388],[-103.47595208215328,25.52917817794872],[-103.47530374182693,25.5287757084315],[-103.47517180218159,25.528861088302104],[-103.475203422306,25.52925957819558],[-103.47402482205658,25.529777738205702],[-103.47351040182336,25.529267207642274],[-103.47360875267621,25.529935407578087],[-103.47326811178127,25.530569767670215],[-103.4729767123071,25.53062102770885],[-103.47295929217431,25.531331627829946],[-103.4726837824159,25.531437967213275],[-103.4725264228201,25.53133584784432],[-103.47216943200142,25.531793027443737],[-103.47222312232888,25.531942117001105],[-103.47193675257068,25.532169887702036],[-103.47206025218536,25.53224508722772],[-103.47194254270107,25.532368147183686],[-103.47172275276709,25.532156767530847],[-103.4713599125384,25.53226200718191],[-103.4711847726452,25.53288256737753],[-103.4709170022472,25.53274014702835],[-103.47054866268917,25.532841137032122],[-103.4704165833078,25.53267174713921],[-103.47028238302556,25.532698026836783],[-103.47038082323355,25.532910246974144],[-103.46959255283824,25.532899777006143],[-103.46927983342417,25.533527537305897],[-103.46922729341941,25.53327562664117],[-103.46878082315766,25.533114056763925],[-103.46776286358013,25.53332676673254],[-103.46783843347686,25.533125476721352],[-103.46750018332004,25.532961577470594],[-103.46708546315531,25.533532506938073]]]}},{"type":"Feature","properties":{"CVEGEO":"0503500010475","pob_total":2432,"pob_2010":2720,"pob_fem":1271,"pob_mas":1161,"hog_total":845,"hog_2010":771,"viv_habitadas":845,"viv_2010":905,"viv_total":964,"viv_deshabitadas":75,"viv_temporal":44,"vph_1dor":165,"vph_2mas_dor":679,"escolaridad":13.88,"pea":1277,"solteros":804,"casados":1029,"separados":304,"prom_hnv":1.78,"pob_0_14":379,"pob_15_24":329,"pob_25_59":1111,"pob_60mas":613,"area_km2":0.3418,"crec_pct_pob":-0.1059,"crec_abs_hog":74,"pct_pea":52.51,"pct_0_14":15.58,"pct_15_24":13.53,"pct_25_59":45.68,"pct_60mas":25.21,"crec_pct_hog":9.6,"nse_ab":180,"nse_cmas":247,"nse_c":162,"nse_cmenos":81,"nse_dmas":64,"nse_d":88,"nse_e":10,"nse_predominante":"C+"},"geometry":{"type":"Polygon","coordinates":[[[-103.40594226810407,25.527091477224975],[-103.40367438837882,25.52646965723717],[-103.4038781682728,25.525809166871795],[-103.40101284881669,25.525079807379335],[-103.40059767851224,25.52639340683913],[-103.39611389988593,25.525211656662453],[-103.39615259982959,25.521981997442523],[-103.39785287939463,25.521918937310154],[-103.40596112733216,25.52402002781815],[-103.40594226810407,25.527091477224975]]]}},{"type":"Feature","properties":{"CVEGEO":"0503500012749","pob_total":1843,"pob_2010":2331,"pob_fem":932,"pob_mas":911,"hog_total":530,"hog_2010":598,"viv_habitadas":530,"viv_2010":747,"viv_total":696,"viv_deshabitadas":148,"viv_temporal":18,"vph_1dor":176,"vph_2mas_dor":354,"escolaridad":9.05,"pea":922,"solteros":614,"casados":727,"separados":166,"prom_hnv":1.83,"pob_0_14":409,"pob_15_24":293,"pob_25_59":805,"pob_60mas":336,"area_km2":0.4408,"crec_pct_pob":-0.2094,"crec_abs_hog":-68,"pct_pea":50.03,"pct_0_14":22.19,"pct_15_24":15.9,"pct_25_59":43.68,"pct_60mas":18.23,"crec_pct_hog":-11.37,"nse_ab":15,"nse_cmas":36,"nse_c":55,"nse_cmenos":80,"nse_dmas":97,"nse_d":204,"nse_e":38,"nse_predominante":"D"},"geometry":{"type":"Polygon","coordinates":[[[-103.45984926526013,25.533732006780088],[-103.45876595516908,25.533314676463444],[-103.45725526591026,25.532012426913017],[-103.45372826680362,25.52985059744378],[-103.45299892679101,25.529132287458093],[-103.45583563618801,25.530093197793377],[-103.45717717575086,25.530156277645276],[-103.4579080659184,25.52988260719327],[-103.45875778596431,25.52988404748523],[-103.46405595385812,25.530564807741985],[-103.46390623475267,25.530348407465393],[-103.46521058435812,25.52976407753136],[-103.4669159741225,25.528677027474117],[-103.46741954331753,25.52928970816468],[-103.46726502361294,25.52933057748793],[-103.4670357732556,25.530550287627005],[-103.46734618397107,25.530974057708743],[-103.46665194364921,25.531345877189914],[-103.46652232414682,25.531726287055022],[-103.46602206397779,25.53188607696287],[-103.46636112407735,25.533273136871124],[-103.46708546315531,25.533532506938073],[-103.4666755239632,25.534187027124297],[-103.46740772385658,25.534484906497813],[-103.4612833751018,25.533711226417307],[-103.46126734439682,25.534002936908276],[-103.45984926526013,25.533732006780088]]]}},{"type":"Feature","properties":{"CVEGEO":"0503500011331","pob_total":2021,"pob_2010":2291,"pob_fem":1075,"pob_mas":946,"hog_total":730,"hog_2010":615,"viv_habitadas":730,"viv_2010":785,"viv_total":801,"viv_deshabitadas":66,"viv_temporal":5,"vph_1dor":126,"vph_2mas_dor":602,"escolaridad":13.88,"pea":973,"solteros":649,"casados":901,"separados":294,"prom_hnv":1.81,"pob_0_14":228,"pob_15_24":223,"pob_25_59":947,"pob_60mas":623,"area_km2":0.566,"crec_pct_pob":-0.1179,"crec_abs_hog":115,"pct_pea":48.14,"pct_0_14":11.28,"pct_15_24":11.03,"pct_25_59":46.86,"pct_60mas":30.83,"crec_pct_hog":18.7,"nse_ab":208,"nse_cmas":207,"nse_c":130,"nse_cmenos":99,"nse_dmas":41,"nse_d":42,"nse_e":3,"nse_predominante":"A/B"},"geometry":{"type":"Polygon","coordinates":[[[-103.44853768681587,25.556934901575016],[-103.44857686742478,25.551832873009317],[-103.44845285755308,25.550774873225038],[-103.4500224071628,25.54893519333732],[-103.45486622606575,25.552242423044362],[-103.45434288577329,25.55287416266386],[-103.45538103564168,25.553486402710547],[-103.45575880568202,25.55350300273472],[-103.45575158561545,25.554658652614027],[-103.4570754653244,25.55567713247633],[-103.4554359553301,25.557057272555607],[-103.45464475616077,25.557924541739524],[-103.4543430860315,25.55849316291814],[-103.44853768681587,25.556934901575016]]]}},{"type":"Feature","properties":{"CVEGEO":"0503500011914","pob_total":1527,"pob_2010":1494,"pob_fem":765,"pob_mas":762,"hog_total":428,"hog_2010":379,"viv_habitadas":428,"viv_2010":440,"viv_total":477,"viv_deshabitadas":39,"viv_temporal":10,"vph_1dor":109,"vph_2mas_dor":318,"escolaridad":8.89,"pea":823,"solteros":412,"casados":670,"separados":134,"prom_hnv":2.29,"pob_0_14":407,"pob_15_24":245,"pob_25_59":694,"pob_60mas":181,"area_km2":0.183,"crec_pct_pob":0.0221,"crec_abs_hog":49,"pct_pea":53.9,"pct_0_14":26.65,"pct_15_24":16.04,"pct_25_59":45.45,"pct_60mas":11.85,"crec_pct_hog":12.93,"nse_ab":12,"nse_cmas":38,"nse_c":67,"nse_cmenos":89,"nse_dmas":88,"nse_d":111,"nse_e":17,"nse_predominante":"D"},"geometry":{"type":"Polygon","coordinates":[[[-103.4147910161863,25.499744883265794],[-103.40936881804588,25.495534382681523],[-103.41087072768882,25.493992153364935],[-103.41297996569836,25.495643543290164],[-103.4133117671535,25.495294283420897],[-103.4165783564375,25.497848603006716],[-103.4147910161863,25.499744883265794]]]}},{"type":"Feature","properties":{"CVEGEO":"0503500013408","pob_total":345,"pob_2010":384,"pob_fem":176,"pob_mas":169,"hog_total":93,"hog_2010":90,"viv_habitadas":93,"viv_2010":133,"viv_total":117,"viv_deshabitadas":24,"viv_temporal":0,"vph_1dor":33,"vph_2mas_dor":58,"escolaridad":8.19,"pea":175,"solteros":72,"casados":167,"separados":33,"prom_hnv":2.52,"pob_0_14":92,"pob_15_24":65,"pob_25_59":154,"pob_60mas":34,"area_km2":0.1443,"crec_pct_pob":-0.1016,"crec_abs_hog":3,"pct_pea":50.72,"pct_0_14":26.67,"pct_15_24":18.84,"pct_25_59":44.64,"pct_60mas":9.86,"crec_pct_hog":3.33,"nse_ab":null,"nse_cmas":null,"nse_c":12,"nse_cmenos":15,"nse_dmas":15,"nse_d":44,"nse_e":3,"nse_predominante":"D"},"geometry":{"type":"Polygon","coordinates":[[[-103.39146154176404,25.494527053027728],[-103.3857209931533,25.49069871387926],[-103.38424885409871,25.4901015436427],[-103.36923787761161,25.488434003269553],[-103.3673453978027,25.48843818365868],[-103.36580134800889,25.48896678363865],[-103.36554657720528,25.48860615318849],[-103.36662537415822,25.48815879623666],[-103.3683443465768,25.487891201747523],[-103.38185502437837,25.48927035402943],[-103.38436319320176,25.48970612408572],[-103.38554437322705,25.490128084528948],[-103.38648294262443,25.49068608361103],[-103.3922246016335,25.494513373142826],[-103.39146154176404,25.494527053027728]]]}},{"type":"Feature","properties":{"CVEGEO":"0503500014035","pob_total":872,"pob_2010":478,"pob_fem":437,"pob_mas":435,"hog_total":266,"hog_2010":144,"viv_habitadas":266,"viv_2010":229,"viv_total":389,"viv_deshabitadas":112,"viv_temporal":11,"vph_1dor":97,"vph_2mas_dor":169,"escolaridad":9.29,"pea":428,"solteros":182,"casados":369,"separados":84,"prom_hnv":2.13,"pob_0_14":285,"pob_15_24":156,"pob_25_59":370,"pob_60mas":61,"area_km2":0.1044,"crec_pct_pob":0.8243,"crec_abs_hog":122,"pct_pea":49.08,"pct_0_14":32.68,"pct_15_24":17.89,"pct_25_59":42.43,"pct_60mas":7.0,"crec_pct_hog":84.72,"nse_ab":null,"nse_cmas":9,"nse_c":39,"nse_cmenos":30,"nse_dmas":38,"nse_d":121,"nse_e":27,"nse_predominante":"D"},"geometry":{"type":"Polygon","coordinates":[[[-103.36529330554204,25.58393972518733],[-103.36348120597117,25.580806555327143],[-103.36498747516883,25.579996756635154],[-103.36564207582688,25.58109061607245],[-103.36719494529379,25.580336645485527],[-103.36787094546627,25.581380295375155],[-103.36680197489872,25.58191121555402],[-103.367547904869,25.583024364744134],[-103.36706559486507,25.58346438534897],[-103.36691107468396,25.58317732545356],[-103.36529330554204,25.58393972518733]]]}},{"type":"Feature","properties":{"CVEGEO":"0503500013041","pob_total":2289,"pob_2010":2205,"pob_fem":1163,"pob_mas":1126,"hog_total":676,"hog_2010":536,"viv_habitadas":676,"viv_2010":702,"viv_total":741,"viv_deshabitadas":58,"viv_temporal":7,"vph_1dor":114,"vph_2mas_dor":561,"escolaridad":11.04,"pea":1205,"solteros":767,"casados":972,"separados":187,"prom_hnv":1.75,"pob_0_14":466,"pob_15_24":498,"pob_25_59":1148,"pob_60mas":177,"area_km2":0.1685,"crec_pct_pob":0.0381,"crec_abs_hog":140,"pct_pea":52.64,"pct_0_14":20.36,"pct_15_24":21.76,"pct_25_59":50.15,"pct_60mas":7.73,"crec_pct_hog":26.12,"nse_ab":32,"nse_cmas":94,"nse_c":132,"nse_cmenos":144,"nse_dmas":106,"nse_d":149,"nse_e":16,"nse_predominante":"D"},"geometry":{"type":"Polygon","coordinates":[[[-103.38510740342174,25.508493939651142],[-103.38417782306749,25.5078863099617],[-103.38180034387203,25.51092485936121],[-103.38093996379338,25.51037116930536],[-103.38218613333815,25.508784709737963],[-103.38256533357193,25.50903437001928],[-103.38368764283699,25.5075860803433],[-103.38177602419367,25.50636890991622],[-103.38257907363051,25.505315920206527],[-103.38336211385105,25.505820750161067],[-103.38560836289538,25.502876291484732],[-103.38601576263659,25.50314178090729],[-103.3849548429588,25.50449792104551],[-103.38710604283696,25.505887850211447],[-103.38510740342174,25.508493939651142]]]}},{"type":"Feature","properties":{"CVEGEO":"0503500011276","pob_total":4827,"pob_2010":5141,"pob_fem":2512,"pob_mas":2315,"hog_total":1445,"hog_2010":1371,"viv_habitadas":1447,"viv_2010":1593,"viv_total":1626,"viv_deshabitadas":175,"viv_temporal":4,"vph_1dor":353,"vph_2mas_dor":1087,"escolaridad":9.88,"pea":2220,"solteros":1402,"casados":1937,"separados":655,"prom_hnv":2.24,"pob_0_14":1044,"pob_15_24":821,"pob_25_59":2087,"pob_60mas":875,"area_km2":0.6098,"crec_pct_pob":-0.0611,"crec_abs_hog":74,"pct_pea":45.99,"pct_0_14":21.63,"pct_15_24":17.01,"pct_25_59":43.24,"pct_60mas":18.13,"crec_pct_hog":5.4,"nse_ab":48,"nse_cmas":155,"nse_c":224,"nse_cmenos":233,"nse_dmas":237,"nse_d":432,"nse_e":108,"nse_predominante":"D"},"geometry":{"type":"Polygon","coordinates":[[[-103.4059980374706,25.550236282619743],[-103.41283430499045,25.555808641297208],[-103.4112309258937,25.557445840920774],[-103.4123722949802,25.558396880709036],[-103.4054920972474,25.558332301180577],[-103.40122901837238,25.554978821771385],[-103.4059980374706,25.550236282619743]]]}},{"type":"Feature","properties":{"CVEGEO":"0503500014478","pob_total":4065,"pob_2010":279,"pob_fem":2031,"pob_mas":2034,"hog_total":1176,"hog_2010":88,"viv_habitadas":1176,"viv_2010":388,"viv_total":1530,"viv_deshabitadas":226,"viv_temporal":128,"vph_1dor":203,"vph_2mas_dor":972,"escolaridad":12.07,"pea":1894,"solteros":843,"casados":1748,"separados":267,"prom_hnv":1.71,"pob_0_14":1446,"pob_15_24":513,"pob_25_59":1961,"pob_60mas":145,"area_km2":0.3861,"crec_pct_pob":13.5699,"crec_abs_hog":1088,"pct_pea":46.59,"pct_0_14":35.57,"pct_15_24":12.62,"pct_25_59":48.24,"pct_60mas":3.57,"crec_pct_hog":1236.36,"nse_ab":104,"nse_cmas":251,"nse_c":264,"nse_cmenos":213,"nse_dmas":141,"nse_d":183,"nse_e":16,"nse_predominante":"C"},"geometry":{"type":"Polygon","coordinates":[[[-103.34959188042944,25.548804940164175],[-103.35061743013553,25.548746301598257],[-103.35064457945548,25.546751041962576],[-103.35298296814017,25.546765741635255],[-103.35271731775474,25.558039099221887],[-103.34959576994034,25.557983739270416],[-103.34959188042944,25.548804940164175]]]}},{"type":"Feature","properties":{"CVEGEO":"0503500013450","pob_total":802,"pob_2010":673,"pob_fem":410,"pob_mas":392,"hog_total":217,"hog_2010":156,"viv_habitadas":217,"viv_2010":234,"viv_total":256,"viv_deshabitadas":32,"viv_temporal":7,"vph_1dor":34,"vph_2mas_dor":181,"escolaridad":11.2,"pea":407,"solteros":232,"casados":342,"separados":65,"prom_hnv":1.75,"pob_0_14":208,"pob_15_24":164,"pob_25_59":400,"pob_60mas":30,"area_km2":0.0879,"crec_pct_pob":0.1917,"crec_abs_hog":61,"pct_pea":50.75,"pct_0_14":25.94,"pct_15_24":20.45,"pct_25_59":49.88,"pct_60mas":3.74,"crec_pct_hog":39.1,"nse_ab":12,"nse_cmas":41,"nse_c":55,"nse_cmenos":41,"nse_dmas":32,"nse_d":34,"nse_e":0,"nse_predominante":"C"},"geometry":{"type":"Polygon","coordinates":[[[-103.38188607378065,25.502534850688317],[-103.37902330497722,25.50070618185535],[-103.37902062407784,25.500856650955154],[-103.37852048498934,25.500859581340652],[-103.37856033442704,25.498903851981776],[-103.37944699451292,25.498896921863636],[-103.38295828341855,25.50116977134336],[-103.38188607378065,25.502534850688317]]]}},{"type":"Feature","properties":{"CVEGEO":"0503500012819","pob_total":1262,"pob_2010":1372,"pob_fem":637,"pob_mas":625,"hog_total":389,"hog_2010":370,"viv_habitadas":389,"viv_2010":546,"viv_total":469,"viv_deshabitadas":75,"viv_temporal":5,"vph_1dor":127,"vph_2mas_dor":261,"escolaridad":8.55,"pea":641,"solteros":317,"casados":484,"separados":200,"prom_hnv":2.46,"pob_0_14":321,"pob_15_24":204,"pob_25_59":535,"pob_60mas":202,"area_km2":0.1013,"crec_pct_pob":-0.0802,"crec_abs_hog":19,"pct_pea":50.79,"pct_0_14":25.44,"pct_15_24":16.16,"pct_25_59":42.39,"pct_60mas":16.01,"crec_pct_hog":5.14,"nse_ab":3,"nse_cmas":10,"nse_c":32,"nse_cmenos":36,"nse_dmas":45,"nse_d":181,"nse_e":80,"nse_predominante":"D"},"geometry":{"type":"Polygon","coordinates":[[[-103.47489218149855,25.530864248074817],[-103.47258438267728,25.532749426892583],[-103.47132688248892,25.53348848693428],[-103.46740772385658,25.534484906497813],[-103.4666755239632,25.534187027124297],[-103.46750018332004,25.532961577470594],[-103.46783843347686,25.533125476721352],[-103.46776286358013,25.53332676673254],[-103.46878082315766,25.533114056763925],[-103.46922729341941,25.53327562664117],[-103.46927983342417,25.533527537305897],[-103.46959255283824,25.532899777006143],[-103.47038082323355,25.532910246974144],[-103.47028238302556,25.532698026836783],[-103.4704165833078,25.53267174713921],[-103.47054866268917,25.532841137032122],[-103.4709170022472,25.53274014702835],[-103.47108015234797,25.53292354735066],[-103.4713599125384,25.53226200718191],[-103.47172275276709,25.532156767530847],[-103.47194254270107,25.532368147183686],[-103.47206025218536,25.53224508722772],[-103.47193675257068,25.532169887702036],[-103.47222312232888,25.531942117001105],[-103.47216943200142,25.531793027443737],[-103.4725264228201,25.53133584784432],[-103.4726837824159,25.531437967213275],[-103.47295929217431,25.531331627829946],[-103.4729767123071,25.53062102770885],[-103.47326811178127,25.530569767670215],[-103.47360875267621,25.529935407578087],[-103.47351040182336,25.529267207642274],[-103.47396971210999,25.52959945800348],[-103.47396295175588,25.52978977769599],[-103.47489218149855,25.530864248074817]]]}},{"type":"Feature","properties":{"CVEGEO":"0503500013728","pob_total":2344,"pob_2010":2011,"pob_fem":1146,"pob_mas":1198,"hog_total":594,"hog_2010":482,"viv_habitadas":594,"viv_2010":637,"viv_total":724,"viv_deshabitadas":126,"viv_temporal":4,"vph_1dor":164,"vph_2mas_dor":430,"escolaridad":8.44,"pea":1020,"solteros":552,"casados":1003,"separados":169,"prom_hnv":2.33,"pob_0_14":744,"pob_15_24":466,"pob_25_59":967,"pob_60mas":167,"area_km2":0.5568,"crec_pct_pob":0.1656,"crec_abs_hog":112,"pct_pea":43.52,"pct_0_14":31.74,"pct_15_24":19.88,"pct_25_59":41.25,"pct_60mas":7.12,"crec_pct_hog":23.24,"nse_ab":8,"nse_cmas":17,"nse_c":43,"nse_cmenos":62,"nse_dmas":84,"nse_d":284,"nse_e":87,"nse_predominante":"D"},"geometry":{"type":"Polygon","coordinates":[[[-103.37971348453345,25.496492052319322],[-103.38797377225382,25.49519349265916],[-103.38544620313019,25.4934917126878],[-103.38702273307317,25.49155072308172],[-103.39157259199985,25.494618582778802],[-103.38883802289273,25.495055253027818],[-103.391800362091,25.49705568229424],[-103.38823250240839,25.501422721610137],[-103.38074850377403,25.497212711868613],[-103.37971348453345,25.496492052319322]]]}},{"type":"Feature","properties":{"CVEGEO":"0503500011384","pob_total":2288,"pob_2010":2969,"pob_fem":1183,"pob_mas":1105,"hog_total":689,"hog_2010":769,"viv_habitadas":689,"viv_2010":945,"viv_total":907,"viv_deshabitadas":197,"viv_temporal":21,"vph_1dor":211,"vph_2mas_dor":478,"escolaridad":10.45,"pea":1133,"solteros":751,"casados":903,"separados":288,"prom_hnv":2.12,"pob_0_14":447,"pob_15_24":343,"pob_25_59":1039,"pob_60mas":459,"area_km2":0.3814,"crec_pct_pob":-0.2294,"crec_abs_hog":-80,"pct_pea":49.52,"pct_0_14":19.54,"pct_15_24":14.99,"pct_25_59":45.41,"pct_60mas":20.06,"crec_pct_hog":-10.4,"nse_ab":53,"nse_cmas":92,"nse_c":110,"nse_cmenos":111,"nse_dmas":106,"nse_d":171,"nse_e":41,"nse_predominante":"D"},"geometry":{"type":"Polygon","coordinates":[[[-103.45434288577329,25.55287416266386],[-103.45897685501691,25.547264454476284],[-103.45995820528175,25.547911143601237],[-103.45785703513404,25.550386283606453],[-103.4595223151553,25.55044751357667],[-103.45973526517123,25.550042253556402],[-103.46518215363018,25.550242193541436],[-103.4641753440057,25.55113399322254],[-103.45920622513148,25.55413116238331],[-103.4570754653244,25.55567713247633],[-103.45575158561545,25.554658652614027],[-103.45575880568202,25.55350300273472],[-103.45538103564168,25.553486402710547],[-103.45434288577329,25.55287416266386]]]}},{"type":"Feature","properties":{"CVEGEO":"050350001315A","pob_total":3124,"pob_2010":2931,"pob_fem":1594,"pob_mas":1530,"hog_total":883,"hog_2010":750,"viv_habitadas":883,"viv_2010":940,"viv_total":1033,"viv_deshabitadas":141,"viv_temporal":9,"vph_1dor":201,"vph_2mas_dor":682,"escolaridad":11.03,"pea":1488,"solteros":867,"casados":1369,"separados":296,"prom_hnv":1.93,"pob_0_14":733,"pob_15_24":618,"pob_25_59":1469,"pob_60mas":304,"area_km2":0.3623,"crec_pct_pob":0.0658,"crec_abs_hog":133,"pct_pea":47.63,"pct_0_14":23.46,"pct_15_24":19.78,"pct_25_59":47.02,"pct_60mas":9.73,"crec_pct_hog":17.73,"nse_ab":72,"nse_cmas":164,"nse_c":150,"nse_cmenos":148,"nse_dmas":103,"nse_d":171,"nse_e":42,"nse_predominante":"D"},"geometry":{"type":"Polygon","coordinates":[[[-103.39782887046337,25.498786982091506],[-103.40327341927704,25.502378261902752],[-103.40379606883533,25.50267038126483],[-103.4052174486592,25.50302111157646],[-103.40432559908665,25.504016951640416],[-103.4020827089801,25.505861410634672],[-103.39634142005839,25.502446981279423],[-103.3960891710511,25.502820151133786],[-103.3947533606741,25.50208094188584],[-103.39660565093389,25.49970654180539],[-103.39728134090237,25.49906717220496],[-103.39782887046337,25.498786982091506]]]}},{"type":"Feature","properties":{"CVEGEO":"0503500011878","pob_total":2378,"pob_2010":2189,"pob_fem":1163,"pob_mas":1215,"hog_total":658,"hog_2010":569,"viv_habitadas":659,"viv_2010":706,"viv_total":798,"viv_deshabitadas":121,"viv_temporal":18,"vph_1dor":180,"vph_2mas_dor":473,"escolaridad":10.21,"pea":1194,"solteros":632,"casados":1012,"separados":259,"prom_hnv":2.08,"pob_0_14":571,"pob_15_24":439,"pob_25_59":1097,"pob_60mas":271,"area_km2":0.4571,"crec_pct_pob":0.0863,"crec_abs_hog":89,"pct_pea":50.21,"pct_0_14":24.01,"pct_15_24":18.46,"pct_25_59":46.13,"pct_60mas":11.4,"crec_pct_hog":15.64,"nse_ab":44,"nse_cmas":89,"nse_c":121,"nse_cmenos":115,"nse_dmas":95,"nse_d":145,"nse_e":41,"nse_predominante":"D"},"geometry":{"type":"Polygon","coordinates":[[[-103.40777303801254,25.5121165394641],[-103.39984378969059,25.507706940748008],[-103.40138187926588,25.50644986110902],[-103.40276193905777,25.50717701029971],[-103.40669678789897,25.508122600465008],[-103.40942519716685,25.503825611426027],[-103.40870941796638,25.503692211450453],[-103.40884793754917,25.503193511961527],[-103.40939899740846,25.502615341269458],[-103.41255198656708,25.504861311584463],[-103.40777303801254,25.5121165394641]]]}},{"type":"Feature","properties":{"CVEGEO":"0503500014393","pob_total":373,"pob_2010":299,"pob_fem":195,"pob_mas":178,"hog_total":105,"hog_2010":81,"viv_habitadas":105,"viv_2010":148,"viv_total":148,"viv_deshabitadas":35,"viv_temporal":8,"vph_1dor":27,"vph_2mas_dor":78,"escolaridad":8.89,"pea":175,"solteros":93,"casados":162,"separados":22,"prom_hnv":1.91,"pob_0_14":119,"pob_15_24":87,"pob_25_59":153,"pob_60mas":14,"area_km2":0.0789,"crec_pct_pob":0.2475,"crec_abs_hog":24,"pct_pea":46.92,"pct_0_14":31.9,"pct_15_24":23.32,"pct_25_59":41.02,"pct_60mas":3.75,"crec_pct_hog":29.63,"nse_ab":0,"nse_cmas":4,"nse_c":11,"nse_cmenos":9,"nse_dmas":23,"nse_d":44,"nse_e":12,"nse_predominante":"D"},"geometry":{"type":"Polygon","coordinates":[[[-103.32912692415883,25.559764267551344],[-103.32673561534499,25.558178768775424],[-103.32641554541027,25.555579218812316],[-103.32656891528696,25.555494339420378],[-103.3292629440735,25.557163419214657],[-103.32912692415883,25.559764267551344]]]}},{"type":"Feature","properties":{"CVEGEO":"0503500013501","pob_total":2097,"pob_2010":1614,"pob_fem":1053,"pob_mas":1044,"hog_total":588,"hog_2010":403,"viv_habitadas":588,"viv_2010":571,"viv_total":714,"viv_deshabitadas":110,"viv_temporal":16,"vph_1dor":100,"vph_2mas_dor":486,"escolaridad":11.19,"pea":1090,"solteros":658,"casados":904,"separados":155,"prom_hnv":1.72,"pob_0_14":495,"pob_15_24":483,"pob_25_59":1001,"pob_60mas":118,"area_km2":0.7174,"crec_pct_pob":0.2993,"crec_abs_hog":185,"pct_pea":51.98,"pct_0_14":23.61,"pct_15_24":23.03,"pct_25_59":47.73,"pct_60mas":5.63,"crec_pct_hog":45.91,"nse_ab":27,"nse_cmas":93,"nse_c":135,"nse_cmenos":118,"nse_dmas":78,"nse_d":122,"nse_e":10,"nse_predominante":"C"},"geometry":{"type":"Polygon","coordinates":[[[-103.37889942460326,25.511565399452113],[-103.37141828586947,25.506762309707877],[-103.37971348453345,25.496492052319322],[-103.38074850377403,25.497212711868613],[-103.37944699451292,25.498896921863636],[-103.37856033442704,25.498903851981776],[-103.37852048498934,25.500859581340652],[-103.37902062407784,25.500856650955154],[-103.37902330497722,25.50070618185535],[-103.38188607378065,25.502534850688317],[-103.38129314370921,25.503296260620477],[-103.38166324428731,25.503531550824466],[-103.38133699357437,25.503920011046688],[-103.38049199367285,25.5038499710084],[-103.38041148431216,25.504619210520687],[-103.3783768249057,25.507230689811706],[-103.37836204479154,25.50830085956857],[-103.37889154486056,25.508314369712135],[-103.3788771146093,25.509055339682885],[-103.3802020838285,25.50990642923946],[-103.37889942460326,25.511565399452113]]]}},{"type":"Feature","properties":{"CVEGEO":"0503500010761","pob_total":899,"pob_2010":924,"pob_fem":455,"pob_mas":444,"hog_total":230,"hog_2010":232,"viv_habitadas":230,"viv_2010":270,"viv_total":273,"viv_deshabitadas":28,"viv_temporal":15,"vph_1dor":47,"vph_2mas_dor":182,"escolaridad":8.32,"pea":438,"solteros":224,"casados":379,"separados":102,"prom_hnv":2.29,"pob_0_14":245,"pob_15_24":122,"pob_25_59":395,"pob_60mas":137,"area_km2":3.9751,"crec_pct_pob":-0.0271,"crec_abs_hog":-2,"pct_pea":48.72,"pct_0_14":27.25,"pct_15_24":13.57,"pct_25_59":43.94,"pct_60mas":15.24,"crec_pct_hog":-0.86,"nse_ab":8,"nse_cmas":19,"nse_c":34,"nse_cmenos":37,"nse_dmas":43,"nse_d":70,"nse_e":19,"nse_predominante":"D"},"geometry":{"type":"Polygon","coordinates":[[[-103.39754267684738,25.596416983452418],[-103.38802696946954,25.59153107476722],[-103.38517668125594,25.590435464491144],[-103.38533665081559,25.59010386392556],[-103.37967776234962,25.587094435140322],[-103.37967684092857,25.5863009658516],[-103.38732151021996,25.5860716953634],[-103.39028375995544,25.579778876936746],[-103.39032435937504,25.579336496759513],[-103.39297198935209,25.573468537380208],[-103.3958326383061,25.575933156747503],[-103.39724190887767,25.576801386811237],[-103.40710144606581,25.58175196627601],[-103.40768823562044,25.58198692584624],[-103.40880701526191,25.582128126165024],[-103.41091127490706,25.58318896587844],[-103.40977379490499,25.585010785442936],[-103.41012506521227,25.58512172572478],[-103.40584378592699,25.59209612465972],[-103.40307550634394,25.597301992978817],[-103.40225341629557,25.59726629376628],[-103.40217243719725,25.5969011635772],[-103.40173796644231,25.596702642963585],[-103.39927107708982,25.59669658434828],[-103.39754267684738,25.596416983452418]]]}},{"type":"Feature","properties":{"CVEGEO":"0503500010047","pob_total":1980,"pob_2010":2524,"pob_fem":1046,"pob_mas":934,"hog_total":745,"hog_2010":723,"viv_habitadas":746,"viv_2010":871,"viv_total":876,"viv_deshabitadas":102,"viv_temporal":28,"vph_1dor":152,"vph_2mas_dor":582,"escolaridad":14.62,"pea":1004,"solteros":574,"casados":931,"separados":279,"prom_hnv":1.81,"pob_0_14":204,"pob_15_24":209,"pob_25_59":858,"pob_60mas":709,"area_km2":0.7065,"crec_pct_pob":-0.2155,"crec_abs_hog":22,"pct_pea":50.71,"pct_0_14":10.3,"pct_15_24":10.56,"pct_25_59":43.33,"pct_60mas":35.81,"crec_pct_hog":3.04,"nse_ab":234,"nse_cmas":278,"nse_c":128,"nse_cmenos":40,"nse_dmas":36,"nse_d":16,"nse_e":null,"nse_predominante":"C+"},"geometry":{"type":"Polygon","coordinates":[[[-103.41759019432322,25.57333349782006],[-103.43071747145412,25.562756140015598],[-103.43429901009051,25.56621936032335],[-103.42892547102122,25.569705278810236],[-103.42826566114468,25.570310838766748],[-103.42351389244146,25.573129908376117],[-103.42026496355535,25.5737585580973],[-103.416895533733,25.574113108001054],[-103.41759019432322,25.57333349782006]]]}},{"type":"Feature","properties":{"CVEGEO":"0503500011204","pob_total":2265,"pob_2010":2351,"pob_fem":1144,"pob_mas":1121,"hog_total":689,"hog_2010":607,"viv_habitadas":689,"viv_2010":771,"viv_total":776,"viv_deshabitadas":76,"viv_temporal":11,"vph_1dor":74,"vph_2mas_dor":614,"escolaridad":11.5,"pea":1040,"solteros":701,"casados":963,"separados":246,"prom_hnv":1.97,"pob_0_14":428,"pob_15_24":418,"pob_25_59":1010,"pob_60mas":409,"area_km2":0.1823,"crec_pct_pob":-0.0366,"crec_abs_hog":82,"pct_pea":45.92,"pct_0_14":18.9,"pct_15_24":18.45,"pct_25_59":44.59,"pct_60mas":18.06,"crec_pct_hog":13.51,"nse_ab":26,"nse_cmas":130,"nse_c":148,"nse_cmenos":161,"nse_dmas":93,"nse_d":117,"nse_e":13,"nse_predominante":"C-"},"geometry":{"type":"Polygon","coordinates":[[[-103.3668616861209,25.551544421163893],[-103.36842062601842,25.55354002091322],[-103.36972650534054,25.552731930823203],[-103.37043982554114,25.55387697042912],[-103.36435402652589,25.55608256061045],[-103.36281068692226,25.554092240282163],[-103.3668616861209,25.551544421163893]]]}},{"type":"Feature","properties":{"CVEGEO":"0503500013022","pob_total":3558,"pob_2010":3390,"pob_fem":1890,"pob_mas":1668,"hog_total":1051,"hog_2010":836,"viv_habitadas":1051,"viv_2010":1099,"viv_total":1181,"viv_deshabitadas":104,"viv_temporal":26,"vph_1dor":102,"vph_2mas_dor":948,"escolaridad":11.16,"pea":1763,"solteros":1103,"casados":1490,"separados":312,"prom_hnv":1.81,"pob_0_14":816,"pob_15_24":715,"pob_25_59":1758,"pob_60mas":269,"area_km2":0.2979,"crec_pct_pob":0.0496,"crec_abs_hog":215,"pct_pea":49.55,"pct_0_14":22.93,"pct_15_24":20.1,"pct_25_59":49.41,"pct_60mas":7.56,"crec_pct_hog":25.72,"nse_ab":67,"nse_cmas":166,"nse_c":235,"nse_cmenos":213,"nse_dmas":173,"nse_d":179,"nse_e":15,"nse_predominante":"C"},"geometry":{"type":"Polygon","coordinates":[[[-103.39029233204964,25.50792651983802],[-103.38667128240702,25.51246524898299],[-103.38065944349367,25.512424429469835],[-103.38097082375565,25.512015258976646],[-103.38237625359318,25.512006599688124],[-103.38710604283696,25.505887850211447],[-103.39029233204964,25.50792651983802]]]}},{"type":"Feature","properties":{"CVEGEO":"0503500011026","pob_total":959,"pob_2010":897,"pob_fem":492,"pob_mas":467,"hog_total":321,"hog_2010":285,"viv_habitadas":321,"viv_2010":428,"viv_total":425,"viv_deshabitadas":97,"viv_temporal":7,"vph_1dor":67,"vph_2mas_dor":254,"escolaridad":13.37,"pea":487,"solteros":328,"casados":389,"separados":99,"prom_hnv":1.54,"pob_0_14":195,"pob_15_24":159,"pob_25_59":492,"pob_60mas":113,"area_km2":0.9098,"crec_pct_pob":0.0691,"crec_abs_hog":36,"pct_pea":50.78,"pct_0_14":20.33,"pct_15_24":16.58,"pct_25_59":51.3,"pct_60mas":11.78,"crec_pct_hog":12.63,"nse_ab":55,"nse_cmas":96,"nse_c":68,"nse_cmenos":41,"nse_dmas":25,"nse_d":32,"nse_e":null,"nse_predominante":"C+"},"geometry":{"type":"Polygon","coordinates":[[[-103.37586220453511,25.535043424922247],[-103.36583094625028,25.534931024154236],[-103.3658664011711,25.530271610963368],[-103.37290880514921,25.530365375489527],[-103.37943590420609,25.52197207705046],[-103.3848819927974,25.521928227490882],[-103.37591505425446,25.530399565863206],[-103.37586220453511,25.535043424922247]]]}},{"type":"Feature","properties":{"CVEGEO":"0503500012043","pob_total":881,"pob_2010":979,"pob_fem":485,"pob_mas":396,"hog_total":331,"hog_2010":256,"viv_habitadas":332,"viv_2010":353,"viv_total":369,"viv_deshabitadas":33,"viv_temporal":4,"vph_1dor":50,"vph_2mas_dor":280,"escolaridad":13.22,"pea":449,"solteros":276,"casados":389,"separados":149,"prom_hnv":2.22,"pob_0_14":107,"pob_15_24":97,"pob_25_59":357,"pob_60mas":320,"area_km2":0.6104,"crec_pct_pob":-0.1001,"crec_abs_hog":75,"pct_pea":50.96,"pct_0_14":12.15,"pct_15_24":11.01,"pct_25_59":40.52,"pct_60mas":36.32,"crec_pct_hog":29.3,"nse_ab":77,"nse_cmas":99,"nse_c":55,"nse_cmenos":35,"nse_dmas":21,"nse_d":40,"nse_e":5,"nse_predominante":"C+"},"geometry":{"type":"Polygon","coordinates":[[[-103.4059467970224,25.53525770503969],[-103.40591453749641,25.531125806189007],[-103.4065120377646,25.532057195960533],[-103.4071849372765,25.53247845567604],[-103.40961667707295,25.532562596016657],[-103.41026412690766,25.53225213591195],[-103.41157363606018,25.531127306179044],[-103.41200267581199,25.530433566722024],[-103.41215127595466,25.529814626866568],[-103.41530652550034,25.529824366117047],[-103.41527286566782,25.5355483053476],[-103.41204326594628,25.535512845574182],[-103.41211098551737,25.539132944474044],[-103.41184721604127,25.53913837475589],[-103.41313095541203,25.540175224645438],[-103.41258272581035,25.54077154444468],[-103.40681364713829,25.53611022539781],[-103.4059467970224,25.53525770503969]]]}},{"type":"Feature","properties":{"CVEGEO":"0503500014177","pob_total":1862,"pob_2010":319,"pob_fem":935,"pob_mas":927,"hog_total":551,"hog_2010":93,"viv_habitadas":551,"viv_2010":682,"viv_total":673,"viv_deshabitadas":103,"viv_temporal":19,"vph_1dor":114,"vph_2mas_dor":437,"escolaridad":9.57,"pea":875,"solteros":370,"casados":789,"separados":163,"prom_hnv":2.02,"pob_0_14":656,"pob_15_24":300,"pob_25_59":834,"pob_60mas":72,"area_km2":0.1413,"crec_pct_pob":4.837,"crec_abs_hog":458,"pct_pea":46.99,"pct_0_14":35.23,"pct_15_24":16.11,"pct_25_59":44.79,"pct_60mas":3.87,"crec_pct_hog":492.47,"nse_ab":5,"nse_cmas":31,"nse_c":56,"nse_cmenos":93,"nse_dmas":131,"nse_d":202,"nse_e":30,"nse_predominante":"D"},"geometry":{"type":"Polygon","coordinates":[[[-103.3444390922657,25.50531654008549],[-103.3440792519838,25.504789149957684],[-103.34402628278426,25.504304548986795],[-103.34430009277462,25.504133199520872],[-103.34729011118404,25.509549778646264],[-103.34307349235297,25.511469208624757],[-103.34282677247859,25.511025888908957],[-103.34396885245793,25.50890747903164],[-103.34430495252947,25.506849889262167],[-103.3444390922657,25.50531654008549]]]}},{"type":"Feature","properties":{"CVEGEO":"0503500011897","pob_total":4042,"pob_2010":4327,"pob_fem":2063,"pob_mas":1979,"hog_total":1151,"hog_2010":1081,"viv_habitadas":1151,"viv_2010":1238,"viv_total":1250,"viv_deshabitadas":76,"viv_temporal":23,"vph_1dor":199,"vph_2mas_dor":952,"escolaridad":10.59,"pea":2162,"solteros":1114,"casados":1775,"separados":407,"prom_hnv":2.06,"pob_0_14":964,"pob_15_24":640,"pob_25_59":1900,"pob_60mas":538,"area_km2":0.3461,"crec_pct_pob":-0.0659,"crec_abs_hog":70,"pct_pea":53.49,"pct_0_14":23.85,"pct_15_24":15.83,"pct_25_59":47.01,"pct_60mas":13.31,"crec_pct_hog":6.48,"nse_ab":49,"nse_cmas":172,"nse_c":247,"nse_cmenos":265,"nse_dmas":168,"nse_d":223,"nse_e":17,"nse_predominante":"C-"},"geometry":{"type":"Polygon","coordinates":[[[-103.41022023589444,25.5018300615153],[-103.40779918720382,25.500262852698782],[-103.40761727696622,25.500201252174502],[-103.40743399833246,25.500426651860078],[-103.4070580983184,25.500152572432608],[-103.4074358778233,25.499704012272414],[-103.40487804838598,25.497889322590517],[-103.40627449878161,25.49639957321639],[-103.40672487825636,25.49663315279399],[-103.40773746768237,25.496528382814656],[-103.40899783824531,25.495241513168374],[-103.41376844687245,25.49893105257485],[-103.41114590742598,25.5022458915411],[-103.41034604681069,25.50168814215746],[-103.41022023589444,25.5018300615153]]]}},{"type":"Feature","properties":{"CVEGEO":"050350001094A","pob_total":2449,"pob_2010":2411,"pob_fem":1281,"pob_mas":1168,"hog_total":781,"hog_2010":701,"viv_habitadas":781,"viv_2010":875,"viv_total":921,"viv_deshabitadas":121,"viv_temporal":19,"vph_1dor":146,"vph_2mas_dor":635,"escolaridad":13.44,"pea":1314,"solteros":787,"casados":1048,"separados":240,"prom_hnv":1.46,"pob_0_14":481,"pob_15_24":474,"pob_25_59":1245,"pob_60mas":249,"area_km2":0.452,"crec_pct_pob":0.0158,"crec_abs_hog":80,"pct_pea":53.65,"pct_0_14":19.64,"pct_15_24":19.35,"pct_25_59":50.84,"pct_60mas":10.17,"crec_pct_hog":11.41,"nse_ab":128,"nse_cmas":223,"nse_c":190,"nse_cmenos":122,"nse_dmas":78,"nse_d":36,"nse_e":0,"nse_predominante":"C+"},"geometry":{"type":"Polygon","coordinates":[[[-103.44307017764294,25.573156558863857],[-103.4449624077932,25.573472678269063],[-103.44569695749945,25.5726260485722],[-103.4459063171918,25.57125844959148],[-103.4464821172845,25.56976541900164],[-103.44905563660397,25.56771774020297],[-103.45128722590248,25.567758499849674],[-103.45126120604901,25.568740020872475],[-103.45152952653493,25.570288529891137],[-103.45244175456217,25.574110158883514],[-103.45024520663515,25.574276878510155],[-103.44963520507339,25.57385983896384],[-103.44209858726049,25.575600638966655],[-103.44239985783454,25.573982708106378],[-103.44286645846724,25.574069068671],[-103.44307017764294,25.573156558863857]]]}},{"type":"Feature","properties":{"CVEGEO":"0503500013215","pob_total":639,"pob_2010":675,"pob_fem":303,"pob_mas":336,"hog_total":182,"hog_2010":197,"viv_habitadas":183,"viv_2010":359,"viv_total":265,"viv_deshabitadas":73,"viv_temporal":9,"vph_1dor":64,"vph_2mas_dor":115,"escolaridad":8.49,"pea":328,"solteros":201,"casados":236,"separados":70,"prom_hnv":2.23,"pob_0_14":162,"pob_15_24":116,"pob_25_59":285,"pob_60mas":76,"area_km2":0.2129,"crec_pct_pob":-0.0533,"crec_abs_hog":-15,"pct_pea":51.33,"pct_0_14":25.35,"pct_15_24":18.15,"pct_25_59":44.6,"pct_60mas":11.89,"crec_pct_hog":-7.61,"nse_ab":null,"nse_cmas":14,"nse_c":15,"nse_cmenos":16,"nse_dmas":21,"nse_d":82,"nse_e":29,"nse_predominante":"D"},"geometry":{"type":"Polygon","coordinates":[[[-103.46555292395696,25.534654246986346],[-103.47118874275638,25.535093176342915],[-103.47117835291277,25.53560071652466],[-103.47040698269501,25.53581410684104],[-103.46998211293729,25.536540206184686],[-103.47044977263398,25.538177876519956],[-103.46988685298568,25.538279366248887],[-103.4697666329724,25.538153846423047],[-103.46900917281356,25.538575376341257],[-103.46620357390111,25.539229135484618],[-103.46497192436102,25.534788906710943],[-103.46555292395696,25.534654246986346]]]}},{"type":"Feature","properties":{"CVEGEO":"0503500011261","pob_total":4205,"pob_2010":4864,"pob_fem":2157,"pob_mas":2048,"hog_total":1229,"hog_2010":1238,"viv_habitadas":1229,"viv_2010":1414,"viv_total":1401,"viv_deshabitadas":154,"viv_temporal":18,"vph_1dor":318,"vph_2mas_dor":910,"escolaridad":9.66,"pea":2054,"solteros":1149,"casados":1736,"separados":589,"prom_hnv":2.28,"pob_0_14":923,"pob_15_24":652,"pob_25_59":1860,"pob_60mas":770,"area_km2":0.5102,"crec_pct_pob":-0.1355,"crec_abs_hog":-9,"pct_pea":48.85,"pct_0_14":21.95,"pct_15_24":15.51,"pct_25_59":44.23,"pct_60mas":18.31,"crec_pct_hog":-0.73,"nse_ab":52,"nse_cmas":148,"nse_c":175,"nse_cmenos":205,"nse_dmas":185,"nse_d":371,"nse_e":87,"nse_predominante":"D"},"geometry":{"type":"Polygon","coordinates":[[[-103.41953389414064,25.558426021245914],[-103.4123722949802,25.558396880709036],[-103.4112309258937,25.557445840920774],[-103.41762515419848,25.550974502288536],[-103.41879615388234,25.551912442399026],[-103.41831255408809,25.552441002126326],[-103.42169786331527,25.55521014155631],[-103.42219969313587,25.554726731536405],[-103.42280487322138,25.555232131431094],[-103.41953389414064,25.558426021245914]]]}},{"type":"Feature","properties":{"CVEGEO":"0503500012221","pob_total":660,"pob_2010":722,"pob_fem":339,"pob_mas":321,"hog_total":180,"hog_2010":184,"viv_habitadas":180,"viv_2010":271,"viv_total":253,"viv_deshabitadas":64,"viv_temporal":9,"vph_1dor":69,"vph_2mas_dor":111,"escolaridad":7.98,"pea":285,"solteros":172,"casados":285,"separados":40,"prom_hnv":2.37,"pob_0_14":194,"pob_15_24":107,"pob_25_59":294,"pob_60mas":65,"area_km2":0.4935,"crec_pct_pob":-0.0859,"crec_abs_hog":-4,"pct_pea":43.18,"pct_0_14":29.39,"pct_15_24":16.21,"pct_25_59":44.55,"pct_60mas":9.85,"crec_pct_hog":-2.17,"nse_ab":0,"nse_cmas":null,"nse_c":7,"nse_cmenos":11,"nse_dmas":19,"nse_d":89,"nse_e":50,"nse_predominante":"D"},"geometry":{"type":"Polygon","coordinates":[[[-103.45194871775205,25.520074749051975],[-103.45051569760342,25.52061305914013],[-103.45123431720216,25.51998044925074],[-103.45141202774222,25.519327509285752],[-103.45099748786748,25.517713429313314],[-103.45016543835644,25.51620606031283],[-103.45038412763905,25.51610586012453],[-103.45047958750025,25.516496651075997],[-103.45086945752415,25.516760180036037],[-103.45124105715688,25.5173748101342],[-103.4513727777072,25.51733899954712],[-103.45114097806098,25.51617611040788],[-103.45131854783345,25.515618090487216],[-103.45162546731954,25.515334740178407],[-103.45193268795884,25.512232542003137],[-103.46042315529643,25.51893408005177],[-103.4607869255586,25.519424458803442],[-103.46018934548566,25.519555879925665],[-103.45900675580954,25.520310169518815],[-103.45881726562158,25.520090089699764],[-103.4577404062793,25.52030019914527],[-103.45775772604168,25.520145939264534],[-103.45747605583767,25.520077979711346],[-103.4574807159782,25.519926719465264],[-103.45731277572165,25.519908459768956],[-103.45729805604988,25.52005622956647],[-103.45668277666343,25.520023509572713],[-103.45610551636197,25.519616629610052],[-103.45585209611811,25.51960199973685],[-103.45512726695725,25.5199637495628],[-103.45511157665122,25.520432809201097],[-103.45491426661535,25.520420319143792],[-103.45497358665507,25.520807769589425],[-103.45227571757727,25.52073170933336],[-103.45192855689594,25.520461079320793],[-103.45194871775205,25.520074749051975]]]}},{"type":"Feature","properties":{"CVEGEO":"050350001297A","pob_total":1572,"pob_2010":1766,"pob_fem":829,"pob_mas":743,"hog_total":488,"hog_2010":463,"viv_habitadas":488,"viv_2010":572,"viv_total":566,"viv_deshabitadas":63,"viv_temporal":15,"vph_1dor":92,"vph_2mas_dor":396,"escolaridad":12.26,"pea":791,"solteros":508,"casados":648,"separados":210,"prom_hnv":1.98,"pob_0_14":270,"pob_15_24":250,"pob_25_59":697,"pob_60mas":355,"area_km2":0.4986,"crec_pct_pob":-0.1099,"crec_abs_hog":25,"pct_pea":50.32,"pct_0_14":17.18,"pct_15_24":15.9,"pct_25_59":44.34,"pct_60mas":22.58,"crec_pct_hog":5.4,"nse_ab":84,"nse_cmas":96,"nse_c":90,"nse_cmenos":84,"nse_dmas":53,"nse_d":67,"nse_e":12,"nse_predominante":"C+"},"geometry":{"type":"Polygon","coordinates":[[[-103.40574698703378,25.55044922249219],[-103.40580966770428,25.540008794265827],[-103.40789004643186,25.540043194684614],[-103.40789312695662,25.54099540452858],[-103.41287581556614,25.5410271046713],[-103.41412590585388,25.542026174135632],[-103.40574698703378,25.55044922249219]]]}},{"type":"Feature","properties":{"CVEGEO":"0503500011295","pob_total":890,"pob_2010":954,"pob_fem":468,"pob_mas":422,"hog_total":331,"hog_2010":256,"viv_habitadas":333,"viv_2010":368,"viv_total":381,"viv_deshabitadas":34,"viv_temporal":14,"vph_1dor":30,"vph_2mas_dor":300,"escolaridad":14.52,"pea":439,"solteros":327,"casados":352,"separados":157,"prom_hnv":1.87,"pob_0_14":78,"pob_15_24":101,"pob_25_59":380,"pob_60mas":331,"area_km2":0.2444,"crec_pct_pob":-0.0671,"crec_abs_hog":75,"pct_pea":49.33,"pct_0_14":8.76,"pct_15_24":11.35,"pct_25_59":42.7,"pct_60mas":37.19,"crec_pct_hog":29.3,"nse_ab":121,"nse_cmas":85,"nse_c":51,"nse_cmenos":38,"nse_dmas":23,"nse_d":15,"nse_e":0,"nse_predominante":"A/B"},"geometry":{"type":"Polygon","coordinates":[[[-103.4416845191162,25.553640362891166],[-103.44643978773668,25.555994042013722],[-103.44395526841113,25.560101510920443],[-103.4407097491205,25.558408071336647],[-103.44147618839685,25.55540074241171],[-103.4405354993793,25.554569281834016],[-103.4416845191162,25.553640362891166]]]}},{"type":"Feature","properties":{"CVEGEO":"0503500011488","pob_total":1193,"pob_2010":1581,"pob_fem":653,"pob_mas":540,"hog_total":488,"hog_2010":493,"viv_habitadas":492,"viv_2010":593,"viv_total":600,"viv_deshabitadas":88,"viv_temporal":20,"vph_1dor":189,"vph_2mas_dor":295,"escolaridad":12.76,"pea":612,"solteros":428,"casados":432,"separados":218,"prom_hnv":1.78,"pob_0_14":133,"pob_15_24":153,"pob_25_59":565,"pob_60mas":342,"area_km2":0.2883,"crec_pct_pob":-0.2454,"crec_abs_hog":-5,"pct_pea":51.3,"pct_0_14":11.15,"pct_15_24":12.82,"pct_25_59":47.36,"pct_60mas":28.67,"crec_pct_hog":-1.01,"nse_ab":45,"nse_cmas":98,"nse_c":100,"nse_cmenos":76,"nse_dmas":54,"nse_d":99,"nse_e":14,"nse_predominante":"C"},"geometry":{"type":"Polygon","coordinates":[[[-103.42049796373625,25.543016054004227],[-103.42051349415274,25.535574225850866],[-103.42578693280117,25.53560811568923],[-103.42582087294001,25.536227145167313],[-103.42476018280385,25.53621573537684],[-103.42475016330054,25.53730077552368],[-103.42370066317169,25.537272845089284],[-103.42366150342477,25.543025004156238],[-103.42049796373625,25.543016054004227]]]}},{"type":"Feature","properties":{"CVEGEO":"0503500010032","pob_total":979,"pob_2010":1026,"pob_fem":555,"pob_mas":424,"hog_total":337,"hog_2010":256,"viv_habitadas":337,"viv_2010":381,"viv_total":382,"viv_deshabitadas":39,"viv_temporal":6,"vph_1dor":80,"vph_2mas_dor":256,"escolaridad":13.75,"pea":462,"solteros":255,"casados":463,"separados":150,"prom_hnv":2.07,"pob_0_14":133,"pob_15_24":106,"pob_25_59":404,"pob_60mas":336,"area_km2":0.6234,"crec_pct_pob":-0.0458,"crec_abs_hog":81,"pct_pea":47.19,"pct_0_14":13.59,"pct_15_24":10.83,"pct_25_59":41.27,"pct_60mas":34.32,"crec_pct_hog":31.64,"nse_ab":104,"nse_cmas":98,"nse_c":80,"nse_cmenos":33,"nse_dmas":19,"nse_d":null,"nse_e":0,"nse_predominante":"A/B"},"geometry":{"type":"Polygon","coordinates":[[[-103.43071747145412,25.562756140015598],[-103.4405354993793,25.554569281834016],[-103.44147618839685,25.55540074241171],[-103.44010532944408,25.56084467073803],[-103.43739642924912,25.563902910289045],[-103.43863686962247,25.564538220057],[-103.43737811942792,25.564918419977538],[-103.43596994967983,25.566232329541037],[-103.43539229020347,25.56551299019272],[-103.43429901009051,25.56621936032335],[-103.43071747145412,25.562756140015598]]]}},{"type":"Feature","properties":{"CVEGEO":"0503500012787","pob_total":1659,"pob_2010":1800,"pob_fem":865,"pob_mas":794,"hog_total":541,"hog_2010":494,"viv_habitadas":541,"viv_2010":607,"viv_total":609,"viv_deshabitadas":47,"viv_temporal":21,"vph_1dor":96,"vph_2mas_dor":445,"escolaridad":14.45,"pea":1076,"solteros":566,"casados":720,"separados":185,"prom_hnv":1.52,"pob_0_14":252,"pob_15_24":296,"pob_25_59":864,"pob_60mas":247,"area_km2":0.318,"crec_pct_pob":-0.0783,"crec_abs_hog":47,"pct_pea":64.86,"pct_0_14":15.19,"pct_15_24":17.84,"pct_25_59":52.08,"pct_60mas":14.89,"crec_pct_hog":9.51,"nse_ab":192,"nse_cmas":164,"nse_c":94,"nse_cmenos":46,"nse_dmas":23,"nse_d":20,"nse_e":null,"nse_predominante":"A/B"},"geometry":{"type":"Polygon","coordinates":[[[-103.39619342011834,25.517655318675963],[-103.39622444989584,25.511157489588474],[-103.3969322503365,25.510492649681694],[-103.40112598886674,25.51149873986577],[-103.39882515917188,25.51880505849721],[-103.39619342011834,25.517655318675963]]]}},{"type":"Feature","properties":{"CVEGEO":"0503500014410","pob_total":291,"pob_2010":238,"pob_fem":149,"pob_mas":142,"hog_total":77,"hog_2010":63,"viv_habitadas":77,"viv_2010":110,"viv_total":109,"viv_deshabitadas":17,"viv_temporal":15,"vph_1dor":5,"vph_2mas_dor":72,"escolaridad":10.74,"pea":129,"solteros":54,"casados":126,"separados":17,"prom_hnv":1.97,"pob_0_14":109,"pob_15_24":45,"pob_25_59":129,"pob_60mas":8,"area_km2":0.0229,"crec_pct_pob":0.2227,"crec_abs_hog":14,"pct_pea":44.33,"pct_0_14":37.46,"pct_15_24":15.46,"pct_25_59":44.33,"pct_60mas":2.75,"crec_pct_hog":22.22,"nse_ab":0,"nse_cmas":10,"nse_c":17,"nse_cmenos":17,"nse_dmas":13,"nse_d":20,"nse_e":0,"nse_predominante":"D"},"geometry":{"type":"Polygon","coordinates":[[[-103.34959244999298,25.548738871209114],[-103.34959437976057,25.54674600152544],[-103.35064457945548,25.546751041962576],[-103.35061743013553,25.548746301598257],[-103.34959244999298,25.548738871209114]]]}},{"type":"Feature","properties":{"CVEGEO":"0503500012626","pob_total":1695,"pob_2010":2022,"pob_fem":848,"pob_mas":847,"hog_total":461,"hog_2010":458,"viv_habitadas":461,"viv_2010":519,"viv_total":506,"viv_deshabitadas":44,"viv_temporal":0,"vph_1dor":118,"vph_2mas_dor":333,"escolaridad":8.09,"pea":838,"solteros":473,"casados":685,"separados":175,"prom_hnv":2.23,"pob_0_14":416,"pob_15_24":282,"pob_25_59":773,"pob_60mas":224,"area_km2":0.1307,"crec_pct_pob":-0.1617,"crec_abs_hog":3,"pct_pea":49.44,"pct_0_14":24.54,"pct_15_24":16.64,"pct_25_59":45.6,"pct_60mas":13.22,"crec_pct_hog":0.66,"nse_ab":4,"nse_cmas":30,"nse_c":55,"nse_cmenos":72,"nse_dmas":81,"nse_d":174,"nse_e":32,"nse_predominante":"D"},"geometry":{"type":"Polygon","coordinates":[[[-103.41158661537605,25.551894082389],[-103.40757810652362,25.548631622451616],[-103.40918424636212,25.54699884337087],[-103.41318746579253,25.550274372595425],[-103.41158661537605,25.551894082389]]]}},{"type":"Feature","properties":{"CVEGEO":"0503500013959","pob_total":3248,"pob_2010":2703,"pob_fem":1645,"pob_mas":1603,"hog_total":790,"hog_2010":708,"viv_habitadas":790,"viv_2010":934,"viv_total":949,"viv_deshabitadas":156,"viv_temporal":3,"vph_1dor":255,"vph_2mas_dor":532,"escolaridad":8.23,"pea":1357,"solteros":700,"casados":1292,"separados":286,"prom_hnv":2.22,"pob_0_14":1172,"pob_15_24":631,"pob_25_59":1275,"pob_60mas":170,"area_km2":0.2806,"crec_pct_pob":0.2016,"crec_abs_hog":82,"pct_pea":41.78,"pct_0_14":36.08,"pct_15_24":19.43,"pct_25_59":39.25,"pct_60mas":5.23,"crec_pct_hog":11.58,"nse_ab":null,"nse_cmas":14,"nse_c":57,"nse_cmenos":103,"nse_dmas":149,"nse_d":333,"nse_e":121,"nse_predominante":"D"},"geometry":{"type":"Polygon","coordinates":[[[-103.38396724379832,25.490067523771984],[-103.38529754349726,25.49044349342908],[-103.38702273307317,25.49155072308172],[-103.38544620313019,25.4934917126878],[-103.38797377225382,25.49519349265916],[-103.37971348453345,25.496492052319322],[-103.37930891492846,25.495894322758375],[-103.37961117503988,25.49552314270534],[-103.37999097432211,25.495725572502394],[-103.3833988535472,25.491533913309652],[-103.38301491410897,25.491294882935566],[-103.38396724379832,25.490067523771984]]]}},{"type":"Feature","properties":{"CVEGEO":"050350001226A","pob_total":1143,"pob_2010":1202,"pob_fem":580,"pob_mas":563,"hog_total":308,"hog_2010":289,"viv_habitadas":308,"viv_2010":320,"viv_total":356,"viv_deshabitadas":33,"viv_temporal":15,"vph_1dor":71,"vph_2mas_dor":237,"escolaridad":9.27,"pea":559,"solteros":271,"casados":543,"separados":90,"prom_hnv":2.25,"pob_0_14":296,"pob_15_24":242,"pob_25_59":509,"pob_60mas":96,"area_km2":0.3374,"crec_pct_pob":-0.0491,"crec_abs_hog":19,"pct_pea":48.91,"pct_0_14":25.9,"pct_15_24":21.17,"pct_25_59":44.53,"pct_60mas":8.4,"crec_pct_hog":6.57,"nse_ab":11,"nse_cmas":27,"nse_c":34,"nse_cmenos":51,"nse_dmas":45,"nse_d":112,"nse_e":27,"nse_predominante":"D"},"geometry":{"type":"Polygon","coordinates":[[[-103.38448854108174,25.597889042850507],[-103.39167327850785,25.59762146336663],[-103.39178587784238,25.598049703425822],[-103.38181311088915,25.60543358046356],[-103.381592331305,25.605312731029485],[-103.38315688122063,25.602243581553942],[-103.38256067139064,25.601991981621122],[-103.38425191123063,25.59838050229898],[-103.38448633087978,25.598283352966675],[-103.38448854108174,25.597889042850507]]]}},{"type":"Feature","properties":{"CVEGEO":"0503500014660","pob_total":876,"pob_2010":0,"pob_fem":444,"pob_mas":432,"hog_total":287,"hog_2010":0,"viv_habitadas":287,"viv_2010":0,"viv_total":494,"viv_deshabitadas":158,"viv_temporal":49,"vph_1dor":81,"vph_2mas_dor":206,"escolaridad":12.81,"pea":465,"solteros":197,"casados":390,"separados":60,"prom_hnv":1.6,"pob_0_14":270,"pob_15_24":119,"pob_25_59":442,"pob_60mas":45,"area_km2":0.1678,"crec_pct_pob":null,"crec_abs_hog":287,"pct_pea":53.08,"pct_0_14":30.82,"pct_15_24":13.58,"pct_25_59":50.46,"pct_60mas":5.14,"crec_pct_hog":0.0,"nse_ab":26,"nse_cmas":83,"nse_c":62,"nse_cmenos":46,"nse_dmas":36,"nse_d":29,"nse_e":3,"nse_predominante":"C+"},"geometry":{"type":"Polygon","coordinates":[[[-103.37384956283007,25.620157241043298],[-103.37218532468533,25.621058972956877],[-103.36963456996894,25.6230297806406],[-103.36885152935285,25.622443085460592],[-103.36712880096223,25.621656910610326],[-103.36899968374361,25.617995099670633],[-103.37085166550044,25.61880153817264],[-103.37052562369095,25.619872790847637],[-103.37132448349311,25.62016657756304],[-103.37187727254025,25.620146828747234],[-103.37309137142627,25.619571313020334],[-103.37384956283007,25.620157241043298]]]}},{"type":"Feature","properties":{"CVEGEO":"0503500013183","pob_total":1809,"pob_2010":1539,"pob_fem":928,"pob_mas":881,"hog_total":460,"hog_2010":368,"viv_habitadas":460,"viv_2010":459,"viv_total":540,"viv_deshabitadas":67,"viv_temporal":13,"vph_1dor":139,"vph_2mas_dor":316,"escolaridad":8.44,"pea":799,"solteros":435,"casados":787,"separados":144,"prom_hnv":2.32,"pob_0_14":531,"pob_15_24":343,"pob_25_59":794,"pob_60mas":141,"area_km2":0.224,"crec_pct_pob":0.1754,"crec_abs_hog":92,"pct_pea":44.17,"pct_0_14":29.35,"pct_15_24":18.96,"pct_25_59":43.89,"pct_60mas":7.79,"crec_pct_hog":25.0,"nse_ab":3,"nse_cmas":21,"nse_c":64,"nse_cmenos":66,"nse_dmas":76,"nse_d":167,"nse_e":56,"nse_predominante":"D"},"geometry":{"type":"Polygon","coordinates":[[[-103.3922246016335,25.494513373142826],[-103.39403962170746,25.495799942447903],[-103.39468796136045,25.49528581241601],[-103.3971448802245,25.497710292100795],[-103.39818807007931,25.49845968267333],[-103.39728134090237,25.49906717220496],[-103.39632867057962,25.50002240190332],[-103.38883802289273,25.495055253027818],[-103.3922246016335,25.494513373142826]]]}},{"type":"Feature","properties":{"CVEGEO":"0503500012857","pob_total":1036,"pob_2010":1537,"pob_fem":530,"pob_mas":506,"hog_total":343,"hog_2010":378,"viv_habitadas":343,"viv_2010":473,"viv_total":446,"viv_deshabitadas":102,"viv_temporal":0,"vph_1dor":115,"vph_2mas_dor":225,"escolaridad":9.08,"pea":506,"solteros":354,"casados":427,"separados":81,"prom_hnv":2.08,"pob_0_14":211,"pob_15_24":168,"pob_25_59":499,"pob_60mas":158,"area_km2":0.1677,"crec_pct_pob":-0.326,"crec_abs_hog":-35,"pct_pea":48.84,"pct_0_14":20.37,"pct_15_24":16.22,"pct_25_59":48.17,"pct_60mas":15.25,"crec_pct_hog":-9.26,"nse_ab":7,"nse_cmas":16,"nse_c":35,"nse_cmenos":52,"nse_dmas":57,"nse_d":143,"nse_e":27,"nse_predominante":"D"},"geometry":{"type":"Polygon","coordinates":[[[-103.45299892679101,25.529132287458093],[-103.44941317759924,25.526821007420097],[-103.44941771762583,25.526393317616616],[-103.45050783790859,25.526355568185558],[-103.45132289713847,25.525867477646155],[-103.45119485694806,25.525699058178454],[-103.45310100670343,25.524613708315858],[-103.45448374686517,25.5262295082342],[-103.45445023684253,25.5278093476044],[-103.4552834961201,25.5283893975968],[-103.45572977610536,25.528492708006635],[-103.45533778606806,25.52880617784033],[-103.45485343729146,25.52971888002969],[-103.45299892679101,25.529132287458093]]]}},{"type":"Feature","properties":{"CVEGEO":"0503500011401","pob_total":1326,"pob_2010":1702,"pob_fem":719,"pob_mas":607,"hog_total":454,"hog_2010":528,"viv_habitadas":455,"viv_2010":645,"viv_total":620,"viv_deshabitadas":158,"viv_temporal":7,"vph_1dor":152,"vph_2mas_dor":301,"escolaridad":11.24,"pea":632,"solteros":436,"casados":462,"separados":288,"prom_hnv":2.04,"pob_0_14":192,"pob_15_24":191,"pob_25_59":574,"pob_60mas":369,"area_km2":0.3044,"crec_pct_pob":-0.2209,"crec_abs_hog":-74,"pct_pea":47.66,"pct_0_14":14.48,"pct_15_24":14.4,"pct_25_59":43.29,"pct_60mas":27.83,"crec_pct_hog":-14.02,"nse_ab":48,"nse_cmas":55,"nse_c":70,"nse_cmenos":73,"nse_dmas":78,"nse_d":101,"nse_e":27,"nse_predominante":"D"},"geometry":{"type":"Polygon","coordinates":[[[-103.427830392205,25.54780377332934],[-103.425720582985,25.547795913192775],[-103.42570650305495,25.550455912751644],[-103.42536384246444,25.55016527294018],[-103.42474583302844,25.55079590282],[-103.422118673086,25.548607653085696],[-103.42273630300362,25.548022762763104],[-103.4224184933824,25.54773902335693],[-103.42362613290021,25.54778079293071],[-103.42366150342477,25.543025004156238],[-103.42787818259517,25.543031564625707],[-103.427830392205,25.54780377332934]]]}},{"type":"Feature","properties":{"CVEGEO":"0503500011280","pob_total":1311,"pob_2010":1546,"pob_fem":724,"pob_mas":587,"hog_total":495,"hog_2010":429,"viv_habitadas":495,"viv_2010":561,"viv_total":569,"viv_deshabitadas":65,"viv_temporal":9,"vph_1dor":111,"vph_2mas_dor":383,"escolaridad":14.59,"pea":704,"solteros":409,"casados":592,"separados":204,"prom_hnv":1.86,"pob_0_14":142,"pob_15_24":140,"pob_25_59":593,"pob_60mas":436,"area_km2":0.4856,"crec_pct_pob":-0.152,"crec_abs_hog":66,"pct_pea":53.7,"pct_0_14":10.83,"pct_15_24":10.68,"pct_25_59":45.23,"pct_60mas":33.26,"crec_pct_hog":15.38,"nse_ab":162,"nse_cmas":144,"nse_c":87,"nse_cmenos":41,"nse_dmas":35,"nse_d":21,"nse_e":3,"nse_predominante":"A/B"},"geometry":{"type":"Polygon","coordinates":[[[-103.44395526841113,25.560101510920443],[-103.44643978773668,25.555994042013722],[-103.44807340722608,25.556812471806555],[-103.4543430860315,25.55849316291814],[-103.4527475559054,25.5616489416679],[-103.4517390864237,25.56423276083811],[-103.44924797685736,25.562408911311817],[-103.44737332714553,25.561483271140773],[-103.44720665769887,25.56173836119615],[-103.44395526841113,25.560101510920443]]]}},{"type":"Feature","properties":{"CVEGEO":"0503500010884","pob_total":2892,"pob_2010":3342,"pob_fem":1551,"pob_mas":1341,"hog_total":943,"hog_2010":884,"viv_habitadas":943,"viv_2010":1028,"viv_total":1044,"viv_deshabitadas":83,"viv_temporal":18,"vph_1dor":248,"vph_2mas_dor":693,"escolaridad":10.28,"pea":1399,"solteros":824,"casados":1228,"separados":391,"prom_hnv":2.18,"pob_0_14":558,"pob_15_24":458,"pob_25_59":1315,"pob_60mas":561,"area_km2":0.2248,"crec_pct_pob":-0.1346,"crec_abs_hog":59,"pct_pea":48.37,"pct_0_14":19.29,"pct_15_24":15.84,"pct_25_59":45.47,"pct_60mas":19.4,"crec_pct_hog":6.67,"nse_ab":27,"nse_cmas":81,"nse_c":162,"nse_cmenos":198,"nse_dmas":209,"nse_d":236,"nse_e":27,"nse_predominante":"D"},"geometry":{"type":"Polygon","coordinates":[[[-103.36170784714295,25.534943404760735],[-103.35850957822117,25.534913284341727],[-103.35849282852445,25.52863608519055],[-103.3616926478534,25.52862799592478],[-103.36170784714295,25.534943404760735]]]}},{"type":"Feature","properties":{"CVEGEO":"0503500011859","pob_total":1845,"pob_2010":2026,"pob_fem":913,"pob_mas":932,"hog_total":501,"hog_2010":514,"viv_habitadas":501,"viv_2010":619,"viv_total":616,"viv_deshabitadas":104,"viv_temporal":11,"vph_1dor":136,"vph_2mas_dor":364,"escolaridad":9.15,"pea":901,"solteros":493,"casados":753,"separados":267,"prom_hnv":2.4,"pob_0_14":410,"pob_15_24":317,"pob_25_59":791,"pob_60mas":327,"area_km2":0.3991,"crec_pct_pob":-0.0893,"crec_abs_hog":-13,"pct_pea":48.83,"pct_0_14":22.22,"pct_15_24":17.18,"pct_25_59":42.87,"pct_60mas":17.72,"crec_pct_hog":-2.53,"nse_ab":25,"nse_cmas":41,"nse_c":81,"nse_cmenos":70,"nse_dmas":92,"nse_d":155,"nse_e":35,"nse_predominante":"D"},"geometry":{"type":"Polygon","coordinates":[[[-103.4332428720167,25.513080370421765],[-103.43655232138477,25.50880691118769],[-103.44139739051779,25.51025400028591],[-103.44109106049007,25.510443981221716],[-103.44089168997597,25.51110831057121],[-103.44048652015869,25.511440721072024],[-103.44008161023683,25.51211986072828],[-103.44009063016284,25.513110339904806],[-103.44022010043155,25.513301200256016],[-103.43998218997424,25.513754970497622],[-103.43978804027871,25.51399409019058],[-103.43902696049412,25.51348192007118],[-103.43552136094252,25.518008339076996],[-103.43413587198772,25.516635339596284],[-103.43568219165984,25.514638999945234],[-103.4332428720167,25.513080370421765]]]}},{"type":"Feature","properties":{"CVEGEO":"0503500013107","pob_total":2209,"pob_2010":2264,"pob_fem":1163,"pob_mas":1046,"hog_total":713,"hog_2010":605,"viv_habitadas":713,"viv_2010":722,"viv_total":816,"viv_deshabitadas":89,"viv_temporal":14,"vph_1dor":99,"vph_2mas_dor":614,"escolaridad":14.06,"pea":1258,"solteros":776,"casados":975,"separados":213,"prom_hnv":1.56,"pob_0_14":327,"pob_15_24":445,"pob_25_59":1153,"pob_60mas":284,"area_km2":0.343,"crec_pct_pob":-0.0243,"crec_abs_hog":108,"pct_pea":56.95,"pct_0_14":14.8,"pct_15_24":20.14,"pct_25_59":52.2,"pct_60mas":12.86,"crec_pct_hog":17.85,"nse_ab":239,"nse_cmas":231,"nse_c":112,"nse_cmenos":71,"nse_dmas":37,"nse_d":21,"nse_e":0,"nse_predominante":"A/B"},"geometry":{"type":"Polygon","coordinates":[[[-103.38942720222971,25.517577688339372],[-103.38819376239452,25.51650370811042],[-103.38659431249232,25.516382998950025],[-103.38446867324446,25.51513062871906],[-103.38656513280866,25.512530509173978],[-103.38905210167961,25.51249422970129],[-103.38914557223667,25.512288859113127],[-103.39445622090628,25.512302779217443],[-103.39479805102519,25.51252288918776],[-103.38942720222971,25.517577688339372]]]}},{"type":"Feature","properties":{"CVEGEO":"0503500013323","pob_total":2654,"pob_2010":2541,"pob_fem":1375,"pob_mas":1279,"hog_total":794,"hog_2010":695,"viv_habitadas":794,"viv_2010":892,"viv_total":938,"viv_deshabitadas":119,"viv_temporal":25,"vph_1dor":125,"vph_2mas_dor":669,"escolaridad":12.35,"pea":1410,"solteros":881,"casados":1126,"separados":222,"prom_hnv":1.64,"pob_0_14":564,"pob_15_24":570,"pob_25_59":1306,"pob_60mas":214,"area_km2":0.4829,"crec_pct_pob":0.0445,"crec_abs_hog":99,"pct_pea":53.13,"pct_0_14":21.25,"pct_15_24":21.48,"pct_25_59":49.21,"pct_60mas":8.06,"crec_pct_hog":14.24,"nse_ab":104,"nse_cmas":203,"nse_c":172,"nse_cmenos":129,"nse_dmas":85,"nse_d":90,"nse_e":8,"nse_predominante":"C+"},"geometry":{"type":"Polygon","coordinates":[[[-103.39113022060546,25.564354879217156],[-103.39107827016846,25.56302296079484],[-103.39178345045794,25.563265450498605],[-103.39241989847505,25.562589800679493],[-103.39133761996126,25.56224751098882],[-103.39129710059595,25.5621177704293],[-103.39125127050957,25.558293310874276],[-103.39557589891339,25.55833210027805],[-103.39821827812555,25.56079132999354],[-103.39845170822478,25.561167440242958],[-103.39837784855709,25.561759310331414],[-103.39634083865843,25.566190599382157],[-103.39356453964936,25.565089989003827],[-103.3929880399414,25.565715049107613],[-103.39203399988116,25.565482019439514],[-103.39207476957262,25.564320678897708],[-103.39113022060546,25.564354879217156]]]}},{"type":"Feature","properties":{"CVEGEO":"0503500014586","pob_total":301,"pob_2010":0,"pob_fem":140,"pob_mas":161,"hog_total":90,"hog_2010":0,"viv_habitadas":90,"viv_2010":0,"viv_total":97,"viv_deshabitadas":0,"viv_temporal":5,"vph_1dor":21,"vph_2mas_dor":69,"escolaridad":10.54,"pea":137,"solteros":55,"casados":127,"separados":17,"prom_hnv":1.64,"pob_0_14":118,"pob_15_24":36,"pob_25_59":142,"pob_60mas":5,"area_km2":0.0215,"crec_pct_pob":null,"crec_abs_hog":90,"pct_pea":45.51,"pct_0_14":39.2,"pct_15_24":11.96,"pct_25_59":47.18,"pct_60mas":1.66,"crec_pct_hog":0.0,"nse_ab":0,"nse_cmas":null,"nse_c":11,"nse_cmenos":29,"nse_dmas":28,"nse_d":20,"nse_e":0,"nse_predominante":"C-"},"geometry":{"type":"Polygon","coordinates":[[[-103.34693901089803,25.54881184018822],[-103.3469404606509,25.54751373140874],[-103.34840065052578,25.547502501890495],[-103.34839175015689,25.548600641562253],[-103.34858314020684,25.548600741618532],[-103.34858523024533,25.54880353054621],[-103.34693901089803,25.54881184018822]]]}},{"type":"Feature","properties":{"CVEGEO":"0503500012683","pob_total":1700,"pob_2010":2460,"pob_fem":871,"pob_mas":829,"hog_total":518,"hog_2010":588,"viv_habitadas":518,"viv_2010":679,"viv_total":656,"viv_deshabitadas":111,"viv_temporal":27,"vph_1dor":131,"vph_2mas_dor":386,"escolaridad":9.46,"pea":904,"solteros":469,"casados":666,"separados":269,"prom_hnv":2.33,"pob_0_14":357,"pob_15_24":278,"pob_25_59":810,"pob_60mas":255,"area_km2":0.1922,"crec_pct_pob":-0.3089,"crec_abs_hog":-70,"pct_pea":53.18,"pct_0_14":21.0,"pct_15_24":16.35,"pct_25_59":47.65,"pct_60mas":15.0,"crec_pct_hog":-11.9,"nse_ab":38,"nse_cmas":62,"nse_c":61,"nse_cmenos":83,"nse_dmas":91,"nse_d":156,"nse_e":23,"nse_predominante":"D"},"geometry":{"type":"Polygon","coordinates":[[[-103.39390938999657,25.531699075513693],[-103.38650124197248,25.528179905924546],[-103.38674494206812,25.527765906189902],[-103.3897176415519,25.529204536263133],[-103.3905226416348,25.52781465600781],[-103.39393673065248,25.527840076180837],[-103.39394331067481,25.527087606820558],[-103.39609521984032,25.527131506710862],[-103.3960901000475,25.528951705911904],[-103.39394453084459,25.528930056125304],[-103.39390938999657,25.531699075513693]]]}},{"type":"Feature","properties":{"CVEGEO":"0503500010812","pob_total":6473,"pob_2010":5273,"pob_fem":3327,"pob_mas":3146,"hog_total":1918,"hog_2010":1474,"viv_habitadas":1919,"viv_2010":1948,"viv_total":2182,"viv_deshabitadas":224,"viv_temporal":39,"vph_1dor":327,"vph_2mas_dor":1585,"escolaridad":12.99,"pea":3361,"solteros":1896,"casados":2840,"separados":505,"prom_hnv":1.56,"pob_0_14":1620,"pob_15_24":1196,"pob_25_59":3230,"pob_60mas":427,"area_km2":1.3909,"crec_pct_pob":0.2276,"crec_abs_hog":444,"pct_pea":51.92,"pct_0_14":25.03,"pct_15_24":18.48,"pct_25_59":49.9,"pct_60mas":6.6,"crec_pct_hog":30.12,"nse_ab":342,"nse_cmas":574,"nse_c":402,"nse_cmenos":270,"nse_dmas":178,"nse_d":133,"nse_e":10,"nse_predominante":"C+"},"geometry":{"type":"Polygon","coordinates":[[[-103.39557589891339,25.55833210027805],[-103.38237834094302,25.558166301030983],[-103.38242188186564,25.55563096094177],[-103.3828760523066,25.555725911158667],[-103.38285436079842,25.557394280084377],[-103.38363171059918,25.55741291070127],[-103.38387502233762,25.557173940520865],[-103.38435644220324,25.555755050797664],[-103.38422744107652,25.55557011211959],[-103.38436942114838,25.553378202120708],[-103.38440508097447,25.553101991894145],[-103.3846775916323,25.55312131253858],[-103.38476084146971,25.552496942178486],[-103.38475970227347,25.552371502183668],[-103.38443407125123,25.552339252448125],[-103.38466899152905,25.54989044287798],[-103.38424733106106,25.549709652115077],[-103.38422410172286,25.550330451899534],[-103.38147199316867,25.550155102297232],[-103.38148564277552,25.549604332396605],[-103.38041084313888,25.549515711792147],[-103.38028379254426,25.549749512108292],[-103.37971507358418,25.549718361602494],[-103.38115528292555,25.54637993366002],[-103.38124710276027,25.54448425370459],[-103.39109285100466,25.544609173263314],[-103.39084122021342,25.549128402557134],[-103.39123193030314,25.55040900222833],[-103.39131060014302,25.553188451350806],[-103.39158425032552,25.55319704161471],[-103.39280812951269,25.554254931520138],[-103.39193216985811,25.555241340823123],[-103.39557589891339,25.55833210027805]]]}},{"type":"Feature","properties":{"CVEGEO":"050350001201A","pob_total":965,"pob_2010":165,"pob_fem":503,"pob_mas":462,"hog_total":301,"hog_2010":55,"viv_habitadas":301,"viv_2010":140,"viv_total":421,"viv_deshabitadas":76,"viv_temporal":44,"vph_1dor":23,"vph_2mas_dor":278,"escolaridad":14.08,"pea":460,"solteros":183,"casados":482,"separados":51,"prom_hnv":1.45,"pob_0_14":288,"pob_15_24":120,"pob_25_59":523,"pob_60mas":34,"area_km2":0.3082,"crec_pct_pob":4.8485,"crec_abs_hog":246,"pct_pea":47.67,"pct_0_14":29.84,"pct_15_24":12.44,"pct_25_59":54.2,"pct_60mas":3.52,"crec_pct_hog":447.27,"nse_ab":43,"nse_cmas":129,"nse_c":77,"nse_cmenos":35,"nse_dmas":12,"nse_d":5,"nse_e":0,"nse_predominante":"C+"},"geometry":{"type":"Polygon","coordinates":[[[-103.33500741403286,25.540865973804884],[-103.3348665439619,25.534743874277154],[-103.33646254215782,25.534777504407472],[-103.33645174191564,25.535717443650846],[-103.33710005250956,25.535721714452855],[-103.33710518208213,25.53557853469065],[-103.34090674204177,25.53573948384419],[-103.34111146249491,25.537943204437255],[-103.33927657290425,25.537920103114608],[-103.33917508299456,25.540726072773044],[-103.33500741403286,25.540865973804884]]]}},{"type":"Feature","properties":{"CVEGEO":"0503500011469","pob_total":2261,"pob_2010":2806,"pob_fem":1192,"pob_mas":1069,"hog_total":744,"hog_2010":794,"viv_habitadas":744,"viv_2010":959,"viv_total":944,"viv_deshabitadas":183,"viv_temporal":17,"vph_1dor":161,"vph_2mas_dor":580,"escolaridad":11.5,"pea":1102,"solteros":714,"casados":882,"separados":354,"prom_hnv":2.11,"pob_0_14":383,"pob_15_24":342,"pob_25_59":965,"pob_60mas":571,"area_km2":0.2676,"crec_pct_pob":-0.1942,"crec_abs_hog":-50,"pct_pea":48.74,"pct_0_14":16.94,"pct_15_24":15.13,"pct_25_59":42.68,"pct_60mas":25.25,"crec_pct_hog":-6.3,"nse_ab":78,"nse_cmas":125,"nse_c":111,"nse_cmenos":129,"nse_dmas":92,"nse_d":168,"nse_e":35,"nse_predominante":"D"},"geometry":{"type":"Polygon","coordinates":[[[-103.46269974447648,25.544979854681678],[-103.46264789461188,25.547453643904728],[-103.46295411385182,25.547728843709482],[-103.46247986403043,25.54812522367879],[-103.46277537452116,25.548131873792848],[-103.46275829392232,25.550172573827563],[-103.45973526517123,25.550042253556402],[-103.4595223151553,25.55044751357667],[-103.45785703513404,25.550386283606453],[-103.45995820528175,25.547911143601237],[-103.45660969529312,25.545697404111497],[-103.45368448625821,25.54575859382592],[-103.45473258590407,25.544971594034948],[-103.46082338496127,25.54498584491373],[-103.46081235448054,25.545546684136024],[-103.46183406495032,25.545590964753856],[-103.46182725432556,25.544970394968367],[-103.46269974447648,25.544979854681678]]]}},{"type":"Feature","properties":{"CVEGEO":"0503500013037","pob_total":2595,"pob_2010":2933,"pob_fem":1319,"pob_mas":1276,"hog_total":817,"hog_2010":752,"viv_habitadas":817,"viv_2010":934,"viv_total":936,"viv_deshabitadas":111,"viv_temporal":8,"vph_1dor":134,"vph_2mas_dor":683,"escolaridad":11.16,"pea":1402,"solteros":831,"casados":1194,"separados":180,"prom_hnv":1.73,"pob_0_14":496,"pob_15_24":540,"pob_25_59":1323,"pob_60mas":236,"area_km2":0.2053,"crec_pct_pob":-0.1152,"crec_abs_hog":65,"pct_pea":54.03,"pct_0_14":19.11,"pct_15_24":20.81,"pct_25_59":50.98,"pct_60mas":9.09,"crec_pct_hog":8.64,"nse_ab":37,"nse_cmas":128,"nse_c":194,"nse_cmenos":141,"nse_dmas":150,"nse_d":153,"nse_e":10,"nse_predominante":"C"},"geometry":{"type":"Polygon","coordinates":[[[-103.3900217023221,25.50214208178187],[-103.39329567112739,25.503946311353495],[-103.39029233204964,25.50792651983802],[-103.38710604283696,25.505887850211447],[-103.3900217023221,25.50214208178187]]]}},{"type":"Feature","properties":{"CVEGEO":"0503500011454","pob_total":2649,"pob_2010":3321,"pob_fem":1341,"pob_mas":1308,"hog_total":788,"hog_2010":873,"viv_habitadas":788,"viv_2010":1037,"viv_total":1010,"viv_deshabitadas":203,"viv_temporal":19,"vph_1dor":228,"vph_2mas_dor":558,"escolaridad":9.9,"pea":1311,"solteros":825,"casados":1003,"separados":353,"prom_hnv":2.12,"pob_0_14":576,"pob_15_24":443,"pob_25_59":1138,"pob_60mas":492,"area_km2":0.2787,"crec_pct_pob":-0.2023,"crec_abs_hog":-85,"pct_pea":49.49,"pct_0_14":21.74,"pct_15_24":16.72,"pct_25_59":42.96,"pct_60mas":18.57,"crec_pct_hog":-9.74,"nse_ab":32,"nse_cmas":90,"nse_c":111,"nse_cmenos":113,"nse_dmas":124,"nse_d":243,"nse_e":69,"nse_predominante":"D"},"geometry":{"type":"Polygon","coordinates":[[[-103.46518215363018,25.550242193541436],[-103.46275829392232,25.550172573827563],[-103.46277537452116,25.548131873792848],[-103.46247986403043,25.54812522367879],[-103.46295411385182,25.547728843709482],[-103.46264789461188,25.547453643904728],[-103.46269974447648,25.544979854681678],[-103.46500929384848,25.5450322546309],[-103.46501618421979,25.544868945063584],[-103.4681260928309,25.545363974406985],[-103.4694661724561,25.54647724447682],[-103.46860671293761,25.54691960428583],[-103.46518215363018,25.550242193541436]]]}},{"type":"Feature","properties":{"CVEGEO":"0503500013412","pob_total":1084,"pob_2010":1103,"pob_fem":565,"pob_mas":519,"hog_total":315,"hog_2010":287,"viv_habitadas":315,"viv_2010":362,"viv_total":365,"viv_deshabitadas":39,"viv_temporal":11,"vph_1dor":50,"vph_2mas_dor":265,"escolaridad":13.08,"pea":602,"solteros":345,"casados":476,"separados":106,"prom_hnv":1.65,"pob_0_14":201,"pob_15_24":256,"pob_25_59":538,"pob_60mas":89,"area_km2":0.0979,"crec_pct_pob":-0.0172,"crec_abs_hog":28,"pct_pea":55.54,"pct_0_14":18.54,"pct_15_24":23.62,"pct_25_59":49.63,"pct_60mas":8.21,"crec_pct_hog":9.76,"nse_ab":60,"nse_cmas":85,"nse_c":78,"nse_cmenos":53,"nse_dmas":22,"nse_d":16,"nse_e":null,"nse_predominante":"C+"},"geometry":{"type":"Polygon","coordinates":[[[-103.36290973690087,25.537609623443593],[-103.3575893480226,25.537574793498077],[-103.35748817870798,25.53591137456952],[-103.36288207617257,25.53597487546843],[-103.36290973690087,25.537609623443593]]]}},{"type":"Feature","properties":{"CVEGEO":"0503500013427","pob_total":727,"pob_2010":717,"pob_fem":370,"pob_mas":357,"hog_total":206,"hog_2010":191,"viv_habitadas":206,"viv_2010":243,"viv_total":241,"viv_deshabitadas":21,"viv_temporal":14,"vph_1dor":28,"vph_2mas_dor":178,"escolaridad":10.42,"pea":380,"solteros":226,"casados":315,"separados":57,"prom_hnv":1.81,"pob_0_14":177,"pob_15_24":168,"pob_25_59":353,"pob_60mas":29,"area_km2":0.0569,"crec_pct_pob":0.0139,"crec_abs_hog":15,"pct_pea":52.27,"pct_0_14":24.35,"pct_15_24":23.11,"pct_25_59":48.56,"pct_60mas":3.99,"crec_pct_hog":7.85,"nse_ab":4,"nse_cmas":22,"nse_c":42,"nse_cmenos":57,"nse_dmas":31,"nse_d":46,"nse_e":4,"nse_predominante":"C-"},"geometry":{"type":"Polygon","coordinates":[[[-103.3529935191016,25.546009961648654],[-103.35301628966289,25.543069132265117],[-103.35382173945642,25.543184082156383],[-103.35357891847652,25.544437733087616],[-103.35568833846482,25.544464482524422],[-103.35566119908368,25.546039821932403],[-103.3529935191016,25.546009961648654]]]}},{"type":"Feature","properties":{"CVEGEO":"0503500011774","pob_total":2357,"pob_2010":2710,"pob_fem":1203,"pob_mas":1154,"hog_total":710,"hog_2010":661,"viv_habitadas":710,"viv_2010":796,"viv_total":793,"viv_deshabitadas":61,"viv_temporal":22,"vph_1dor":172,"vph_2mas_dor":538,"escolaridad":10.39,"pea":1165,"solteros":646,"casados":926,"separados":339,"prom_hnv":2.22,"pob_0_14":532,"pob_15_24":348,"pob_25_59":1055,"pob_60mas":422,"area_km2":0.2848,"crec_pct_pob":-0.1303,"crec_abs_hog":49,"pct_pea":49.43,"pct_0_14":22.57,"pct_15_24":14.76,"pct_25_59":44.76,"pct_60mas":17.9,"crec_pct_hog":7.41,"nse_ab":42,"nse_cmas":85,"nse_c":116,"nse_cmenos":133,"nse_dmas":125,"nse_d":161,"nse_e":41,"nse_predominante":"D"},"geometry":{"type":"Polygon","coordinates":[[[-103.41878646484626,25.52057805841602],[-103.41990715478192,25.518931148525866],[-103.41973866430631,25.518803168343265],[-103.42342509414117,25.514233679458705],[-103.42638689344136,25.51591671989597],[-103.42319613431776,25.520566078559522],[-103.42210449438214,25.51995954819227],[-103.42087824465152,25.521735778475076],[-103.41878646484626,25.52057805841602]]]}},{"type":"Feature","properties":{"CVEGEO":"0503500012630","pob_total":5770,"pob_2010":6088,"pob_fem":2994,"pob_mas":2776,"hog_total":1808,"hog_2010":1681,"viv_habitadas":1809,"viv_2010":2037,"viv_total":2031,"viv_deshabitadas":183,"viv_temporal":39,"vph_1dor":325,"vph_2mas_dor":1483,"escolaridad":11.73,"pea":3016,"solteros":1602,"casados":2456,"separados":666,"prom_hnv":1.92,"pob_0_14":1262,"pob_15_24":813,"pob_25_59":2901,"pob_60mas":794,"area_km2":0.4775,"crec_pct_pob":-0.0522,"crec_abs_hog":127,"pct_pea":52.27,"pct_0_14":21.87,"pct_15_24":14.09,"pct_25_59":50.28,"pct_60mas":13.76,"crec_pct_hog":7.56,"nse_ab":162,"nse_cmas":330,"nse_c":345,"nse_cmenos":361,"nse_dmas":258,"nse_d":319,"nse_e":29,"nse_predominante":"C-"},"geometry":{"type":"Polygon","coordinates":[[[-103.39539927956348,25.540941343491067],[-103.39596336957445,25.540951573758527],[-103.396015019303,25.54197925404436],[-103.39702572957933,25.542933083929995],[-103.39535296922116,25.544631273073215],[-103.38860516096273,25.54457204286842],[-103.38407268187567,25.540793883599825],[-103.38408136217066,25.540239073708406],[-103.39538622015434,25.54036051416332],[-103.39539927956348,25.540941343491067]]]}},{"type":"Feature","properties":{"CVEGEO":"0503500013840","pob_total":5861,"pob_2010":4943,"pob_fem":2996,"pob_mas":2865,"hog_total":1656,"hog_2010":1321,"viv_habitadas":1656,"viv_2010":1961,"viv_total":1954,"viv_deshabitadas":251,"viv_temporal":47,"vph_1dor":323,"vph_2mas_dor":1333,"escolaridad":10.28,"pea":2993,"solteros":1555,"casados":2463,"separados":454,"prom_hnv":1.83,"pob_0_14":1787,"pob_15_24":1182,"pob_25_59":2667,"pob_60mas":225,"area_km2":0.3269,"crec_pct_pob":0.1857,"crec_abs_hog":335,"pct_pea":51.07,"pct_0_14":30.49,"pct_15_24":20.17,"pct_25_59":45.5,"pct_60mas":3.84,"crec_pct_hog":25.36,"nse_ab":41,"nse_cmas":149,"nse_c":269,"nse_cmenos":338,"nse_dmas":319,"nse_d":481,"nse_e":54,"nse_predominante":"D"},"geometry":{"type":"Polygon","coordinates":[[[-103.35300758038653,25.511545919000802],[-103.35008860099819,25.506285520855233],[-103.35138889034869,25.505705740157698],[-103.35131083074565,25.505574400409607],[-103.35282492163638,25.504852386212303],[-103.35298100925834,25.50527065032257],[-103.35374154899979,25.50493318093803],[-103.35351209018167,25.504444309802377],[-103.35588957904643,25.504741920705175],[-103.35615504893622,25.505007830358213],[-103.35623813991282,25.506945709793534],[-103.35610394994953,25.510216380350325],[-103.35300758038653,25.511545919000802]]]}},{"type":"Feature","properties":{"CVEGEO":"0503500013395","pob_total":518,"pob_2010":482,"pob_fem":271,"pob_mas":247,"hog_total":132,"hog_2010":123,"viv_habitadas":132,"viv_2010":133,"viv_total":145,"viv_deshabitadas":13,"viv_temporal":0,"vph_1dor":34,"vph_2mas_dor":98,"escolaridad":9.03,"pea":236,"solteros":146,"casados":207,"separados":43,"prom_hnv":2.17,"pob_0_14":150,"pob_15_24":113,"pob_25_59":220,"pob_60mas":35,"area_km2":0.0567,"crec_pct_pob":0.0747,"crec_abs_hog":9,"pct_pea":45.56,"pct_0_14":28.96,"pct_15_24":21.81,"pct_25_59":42.47,"pct_60mas":6.76,"crec_pct_hog":7.32,"nse_ab":null,"nse_cmas":3,"nse_c":14,"nse_cmenos":24,"nse_dmas":23,"nse_d":50,"nse_e":16,"nse_predominante":"D"},"geometry":{"type":"Polygon","coordinates":[[[-103.3900405015135,25.502013581532204],[-103.39234214162242,25.50219400172472],[-103.39342571139302,25.501967211175014],[-103.39527657112343,25.50111045210242],[-103.396097510594,25.500321342006163],[-103.39329567112739,25.503946311353495],[-103.3900217023221,25.50214208178187],[-103.3900405015135,25.502013581532204]]]}},{"type":"Feature","properties":{"CVEGEO":"0503500014321","pob_total":5503,"pob_2010":4155,"pob_fem":2818,"pob_mas":2685,"hog_total":1619,"hog_2010":1134,"viv_habitadas":1619,"viv_2010":1989,"viv_total":2066,"viv_deshabitadas":323,"viv_temporal":124,"vph_1dor":340,"vph_2mas_dor":1279,"escolaridad":10.41,"pea":2787,"solteros":1346,"casados":2330,"separados":523,"prom_hnv":1.88,"pob_0_14":1659,"pob_15_24":1026,"pob_25_59":2538,"pob_60mas":280,"area_km2":0.4214,"crec_pct_pob":0.3244,"crec_abs_hog":485,"pct_pea":50.65,"pct_0_14":30.15,"pct_15_24":18.64,"pct_25_59":46.12,"pct_60mas":5.09,"crec_pct_hog":42.77,"nse_ab":41,"nse_cmas":181,"nse_c":303,"nse_cmenos":315,"nse_dmas":351,"nse_d":395,"nse_e":31,"nse_predominante":"D"},"geometry":{"type":"Polygon","coordinates":[[[-103.32086471695314,25.55205864147747],[-103.32082254619317,25.551308871081723],[-103.32062538593654,25.551310559892002],[-103.32026048688877,25.54896324077963],[-103.32078208620871,25.548919161529085],[-103.32086380656462,25.54641999160647],[-103.32125226589734,25.546428839978905],[-103.32203220625554,25.543273762175176],[-103.3297031835068,25.543077313270786],[-103.32977818515275,25.54433460194428],[-103.32814217508246,25.544344763097925],[-103.32815883423234,25.545425621606675],[-103.3267172938766,25.545453881795314],[-103.32623723589545,25.546281451510357],[-103.32448572624573,25.546332801175687],[-103.32426441607518,25.54776902080351],[-103.32308615579298,25.550211770927778],[-103.32290709651407,25.552086640509106],[-103.32086471695314,25.55205864147747]]]}},{"type":"Feature","properties":{"CVEGEO":"0503500011539","pob_total":2932,"pob_2010":3585,"pob_fem":1476,"pob_mas":1456,"hog_total":890,"hog_2010":939,"viv_habitadas":890,"viv_2010":1050,"viv_total":1051,"viv_deshabitadas":140,"viv_temporal":21,"vph_1dor":252,"vph_2mas_dor":638,"escolaridad":9.45,"pea":1531,"solteros":784,"casados":1213,"separados":382,"prom_hnv":2.14,"pob_0_14":701,"pob_15_24":464,"pob_25_59":1384,"pob_60mas":383,"area_km2":0.2495,"crec_pct_pob":-0.1821,"crec_abs_hog":-49,"pct_pea":52.22,"pct_0_14":23.91,"pct_15_24":15.83,"pct_25_59":47.2,"pct_60mas":13.06,"crec_pct_hog":-5.22,"nse_ab":55,"nse_cmas":98,"nse_c":121,"nse_cmenos":148,"nse_dmas":129,"nse_d":281,"nse_e":52,"nse_predominante":"D"},"geometry":{"type":"Polygon","coordinates":[[[-103.38822445205912,25.52848316663265],[-103.3886085111911,25.527811946761684],[-103.38845976119441,25.52778714631717],[-103.38846713155287,25.52632087641959],[-103.38717742204594,25.5263117066115],[-103.38718242193535,25.525080607081662],[-103.39396008039363,25.52511693665115],[-103.3939617703891,25.525300457035716],[-103.3961170395273,25.525296677011234],[-103.39609521984032,25.527131506710862],[-103.39394331067481,25.527087606820558],[-103.39393673065248,25.527840076180837],[-103.3905226416348,25.52781465600781],[-103.3897176415519,25.529204536263133],[-103.38822445205912,25.52848316663265]]]}},{"type":"Feature","properties":{"CVEGEO":"0503500013910","pob_total":2853,"pob_2010":2616,"pob_fem":1438,"pob_mas":1415,"hog_total":835,"hog_2010":676,"viv_habitadas":835,"viv_2010":958,"viv_total":990,"viv_deshabitadas":126,"viv_temporal":29,"vph_1dor":145,"vph_2mas_dor":688,"escolaridad":11.35,"pea":1464,"solteros":850,"casados":1185,"separados":247,"prom_hnv":1.73,"pob_0_14":725,"pob_15_24":605,"pob_25_59":1378,"pob_60mas":145,"area_km2":0.2678,"crec_pct_pob":0.0906,"crec_abs_hog":159,"pct_pea":51.31,"pct_0_14":25.41,"pct_15_24":21.21,"pct_25_59":48.3,"pct_60mas":5.08,"crec_pct_hog":23.52,"nse_ab":60,"nse_cmas":133,"nse_c":186,"nse_cmenos":180,"nse_dmas":150,"nse_d":115,"nse_e":9,"nse_predominante":"C"},"geometry":{"type":"Polygon","coordinates":[[[-103.35298794918782,25.546531843177355],[-103.3529935191016,25.546009961648654],[-103.35566119908368,25.546039821932403],[-103.35568833846482,25.544464482524422],[-103.35652050770005,25.544479193596427],[-103.35667556826643,25.543642933364563],[-103.35733727847364,25.543679593742272],[-103.35739756737857,25.54292273312094],[-103.35841274720138,25.542980872851313],[-103.35837744711553,25.54126562290069],[-103.35788127726056,25.539651223293134],[-103.36060311731622,25.53885387321106],[-103.36086051718839,25.54275060260577],[-103.36067070716572,25.5427706527732],[-103.36074771798692,25.544032542215074],[-103.35946376713282,25.544173273875234],[-103.35953116785491,25.54630957338417],[-103.35791456685672,25.546102672345995],[-103.35746639861921,25.54677039307693],[-103.35340500841713,25.546728881528953],[-103.35341239853744,25.54653670237366],[-103.35298794918782,25.546531843177355]]]}},{"type":"Feature","properties":{"CVEGEO":"0503500012679","pob_total":3149,"pob_2010":3681,"pob_fem":1616,"pob_mas":1533,"hog_total":819,"hog_2010":865,"viv_habitadas":819,"viv_2010":971,"viv_total":941,"viv_deshabitadas":112,"viv_temporal":10,"vph_1dor":203,"vph_2mas_dor":616,"escolaridad":9.25,"pea":1748,"solteros":794,"casados":1357,"separados":339,"prom_hnv":2.34,"pob_0_14":812,"pob_15_24":525,"pob_25_59":1433,"pob_60mas":379,"area_km2":0.2992,"crec_pct_pob":-0.1445,"crec_abs_hog":-46,"pct_pea":55.51,"pct_0_14":25.79,"pct_15_24":16.67,"pct_25_59":45.51,"pct_60mas":12.04,"crec_pct_hog":-5.32,"nse_ab":39,"nse_cmas":98,"nse_c":122,"nse_cmenos":139,"nse_dmas":121,"nse_d":248,"nse_e":41,"nse_predominante":"D"},"geometry":{"type":"Polygon","coordinates":[[[-103.39388979987837,25.532263005606715],[-103.38401416302925,25.5321695753593],[-103.3838966827587,25.52959105607266],[-103.38500339242802,25.529553206347572],[-103.38501410238987,25.527748625905954],[-103.38535025231334,25.52711634658915],[-103.38674494206812,25.527765906189902],[-103.38650124197248,25.528179905924546],[-103.39390938999657,25.531699075513693],[-103.39388979987837,25.532263005606715]]]}},{"type":"Feature","properties":{"CVEGEO":"0503501783713","pob_total":434,"pob_2010":473,"pob_fem":226,"pob_mas":208,"hog_total":114,"hog_2010":113,"viv_habitadas":114,"viv_2010":129,"viv_total":146,"viv_deshabitadas":23,"viv_temporal":9,"vph_1dor":40,"vph_2mas_dor":74,"escolaridad":8.33,"pea":192,"solteros":101,"casados":195,"separados":35,"prom_hnv":2.07,"pob_0_14":127,"pob_15_24":83,"pob_25_59":188,"pob_60mas":36,"area_km2":0.1785,"crec_pct_pob":-0.0825,"crec_abs_hog":1,"pct_pea":44.24,"pct_0_14":29.26,"pct_15_24":19.12,"pct_25_59":43.32,"pct_60mas":8.29,"crec_pct_hog":0.88,"nse_ab":null,"nse_cmas":5,"nse_c":9,"nse_cmenos":16,"nse_dmas":19,"nse_d":52,"nse_e":12,"nse_predominante":"D"},"geometry":{"type":"Polygon","coordinates":[[[-103.29957900994465,25.5868091239896],[-103.29359247210742,25.585689183042234],[-103.29366356206272,25.585183812820866],[-103.29522321099549,25.585446302937772],[-103.29576521126701,25.58224332389461],[-103.29712930121282,25.58239889397501],[-103.2969238710127,25.58379903327163],[-103.29856316064382,25.58402575322477],[-103.29879359043116,25.58265856330159],[-103.30026647015548,25.582900783812853],[-103.29957900994465,25.5868091239896]]]}},{"type":"Feature","properties":{"CVEGEO":"0503500012081","pob_total":1051,"pob_2010":1342,"pob_fem":578,"pob_mas":473,"hog_total":358,"hog_2010":353,"viv_habitadas":358,"viv_2010":440,"viv_total":435,"viv_deshabitadas":63,"viv_temporal":14,"vph_1dor":88,"vph_2mas_dor":270,"escolaridad":14.08,"pea":481,"solteros":335,"casados":465,"separados":128,"prom_hnv":1.91,"pob_0_14":160,"pob_15_24":130,"pob_25_59":469,"pob_60mas":292,"area_km2":0.3421,"crec_pct_pob":-0.2168,"crec_abs_hog":5,"pct_pea":45.77,"pct_0_14":15.22,"pct_15_24":12.37,"pct_25_59":44.62,"pct_60mas":27.78,"crec_pct_hog":1.42,"nse_ab":94,"nse_cmas":109,"nse_c":66,"nse_cmenos":37,"nse_dmas":29,"nse_d":19,"nse_e":null,"nse_predominante":"C+"},"geometry":{"type":"Polygon","coordinates":[[[-103.41605733562024,25.51325744992426],[-103.41432255636826,25.515788938888054],[-103.41990715478192,25.518931148525866],[-103.41878646484626,25.52057805841602],[-103.41742841565598,25.519812548513126],[-103.41432856613434,25.519828318396247],[-103.41430301560362,25.519163748684726],[-103.4140025961532,25.518273508515705],[-103.4141093365475,25.51754887847472],[-103.41383987590456,25.51685611877066],[-103.4131220662745,25.51616291907087],[-103.41246758666186,25.515807209569406],[-103.41169343704406,25.515670178830362],[-103.41104293683074,25.515836149507066],[-103.41083644727614,25.515431279181055],[-103.41080435681027,25.51449967902774],[-103.41103744735862,25.513936549616627],[-103.41284292665827,25.511388809761055],[-103.41605733562024,25.51325744992426]]]}},{"type":"Feature","properties":{"CVEGEO":"0503500012823","pob_total":1776,"pob_2010":2004,"pob_fem":902,"pob_mas":874,"hog_total":474,"hog_2010":510,"viv_habitadas":474,"viv_2010":600,"viv_total":575,"viv_deshabitadas":88,"viv_temporal":13,"vph_1dor":114,"vph_2mas_dor":360,"escolaridad":8.27,"pea":803,"solteros":451,"casados":715,"separados":210,"prom_hnv":2.47,"pob_0_14":488,"pob_15_24":309,"pob_25_59":754,"pob_60mas":225,"area_km2":0.1334,"crec_pct_pob":-0.1138,"crec_abs_hog":-36,"pct_pea":45.21,"pct_0_14":27.48,"pct_15_24":17.4,"pct_25_59":42.45,"pct_60mas":12.67,"crec_pct_hog":-7.06,"nse_ab":7,"nse_cmas":16,"nse_c":26,"nse_cmenos":50,"nse_dmas":77,"nse_d":204,"nse_e":92,"nse_predominante":"D"},"geometry":{"type":"Polygon","coordinates":[[[-103.47402482205658,25.529777738205702],[-103.475203422306,25.52925957819558],[-103.47517180218159,25.528861088302104],[-103.47530374182693,25.5287757084315],[-103.47595208215328,25.52917817794872],[-103.47642908129788,25.52841871836388],[-103.47659337115707,25.528525078210077],[-103.47650506175383,25.528944767698732],[-103.47718460167442,25.528824477955396],[-103.47752623129254,25.5285857683987],[-103.47774891143122,25.528066738091876],[-103.47789143082635,25.52809750817073],[-103.47807277104069,25.528965228027417],[-103.47837455136931,25.528724117988066],[-103.4794173206526,25.528603077864577],[-103.47973134060145,25.528348998299652],[-103.47965140097361,25.528077108295076],[-103.48017808085825,25.52809953805445],[-103.48047686018766,25.528386308059115],[-103.48165945058524,25.528280278158658],[-103.48205657034968,25.528967337902206],[-103.48287435048915,25.52876504778869],[-103.4828285702755,25.528641198052714],[-103.48319074983316,25.52826222809996],[-103.48272386023731,25.52765413828413],[-103.4827393397529,25.52746679849047],[-103.4829872202638,25.527818578595305],[-103.48323325973499,25.52765884849252],[-103.48342631030657,25.527765398624457],[-103.48401137872763,25.528496288705067],[-103.48433325981055,25.528326428835207],[-103.48459614981937,25.52868176821987],[-103.48362246033015,25.529510378310196],[-103.48335334989422,25.529214178457316],[-103.4769077812579,25.530018367748394],[-103.47524380140044,25.530595088049264],[-103.47489218149855,25.530864248074817],[-103.47402482205658,25.529777738205702]]]}},{"type":"Feature","properties":{"CVEGEO":"0503500011810","pob_total":402,"pob_2010":458,"pob_fem":203,"pob_mas":199,"hog_total":118,"hog_2010":120,"viv_habitadas":119,"viv_2010":140,"viv_total":162,"viv_deshabitadas":42,"viv_temporal":0,"vph_1dor":50,"vph_2mas_dor":68,"escolaridad":7.79,"pea":168,"solteros":102,"casados":168,"separados":46,"prom_hnv":2.73,"pob_0_14":102,"pob_15_24":67,"pob_25_59":158,"pob_60mas":75,"area_km2":0.9013,"crec_pct_pob":-0.1223,"crec_abs_hog":-2,"pct_pea":41.79,"pct_0_14":25.37,"pct_15_24":16.67,"pct_25_59":39.3,"pct_60mas":18.66,"crec_pct_hog":-1.67,"nse_ab":0,"nse_cmas":null,"nse_c":6,"nse_cmenos":16,"nse_dmas":16,"nse_d":47,"nse_e":31,"nse_predominante":"D"},"geometry":{"type":"Polygon","coordinates":[[[-103.44941317759924,25.526821007420097],[-103.4403500396826,25.52108602917385],[-103.44145192959412,25.519593509126793],[-103.44155806936656,25.51965274872023],[-103.44274188952987,25.51609814024049],[-103.44297989938389,25.516955879783318],[-103.44387138953901,25.515633089561707],[-103.44396706978505,25.515719029678888],[-103.44542029881187,25.514628769810244],[-103.44795946799142,25.513630490144898],[-103.44861285833693,25.512981399342685],[-103.45099748786748,25.517713429313314],[-103.45140731727516,25.519567749215277],[-103.45123431720216,25.51998044925074],[-103.45051569760342,25.52061305914013],[-103.44985743816744,25.520621608952165],[-103.44884955757048,25.521817598977286],[-103.44878220840295,25.522396538578516],[-103.4493422383342,25.522973078959286],[-103.44941317759924,25.526821007420097]]]}},{"type":"Feature","properties":{"CVEGEO":"050350001190A","pob_total":5983,"pob_2010":6381,"pob_fem":3057,"pob_mas":2926,"hog_total":1680,"hog_2010":1579,"viv_habitadas":1680,"viv_2010":1820,"viv_total":1845,"viv_deshabitadas":145,"viv_temporal":20,"vph_1dor":229,"vph_2mas_dor":1449,"escolaridad":10.51,"pea":2889,"solteros":1568,"casados":2602,"separados":597,"prom_hnv":2.07,"pob_0_14":1504,"pob_15_24":925,"pob_25_59":2858,"pob_60mas":696,"area_km2":0.5248,"crec_pct_pob":-0.0624,"crec_abs_hog":101,"pct_pea":48.29,"pct_0_14":25.14,"pct_15_24":15.46,"pct_25_59":47.77,"pct_60mas":11.63,"crec_pct_hog":6.4,"nse_ab":70,"nse_cmas":187,"nse_c":366,"nse_cmenos":368,"nse_dmas":300,"nse_d":349,"nse_e":30,"nse_predominante":"C-"},"geometry":{"type":"Polygon","coordinates":[[[-103.4070580983184,25.500152572432608],[-103.40444652899238,25.49856721233645],[-103.40180587907315,25.496255633170442],[-103.39804510087728,25.492710983197217],[-103.4007107398459,25.490414414308155],[-103.40126321991445,25.490125374105453],[-103.40205209910698,25.490066114194864],[-103.40278161933077,25.49034615433651],[-103.40899783824531,25.495241513168374],[-103.40773746768237,25.496528382814656],[-103.40672487825636,25.49663315279399],[-103.40627449878161,25.49639957321639],[-103.40487804838598,25.497889322590517],[-103.4074358778233,25.499704012272414],[-103.4070580983184,25.500152572432608]]]}},{"type":"Feature","properties":{"CVEGEO":"0503500011399","pob_total":2042,"pob_2010":2457,"pob_fem":1112,"pob_mas":930,"hog_total":680,"hog_2010":745,"viv_habitadas":682,"viv_2010":976,"viv_total":913,"viv_deshabitadas":189,"viv_temporal":42,"vph_1dor":223,"vph_2mas_dor":457,"escolaridad":11.7,"pea":1108,"solteros":714,"casados":706,"separados":370,"prom_hnv":1.82,"pob_0_14":313,"pob_15_24":354,"pob_25_59":897,"pob_60mas":478,"area_km2":0.3192,"crec_pct_pob":-0.1689,"crec_abs_hog":-65,"pct_pea":54.26,"pct_0_14":15.33,"pct_15_24":17.34,"pct_25_59":43.93,"pct_60mas":23.41,"crec_pct_hog":-8.72,"nse_ab":63,"nse_cmas":116,"nse_c":115,"nse_cmenos":97,"nse_dmas":106,"nse_d":160,"nse_e":24,"nse_predominante":"D"},"geometry":{"type":"Polygon","coordinates":[[[-103.43841648928013,25.550724003043925],[-103.43844217995102,25.546909734091805],[-103.44433272890835,25.5469465139797],[-103.44431446852685,25.547880603579014],[-103.44787820794974,25.547931793512387],[-103.44505597843508,25.55076691316817],[-103.43841648928013,25.550724003043925]]]}},{"type":"Feature","properties":{"CVEGEO":"0503500010969","pob_total":2732,"pob_2010":3173,"pob_fem":1488,"pob_mas":1244,"hog_total":906,"hog_2010":817,"viv_habitadas":908,"viv_2010":1013,"viv_total":1008,"viv_deshabitadas":84,"viv_temporal":16,"vph_1dor":116,"vph_2mas_dor":790,"escolaridad":12.76,"pea":1267,"solteros":916,"casados":1111,"separados":391,"prom_hnv":1.97,"pob_0_14":418,"pob_15_24":419,"pob_25_59":1145,"pob_60mas":750,"area_km2":0.3875,"crec_pct_pob":-0.139,"crec_abs_hog":89,"pct_pea":46.38,"pct_0_14":15.3,"pct_15_24":15.34,"pct_25_59":41.91,"pct_60mas":27.45,"crec_pct_hog":10.89,"nse_ab":147,"nse_cmas":220,"nse_c":152,"nse_cmenos":159,"nse_dmas":101,"nse_d":111,"nse_e":14,"nse_predominante":"C+"},"geometry":{"type":"Polygon","coordinates":[[[-103.44088349834067,25.568034309807118],[-103.4409681184476,25.567908479717275],[-103.43680006987397,25.56547899008003],[-103.43737811942792,25.564918419977538],[-103.44203300834064,25.56359099023333],[-103.44746811709678,25.566346790043813],[-103.44898683654162,25.566260339943586],[-103.4512973266305,25.567376891990147],[-103.45128722590248,25.567758499849674],[-103.44905563660397,25.56771774020297],[-103.44760452714927,25.568985109727613],[-103.4440871882051,25.566851169959307],[-103.4430973477989,25.568264400095135],[-103.44088349834067,25.568034309807118]]]}},{"type":"Feature","properties":{"CVEGEO":"0503500010051","pob_total":1814,"pob_2010":2478,"pob_fem":999,"pob_mas":815,"hog_total":739,"hog_2010":691,"viv_habitadas":739,"viv_2010":825,"viv_total":819,"viv_deshabitadas":68,"viv_temporal":12,"vph_1dor":227,"vph_2mas_dor":511,"escolaridad":14.18,"pea":958,"solteros":525,"casados":765,"separados":391,"prom_hnv":1.88,"pob_0_14":170,"pob_15_24":165,"pob_25_59":848,"pob_60mas":631,"area_km2":0.63,"crec_pct_pob":-0.268,"crec_abs_hog":48,"pct_pea":52.81,"pct_0_14":9.37,"pct_15_24":9.1,"pct_25_59":46.75,"pct_60mas":34.79,"crec_pct_hog":6.95,"nse_ab":159,"nse_cmas":175,"nse_c":165,"nse_cmenos":112,"nse_dmas":52,"nse_d":25,"nse_e":5,"nse_predominante":"C+"},"geometry":{"type":"Polygon","coordinates":[[[-103.42168436290217,25.558472561110115],[-103.42602721269,25.558460171618105],[-103.43580087026292,25.558565871170178],[-103.42708229189937,25.56573177011974],[-103.42156909279996,25.56019182114365],[-103.42168436290217,25.558472561110115]]]}},{"type":"Feature","properties":{"CVEGEO":"0503500011257","pob_total":929,"pob_2010":1086,"pob_fem":481,"pob_mas":448,"hog_total":325,"hog_2010":309,"viv_habitadas":325,"viv_2010":365,"viv_total":363,"viv_deshabitadas":25,"viv_temporal":13,"vph_1dor":68,"vph_2mas_dor":257,"escolaridad":13.72,"pea":465,"solteros":261,"casados":402,"separados":173,"prom_hnv":2.08,"pob_0_14":123,"pob_15_24":122,"pob_25_59":397,"pob_60mas":287,"area_km2":0.2093,"crec_pct_pob":-0.1446,"crec_abs_hog":16,"pct_pea":50.05,"pct_0_14":13.24,"pct_15_24":13.13,"pct_25_59":42.73,"pct_60mas":30.89,"crec_pct_hog":5.18,"nse_ab":79,"nse_cmas":102,"nse_c":64,"nse_cmenos":34,"nse_dmas":14,"nse_d":26,"nse_e":4,"nse_predominante":"C+"},"geometry":{"type":"Polygon","coordinates":[[[-103.44264508810431,25.563406640982418],[-103.43863686962247,25.564538220057],[-103.43739642924912,25.563902910289045],[-103.4399727585895,25.561083190802496],[-103.4407097491205,25.558408071336647],[-103.44395526841113,25.560101510920443],[-103.4427371880447,25.56213277065672],[-103.44293322862157,25.562429770668576],[-103.44255891842951,25.563090850930998],[-103.44264508810431,25.563406640982418]]]}},{"type":"Feature","properties":{"CVEGEO":"0503500012698","pob_total":1261,"pob_2010":1609,"pob_fem":670,"pob_mas":591,"hog_total":472,"hog_2010":465,"viv_habitadas":472,"viv_2010":527,"viv_total":541,"viv_deshabitadas":35,"viv_temporal":34,"vph_1dor":148,"vph_2mas_dor":324,"escolaridad":12.91,"pea":597,"solteros":370,"casados":532,"separados":221,"prom_hnv":1.96,"pob_0_14":174,"pob_15_24":151,"pob_25_59":583,"pob_60mas":353,"area_km2":0.1816,"crec_pct_pob":-0.2163,"crec_abs_hog":7,"pct_pea":47.34,"pct_0_14":13.8,"pct_15_24":11.97,"pct_25_59":46.23,"pct_60mas":27.99,"crec_pct_hog":1.51,"nse_ab":65,"nse_cmas":87,"nse_c":90,"nse_cmenos":76,"nse_dmas":56,"nse_d":91,"nse_e":7,"nse_predominante":"D"},"geometry":{"type":"Polygon","coordinates":[[[-103.40212309803428,25.53145434611577],[-103.40367438837882,25.52646965723717],[-103.40594226810407,25.527091477224975],[-103.40589790768085,25.532443505791566],[-103.40212309803428,25.53145434611577]]]}},{"type":"Feature","properties":{"CVEGEO":"0503500011435","pob_total":1430,"pob_2010":1517,"pob_fem":746,"pob_mas":684,"hog_total":522,"hog_2010":506,"viv_habitadas":525,"viv_2010":717,"viv_total":682,"viv_deshabitadas":137,"viv_temporal":20,"vph_1dor":168,"vph_2mas_dor":354,"escolaridad":12.28,"pea":789,"solteros":461,"casados":549,"separados":284,"prom_hnv":1.76,"pob_0_14":172,"pob_15_24":192,"pob_25_59":667,"pob_60mas":399,"area_km2":0.304,"crec_pct_pob":-0.0574,"crec_abs_hog":16,"pct_pea":55.17,"pct_0_14":12.03,"pct_15_24":13.43,"pct_25_59":46.64,"pct_60mas":27.9,"crec_pct_hog":3.16,"nse_ab":63,"nse_cmas":109,"nse_c":85,"nse_cmenos":71,"nse_dmas":66,"nse_d":107,"nse_e":22,"nse_predominante":"C+"},"geometry":{"type":"Polygon","coordinates":[[[-103.43846133022771,25.54501191415696],[-103.45264077634707,25.545094024532467],[-103.45264009700753,25.545319314334357],[-103.44985237719273,25.546365714238476],[-103.44787820794974,25.547931793512387],[-103.44431446852685,25.547880603579014],[-103.44433272890835,25.5469465139797],[-103.43844217995102,25.546909734091805],[-103.43846133022771,25.54501191415696]]]}},{"type":"Feature","properties":{"CVEGEO":"0503500011238","pob_total":2854,"pob_2010":3075,"pob_fem":1461,"pob_mas":1393,"hog_total":910,"hog_2010":798,"viv_habitadas":910,"viv_2010":979,"viv_total":995,"viv_deshabitadas":63,"viv_temporal":22,"vph_1dor":169,"vph_2mas_dor":738,"escolaridad":11.34,"pea":1302,"solteros":932,"casados":1183,"separados":358,"prom_hnv":2.07,"pob_0_14":497,"pob_15_24":517,"pob_25_59":1216,"pob_60mas":624,"area_km2":0.318,"crec_pct_pob":-0.0719,"crec_abs_hog":112,"pct_pea":45.62,"pct_0_14":17.41,"pct_15_24":18.11,"pct_25_59":42.61,"pct_60mas":21.86,"crec_pct_hog":14.04,"nse_ab":57,"nse_cmas":143,"nse_c":188,"nse_cmenos":210,"nse_dmas":150,"nse_d":133,"nse_e":21,"nse_predominante":"C-"},"geometry":{"type":"Polygon","coordinates":[[[-103.36842062601842,25.55354002091322],[-103.3668616861209,25.551544421163893],[-103.36803134555299,25.550822911566076],[-103.36835557520733,25.551346571609223],[-103.37251716504744,25.548621672383845],[-103.37116430432772,25.546486142036628],[-103.37186996545066,25.546095702327662],[-103.37497045373323,25.551232851175808],[-103.37533139447206,25.551108881505858],[-103.37604576417816,25.55221817090944],[-103.3674982259395,25.555047421023566],[-103.36740120624778,25.554892740823824],[-103.37043982554114,25.55387697042912],[-103.36972650534054,25.552731930823203],[-103.36842062601842,25.55354002091322]]]}},{"type":"Feature","properties":{"CVEGEO":"0503500010314","pob_total":1896,"pob_2010":2060,"pob_fem":978,"pob_mas":918,"hog_total":591,"hog_2010":553,"viv_habitadas":591,"viv_2010":681,"viv_total":669,"viv_deshabitadas":72,"viv_temporal":6,"vph_1dor":129,"vph_2mas_dor":458,"escolaridad":11.62,"pea":962,"solteros":574,"casados":750,"separados":301,"prom_hnv":2.03,"pob_0_14":327,"pob_15_24":290,"pob_25_59":901,"pob_60mas":378,"area_km2":0.4295,"crec_pct_pob":-0.0796,"crec_abs_hog":38,"pct_pea":50.74,"pct_0_14":17.25,"pct_15_24":15.3,"pct_25_59":47.52,"pct_60mas":19.94,"crec_pct_hog":6.87,"nse_ab":52,"nse_cmas":132,"nse_c":106,"nse_cmenos":97,"nse_dmas":66,"nse_d":104,"nse_e":28,"nse_predominante":"C+"},"geometry":{"type":"Polygon","coordinates":[[[-103.39537855956655,25.536513044652313],[-103.39539579028585,25.536139964946383],[-103.39358628060299,25.536121595243824],[-103.39359608072282,25.53566348478778],[-103.39234079075855,25.53565239467874],[-103.39233745104156,25.535165475354354],[-103.40385904846265,25.53525876556853],[-103.40604559727177,25.535439534821645],[-103.41287581556614,25.5410271046713],[-103.40789312695662,25.54099540452858],[-103.40789004643186,25.540043194684614],[-103.40399186734815,25.540005514625356],[-103.4038838184252,25.53632527504724],[-103.39599184970318,25.536269404536284],[-103.39599436993888,25.536510735224024],[-103.39537855956655,25.536513044652313]]]}},{"type":"Feature","properties":{"CVEGEO":"0503500011350","pob_total":3033,"pob_2010":3623,"pob_fem":1599,"pob_mas":1434,"hog_total":946,"hog_2010":972,"viv_habitadas":947,"viv_2010":1159,"viv_total":1115,"viv_deshabitadas":140,"viv_temporal":28,"vph_1dor":268,"vph_2mas_dor":674,"escolaridad":10.29,"pea":1466,"solteros":930,"casados":1163,"separados":509,"prom_hnv":2.18,"pob_0_14":576,"pob_15_24":445,"pob_25_59":1357,"pob_60mas":655,"area_km2":0.4615,"crec_pct_pob":-0.1628,"crec_abs_hog":-26,"pct_pea":48.33,"pct_0_14":18.99,"pct_15_24":14.67,"pct_25_59":44.74,"pct_60mas":21.6,"crec_pct_hog":-2.67,"nse_ab":67,"nse_cmas":110,"nse_c":141,"nse_cmenos":139,"nse_dmas":150,"nse_d":255,"nse_e":77,"nse_predominante":"D"},"geometry":{"type":"Polygon","coordinates":[[[-103.41412590585388,25.542026174135632],[-103.42095207341401,25.54761805356468],[-103.41762515419848,25.550974502288536],[-103.410786596065,25.5453572731382],[-103.41412590585388,25.542026174135632]]]}},{"type":"Feature","properties":{"CVEGEO":"0503500011666","pob_total":1708,"pob_2010":1915,"pob_fem":860,"pob_mas":848,"hog_total":526,"hog_2010":551,"viv_habitadas":526,"viv_2010":627,"viv_total":625,"viv_deshabitadas":96,"viv_temporal":3,"vph_1dor":127,"vph_2mas_dor":399,"escolaridad":10.62,"pea":812,"solteros":490,"casados":722,"separados":235,"prom_hnv":2.24,"pob_0_14":339,"pob_15_24":233,"pob_25_59":774,"pob_60mas":362,"area_km2":0.2567,"crec_pct_pob":-0.1081,"crec_abs_hog":-25,"pct_pea":47.54,"pct_0_14":19.85,"pct_15_24":13.64,"pct_25_59":45.32,"pct_60mas":21.19,"crec_pct_hog":-4.54,"nse_ab":42,"nse_cmas":72,"nse_c":91,"nse_cmenos":103,"nse_dmas":94,"nse_d":100,"nse_e":22,"nse_predominante":"C-"},"geometry":{"type":"Polygon","coordinates":[[[-103.43655301044826,25.526404967696863],[-103.43541081086873,25.529790996612466],[-103.43481367129505,25.529606227392645],[-103.43396741172572,25.528925686768925],[-103.43103663242418,25.527426177188598],[-103.43223223173075,25.52564319755869],[-103.43167658185665,25.525327917348577],[-103.43224661150535,25.52448771750206],[-103.4313826315096,25.524010338101682],[-103.43241639178815,25.52248556796221],[-103.43578823071559,25.52434282849992],[-103.43526623124288,25.525127027928704],[-103.43597829069742,25.52551988786269],[-103.43579983073137,25.52601825799006],[-103.43655301044826,25.526404967696863]]]}},{"type":"Feature","properties":{"CVEGEO":"0503500011577","pob_total":766,"pob_2010":906,"pob_fem":421,"pob_mas":345,"hog_total":273,"hog_2010":274,"viv_habitadas":273,"viv_2010":384,"viv_total":366,"viv_deshabitadas":72,"viv_temporal":21,"vph_1dor":75,"vph_2mas_dor":197,"escolaridad":11.32,"pea":424,"solteros":267,"casados":291,"separados":115,"prom_hnv":1.91,"pob_0_14":117,"pob_15_24":84,"pob_25_59":366,"pob_60mas":199,"area_km2":0.3322,"crec_pct_pob":-0.1545,"crec_abs_hog":-1,"pct_pea":55.35,"pct_0_14":15.27,"pct_15_24":10.97,"pct_25_59":47.78,"pct_60mas":25.98,"crec_pct_hog":-0.36,"nse_ab":25,"nse_cmas":39,"nse_c":47,"nse_cmenos":52,"nse_dmas":35,"nse_d":59,"nse_e":16,"nse_predominante":"D"},"geometry":{"type":"Polygon","coordinates":[[[-103.45789832549917,25.544973994683073],[-103.45799278525143,25.535797256376643],[-103.46050400477698,25.535797876162455],[-103.46155560453761,25.543258604744906],[-103.46132140421511,25.544259174602438],[-103.46183515463059,25.544343964918777],[-103.46183406495032,25.545590964753856],[-103.46081235448054,25.545546684136024],[-103.46082338496127,25.54498584491373],[-103.45789832549917,25.544973994683073]]]}},{"type":"Feature","properties":{"CVEGEO":"0503500012791","pob_total":1896,"pob_2010":2752,"pob_fem":949,"pob_mas":947,"hog_total":659,"hog_2010":682,"viv_habitadas":659,"viv_2010":845,"viv_total":792,"viv_deshabitadas":125,"viv_temporal":8,"vph_1dor":119,"vph_2mas_dor":539,"escolaridad":9.1,"pea":986,"solteros":516,"casados":759,"separados":268,"prom_hnv":2.23,"pob_0_14":433,"pob_15_24":283,"pob_25_59":865,"pob_60mas":315,"area_km2":0.2118,"crec_pct_pob":-0.311,"crec_abs_hog":-23,"pct_pea":52.0,"pct_0_14":22.84,"pct_15_24":14.93,"pct_25_59":45.62,"pct_60mas":16.61,"crec_pct_hog":-3.37,"nse_ab":16,"nse_cmas":37,"nse_c":71,"nse_cmenos":95,"nse_dmas":110,"nse_d":278,"nse_e":48,"nse_predominante":"D"},"geometry":{"type":"Polygon","coordinates":[[[-103.47889940050655,25.534420687021242],[-103.47905649071637,25.53484796681212],[-103.47880689041759,25.53498088707646],[-103.47897529066124,25.53570340689746],[-103.47945495083658,25.536196846993363],[-103.47983442020107,25.535860486494048],[-103.47996049093462,25.535394227266067],[-103.48032812032805,25.5353916266956],[-103.48055165028826,25.535611706476672],[-103.48106911043224,25.535501777048353],[-103.48119961995083,25.535681886657635],[-103.48174196982636,25.535820146486007],[-103.48273758004952,25.535371377105236],[-103.48283189019024,25.535473566872525],[-103.48239817972546,25.5363430571616],[-103.4815391197784,25.536844737027714],[-103.48197995015236,25.537316646809032],[-103.48255409043594,25.53733022660565],[-103.48307731942295,25.537863846096343],[-103.48204631962868,25.538028176476338],[-103.48197985014289,25.53825839644816],[-103.48089528079696,25.538053746483122],[-103.48070979998977,25.538667905867687],[-103.48091212017466,25.53922428576338],[-103.48019894067394,25.539826675642438],[-103.48031198046581,25.540405515867658],[-103.48047986044078,25.540530255569134],[-103.48148701987512,25.54066090553865],[-103.4813560004412,25.540808055497312],[-103.48145254979939,25.541048345530374],[-103.48175318032827,25.54094448582309],[-103.48214000011586,25.541148845342466],[-103.48088352063506,25.541474445661276],[-103.48082731012985,25.54170667566816],[-103.48033702008574,25.541854995392647],[-103.47805035049768,25.537675226112317],[-103.47834245087635,25.53754864623534],[-103.47728485166064,25.53639757701904],[-103.47681751176619,25.53497279715265],[-103.47889940050655,25.534420687021242]]]}},{"type":"Feature","properties":{"CVEGEO":"0503500014302","pob_total":1640,"pob_2010":728,"pob_fem":826,"pob_mas":814,"hog_total":472,"hog_2010":210,"viv_habitadas":472,"viv_2010":412,"viv_total":581,"viv_deshabitadas":92,"viv_temporal":17,"vph_1dor":60,"vph_2mas_dor":412,"escolaridad":13.76,"pea":808,"solteros":382,"casados":718,"separados":90,"prom_hnv":1.56,"pob_0_14":555,"pob_15_24":214,"pob_25_59":801,"pob_60mas":70,"area_km2":0.2442,"crec_pct_pob":1.2527,"crec_abs_hog":262,"pct_pea":49.27,"pct_0_14":33.84,"pct_15_24":13.05,"pct_25_59":48.84,"pct_60mas":4.27,"crec_pct_hog":124.76,"nse_ab":113,"nse_cmas":153,"nse_c":85,"nse_cmenos":57,"nse_dmas":35,"nse_d":26,"nse_e":null,"nse_predominante":"C+"},"geometry":{"type":"Polygon","coordinates":[[[-103.31677315807048,25.534736671284517],[-103.32361028609554,25.53470899389073],[-103.32364455595871,25.53661648326737],[-103.32274712668946,25.536647993219372],[-103.32271828647534,25.538295052883605],[-103.32171089665806,25.538290482796494],[-103.32174078641694,25.538557912462288],[-103.3180492878852,25.5385947730906],[-103.31677315807048,25.534736671284517]]]}},{"type":"Feature","properties":{"CVEGEO":"0503500011609","pob_total":2429,"pob_2010":3157,"pob_fem":1257,"pob_mas":1172,"hog_total":729,"hog_2010":817,"viv_habitadas":729,"viv_2010":941,"viv_total":863,"viv_deshabitadas":126,"viv_temporal":8,"vph_1dor":258,"vph_2mas_dor":471,"escolaridad":8.82,"pea":1279,"solteros":796,"casados":909,"separados":256,"prom_hnv":2.28,"pob_0_14":611,"pob_15_24":359,"pob_25_59":1023,"pob_60mas":436,"area_km2":0.2752,"crec_pct_pob":-0.2306,"crec_abs_hog":-88,"pct_pea":52.66,"pct_0_14":25.15,"pct_15_24":14.78,"pct_25_59":42.12,"pct_60mas":17.95,"crec_pct_hog":-10.77,"nse_ab":15,"nse_cmas":41,"nse_c":70,"nse_cmenos":106,"nse_dmas":110,"nse_d":305,"nse_e":75,"nse_predominante":"D"},"geometry":{"type":"Polygon","coordinates":[[[-103.47255046206203,25.54082540557336],[-103.47228846205005,25.5408007655406],[-103.47106217211915,25.539984335452708],[-103.4715556028786,25.539319626198033],[-103.47159552228439,25.53893236600237],[-103.47521491208201,25.53808554583756],[-103.47552420104064,25.537907765851077],[-103.47573306197448,25.537489056224487],[-103.47606545171992,25.537495405974987],[-103.47632669093106,25.537290136162774],[-103.4764519712073,25.537076366057043],[-103.47519682197758,25.536528536856043],[-103.47556882192025,25.535810206444253],[-103.47662898169747,25.536335396527967],[-103.47782066059733,25.53739444672804],[-103.47996597028971,25.54116636553018],[-103.47564302133364,25.541000505459618],[-103.4737748615249,25.541291915148314],[-103.47262566249888,25.541307045352024],[-103.47255046206203,25.54082540557336]]]}},{"type":"Feature","properties":{"CVEGEO":"0503500012128","pob_total":2112,"pob_2010":2307,"pob_fem":1094,"pob_mas":1018,"hog_total":661,"hog_2010":637,"viv_habitadas":661,"viv_2010":790,"viv_total":784,"viv_deshabitadas":110,"viv_temporal":13,"vph_1dor":109,"vph_2mas_dor":551,"escolaridad":12.42,"pea":1015,"solteros":620,"casados":862,"separados":288,"prom_hnv":2.01,"pob_0_14":427,"pob_15_24":299,"pob_25_59":944,"pob_60mas":442,"area_km2":0.1698,"crec_pct_pob":-0.0845,"crec_abs_hog":24,"pct_pea":48.06,"pct_0_14":20.22,"pct_15_24":14.16,"pct_25_59":44.7,"pct_60mas":20.93,"crec_pct_hog":3.77,"nse_ab":84,"nse_cmas":152,"nse_c":119,"nse_cmenos":107,"nse_dmas":85,"nse_d":99,"nse_e":14,"nse_predominante":"C+"},"geometry":{"type":"Polygon","coordinates":[[[-103.41032869690294,25.50824795029001],[-103.41255198656708,25.504861311584463],[-103.41585303639572,25.506986810785726],[-103.41369898649667,25.51012691007632],[-103.41032869690294,25.50824795029001]]]}},{"type":"Feature","properties":{"CVEGEO":"050350001404A","pob_total":652,"pob_2010":477,"pob_fem":327,"pob_mas":325,"hog_total":170,"hog_2010":125,"viv_habitadas":170,"viv_2010":202,"viv_total":194,"viv_deshabitadas":23,"viv_temporal":0,"vph_1dor":37,"vph_2mas_dor":133,"escolaridad":9.97,"pea":296,"solteros":172,"casados":268,"separados":34,"prom_hnv":2.01,"pob_0_14":229,"pob_15_24":120,"pob_25_59":284,"pob_60mas":19,"area_km2":0.0516,"crec_pct_pob":0.3669,"crec_abs_hog":45,"pct_pea":45.4,"pct_0_14":35.12,"pct_15_24":18.4,"pct_25_59":43.56,"pct_60mas":2.91,"crec_pct_hog":36.0,"nse_ab":6,"nse_cmas":11,"nse_c":30,"nse_cmenos":21,"nse_dmas":27,"nse_d":69,"nse_e":6,"nse_predominante":"D"},"geometry":{"type":"Polygon","coordinates":[[[-103.36677485429159,25.60738253160343],[-103.36649325473535,25.607064130168474],[-103.36621462459142,25.60714963050876],[-103.3645560048368,25.604330209602214],[-103.3663974744753,25.60503835084192],[-103.36605613345313,25.60573467075796],[-103.3684979033088,25.606814101284275],[-103.36815370285503,25.607476300083825],[-103.36861904455161,25.607655530215684],[-103.36844644379539,25.608011919560855],[-103.36677485429159,25.60738253160343]]]}},{"type":"Feature","properties":{"CVEGEO":"0503500010935","pob_total":2521,"pob_2010":2938,"pob_fem":1287,"pob_mas":1234,"hog_total":758,"hog_2010":729,"viv_habitadas":758,"viv_2010":845,"viv_total":857,"viv_deshabitadas":93,"viv_temporal":6,"vph_1dor":149,"vph_2mas_dor":608,"escolaridad":10.17,"pea":1239,"solteros":743,"casados":1102,"separados":254,"prom_hnv":2.23,"pob_0_14":532,"pob_15_24":372,"pob_25_59":1187,"pob_60mas":430,"area_km2":0.3384,"crec_pct_pob":-0.1419,"crec_abs_hog":29,"pct_pea":49.15,"pct_0_14":21.1,"pct_15_24":14.76,"pct_25_59":47.08,"pct_60mas":17.06,"crec_pct_hog":3.98,"nse_ab":29,"nse_cmas":100,"nse_c":125,"nse_cmenos":154,"nse_dmas":143,"nse_d":188,"nse_e":17,"nse_predominante":"D"},"geometry":{"type":"Polygon","coordinates":[[[-103.35849282852445,25.52863608519055],[-103.35848964846849,25.52744527612294],[-103.35872757877505,25.52738004686799],[-103.35875257785254,25.524017886453777],[-103.35844959825988,25.52195431715285],[-103.36332819741737,25.521494457448338],[-103.36339705709723,25.520309646989883],[-103.36384076722334,25.520560708520158],[-103.36593767636224,25.520609677353594],[-103.36595857736376,25.523167176865105],[-103.36200434760033,25.523234286715653],[-103.36164099830329,25.523393406579835],[-103.3616926478534,25.52862799592478],[-103.35849282852445,25.52863608519055]]]}},{"type":"Feature","properties":{"CVEGEO":"0503500011789","pob_total":1492,"pob_2010":1616,"pob_fem":772,"pob_mas":720,"hog_total":515,"hog_2010":441,"viv_habitadas":515,"viv_2010":561,"viv_total":585,"viv_deshabitadas":64,"viv_temporal":6,"vph_1dor":112,"vph_2mas_dor":400,"escolaridad":14.65,"pea":818,"solteros":462,"casados":730,"separados":130,"prom_hnv":1.69,"pob_0_14":210,"pob_15_24":181,"pob_25_59":705,"pob_60mas":396,"area_km2":0.4271,"crec_pct_pob":-0.0767,"crec_abs_hog":74,"pct_pea":54.83,"pct_0_14":14.08,"pct_15_24":12.13,"pct_25_59":47.25,"pct_60mas":26.54,"crec_pct_hog":16.78,"nse_ab":161,"nse_cmas":170,"nse_c":76,"nse_cmenos":57,"nse_dmas":27,"nse_d":23,"nse_e":0,"nse_predominante":"C+"},"geometry":{"type":"Polygon","coordinates":[[[-103.40538455860903,25.515223799413032],[-103.40193789884462,25.51394725905707],[-103.40070183953812,25.512879179210838],[-103.40112598886674,25.51149873986577],[-103.3969322503365,25.510492649681694],[-103.39984378969059,25.507706940748008],[-103.40835636761123,25.512442289877622],[-103.40788166752156,25.513093119847884],[-103.40728863765628,25.51275268958541],[-103.407273277322,25.51519728945668],[-103.40538455860903,25.515223799413032]]]}},{"type":"Feature","properties":{"CVEGEO":"0503500011420","pob_total":1742,"pob_2010":1958,"pob_fem":959,"pob_mas":783,"hog_total":616,"hog_2010":547,"viv_habitadas":616,"viv_2010":675,"viv_total":686,"viv_deshabitadas":60,"viv_temporal":10,"vph_1dor":122,"vph_2mas_dor":494,"escolaridad":13.82,"pea":995,"solteros":643,"casados":729,"separados":261,"prom_hnv":1.75,"pob_0_14":161,"pob_15_24":218,"pob_25_59":805,"pob_60mas":558,"area_km2":0.4351,"crec_pct_pob":-0.1103,"crec_abs_hog":69,"pct_pea":57.12,"pct_0_14":9.24,"pct_15_24":12.51,"pct_25_59":46.21,"pct_60mas":32.03,"crec_pct_hog":12.61,"nse_ab":168,"nse_cmas":163,"nse_c":112,"nse_cmenos":80,"nse_dmas":43,"nse_d":38,"nse_e":6,"nse_predominante":"A/B"},"geometry":{"type":"Polygon","coordinates":[[[-103.45486622606575,25.552242423044362],[-103.4500224071628,25.54893519333732],[-103.45060060725328,25.54831439343589],[-103.44915597703925,25.54682077384995],[-103.45027746746094,25.546173683737482],[-103.45368534681003,25.544816024342413],[-103.45368448625821,25.54575859382592],[-103.45660969529312,25.545697404111497],[-103.45897685501691,25.547264454476284],[-103.45486622606575,25.552242423044362]]]}},{"type":"Feature","properties":{"CVEGEO":"0503500014590","pob_total":1207,"pob_2010":0,"pob_fem":603,"pob_mas":604,"hog_total":334,"hog_2010":0,"viv_habitadas":334,"viv_2010":0,"viv_total":508,"viv_deshabitadas":97,"viv_temporal":77,"vph_1dor":68,"vph_2mas_dor":266,"escolaridad":10.64,"pea":579,"solteros":194,"casados":546,"separados":57,"prom_hnv":1.81,"pob_0_14":462,"pob_15_24":146,"pob_25_59":576,"pob_60mas":23,"area_km2":0.1193,"crec_pct_pob":null,"crec_abs_hog":334,"pct_pea":47.97,"pct_0_14":38.28,"pct_15_24":12.1,"pct_25_59":47.72,"pct_60mas":1.91,"crec_pct_hog":0.0,"nse_ab":12,"nse_cmas":47,"nse_c":53,"nse_cmenos":68,"nse_dmas":64,"nse_d":81,"nse_e":5,"nse_predominante":"D"},"geometry":{"type":"Polygon","coordinates":[[[-103.33018590414153,25.554649390401842],[-103.33005388430124,25.55217928000391],[-103.33408283384809,25.551844450421704],[-103.33443301287902,25.554538619056117],[-103.33018590414153,25.554649390401842]]]}},{"type":"Feature","properties":{"CVEGEO":"0503500012838","pob_total":876,"pob_2010":1204,"pob_fem":425,"pob_mas":451,"hog_total":252,"hog_2010":322,"viv_habitadas":252,"viv_2010":493,"viv_total":441,"viv_deshabitadas":156,"viv_temporal":33,"vph_1dor":89,"vph_2mas_dor":163,"escolaridad":8.44,"pea":379,"solteros":281,"casados":326,"separados":103,"prom_hnv":2.21,"pob_0_14":225,"pob_15_24":138,"pob_25_59":363,"pob_60mas":150,"area_km2":0.6401,"crec_pct_pob":-0.2724,"crec_abs_hog":-70,"pct_pea":43.26,"pct_0_14":25.68,"pct_15_24":15.75,"pct_25_59":41.44,"pct_60mas":17.12,"crec_pct_hog":-21.74,"nse_ab":0,"nse_cmas":8,"nse_c":19,"nse_cmenos":30,"nse_dmas":38,"nse_d":104,"nse_e":48,"nse_predominante":"D"},"geometry":{"type":"Polygon","coordinates":[[[-103.45485343729146,25.52971888002969],[-103.45533778606806,25.52880617784033],[-103.45572977610536,25.528492708006635],[-103.4552834961201,25.5283893975968],[-103.45445023684253,25.5278093476044],[-103.45448374686517,25.5262295082342],[-103.45310100670343,25.524613708315858],[-103.4521621169556,25.522900878529686],[-103.45060197805022,25.522685108869847],[-103.45095677792928,25.522310168445042],[-103.45050909737124,25.52192064918865],[-103.45075517763775,25.521859888484645],[-103.45126751758445,25.52131931913394],[-103.45133095722966,25.521049278717374],[-103.4510137476204,25.520747089097803],[-103.45073548748451,25.520833429388865],[-103.45070683754159,25.52059168890454],[-103.45163446724202,25.520157479188338],[-103.45194871775205,25.520074749051975],[-103.45192855689594,25.520461079320793],[-103.45227571757727,25.52073170933336],[-103.45504408788582,25.520796878979446],[-103.4601600043907,25.52592514898646],[-103.46000146571124,25.52617125863514],[-103.4620428944854,25.52827211774347],[-103.46243026426365,25.529429517357187],[-103.46294626497867,25.52909657809167],[-103.46405595385812,25.530564807741985],[-103.45875778596431,25.52988404748523],[-103.4579080659184,25.52988260719327],[-103.45717717575086,25.530156277645276],[-103.45583563618801,25.530093197793377],[-103.45485343729146,25.52971888002969]]]}},{"type":"Feature","properties":{"CVEGEO":"0503500014088","pob_total":66,"pob_2010":16,"pob_fem":32,"pob_mas":34,"hog_total":18,"hog_2010":3,"viv_habitadas":18,"viv_2010":22,"viv_total":26,"viv_deshabitadas":4,"viv_temporal":4,"vph_1dor":0,"vph_2mas_dor":17,"escolaridad":13.2,"pea":27,"solteros":16,"casados":26,"separados":6,"prom_hnv":1.74,"pob_0_14":22,"pob_15_24":10,"pob_25_59":31,"pob_60mas":3,"area_km2":0.0382,"crec_pct_pob":3.125,"crec_abs_hog":15,"pct_pea":40.91,"pct_0_14":33.33,"pct_15_24":15.15,"pct_25_59":46.97,"pct_60mas":4.55,"crec_pct_hog":500.0,"nse_ab":6,"nse_cmas":8,"nse_c":null,"nse_cmenos":null,"nse_dmas":0,"nse_d":0,"nse_e":0,"nse_predominante":"C+"},"geometry":{"type":"Polygon","coordinates":[[[-103.34959253981637,25.50210171180971],[-103.3479067402352,25.500964371586367],[-103.34910680113505,25.500189001521104],[-103.34953777087094,25.501183200820826],[-103.35135331075618,25.50030761095582],[-103.35169882988525,25.50088923187673],[-103.3499694005546,25.502075210145225],[-103.34974241084177,25.501892741218196],[-103.34959253981637,25.50210171180971]]]}},{"type":"Feature","properties":{"CVEGEO":"0503500012359","pob_total":256,"pob_2010":238,"pob_fem":133,"pob_mas":123,"hog_total":71,"hog_2010":60,"viv_habitadas":71,"viv_2010":77,"viv_total":84,"viv_deshabitadas":8,"viv_temporal":5,"vph_1dor":35,"vph_2mas_dor":36,"escolaridad":9.39,"pea":139,"solteros":51,"casados":127,"separados":27,"prom_hnv":2.29,"pob_0_14":63,"pob_15_24":35,"pob_25_59":129,"pob_60mas":29,"area_km2":0.5092,"crec_pct_pob":0.0756,"crec_abs_hog":11,"pct_pea":54.3,"pct_0_14":24.61,"pct_15_24":13.67,"pct_25_59":50.39,"pct_60mas":11.33,"crec_pct_hog":18.33,"nse_ab":4,"nse_cmas":7,"nse_c":7,"nse_cmenos":10,"nse_dmas":12,"nse_d":27,"nse_e":4,"nse_predominante":"D"},"geometry":{"type":"Polygon","coordinates":[[[-103.37790973323078,25.566094069030147],[-103.37562394410172,25.562963100199934],[-103.37402671447639,25.563637449388906],[-103.37321560433143,25.562348968991675],[-103.37335065382962,25.562239699049385],[-103.37164139504722,25.559888329520813],[-103.37016534530272,25.560632620075552],[-103.36948185520191,25.55964604002388],[-103.36873942518483,25.558126599484947],[-103.3761227435297,25.55813950028704],[-103.3763047938856,25.558619589718525],[-103.37758347317485,25.558594799755312],[-103.37865504311591,25.559026470463934],[-103.38125333250535,25.56303555922524],[-103.38095717217529,25.56322072913699],[-103.38041625268896,25.56245695900778],[-103.3780480835313,25.563554449178994],[-103.37827073339571,25.56412169893921],[-103.37855544256848,25.56451223943745],[-103.37872344257316,25.564417849076186],[-103.37934954304681,25.565354508450085],[-103.37790973323078,25.566094069030147]]]}},{"type":"Feature","properties":{"CVEGEO":"0503500012753","pob_total":1889,"pob_2010":2319,"pob_fem":955,"pob_mas":934,"hog_total":572,"hog_2010":604,"viv_habitadas":573,"viv_2010":712,"viv_total":678,"viv_deshabitadas":95,"viv_temporal":10,"vph_1dor":182,"vph_2mas_dor":390,"escolaridad":9.01,"pea":971,"solteros":595,"casados":690,"separados":279,"prom_hnv":2.03,"pob_0_14":401,"pob_15_24":280,"pob_25_59":865,"pob_60mas":343,"area_km2":0.6153,"crec_pct_pob":-0.1854,"crec_abs_hog":-32,"pct_pea":51.4,"pct_0_14":21.23,"pct_15_24":14.82,"pct_25_59":45.79,"pct_60mas":18.16,"crec_pct_hog":-5.3,"nse_ab":12,"nse_cmas":47,"nse_c":64,"nse_cmenos":78,"nse_dmas":105,"nse_d":218,"nse_e":42,"nse_predominante":"D"},"geometry":{"type":"Polygon","coordinates":[[[-103.45270712645038,25.535049796189004],[-103.4443124586625,25.52928794744335],[-103.44535169832216,25.526135648108653],[-103.44601903873067,25.52497964846229],[-103.44625197830298,25.524866568307758],[-103.45265517670109,25.528890517687337],[-103.45372826680362,25.52985059744378],[-103.45725526591026,25.532012426913017],[-103.45870340508455,25.533200886419564],[-103.45631106608047,25.532302007233056],[-103.45638178556727,25.532739646434084],[-103.45274371688289,25.53273948703432],[-103.45270712645038,25.535049796189004]]]}},{"type":"Feature","properties":{"CVEGEO":"0503500014529","pob_total":2445,"pob_2010":0,"pob_fem":1201,"pob_mas":1244,"hog_total":737,"hog_2010":0,"viv_habitadas":737,"viv_2010":0,"viv_total":961,"viv_deshabitadas":201,"viv_temporal":23,"vph_1dor":105,"vph_2mas_dor":632,"escolaridad":10.86,"pea":1122,"solteros":530,"casados":1037,"separados":141,"prom_hnv":1.77,"pob_0_14":881,"pob_15_24":341,"pob_25_59":1156,"pob_60mas":67,"area_km2":0.2043,"crec_pct_pob":null,"crec_abs_hog":737,"pct_pea":45.89,"pct_0_14":36.03,"pct_15_24":13.95,"pct_25_59":47.28,"pct_60mas":2.74,"crec_pct_hog":0.0,"nse_ab":15,"nse_cmas":76,"nse_c":127,"nse_cmenos":170,"nse_dmas":148,"nse_d":192,"nse_e":4,"nse_predominante":"D"},"geometry":{"type":"Polygon","coordinates":[[[-103.34482203165113,25.51532922706612],[-103.34594195159752,25.51484996828898],[-103.34705178181518,25.514824257932997],[-103.34830223142006,25.5175888274888],[-103.34629263200279,25.51821573689327],[-103.34685621136565,25.519749176846652],[-103.34479290934125,25.520601637149472],[-103.34270389232648,25.51660825791058],[-103.34482203165113,25.51532922706612]]]}},{"type":"Feature","properties":{"CVEGEO":"0503500011543","pob_total":3167,"pob_2010":3648,"pob_fem":1595,"pob_mas":1572,"hog_total":926,"hog_2010":930,"viv_habitadas":927,"viv_2010":1107,"viv_total":1059,"viv_deshabitadas":111,"viv_temporal":21,"vph_1dor":329,"vph_2mas_dor":577,"escolaridad":8.64,"pea":1552,"solteros":996,"casados":1173,"separados":351,"prom_hnv":2.16,"pob_0_14":729,"pob_15_24":560,"pob_25_59":1364,"pob_60mas":514,"area_km2":0.4261,"crec_pct_pob":-0.1319,"crec_abs_hog":-4,"pct_pea":49.01,"pct_0_14":23.02,"pct_15_24":17.68,"pct_25_59":43.07,"pct_60mas":16.23,"crec_pct_hog":-0.43,"nse_ab":16,"nse_cmas":61,"nse_c":72,"nse_cmenos":128,"nse_dmas":152,"nse_d":349,"nse_e":119,"nse_predominante":"D"},"geometry":{"type":"Polygon","coordinates":[[[-103.46878235266232,25.544730225006667],[-103.46784228272436,25.54124973508595],[-103.46904183262814,25.541169055595514],[-103.46916317243434,25.541520805874995],[-103.4737748615249,25.541291915148314],[-103.47564302133364,25.541000505459618],[-103.47996597028971,25.54116636553018],[-103.48068448038542,25.54244576577231],[-103.47680122110297,25.54351965524385],[-103.47006709288632,25.546247854367152],[-103.46878235266232,25.544730225006667]]]}},{"type":"Feature","properties":{"CVEGEO":"0503501783696","pob_total":15,"pob_2010":9,"pob_fem":6,"pob_mas":9,"hog_total":4,"hog_2010":0,"viv_habitadas":4,"viv_2010":3,"viv_total":7,"viv_deshabitadas":3,"viv_temporal":0,"vph_1dor":0,"vph_2mas_dor":3,"escolaridad":10.9,"pea":7,"solteros":0,"casados":6,"separados":0,"prom_hnv":2.0,"pob_0_14":5,"pob_15_24":0,"pob_25_59":10,"pob_60mas":0,"area_km2":0.0119,"crec_pct_pob":0.6667,"crec_abs_hog":4,"pct_pea":46.67,"pct_0_14":33.33,"pct_15_24":0.0,"pct_25_59":66.67,"pct_60mas":0.0,"crec_pct_hog":0.0,"nse_ab":0,"nse_cmas":0,"nse_c":null,"nse_cmenos":0,"nse_dmas":0,"nse_d":null,"nse_e":0,"nse_predominante":"D"},"geometry":{"type":"Polygon","coordinates":[[[-103.29708547103765,25.588923132518133],[-103.29753094999596,25.58902592327206],[-103.29703153091911,25.591179931985952],[-103.29655041131826,25.59107409226542],[-103.29708547103765,25.588923132518133]]]}},{"type":"Feature","properties":{"CVEGEO":"0503500013164","pob_total":2047,"pob_2010":2006,"pob_fem":1053,"pob_mas":994,"hog_total":497,"hog_2010":470,"viv_habitadas":497,"viv_2010":561,"viv_total":610,"viv_deshabitadas":107,"viv_temporal":6,"vph_1dor":142,"vph_2mas_dor":355,"escolaridad":8.71,"pea":888,"solteros":556,"casados":840,"separados":147,"prom_hnv":2.17,"pob_0_14":625,"pob_15_24":451,"pob_25_59":831,"pob_60mas":140,"area_km2":0.2558,"crec_pct_pob":0.0204,"crec_abs_hog":27,"pct_pea":43.38,"pct_0_14":30.53,"pct_15_24":22.03,"pct_25_59":40.6,"pct_60mas":6.84,"crec_pct_hog":5.74,"nse_ab":6,"nse_cmas":32,"nse_c":61,"nse_cmenos":60,"nse_dmas":94,"nse_d":206,"nse_e":36,"nse_predominante":"D"},"geometry":{"type":"Polygon","coordinates":[[[-103.3957068510755,25.5007160320278],[-103.39412999114009,25.501733091654145],[-103.39234214162242,25.50219400172472],[-103.39140157130218,25.5021998911552],[-103.39005650224611,25.50194249105687],[-103.38841030250089,25.501200011731456],[-103.391800362091,25.49705568229424],[-103.39632867057962,25.50002240190332],[-103.3957068510755,25.5007160320278]]]}},{"type":"Feature","properties":{"CVEGEO":"0503500013624","pob_total":3073,"pob_2010":2950,"pob_fem":1618,"pob_mas":1455,"hog_total":924,"hog_2010":790,"viv_habitadas":924,"viv_2010":1023,"viv_total":1072,"viv_deshabitadas":118,"viv_temporal":30,"vph_1dor":156,"vph_2mas_dor":768,"escolaridad":12.88,"pea":1693,"solteros":994,"casados":1293,"separados":282,"prom_hnv":1.63,"pob_0_14":633,"pob_15_24":609,"pob_25_59":1568,"pob_60mas":263,"area_km2":0.3242,"crec_pct_pob":0.0417,"crec_abs_hog":134,"pct_pea":55.09,"pct_0_14":20.6,"pct_15_24":19.82,"pct_25_59":51.03,"pct_60mas":8.56,"crec_pct_hog":16.96,"nse_ab":117,"nse_cmas":255,"nse_c":204,"nse_cmenos":160,"nse_dmas":109,"nse_d":73,"nse_e":null,"nse_predominante":"C+"},"geometry":{"type":"Polygon","coordinates":[[[-103.37116430432772,25.546486142036628],[-103.37024681921726,25.544591470564654],[-103.36678140650916,25.544557589102297],[-103.36678808828677,25.544264846584895],[-103.36994640958312,25.54433010686634],[-103.36975625935914,25.543887983956054],[-103.36298890715558,25.543794902684706],[-103.36299913696364,25.54050645461708],[-103.3634808857708,25.540387043413638],[-103.37074131471776,25.540498193458323],[-103.37077894402599,25.54413628337978],[-103.37186996545066,25.546095702327662],[-103.37116430432772,25.546486142036628]]]}},{"type":"Feature","properties":{"CVEGEO":"0503500014425","pob_total":3465,"pob_2010":1959,"pob_fem":1741,"pob_mas":1724,"hog_total":985,"hog_2010":552,"viv_habitadas":985,"viv_2010":1275,"viv_total":1317,"viv_deshabitadas":225,"viv_temporal":107,"vph_1dor":148,"vph_2mas_dor":837,"escolaridad":10.08,"pea":1649,"solteros":763,"casados":1467,"separados":260,"prom_hnv":1.95,"pob_0_14":1179,"pob_15_24":580,"pob_25_59":1579,"pob_60mas":127,"area_km2":0.2533,"crec_pct_pob":0.7688,"crec_abs_hog":433,"pct_pea":47.59,"pct_0_14":34.03,"pct_15_24":16.74,"pct_25_59":45.57,"pct_60mas":3.67,"crec_pct_hog":78.44,"nse_ab":15,"nse_cmas":79,"nse_c":171,"nse_cmenos":233,"nse_dmas":216,"nse_d":259,"nse_e":9,"nse_predominante":"D"},"geometry":{"type":"Polygon","coordinates":[[[-103.33914812977655,25.54720735086725],[-103.33615546702858,25.548347642853265],[-103.33395621366108,25.548712450791886],[-103.33340828317137,25.546189932502937],[-103.33375929255399,25.546186051664648],[-103.3337264041901,25.547105762499257],[-103.33542031364827,25.547110882087505],[-103.3354009122788,25.546882451731502],[-103.33598401296123,25.54691102114537],[-103.33599220177814,25.546240241560305],[-103.33897557270525,25.546010562996226],[-103.34285623068688,25.545410132516942],[-103.34264215123541,25.549856172287054],[-103.3400424810847,25.55001722053741],[-103.33914812977655,25.54720735086725]]]}},{"type":"Feature","properties":{"CVEGEO":"0503500013732","pob_total":1012,"pob_2010":921,"pob_fem":535,"pob_mas":477,"hog_total":296,"hog_2010":200,"viv_habitadas":296,"viv_2010":302,"viv_total":335,"viv_deshabitadas":20,"viv_temporal":19,"vph_1dor":13,"vph_2mas_dor":283,"escolaridad":15.5,"pea":559,"solteros":322,"casados":480,"separados":49,"prom_hnv":1.46,"pob_0_14":234,"pob_15_24":185,"pob_25_59":513,"pob_60mas":80,"area_km2":0.1838,"crec_pct_pob":0.0988,"crec_abs_hog":96,"pct_pea":55.24,"pct_0_14":23.12,"pct_15_24":18.28,"pct_25_59":50.69,"pct_60mas":7.91,"crec_pct_hog":48.0,"nse_ab":212,"nse_cmas":64,"nse_c":12,"nse_cmenos":5,"nse_dmas":null,"nse_d":null,"nse_e":0,"nse_predominante":"A/B"},"geometry":{"type":"Polygon","coordinates":[[[-103.37876636153385,25.575804356754773],[-103.37292066543105,25.574185065456795],[-103.37300489574395,25.573300382757292],[-103.37392718096648,25.573304583082663],[-103.37379704299472,25.57132118778572],[-103.37692970216489,25.57120976869592],[-103.37701425333199,25.572830327193866],[-103.37825825298431,25.572844247222026],[-103.37876636153385,25.575804356754773]]]}},{"type":"Feature","properties":{"CVEGEO":"0503500013889","pob_total":222,"pob_2010":146,"pob_fem":113,"pob_mas":109,"hog_total":64,"hog_2010":39,"viv_habitadas":64,"viv_2010":56,"viv_total":69,"viv_deshabitadas":4,"viv_temporal":0,"vph_1dor":8,"vph_2mas_dor":56,"escolaridad":15.72,"pea":108,"solteros":62,"casados":110,"separados":11,"prom_hnv":1.54,"pob_0_14":59,"pob_15_24":33,"pob_25_59":115,"pob_60mas":15,"area_km2":0.6693,"crec_pct_pob":0.5205,"crec_abs_hog":25,"pct_pea":48.65,"pct_0_14":26.58,"pct_15_24":14.86,"pct_25_59":51.8,"pct_60mas":6.76,"crec_pct_hog":64.1,"nse_ab":45,"nse_cmas":15,"nse_c":null,"nse_cmenos":3,"nse_dmas":0,"nse_d":0,"nse_e":0,"nse_predominante":"A/B"},"geometry":{"type":"Polygon","coordinates":[[[-103.3902023898717,25.57917938277174],[-103.37876636153385,25.575804356754773],[-103.37840796172817,25.573703077456805],[-103.38064187239911,25.572482387455082],[-103.38072533271941,25.57287396771044],[-103.38712340081825,25.57167164793958],[-103.38796497049933,25.57165261764967],[-103.39149081827698,25.576646327796446],[-103.39032435937504,25.579336496759513],[-103.3902023898717,25.57917938277174]]]}},{"type":"Feature","properties":{"CVEGEO":"0503500014054","pob_total":2456,"pob_2010":355,"pob_fem":1212,"pob_mas":1244,"hog_total":737,"hog_2010":117,"viv_habitadas":737,"viv_2010":218,"viv_total":891,"viv_deshabitadas":121,"viv_temporal":33,"vph_1dor":145,"vph_2mas_dor":592,"escolaridad":15.43,"pea":1240,"solteros":579,"casados":1202,"separados":121,"prom_hnv":1.43,"pob_0_14":714,"pob_15_24":312,"pob_25_59":1315,"pob_60mas":115,"area_km2":1.0534,"crec_pct_pob":5.9183,"crec_abs_hog":620,"pct_pea":50.49,"pct_0_14":29.07,"pct_15_24":12.7,"pct_25_59":53.54,"pct_60mas":4.68,"crec_pct_hog":529.91,"nse_ab":400,"nse_cmas":248,"nse_c":60,"nse_cmenos":16,"nse_dmas":4,"nse_d":5,"nse_e":0,"nse_predominante":"A/B"},"geometry":{"type":"Polygon","coordinates":[[[-103.37809396233814,25.584513264987336],[-103.37814382242901,25.582147096586837],[-103.37788351188917,25.582054835167938],[-103.37787722141418,25.5818217057827],[-103.37800330299768,25.581789706160638],[-103.3777960527526,25.580826636537473],[-103.3770701032497,25.58009263647288],[-103.37727388150786,25.57995655579972],[-103.37714239327093,25.577634957152917],[-103.37673219162689,25.577388236298567],[-103.37687679353299,25.577142647698295],[-103.37709347246151,25.577162727058806],[-103.37836951250014,25.577727246048575],[-103.37917214121511,25.577697597558156],[-103.37909019122071,25.576426336626028],[-103.37861882738954,25.57628426482387],[-103.37876636153385,25.575804356754773],[-103.3902023898717,25.57917938277174],[-103.3904105993995,25.57943593609911],[-103.38732151021996,25.5860716953634],[-103.38014210164526,25.586281365816202],[-103.38004096113642,25.584329196295464],[-103.38033505062731,25.58429795644019],[-103.38030900135816,25.583752106439135],[-103.3790103323654,25.58433276628072],[-103.37899791277468,25.5845092763466],[-103.37809396233814,25.584513264987336]]]}},{"type":"Feature","properties":{"CVEGEO":"0503500013874","pob_total":1686,"pob_2010":1146,"pob_fem":882,"pob_mas":804,"hog_total":500,"hog_2010":311,"viv_habitadas":500,"viv_2010":455,"viv_total":614,"viv_deshabitadas":64,"viv_temporal":50,"vph_1dor":106,"vph_2mas_dor":394,"escolaridad":11.0,"pea":830,"solteros":424,"casados":720,"separados":130,"prom_hnv":1.81,"pob_0_14":518,"pob_15_24":296,"pob_25_59":797,"pob_60mas":75,"area_km2":0.3199,"crec_pct_pob":0.4712,"crec_abs_hog":189,"pct_pea":49.23,"pct_0_14":30.72,"pct_15_24":17.56,"pct_25_59":47.27,"pct_60mas":4.45,"crec_pct_hog":60.77,"nse_ab":20,"nse_cmas":58,"nse_c":94,"nse_cmenos":100,"nse_dmas":101,"nse_d":119,"nse_e":7,"nse_predominante":"D"},"geometry":{"type":"Polygon","coordinates":[[[-103.35298296814017,25.546765741635255],[-103.34541789134157,25.546732772865525],[-103.34361754111804,25.545313023078197],[-103.34609286047329,25.54387837335866],[-103.3466399097518,25.543724332273573],[-103.34874903021314,25.543710223199753],[-103.35178868838015,25.542323472819966],[-103.35302119923416,25.542255513517215],[-103.35298296814017,25.546765741635255]]]}},{"type":"Feature","properties":{"CVEGEO":"0503500012289","pob_total":3872,"pob_2010":3318,"pob_fem":1981,"pob_mas":1891,"hog_total":1133,"hog_2010":823,"viv_habitadas":1133,"viv_2010":1037,"viv_total":1328,"viv_deshabitadas":147,"viv_temporal":48,"vph_1dor":262,"vph_2mas_dor":870,"escolaridad":11.65,"pea":1905,"solteros":987,"casados":1702,"separados":344,"prom_hnv":1.83,"pob_0_14":1049,"pob_15_24":604,"pob_25_59":1882,"pob_60mas":337,"area_km2":0.8408,"crec_pct_pob":0.167,"crec_abs_hog":310,"pct_pea":49.2,"pct_0_14":27.09,"pct_15_24":15.6,"pct_25_59":48.61,"pct_60mas":8.7,"crec_pct_hog":37.67,"nse_ab":280,"nse_cmas":254,"nse_c":143,"nse_cmenos":95,"nse_dmas":120,"nse_d":169,"nse_e":61,"nse_predominante":"A/B"},"geometry":{"type":"Polygon","coordinates":[[[-103.41637687227073,25.60128912247998],[-103.41365633410396,25.584909586006518],[-103.4156008343918,25.58397836601608],[-103.41572344351529,25.58575733630068],[-103.41591270247046,25.58629866646928],[-103.41767355323854,25.589002065521186],[-103.41826663233408,25.589732676233],[-103.42015084233893,25.590809494367218],[-103.42088607242347,25.591532965351433],[-103.42115115212631,25.592617464427455],[-103.4207528319885,25.59472943419419],[-103.42187822140136,25.595241906566663],[-103.42146335109193,25.59605206510594],[-103.42207715127807,25.596341293335545],[-103.42159206163656,25.597239034112924],[-103.42186935134295,25.59747563413673],[-103.42184836267921,25.597809034464486],[-103.42124555086504,25.599687754177722],[-103.42102563145106,25.599664524279618],[-103.42084955102598,25.600540953788304],[-103.41816226155917,25.60006083342654],[-103.41637626264264,25.60179855332082],[-103.41624619282356,25.60172707365731],[-103.41637687227073,25.60128912247998]]]}},{"type":"Feature","properties":{"CVEGEO":"050350001347A","pob_total":356,"pob_2010":313,"pob_fem":182,"pob_mas":174,"hog_total":99,"hog_2010":77,"viv_habitadas":99,"viv_2010":98,"viv_total":127,"viv_deshabitadas":22,"viv_temporal":6,"vph_1dor":33,"vph_2mas_dor":66,"escolaridad":8.12,"pea":185,"solteros":106,"casados":159,"separados":22,"prom_hnv":1.9,"pob_0_14":93,"pob_15_24":75,"pob_25_59":158,"pob_60mas":30,"area_km2":0.2078,"crec_pct_pob":0.1374,"crec_abs_hog":22,"pct_pea":51.97,"pct_0_14":26.12,"pct_15_24":21.07,"pct_25_59":44.38,"pct_60mas":8.43,"crec_pct_hog":28.57,"nse_ab":null,"nse_cmas":3,"nse_c":5,"nse_cmenos":10,"nse_dmas":20,"nse_d":41,"nse_e":17,"nse_predominante":"D"},"geometry":{"type":"Polygon","coordinates":[[[-103.42592015978627,25.60142118229725],[-103.42084955102598,25.600540953788304],[-103.42102563145106,25.599664524279618],[-103.42124555086504,25.599687754177722],[-103.42184836267921,25.597809034464486],[-103.42186935134295,25.59747563413673],[-103.42159206163656,25.597239034112924],[-103.42207715127807,25.596341293335545],[-103.42699192018041,25.598607784370124],[-103.42636321153478,25.59967166376018],[-103.42592015978627,25.60142118229725]]]}},{"type":"Feature","properties":{"CVEGEO":"0503500014533","pob_total":788,"pob_2010":0,"pob_fem":397,"pob_mas":391,"hog_total":218,"hog_2010":0,"viv_habitadas":218,"viv_2010":0,"viv_total":274,"viv_deshabitadas":38,"viv_temporal":18,"vph_1dor":37,"vph_2mas_dor":181,"escolaridad":12.06,"pea":360,"solteros":159,"casados":346,"separados":41,"prom_hnv":1.77,"pob_0_14":288,"pob_15_24":114,"pob_25_59":361,"pob_60mas":25,"area_km2":0.1,"crec_pct_pob":null,"crec_abs_hog":218,"pct_pea":45.69,"pct_0_14":36.55,"pct_15_24":14.47,"pct_25_59":45.81,"pct_60mas":3.17,"crec_pct_hog":0.0,"nse_ab":18,"nse_cmas":46,"nse_c":52,"nse_cmenos":38,"nse_dmas":42,"nse_d":22,"nse_e":0,"nse_predominante":"C"},"geometry":{"type":"Polygon","coordinates":[[[-103.33615546702858,25.548347642853265],[-103.33914812977655,25.54720735086725],[-103.3400424810847,25.55001722053741],[-103.33872273824262,25.55033966217581],[-103.33698454141535,25.551076280881713],[-103.33615546702858,25.548347642853265]]]}},{"type":"Feature","properties":{"CVEGEO":"0503500014641","pob_total":3224,"pob_2010":0,"pob_fem":1590,"pob_mas":1634,"hog_total":955,"hog_2010":0,"viv_habitadas":955,"viv_2010":0,"viv_total":1286,"viv_deshabitadas":291,"viv_temporal":40,"vph_1dor":189,"vph_2mas_dor":766,"escolaridad":10.7,"pea":1597,"solteros":810,"casados":1415,"separados":201,"prom_hnv":1.79,"pob_0_14":1007,"pob_15_24":553,"pob_25_59":1538,"pob_60mas":126,"area_km2":0.2991,"crec_pct_pob":null,"crec_abs_hog":955,"pct_pea":49.53,"pct_0_14":31.23,"pct_15_24":17.15,"pct_25_59":47.7,"pct_60mas":3.91,"crec_pct_hog":0.0,"nse_ab":33,"nse_cmas":124,"nse_c":167,"nse_cmenos":182,"nse_dmas":174,"nse_d":252,"nse_e":19,"nse_predominante":"D"},"geometry":{"type":"Polygon","coordinates":[[[-103.34298407971566,25.5598995552397],[-103.34298013092786,25.55794642809847],[-103.34235352309175,25.55767000057842],[-103.3408401858369,25.557673568828495],[-103.34085990912297,25.553901669006233],[-103.34574592015512,25.553964661243477],[-103.34568182933643,25.558552020298563],[-103.34583990742964,25.56239763139485],[-103.3456364412564,25.562087165533704],[-103.34563196180235,25.561676164311965],[-103.34546823536253,25.561782302720903],[-103.34445934590659,25.560394483974406],[-103.34298407971566,25.5598995552397]]]}},{"type":"Feature","properties":{"CVEGEO":"050350001450A","pob_total":263,"pob_2010":23,"pob_fem":136,"pob_mas":127,"hog_total":71,"hog_2010":6,"viv_habitadas":71,"viv_2010":43,"viv_total":103,"viv_deshabitadas":31,"viv_temporal":0,"vph_1dor":15,"vph_2mas_dor":56,"escolaridad":7.94,"pea":125,"solteros":56,"casados":124,"separados":12,"prom_hnv":2.11,"pob_0_14":86,"pob_15_24":58,"pob_25_59":112,"pob_60mas":7,"area_km2":0.034,"crec_pct_pob":10.4348,"crec_abs_hog":65,"pct_pea":47.53,"pct_0_14":32.7,"pct_15_24":22.05,"pct_25_59":42.59,"pct_60mas":2.66,"crec_pct_hog":1083.33,"nse_ab":0,"nse_cmas":null,"nse_c":null,"nse_cmenos":7,"nse_dmas":16,"nse_d":34,"nse_e":11,"nse_predominante":"D"},"geometry":{"type":"Polygon","coordinates":[[[-103.3562653141563,25.59029702404333],[-103.35614006527547,25.590589165163806],[-103.35470864743077,25.590219953679835],[-103.35487650147851,25.58946093040125],[-103.3582013847528,25.589508771280272],[-103.3581847364294,25.589793614677486],[-103.35775407712212,25.58976241349889],[-103.357709773896,25.590722869385008],[-103.3562653141563,25.59029702404333]]]}},{"type":"Feature","properties":{"CVEGEO":"050350001411A","pob_total":1557,"pob_2010":125,"pob_fem":794,"pob_mas":763,"hog_total":490,"hog_2010":35,"viv_habitadas":490,"viv_2010":74,"viv_total":581,"viv_deshabitadas":74,"viv_temporal":17,"vph_1dor":93,"vph_2mas_dor":397,"escolaridad":15.05,"pea":824,"solteros":342,"casados":729,"separados":79,"prom_hnv":1.41,"pob_0_14":472,"pob_15_24":172,"pob_25_59":829,"pob_60mas":84,"area_km2":0.192,"crec_pct_pob":11.456,"crec_abs_hog":455,"pct_pea":52.92,"pct_0_14":30.31,"pct_15_24":11.05,"pct_25_59":53.24,"pct_60mas":5.39,"crec_pct_hog":1300.0,"nse_ab":246,"nse_cmas":150,"nse_c":57,"nse_cmenos":20,"nse_dmas":null,"nse_d":10,"nse_e":0,"nse_predominante":"A/B"},"geometry":{"type":"Polygon","coordinates":[[[-103.37597054207112,25.624445897669172],[-103.37584305084157,25.62419546738642],[-103.37909030144299,25.62184603895507],[-103.38209188055278,25.621861547566922],[-103.38193016946245,25.6231446085738],[-103.38261676070782,25.623186128316178],[-103.38241793922835,25.624563428296266],[-103.38271361919531,25.6245870582057],[-103.38251990008995,25.625922086702612],[-103.38143167032581,25.625882657509376],[-103.38097019999539,25.62518538848071],[-103.37800599017032,25.625091327409848],[-103.37763144131374,25.624441916983642],[-103.37597054207112,25.624445897669172]]]}},{"type":"Feature","properties":{"CVEGEO":"0503500013291","pob_total":1146,"pob_2010":1011,"pob_fem":585,"pob_mas":561,"hog_total":330,"hog_2010":232,"viv_habitadas":330,"viv_2010":336,"viv_total":456,"viv_deshabitadas":92,"viv_temporal":34,"vph_1dor":96,"vph_2mas_dor":233,"escolaridad":9.73,"pea":727,"solteros":296,"casados":530,"separados":92,"prom_hnv":1.97,"pob_0_14":295,"pob_15_24":210,"pob_25_59":529,"pob_60mas":112,"area_km2":1.6807,"crec_pct_pob":0.1335,"crec_abs_hog":98,"pct_pea":63.44,"pct_0_14":25.74,"pct_15_24":18.32,"pct_25_59":46.16,"pct_60mas":9.77,"crec_pct_hog":42.24,"nse_ab":48,"nse_cmas":43,"nse_c":33,"nse_cmenos":42,"nse_dmas":44,"nse_d":87,"nse_e":32,"nse_predominante":"D"},"geometry":{"type":"Polygon","coordinates":[[[-103.42592015978627,25.60142118229725],[-103.42636321153478,25.59967166376018],[-103.42699192018041,25.598607784370124],[-103.42146335109193,25.59605206510594],[-103.42187822140136,25.595241906566663],[-103.4207528319885,25.59472943419419],[-103.42115115212631,25.592617464427455],[-103.42088607242347,25.591532965351433],[-103.42015084233893,25.590809494367218],[-103.41826663233408,25.589732676233],[-103.41662229364265,25.58737701580911],[-103.4183180134026,25.587167586768604],[-103.4170472137419,25.586712736362312],[-103.41735938395755,25.586421496643972],[-103.41728818355104,25.58628621627542],[-103.41945021319229,25.585736016863503],[-103.41970939166033,25.58517353578576],[-103.42229581418361,25.584809578204176],[-103.42250787210219,25.583226477406562],[-103.42309464247363,25.58319923731364],[-103.42279087147709,25.58452906582653],[-103.42297273184987,25.587219466830117],[-103.42292239208169,25.58768575609959],[-103.4226227020736,25.587719476652715],[-103.4228264613614,25.5885874956649],[-103.4306820603637,25.59226836474585],[-103.43155169873701,25.59106321507928],[-103.43257263995791,25.59048750590786],[-103.43363255879578,25.589126015596776],[-103.43513745939346,25.591427094589022],[-103.43621843880211,25.592568634747437],[-103.43842725782677,25.59431098445084],[-103.43870706875417,25.59485698441355],[-103.43868906832792,25.59597450482933],[-103.43839702887448,25.596639094015348],[-103.43799518840025,25.5970285640945],[-103.43736842827352,25.59727869368374],[-103.43641806776168,25.597369733957606],[-103.4335390883421,25.59716649392278],[-103.4316849587892,25.597590013927444],[-103.43027670066701,25.598254504488207],[-103.4291727004515,25.599523562925544],[-103.42860152086229,25.6008415032002],[-103.42840834954143,25.60201553331756],[-103.42592015978627,25.60142118229725]]]}},{"type":"Feature","properties":{"CVEGEO":"0503500013906","pob_total":4960,"pob_2010":3583,"pob_fem":2551,"pob_mas":2409,"hog_total":1510,"hog_2010":986,"viv_habitadas":1510,"viv_2010":1499,"viv_total":1755,"viv_deshabitadas":212,"viv_temporal":33,"vph_1dor":346,"vph_2mas_dor":1164,"escolaridad":12.17,"pea":2459,"solteros":1398,"casados":2135,"separados":392,"prom_hnv":1.6,"pob_0_14":1340,"pob_15_24":946,"pob_25_59":2443,"pob_60mas":231,"area_km2":0.6192,"crec_pct_pob":0.3843,"crec_abs_hog":524,"pct_pea":49.58,"pct_0_14":27.02,"pct_15_24":19.07,"pct_25_59":49.25,"pct_60mas":4.66,"crec_pct_hog":53.14,"nse_ab":102,"nse_cmas":315,"nse_c":341,"nse_cmenos":305,"nse_dmas":218,"nse_d":215,"nse_e":12,"nse_predominante":"C"},"geometry":{"type":"Polygon","coordinates":[[[-103.36564580513277,25.550049371404967],[-103.3634980255072,25.547245042104976],[-103.36321420702923,25.547247052528306],[-103.36311193550245,25.547006843348875],[-103.3609204465021,25.546733912775423],[-103.36077333656861,25.546517741944758],[-103.35953116785491,25.54630957338417],[-103.35946376713282,25.544173273875234],[-103.36074771798692,25.544032542215074],[-103.36067070716572,25.5427706527732],[-103.36086051718839,25.54275060260577],[-103.36060311731622,25.53885387321106],[-103.3615590063004,25.538576083926255],[-103.36294647692192,25.538587936362934],[-103.36298890715558,25.543794902684706],[-103.36975625935914,25.543887983956054],[-103.36994640958312,25.54433010686634],[-103.36678808828677,25.544264846584895],[-103.36678140650916,25.544557589102297],[-103.37024681921726,25.544591470564654],[-103.37103528430441,25.546090082359683],[-103.37116430432772,25.546486142036628],[-103.37091499384258,25.54674940281773],[-103.36564580513277,25.550049371404967]]]}},{"type":"Feature","properties":{"CVEGEO":"0503501802486","pob_total":498,"pob_2010":588,"pob_fem":250,"pob_mas":248,"hog_total":135,"hog_2010":146,"viv_habitadas":135,"viv_2010":174,"viv_total":184,"viv_deshabitadas":47,"viv_temporal":0,"vph_1dor":38,"vph_2mas_dor":97,"escolaridad":8.84,"pea":234,"solteros":115,"casados":237,"separados":39,"prom_hnv":2.13,"pob_0_14":130,"pob_15_24":99,"pob_25_59":224,"pob_60mas":45,"area_km2":0.1388,"crec_pct_pob":-0.1531,"crec_abs_hog":-11,"pct_pea":46.99,"pct_0_14":26.1,"pct_15_24":19.88,"pct_25_59":44.98,"pct_60mas":9.04,"crec_pct_hog":-7.53,"nse_ab":0,"nse_cmas":7,"nse_c":17,"nse_cmenos":21,"nse_dmas":23,"nse_d":49,"nse_e":16,"nse_predominante":"D"},"geometry":{"type":"Polygon","coordinates":[[[-103.35918384679023,25.593955703010522],[-103.35462164799108,25.59053273318039],[-103.35470864743077,25.590219953679835],[-103.35614006527547,25.590589165163806],[-103.35626052125083,25.59029552128964],[-103.35819900719112,25.590867520104347],[-103.35798561220537,25.591449202422893],[-103.35896785384291,25.591681913238947],[-103.35923863654327,25.590768080161713],[-103.36010694657365,25.590953474548524],[-103.35976271628854,25.591871382936755],[-103.36136585651215,25.592214353258417],[-103.36125927569063,25.59457895284604],[-103.35992271656491,25.594327043888455],[-103.35918384679023,25.593955703010522]]]}},{"type":"Feature","properties":{"CVEGEO":"0503500011219","pob_total":2689,"pob_2010":2633,"pob_fem":1361,"pob_mas":1328,"hog_total":736,"hog_2010":650,"viv_habitadas":736,"viv_2010":781,"viv_total":828,"viv_deshabitadas":81,"viv_temporal":11,"vph_1dor":160,"vph_2mas_dor":575,"escolaridad":10.61,"pea":1396,"solteros":780,"casados":1080,"separados":292,"prom_hnv":2.11,"pob_0_14":714,"pob_15_24":467,"pob_25_59":1210,"pob_60mas":298,"area_km2":0.2803,"crec_pct_pob":0.0213,"crec_abs_hog":86,"pct_pea":51.92,"pct_0_14":26.55,"pct_15_24":17.37,"pct_25_59":45.0,"pct_60mas":11.08,"crec_pct_hog":13.23,"nse_ab":73,"nse_cmas":106,"nse_c":144,"nse_cmenos":122,"nse_dmas":115,"nse_d":146,"nse_e":28,"nse_predominante":"D"},"geometry":{"type":"Polygon","coordinates":[[[-103.38068979214972,25.558161901405928],[-103.38078945284968,25.55205324153928],[-103.38096679192697,25.551759992497256],[-103.38140407155991,25.55173131189968],[-103.38147199316867,25.550155102297232],[-103.38422410172286,25.550330451899534],[-103.38424733106106,25.549709652115077],[-103.38452836230496,25.549724101578654],[-103.38466899152905,25.54989044287798],[-103.38443407125123,25.552339252448125],[-103.38475970227347,25.552371502183668],[-103.38476084146971,25.552496942178486],[-103.3846775916323,25.55312131253858],[-103.38440508097447,25.553101991894145],[-103.38422744107652,25.55557011211959],[-103.38435644220324,25.555755050797664],[-103.38387502233762,25.557173940520865],[-103.38363171059918,25.55741291070127],[-103.38285436079842,25.557394280084377],[-103.3828760523066,25.555725911158667],[-103.38242188186564,25.55563096094177],[-103.38237834094302,25.558166301030983],[-103.38068979214972,25.558161901405928]]]}},{"type":"Feature","properties":{"CVEGEO":"0503500014016","pob_total":5120,"pob_2010":1918,"pob_fem":2592,"pob_mas":2528,"hog_total":1570,"hog_2010":540,"viv_habitadas":1570,"viv_2010":707,"viv_total":1850,"viv_deshabitadas":260,"viv_temporal":20,"vph_1dor":368,"vph_2mas_dor":1202,"escolaridad":14.43,"pea":2585,"solteros":1278,"casados":2418,"separados":273,"prom_hnv":1.43,"pob_0_14":1432,"pob_15_24":720,"pob_25_59":2663,"pob_60mas":305,"area_km2":1.3126,"crec_pct_pob":1.6694,"crec_abs_hog":1030,"pct_pea":50.49,"pct_0_14":27.97,"pct_15_24":14.06,"pct_25_59":52.01,"pct_60mas":5.96,"crec_pct_hog":190.74,"nse_ab":508,"nse_cmas":579,"nse_c":252,"nse_cmenos":121,"nse_dmas":45,"nse_d":50,"nse_e":9,"nse_predominante":"C+"},"geometry":{"type":"Polygon","coordinates":[[[-103.39149081827698,25.576646327796446],[-103.38315676200688,25.564574219374265],[-103.37924519300643,25.558173650340407],[-103.39125127050957,25.558293310874276],[-103.39129710059595,25.5621177704293],[-103.39133761996126,25.56224751098882],[-103.39241989847505,25.562589800679493],[-103.39178345045794,25.563265450498605],[-103.39107827016846,25.56302296079484],[-103.39106660057162,25.56348606986658],[-103.39001415932492,25.56453738937036],[-103.3898052504641,25.564381839618108],[-103.38968693027384,25.564535839152178],[-103.39115493044159,25.565658768816796],[-103.39107961988536,25.570662079430857],[-103.39208075999395,25.571461848302643],[-103.39238830929091,25.571120418455514],[-103.39367756937202,25.57196721806529],[-103.39149081827698,25.576646327796446]]]}},{"type":"Feature","properties":{"CVEGEO":"0503500012024","pob_total":1436,"pob_2010":2006,"pob_fem":734,"pob_mas":702,"hog_total":373,"hog_2010":490,"viv_habitadas":373,"viv_2010":633,"viv_total":553,"viv_deshabitadas":117,"viv_temporal":63,"vph_1dor":80,"vph_2mas_dor":290,"escolaridad":8.66,"pea":668,"solteros":337,"casados":628,"separados":208,"prom_hnv":2.39,"pob_0_14":324,"pob_15_24":272,"pob_25_59":631,"pob_60mas":209,"area_km2":0.4715,"crec_pct_pob":-0.2841,"crec_abs_hog":-117,"pct_pea":46.52,"pct_0_14":22.56,"pct_15_24":18.94,"pct_25_59":43.94,"pct_60mas":14.55,"crec_pct_hog":-23.88,"nse_ab":8,"nse_cmas":33,"nse_c":62,"nse_cmenos":60,"nse_dmas":63,"nse_d":121,"nse_e":22,"nse_predominante":"D"},"geometry":{"type":"Polygon","coordinates":[[[-103.34302243870084,25.535749095463302],[-103.33710518208213,25.53557853469065],[-103.33710005250956,25.535721714452855],[-103.33645174191564,25.535717443650846],[-103.33646254215782,25.534777504407472],[-103.33546354406089,25.53473370372284],[-103.33371740284772,25.528684054763165],[-103.33498845395431,25.52849816520119],[-103.33553615399157,25.527889684932887],[-103.33583708307688,25.52806304544022],[-103.33596574418596,25.528388446119767],[-103.33588665247245,25.52877905509147],[-103.33804661338152,25.52942084579228],[-103.33881021320738,25.527479025776017],[-103.3390595431512,25.527622055719785],[-103.34097577150685,25.527671575208675],[-103.34116448142431,25.529240304820053],[-103.34092997285427,25.53137080563979],[-103.33899449237121,25.53258090546111],[-103.33934980174216,25.533816394882496],[-103.33931525269541,25.534784914776477],[-103.34300098111486,25.53482215456135],[-103.34302243870084,25.535749095463302]]]}},{"type":"Feature","properties":{"CVEGEO":"050350001443A","pob_total":8438,"pob_2010":304,"pob_fem":4351,"pob_mas":4087,"hog_total":2516,"hog_2010":80,"viv_habitadas":2516,"viv_2010":122,"viv_total":3289,"viv_deshabitadas":467,"viv_temporal":306,"vph_1dor":410,"vph_2mas_dor":2104,"escolaridad":14.54,"pea":4291,"solteros":1885,"casados":4051,"separados":349,"prom_hnv":1.41,"pob_0_14":2547,"pob_15_24":1094,"pob_25_59":4503,"pob_60mas":294,"area_km2":1.3756,"crec_pct_pob":26.7566,"crec_abs_hog":2436,"pct_pea":50.85,"pct_0_14":30.18,"pct_15_24":12.97,"pct_25_59":53.37,"pct_60mas":3.48,"crec_pct_hog":3045.0,"nse_ab":807,"nse_cmas":1083,"nse_c":374,"nse_cmenos":138,"nse_dmas":58,"nse_d":39,"nse_e":null,"nse_predominante":"C+"},"geometry":{"type":"Polygon","coordinates":[[[-103.33897557270525,25.546010562996226],[-103.33927657290425,25.537920103114608],[-103.34111146249491,25.537943204437255],[-103.34090674204177,25.53573948384419],[-103.34302243870084,25.535749095463302],[-103.34300098111486,25.53482215456135],[-103.35319136818548,25.534882993779682],[-103.35302119923416,25.542255513517215],[-103.35178868838015,25.542323472819966],[-103.34874903021314,25.543710223199753],[-103.3466399097518,25.543724332273573],[-103.34609286047329,25.54387837335866],[-103.34361754111804,25.545313023078197],[-103.33897557270525,25.546010562996226]]]}},{"type":"Feature","properties":{"CVEGEO":"0503500013535","pob_total":1601,"pob_2010":1685,"pob_fem":764,"pob_mas":837,"hog_total":310,"hog_2010":449,"viv_habitadas":315,"viv_2010":590,"viv_total":393,"viv_deshabitadas":57,"viv_temporal":21,"vph_1dor":55,"vph_2mas_dor":255,"escolaridad":11.86,"pea":622,"solteros":503,"casados":687,"separados":110,"prom_hnv":1.67,"pob_0_14":392,"pob_15_24":366,"pob_25_59":767,"pob_60mas":76,"area_km2":1.4909,"crec_pct_pob":-0.0499,"crec_abs_hog":-139,"pct_pea":38.85,"pct_0_14":24.48,"pct_15_24":22.86,"pct_25_59":47.91,"pct_60mas":4.75,"crec_pct_hog":-30.96,"nse_ab":47,"nse_cmas":66,"nse_c":63,"nse_cmenos":59,"nse_dmas":39,"nse_d":39,"nse_e":null,"nse_predominante":"C+"},"geometry":{"type":"Polygon","coordinates":[[[-103.35850957822117,25.534913284341727],[-103.33931525269541,25.534784914776477],[-103.33934980174216,25.533816394882496],[-103.33899449237121,25.53258090546111],[-103.34092997285427,25.53137080563979],[-103.34116448142431,25.529240304820053],[-103.34097577150685,25.527671575208675],[-103.340712551399,25.527677875657975],[-103.3406854124848,25.527404718859664],[-103.35848964846849,25.52744527612294],[-103.35850957822117,25.534913284341727]]]}},{"type":"Feature","properties":{"CVEGEO":"0503500014270","pob_total":1677,"pob_2010":666,"pob_fem":845,"pob_mas":832,"hog_total":501,"hog_2010":172,"viv_habitadas":501,"viv_2010":367,"viv_total":633,"viv_deshabitadas":105,"viv_temporal":27,"vph_1dor":97,"vph_2mas_dor":404,"escolaridad":11.02,"pea":826,"solteros":322,"casados":745,"separados":127,"prom_hnv":1.93,"pob_0_14":566,"pob_15_24":212,"pob_25_59":819,"pob_60mas":80,"area_km2":0.1571,"crec_pct_pob":1.518,"crec_abs_hog":329,"pct_pea":49.25,"pct_0_14":33.75,"pct_15_24":12.64,"pct_25_59":48.84,"pct_60mas":4.77,"crec_pct_hog":191.28,"nse_ab":14,"nse_cmas":57,"nse_c":101,"nse_cmenos":112,"nse_dmas":90,"nse_d":123,"nse_e":3,"nse_predominante":"D"},"geometry":{"type":"Polygon","coordinates":[[[-103.33254854407173,25.548785481596973],[-103.33170415389536,25.546191851431306],[-103.33260732377968,25.545998472954203],[-103.33320791428379,25.54603777237256],[-103.33351305401787,25.54654479132153],[-103.33395621366108,25.548712450791886],[-103.33615546702858,25.548347642853265],[-103.33698454141535,25.551076280881713],[-103.33408283384809,25.551844450421704],[-103.33254854407173,25.548785481596973]]]}},{"type":"Feature","properties":{"CVEGEO":"0503500012236","pob_total":1025,"pob_2010":1116,"pob_fem":548,"pob_mas":477,"hog_total":284,"hog_2010":288,"viv_habitadas":284,"viv_2010":333,"viv_total":390,"viv_deshabitadas":83,"viv_temporal":23,"vph_1dor":119,"vph_2mas_dor":165,"escolaridad":7.85,"pea":476,"solteros":236,"casados":453,"separados":79,"prom_hnv":2.35,"pob_0_14":311,"pob_15_24":180,"pob_25_59":443,"pob_60mas":91,"area_km2":1.0166,"crec_pct_pob":-0.0815,"crec_abs_hog":-4,"pct_pea":46.44,"pct_0_14":30.34,"pct_15_24":17.56,"pct_25_59":43.22,"pct_60mas":8.88,"crec_pct_hog":-1.39,"nse_ab":null,"nse_cmas":11,"nse_c":26,"nse_cmenos":30,"nse_dmas":47,"nse_d":112,"nse_e":55,"nse_predominante":"D"},"geometry":{"type":"Polygon","coordinates":[[[-103.46210889531932,25.527009408485213],[-103.46136338464694,25.526492597985712],[-103.46146394500904,25.52598314850802],[-103.46129514407329,25.525806379193728],[-103.46071335414568,25.52632224875959],[-103.46039368437914,25.526122517969167],[-103.46000146571124,25.52617125863514],[-103.4601600043907,25.52592514898646],[-103.45778023555812,25.523500008919637],[-103.45958400593267,25.523212449467405],[-103.46125431528179,25.52200601036852],[-103.46145062436875,25.521601509684828],[-103.46139708386193,25.520947149122936],[-103.46221914416236,25.520150508789975],[-103.46244206395427,25.520702830415587],[-103.46240042469785,25.52176764963826],[-103.46256871355978,25.521658489586763],[-103.46842234377918,25.51129380190883],[-103.46951652020208,25.512371811654845],[-103.46946575367193,25.512067395138416],[-103.46981182776587,25.512036953548172],[-103.46990315747013,25.512489255480887],[-103.47030576118128,25.512444953841584],[-103.47023656826606,25.512012613820712],[-103.47070435959324,25.511951601054715],[-103.4710031718878,25.513541478742365],[-103.47092133490827,25.513755830124353],[-103.47192386867573,25.514743506658174],[-103.47173471365826,25.514841407221937],[-103.4721057809287,25.515372862594884],[-103.47114091173158,25.516414341580777],[-103.47097445362759,25.516794970924785],[-103.47088968313135,25.51760445999838],[-103.4712557231183,25.51831124989263],[-103.47099925313898,25.518430150250197],[-103.47107308164308,25.518832149945986],[-103.47085834238763,25.519538680571454],[-103.47048805265861,25.51968178028837],[-103.46983334200249,25.520531509795234],[-103.46926923206976,25.520915060738744],[-103.46953646358209,25.521503680458892],[-103.46938686206589,25.521773649563734],[-103.4688522625611,25.521734430186743],[-103.46904825331087,25.522204309505785],[-103.46894725391039,25.52243905933858],[-103.46860875369693,25.5226755189294],[-103.46801168374303,25.52245330880492],[-103.46789217313017,25.52269214866531],[-103.46789665280544,25.52353311932907],[-103.4675072328639,25.524001889740454],[-103.46783317329322,25.524447688827355],[-103.46770348257873,25.52538000830293],[-103.46712577413996,25.526046568163917],[-103.46691009303127,25.52685554805128],[-103.466682714,25.527051449254994],[-103.46609454311637,25.527070048494295],[-103.46569577332387,25.527009908110294],[-103.4655705432781,25.526779318241683],[-103.46555988439745,25.526058937998663],[-103.46611383324712,25.524885598962953],[-103.46590274378441,25.524638749429176],[-103.46617097285785,25.524365909565397],[-103.4648211239478,25.524639979786432],[-103.4646337739248,25.523773690061915],[-103.4647282642555,25.523032540072954],[-103.46512795436884,25.522556999062967],[-103.46490589446341,25.522286088818365],[-103.46469069358062,25.522284119039806],[-103.46391103347204,25.523247949131147],[-103.46347192395562,25.523301719383383],[-103.46338149340787,25.523470179196057],[-103.4635842835256,25.523657058480563],[-103.46344937420922,25.523949478485743],[-103.46351038395942,25.524348488911603],[-103.4638704846307,25.524833149752165],[-103.46401722426438,25.52535356955917],[-103.46397075336381,25.52577907810956],[-103.4636028049015,25.52616705827425],[-103.46355286360048,25.526431538638953],[-103.4640502846723,25.526577719540104],[-103.46400745347876,25.5268246881086],[-103.46250362426078,25.5276404582976],[-103.46210889531932,25.527009408485213]]]}},{"type":"Feature","properties":{"CVEGEO":"0503500014552","pob_total":2901,"pob_2010":0,"pob_fem":1422,"pob_mas":1479,"hog_total":822,"hog_2010":0,"viv_habitadas":822,"viv_2010":0,"viv_total":1142,"viv_deshabitadas":250,"viv_temporal":70,"vph_1dor":182,"vph_2mas_dor":640,"escolaridad":9.69,"pea":1370,"solteros":477,"casados":1304,"separados":201,"prom_hnv":1.92,"pob_0_14":1095,"pob_15_24":423,"pob_25_59":1317,"pob_60mas":66,"area_km2":0.4101,"crec_pct_pob":null,"crec_abs_hog":822,"pct_pea":47.23,"pct_0_14":37.75,"pct_15_24":14.58,"pct_25_59":45.4,"pct_60mas":2.28,"crec_pct_hog":0.0,"nse_ab":15,"nse_cmas":51,"nse_c":117,"nse_cmenos":160,"nse_dmas":193,"nse_d":275,"nse_e":10,"nse_predominante":"D"},"geometry":{"type":"Polygon","coordinates":[[[-103.36015980682772,25.586551834522435],[-103.35389905756412,25.581000646486476],[-103.35664717691995,25.579660075316266],[-103.35696984619788,25.58020712580405],[-103.36168800533585,25.5781833862541],[-103.36197624638216,25.578982978962443],[-103.36133787626088,25.585310565489173],[-103.36154753627254,25.587533793329698],[-103.36015980682772,25.586551834522435]]]}},{"type":"Feature","properties":{"CVEGEO":"0503500013925","pob_total":1594,"pob_2010":1103,"pob_fem":826,"pob_mas":768,"hog_total":489,"hog_2010":337,"viv_habitadas":489,"viv_2010":456,"viv_total":584,"viv_deshabitadas":66,"viv_temporal":29,"vph_1dor":85,"vph_2mas_dor":404,"escolaridad":14.9,"pea":839,"solteros":452,"casados":741,"separados":97,"prom_hnv":1.42,"pob_0_14":396,"pob_15_24":247,"pob_25_59":841,"pob_60mas":110,"area_km2":0.2521,"crec_pct_pob":0.4451,"crec_abs_hog":152,"pct_pea":52.63,"pct_0_14":24.84,"pct_15_24":15.5,"pct_25_59":52.76,"pct_60mas":6.9,"crec_pct_hog":45.1,"nse_ab":252,"nse_cmas":153,"nse_c":53,"nse_cmenos":14,"nse_dmas":12,"nse_d":3,"nse_e":null,"nse_predominante":"A/B"},"geometry":{"type":"Polygon","coordinates":[[[-103.37433020312031,25.58028653624119],[-103.37421188269965,25.577437217672582],[-103.37386211253425,25.57502736747165],[-103.37399542414369,25.57445593681369],[-103.37876636153385,25.575804356754773],[-103.37861882738954,25.57628426482387],[-103.37909019122071,25.576426336626028],[-103.37917214121511,25.577697597558156],[-103.37836951250014,25.577727246048575],[-103.37709347246151,25.577162727058806],[-103.37687679353299,25.577142647698295],[-103.37673219162689,25.577388236298567],[-103.37714239327093,25.577634957152917],[-103.37727388150786,25.57995655579972],[-103.3770701032497,25.58009263647288],[-103.3777960527526,25.580826636537473],[-103.37800330299768,25.581789706160638],[-103.37754307152031,25.581779695996946],[-103.37518685382081,25.580870795937578],[-103.37433020312031,25.58028653624119]]]}},{"type":"Feature","properties":{"CVEGEO":"0503501800545","pob_total":1604,"pob_2010":1897,"pob_fem":801,"pob_mas":803,"hog_total":443,"hog_2010":477,"viv_habitadas":443,"viv_2010":548,"viv_total":537,"viv_deshabitadas":61,"viv_temporal":33,"vph_1dor":127,"vph_2mas_dor":316,"escolaridad":8.84,"pea":715,"solteros":405,"casados":698,"separados":194,"prom_hnv":2.41,"pob_0_14":376,"pob_15_24":257,"pob_25_59":699,"pob_60mas":272,"area_km2":0.2623,"crec_pct_pob":-0.1545,"crec_abs_hog":-34,"pct_pea":44.58,"pct_0_14":23.44,"pct_15_24":16.02,"pct_25_59":43.58,"pct_60mas":16.96,"crec_pct_hog":-7.13,"nse_ab":10,"nse_cmas":35,"nse_c":51,"nse_cmenos":64,"nse_dmas":66,"nse_d":159,"nse_e":58,"nse_predominante":"D"},"geometry":{"type":"Polygon","coordinates":[[[-103.35582665597511,25.593209066195104],[-103.35427362801478,25.592942692946604],[-103.35429580803344,25.592130903405778],[-103.35355337830595,25.59158956349829],[-103.35361856349908,25.59044973375636],[-103.3543603781288,25.590330263764233],[-103.35362962803364,25.5897639031972],[-103.35381439830249,25.589504103566195],[-103.35456185755031,25.590045063407477],[-103.35468093786297,25.589726033144764],[-103.35482677730805,25.58975478291487],[-103.35462164799108,25.59053273318039],[-103.35918384679023,25.593955703010522],[-103.35992271656491,25.594327043888455],[-103.36125927569063,25.59457895284604],[-103.36091734618158,25.59591779227644],[-103.36115314603914,25.596046592203205],[-103.36002479676175,25.596515042614957],[-103.35516542779078,25.59682590233566],[-103.35582665597511,25.593209066195104]]]}},{"type":"Feature","properties":{"CVEGEO":"0503500014567","pob_total":682,"pob_2010":0,"pob_fem":352,"pob_mas":330,"hog_total":195,"hog_2010":0,"viv_habitadas":195,"viv_2010":0,"viv_total":226,"viv_deshabitadas":27,"viv_temporal":4,"vph_1dor":38,"vph_2mas_dor":157,"escolaridad":15.17,"pea":328,"solteros":149,"casados":332,"separados":25,"prom_hnv":1.45,"pob_0_14":203,"pob_15_24":96,"pob_25_59":358,"pob_60mas":25,"area_km2":0.1275,"crec_pct_pob":null,"crec_abs_hog":195,"pct_pea":48.09,"pct_0_14":29.77,"pct_15_24":14.08,"pct_25_59":52.49,"pct_60mas":3.67,"crec_pct_hog":0.0,"nse_ab":124,"nse_cmas":52,"nse_c":12,"nse_cmenos":6,"nse_dmas":null,"nse_d":0,"nse_e":0,"nse_predominante":"A/B"},"geometry":{"type":"Polygon","coordinates":[[[-103.37448360238552,25.58342456629508],[-103.3744592035285,25.582278016209806],[-103.37359277280764,25.581675935738744],[-103.37318574401401,25.58097146579005],[-103.37441808242657,25.581111066653595],[-103.37433020312031,25.58028653624119],[-103.37518685382081,25.580870795937578],[-103.37787722141418,25.5818217057827],[-103.37788351188917,25.582054835167938],[-103.37814382242901,25.582147096586837],[-103.37809396233814,25.584513264987336],[-103.37735884126307,25.58456249500517],[-103.37483142226571,25.5836645250044],[-103.37448360238552,25.58342456629508]]]}},{"type":"Feature","properties":{"CVEGEO":"0503500014656","pob_total":1709,"pob_2010":0,"pob_fem":853,"pob_mas":856,"hog_total":539,"hog_2010":0,"viv_habitadas":539,"viv_2010":0,"viv_total":860,"viv_deshabitadas":285,"viv_temporal":36,"vph_1dor":167,"vph_2mas_dor":372,"escolaridad":11.42,"pea":810,"solteros":310,"casados":769,"separados":123,"prom_hnv":1.84,"pob_0_14":600,"pob_15_24":228,"pob_25_59":828,"pob_60mas":53,"area_km2":0.2527,"crec_pct_pob":null,"crec_abs_hog":539,"pct_pea":47.4,"pct_0_14":35.11,"pct_15_24":13.34,"pct_25_59":48.45,"pct_60mas":3.1,"crec_pct_hog":0.0,"nse_ab":22,"nse_cmas":87,"nse_c":89,"nse_cmenos":108,"nse_dmas":75,"nse_d":146,"nse_e":10,"nse_predominante":"D"},"geometry":{"type":"Polygon","coordinates":[[[-103.3430047808116,25.553936110090696],[-103.34307970303834,25.550165078832837],[-103.34300414736279,25.5499822393224],[-103.34264215123541,25.549856172287054],[-103.34276858076278,25.545476053193976],[-103.34307865119337,25.545304162528986],[-103.34361754111804,25.545313023078197],[-103.34560617112938,25.546765191680613],[-103.34574592015512,25.553964661243477],[-103.3430047808116,25.553936110090696]]]}},{"type":"Feature","properties":{"CVEGEO":"0503500013893","pob_total":2193,"pob_2010":1919,"pob_fem":1171,"pob_mas":1022,"hog_total":642,"hog_2010":484,"viv_habitadas":642,"viv_2010":913,"viv_total":906,"viv_deshabitadas":228,"viv_temporal":36,"vph_1dor":110,"vph_2mas_dor":532,"escolaridad":9.72,"pea":1028,"solteros":483,"casados":893,"separados":197,"prom_hnv":1.88,"pob_0_14":750,"pob_15_24":417,"pob_25_59":962,"pob_60mas":64,"area_km2":0.0939,"crec_pct_pob":0.1428,"crec_abs_hog":158,"pct_pea":46.88,"pct_0_14":34.2,"pct_15_24":19.02,"pct_25_59":43.87,"pct_60mas":2.92,"crec_pct_hog":32.64,"nse_ab":11,"nse_cmas":21,"nse_c":84,"nse_cmenos":113,"nse_dmas":129,"nse_d":240,"nse_e":42,"nse_predominante":"D"},"geometry":{"type":"Polygon","coordinates":[[[-103.3735630497861,25.569608758856297],[-103.37684657195767,25.567944479345513],[-103.37697474285808,25.571228437337165],[-103.37379704299472,25.57132118778572],[-103.3735630497861,25.569608758856297]]]}},{"type":"Feature","properties":{"CVEGEO":"0503500010564","pob_total":3114,"pob_2010":3145,"pob_fem":1627,"pob_mas":1487,"hog_total":818,"hog_2010":780,"viv_habitadas":818,"viv_2010":990,"viv_total":1066,"viv_deshabitadas":189,"viv_temporal":59,"vph_1dor":171,"vph_2mas_dor":646,"escolaridad":9.32,"pea":1319,"solteros":808,"casados":1345,"separados":325,"prom_hnv":2.24,"pob_0_14":808,"pob_15_24":553,"pob_25_59":1335,"pob_60mas":418,"area_km2":0.4924,"crec_pct_pob":-0.0099,"crec_abs_hog":38,"pct_pea":42.36,"pct_0_14":25.95,"pct_15_24":17.76,"pct_25_59":42.87,"pct_60mas":13.42,"crec_pct_hog":4.87,"nse_ab":40,"nse_cmas":84,"nse_c":128,"nse_cmenos":136,"nse_dmas":146,"nse_d":242,"nse_e":38,"nse_predominante":"D"},"geometry":{"type":"Polygon","coordinates":[[[-103.32959423419396,25.54807894101673],[-103.32953734366686,25.547716961162468],[-103.32710083429397,25.54808224119582],[-103.32704225455494,25.54625337244527],[-103.32623723589545,25.546281451510357],[-103.3267172938766,25.545453881795314],[-103.32815883423234,25.545425621606675],[-103.32814217508246,25.544344763097925],[-103.32977818515275,25.54433460194428],[-103.32979217323289,25.545714732344184],[-103.3293108140067,25.54577456273075],[-103.32927063435189,25.5462823922737],[-103.33141445428939,25.545662802981546],[-103.33125380343716,25.544290511455596],[-103.33254481263819,25.54415971205907],[-103.33255975321444,25.543296303045757],[-103.33429275394961,25.54314319234037],[-103.33436292359971,25.542600052436978],[-103.3351830632983,25.542552272887097],[-103.33507123365258,25.540907822587158],[-103.33917508299456,25.540726072773044],[-103.33897557270525,25.546010562996226],[-103.33599220177814,25.546240241560305],[-103.33598401296123,25.54691102114537],[-103.3354009122788,25.546882451731502],[-103.33542031364827,25.547110882087505],[-103.3337264041901,25.547105762499257],[-103.33375929255399,25.546186051664648],[-103.33320791428379,25.54603777237256],[-103.33260732377968,25.545998472954203],[-103.33170415389536,25.546191851431306],[-103.33129405302915,25.546292932667647],[-103.33085666379661,25.546720021249826],[-103.33055143333338,25.547606602416632],[-103.33001892377685,25.5477568816687],[-103.32992797347394,25.548075901572084],[-103.32959423419396,25.54807894101673]]]}},{"type":"Feature","properties":{"CVEGEO":"0503500013573","pob_total":7936,"pob_2010":3455,"pob_fem":4031,"pob_mas":3905,"hog_total":2336,"hog_2010":968,"viv_habitadas":2336,"viv_2010":1895,"viv_total":2892,"viv_deshabitadas":453,"viv_temporal":103,"vph_1dor":447,"vph_2mas_dor":1888,"escolaridad":11.23,"pea":3972,"solteros":2051,"casados":3376,"separados":552,"prom_hnv":1.77,"pob_0_14":2442,"pob_15_24":1348,"pob_25_59":3812,"pob_60mas":334,"area_km2":1.4941,"crec_pct_pob":1.297,"crec_abs_hog":1368,"pct_pea":50.05,"pct_0_14":30.77,"pct_15_24":16.99,"pct_25_59":48.03,"pct_60mas":4.21,"crec_pct_hog":141.32,"nse_ab":142,"nse_cmas":367,"nse_c":419,"nse_cmenos":431,"nse_dmas":442,"nse_d":511,"nse_e":19,"nse_predominante":"D"},"geometry":{"type":"Polygon","coordinates":[[[-103.32977818515275,25.54433460194428],[-103.3297031835068,25.543077313270786],[-103.32640006549995,25.543100801939513],[-103.32591377430191,25.540147113027125],[-103.32622017573357,25.539810943197157],[-103.32584694451032,25.539531653963117],[-103.3251553149499,25.53505888456202],[-103.32513185638548,25.534707074051816],[-103.32869781436867,25.534707284608448],[-103.3287051849469,25.528357346206988],[-103.32831578546343,25.525707776613686],[-103.32831346516167,25.524475504653715],[-103.33255069327363,25.525007116165234],[-103.33546354406089,25.53473370372284],[-103.3348665439619,25.534743874277154],[-103.33494166271257,25.53926585314662],[-103.3351830632983,25.542552272887097],[-103.33436292359971,25.542600052436978],[-103.33429275394961,25.54314319234037],[-103.33255975321444,25.543296303045757],[-103.33254481263819,25.54415971205907],[-103.32977818515275,25.54433460194428]]]}},{"type":"Feature","properties":{"CVEGEO":"0503500013836","pob_total":3338,"pob_2010":2314,"pob_fem":1722,"pob_mas":1616,"hog_total":979,"hog_2010":643,"viv_habitadas":979,"viv_2010":1050,"viv_total":1201,"viv_deshabitadas":165,"viv_temporal":57,"vph_1dor":140,"vph_2mas_dor":839,"escolaridad":12.8,"pea":1648,"solteros":888,"casados":1471,"separados":212,"prom_hnv":1.6,"pob_0_14":966,"pob_15_24":558,"pob_25_59":1659,"pob_60mas":155,"area_km2":0.3582,"crec_pct_pob":0.4425,"crec_abs_hog":336,"pct_pea":49.37,"pct_0_14":28.94,"pct_15_24":16.72,"pct_25_59":49.7,"pct_60mas":4.64,"crec_pct_hog":52.26,"nse_ab":192,"nse_cmas":300,"nse_c":165,"nse_cmenos":140,"nse_dmas":77,"nse_d":92,"nse_e":8,"nse_predominante":"C+"},"geometry":{"type":"Polygon","coordinates":[[[-103.35417658010998,25.51353424818368],[-103.35300758038653,25.511545919000802],[-103.35610394994953,25.510216380350325],[-103.35623813991282,25.506945709793534],[-103.35615504893622,25.505007830358213],[-103.35588957904643,25.504741920705175],[-103.35642351969915,25.504828800403324],[-103.35792779232334,25.507881566378636],[-103.35776149492959,25.507966292466314],[-103.35769443914778,25.508639262620243],[-103.35841059021013,25.508634420278348],[-103.35894069301916,25.509573429689294],[-103.36079330304914,25.508739038961643],[-103.36234830661901,25.51156568877296],[-103.36166044844633,25.512136609546666],[-103.3561511788495,25.51326868963884],[-103.35417658010998,25.51353424818368]]]}},{"type":"Feature","properties":{"CVEGEO":"0503500014389","pob_total":2355,"pob_2010":212,"pob_fem":1213,"pob_mas":1142,"hog_total":707,"hog_2010":71,"viv_habitadas":707,"viv_2010":340,"viv_total":1091,"viv_deshabitadas":301,"viv_temporal":83,"vph_1dor":183,"vph_2mas_dor":524,"escolaridad":13.24,"pea":1219,"solteros":434,"casados":1115,"separados":117,"prom_hnv":1.49,"pob_0_14":809,"pob_15_24":293,"pob_25_59":1208,"pob_60mas":45,"area_km2":1.1924,"crec_pct_pob":10.1085,"crec_abs_hog":636,"pct_pea":51.76,"pct_0_14":34.35,"pct_15_24":12.44,"pct_25_59":51.3,"pct_60mas":1.91,"crec_pct_hog":895.77,"nse_ab":123,"nse_cmas":236,"nse_c":127,"nse_cmenos":98,"nse_dmas":58,"nse_d":64,"nse_e":null,"nse_predominante":"C+"},"geometry":{"type":"Polygon","coordinates":[[[-103.35642351969915,25.504828800403324],[-103.35304377896092,25.504344951223956],[-103.34959253981637,25.50210171180971],[-103.34974241084177,25.501892741218196],[-103.3499694005546,25.502075210145225],[-103.35213142903629,25.500588919123018],[-103.35356869533442,25.499859629846135],[-103.35372757017312,25.50009011081221],[-103.36622999770627,25.500025540971347],[-103.36594657694201,25.508439739235712],[-103.36455007776289,25.508488249496],[-103.36394959662482,25.508707509185907],[-103.36332665699737,25.509199809851246],[-103.36234830661901,25.51156568877296],[-103.36079330304914,25.508739038961643],[-103.35894069301916,25.509573429689294],[-103.35841059021013,25.508634420278348],[-103.35769443914778,25.508639262620243],[-103.35776149492959,25.507966292466314],[-103.35792779232334,25.507881566378636],[-103.35642351969915,25.504828800403324]]]}},{"type":"Feature","properties":{"CVEGEO":"0503500014181","pob_total":4645,"pob_2010":1977,"pob_fem":2308,"pob_mas":2337,"hog_total":1322,"hog_2010":554,"viv_habitadas":1322,"viv_2010":1304,"viv_total":1614,"viv_deshabitadas":251,"viv_temporal":41,"vph_1dor":344,"vph_2mas_dor":978,"escolaridad":9.9,"pea":2226,"solteros":976,"casados":1978,"separados":356,"prom_hnv":1.89,"pob_0_14":1629,"pob_15_24":764,"pob_25_59":2111,"pob_60mas":141,"area_km2":0.2775,"crec_pct_pob":1.3495,"crec_abs_hog":768,"pct_pea":47.92,"pct_0_14":35.07,"pct_15_24":16.45,"pct_25_59":45.45,"pct_60mas":3.04,"crec_pct_hog":138.63,"nse_ab":18,"nse_cmas":79,"nse_c":174,"nse_cmenos":263,"nse_dmas":282,"nse_d":450,"nse_e":54,"nse_predominante":"D"},"geometry":{"type":"Polygon","coordinates":[[[-103.34729011118404,25.509549778646264],[-103.3463435820217,25.50766543004473],[-103.34622346109538,25.507718169381583],[-103.34430009277462,25.504133199520872],[-103.34472246198683,25.50389328098107],[-103.34446851155488,25.50290688935688],[-103.34529134092362,25.50238894114335],[-103.34624762433748,25.504491395638166],[-103.34849559486433,25.503491096862376],[-103.34860066573529,25.50314920067462],[-103.34943759007379,25.50222137284448],[-103.34961142034469,25.502352001156304],[-103.34888034674412,25.503265443491657],[-103.35042728013012,25.506134507330387],[-103.35008860099819,25.506285520855233],[-103.35095500086935,25.507909029453423],[-103.34729011118404,25.509549778646264]]]}},{"type":"Feature","properties":{"CVEGEO":"0503500014707","pob_total":633,"pob_2010":0,"pob_fem":325,"pob_mas":308,"hog_total":193,"hog_2010":0,"viv_habitadas":193,"viv_2010":0,"viv_total":720,"viv_deshabitadas":514,"viv_temporal":13,"vph_1dor":30,"vph_2mas_dor":163,"escolaridad":12.17,"pea":307,"solteros":102,"casados":309,"separados":16,"prom_hnv":1.47,"pob_0_14":224,"pob_15_24":117,"pob_25_59":285,"pob_60mas":7,"area_km2":0.1975,"crec_pct_pob":null,"crec_abs_hog":193,"pct_pea":48.5,"pct_0_14":35.39,"pct_15_24":18.48,"pct_25_59":45.02,"pct_60mas":1.11,"crec_pct_hog":0.0,"nse_ab":11,"nse_cmas":35,"nse_c":57,"nse_cmenos":29,"nse_dmas":29,"nse_d":30,"nse_e":null,"nse_predominante":"C"},"geometry":{"type":"Polygon","coordinates":[[[-103.34778505188574,25.500777250482628],[-103.34364934774467,25.503419373526185],[-103.34336503239369,25.50340484795483],[-103.34298415846625,25.502969095248154],[-103.34241016719243,25.498451680883235],[-103.3430860829138,25.49815148158834],[-103.34525867131943,25.49783191388491],[-103.34647894562295,25.49996792573437],[-103.34778505188574,25.500777250482628]]]}},{"type":"Feature","properties":{"CVEGEO":"0503500014139","pob_total":4314,"pob_2010":1929,"pob_fem":2211,"pob_mas":2103,"hog_total":1440,"hog_2010":564,"viv_habitadas":1440,"viv_2010":1055,"viv_total":1588,"viv_deshabitadas":127,"viv_temporal":21,"vph_1dor":338,"vph_2mas_dor":1097,"escolaridad":15.27,"pea":2210,"solteros":1067,"casados":1977,"separados":276,"prom_hnv":1.36,"pob_0_14":1173,"pob_15_24":561,"pob_25_59":2348,"pob_60mas":232,"area_km2":0.5821,"crec_pct_pob":1.2364,"crec_abs_hog":876,"pct_pea":51.23,"pct_0_14":27.19,"pct_15_24":13.0,"pct_25_59":54.43,"pct_60mas":5.38,"crec_pct_hog":155.32,"nse_ab":600,"nse_cmas":510,"nse_c":194,"nse_cmenos":84,"nse_dmas":22,"nse_d":8,"nse_e":0,"nse_predominante":"A/B"},"geometry":{"type":"Polygon","coordinates":[[[-103.3735670329708,25.623265833351187],[-103.37365925184811,25.62321503348189],[-103.37344786875342,25.62286072887552],[-103.37427899455298,25.62218695889953],[-103.37453512791878,25.62206620662347],[-103.37491018407262,25.622327455078235],[-103.37384956283007,25.620157241043298],[-103.37444367027445,25.61972090766934],[-103.37491395894448,25.61956651729345],[-103.37506174162058,25.61973822910362],[-103.38254350102488,25.614181498650485],[-103.38467201209151,25.616606518855544],[-103.38235190069162,25.619370907950493],[-103.37584305084157,25.62419546738642],[-103.37703959446495,25.626409702987882],[-103.37550154079044,25.627086916813212],[-103.3735670329708,25.623265833351187]]]}},{"type":"Feature","properties":{"CVEGEO":"0503500014571","pob_total":482,"pob_2010":0,"pob_fem":235,"pob_mas":247,"hog_total":137,"hog_2010":0,"viv_habitadas":138,"viv_2010":0,"viv_total":172,"viv_deshabitadas":33,"viv_temporal":0,"vph_1dor":24,"vph_2mas_dor":113,"escolaridad":14.74,"pea":231,"solteros":137,"casados":226,"separados":12,"prom_hnv":1.45,"pob_0_14":136,"pob_15_24":81,"pob_25_59":246,"pob_60mas":19,"area_km2":1.8781,"crec_pct_pob":null,"crec_abs_hog":137,"pct_pea":47.93,"pct_0_14":28.22,"pct_15_24":16.8,"pct_25_59":51.04,"pct_60mas":3.94,"crec_pct_hog":0.0,"nse_ab":66,"nse_cmas":52,"nse_c":9,"nse_cmenos":5,"nse_dmas":null,"nse_d":null,"nse_e":0,"nse_predominante":"A/B"},"geometry":{"type":"Polygon","coordinates":[[[-103.37973964076373,25.631783355643705],[-103.37597054207112,25.624445897669172],[-103.37763144131374,25.624441916983642],[-103.37800599017032,25.625091327409848],[-103.38097019999539,25.62518538848071],[-103.38143167032581,25.625882657509376],[-103.38251990008995,25.625922086702612],[-103.38271361919531,25.6245870582057],[-103.38241793922835,25.624563428296266],[-103.38261676070782,25.623186128316178],[-103.38193016946245,25.6231446085738],[-103.38209188055278,25.621861547566922],[-103.37909030144299,25.62184603895507],[-103.38235190069162,25.619370907950493],[-103.38635841933878,25.614566500752648],[-103.38752310926675,25.615410230654685],[-103.38809306908256,25.614563159571603],[-103.38955272806471,25.615612089927858],[-103.39038270827085,25.6146521798177],[-103.3914233975811,25.61663300930199],[-103.39249433730883,25.618081919964812],[-103.39303527859666,25.618336358832174],[-103.39255872714443,25.618872148706256],[-103.39293403854013,25.619852659421436],[-103.39275770719759,25.619844319583077],[-103.39249799689614,25.620806579118476],[-103.38989981904638,25.631188255437312],[-103.38817093904983,25.6311934967533],[-103.38459587909541,25.63088165583789],[-103.38279884068072,25.631291236201974],[-103.38125518955556,25.630187157269358],[-103.37973964076373,25.631783355643705]]]}},{"type":"Feature","properties":{"CVEGEO":"0503500012255","pob_total":2116,"pob_2010":2273,"pob_fem":1090,"pob_mas":1026,"hog_total":554,"hog_2010":546,"viv_habitadas":554,"viv_2010":610,"viv_total":631,"viv_deshabitadas":58,"viv_temporal":19,"vph_1dor":159,"vph_2mas_dor":392,"escolaridad":9.07,"pea":961,"solteros":560,"casados":920,"separados":222,"prom_hnv":2.3,"pob_0_14":522,"pob_15_24":377,"pob_25_59":946,"pob_60mas":271,"area_km2":1.0148,"crec_pct_pob":-0.0691,"crec_abs_hog":8,"pct_pea":45.42,"pct_0_14":24.67,"pct_15_24":17.82,"pct_25_59":44.71,"pct_60mas":12.81,"crec_pct_hog":1.47,"nse_ab":26,"nse_cmas":46,"nse_c":80,"nse_cmenos":85,"nse_dmas":81,"nse_d":180,"nse_e":49,"nse_predominante":"D"},"geometry":{"type":"Polygon","coordinates":[[[-103.40933972463864,25.61428719127238],[-103.40774135416787,25.610816781666262],[-103.4077267044229,25.60862523233551],[-103.40813601549475,25.608006842333193],[-103.40966978405996,25.606774322416282],[-103.40999855367447,25.60590244155742],[-103.40877963479257,25.60318195224344],[-103.40885238444127,25.602411072625817],[-103.40773469556108,25.597766363171708],[-103.41121195363101,25.59801023276574],[-103.41203101324926,25.598213503246765],[-103.41241955310119,25.598872443301076],[-103.4124807934591,25.59942506385624],[-103.41465275389278,25.599190613280438],[-103.41600566398031,25.59883403279354],[-103.41637687227073,25.60128912247998],[-103.41624619282356,25.60172707365731],[-103.41637626264264,25.60179855332082],[-103.41451496129905,25.604498285486056],[-103.41764887719874,25.605015041593482],[-103.41733993444416,25.606493603633343],[-103.41361007845742,25.60586332194747],[-103.41312569365117,25.606631091623694],[-103.41240399361766,25.607096013315996],[-103.41302198430725,25.607830390960473],[-103.41256418279374,25.610352291305986],[-103.41242507505666,25.61046835641017],[-103.41319353798944,25.611063040150583],[-103.4135849608639,25.612048437340533],[-103.41288820698203,25.612369889406388],[-103.41243495870182,25.61297273482361],[-103.41222508666203,25.61364587096352],[-103.41224235619968,25.614351086345657],[-103.4095594435743,25.614427180996675],[-103.40933972463864,25.61428719127238]]]}},{"type":"Feature","properties":{"CVEGEO":"0503500013982","pob_total":955,"pob_2010":353,"pob_fem":468,"pob_mas":487,"hog_total":284,"hog_2010":98,"viv_habitadas":284,"viv_2010":237,"viv_total":376,"viv_deshabitadas":82,"viv_temporal":10,"vph_1dor":44,"vph_2mas_dor":240,"escolaridad":13.94,"pea":507,"solteros":220,"casados":436,"separados":65,"prom_hnv":1.63,"pob_0_14":289,"pob_15_24":141,"pob_25_59":481,"pob_60mas":44,"area_km2":0.1933,"crec_pct_pob":1.7054,"crec_abs_hog":186,"pct_pea":53.09,"pct_0_14":30.26,"pct_15_24":14.76,"pct_25_59":50.37,"pct_60mas":4.61,"crec_pct_hog":189.8,"nse_ab":113,"nse_cmas":77,"nse_c":34,"nse_cmenos":21,"nse_dmas":16,"nse_d":20,"nse_e":0,"nse_predominante":"A/B"},"geometry":{"type":"Polygon","coordinates":[[[-103.35042728013012,25.506134507330387],[-103.34888034674412,25.503265443491657],[-103.34961142034469,25.502352001156304],[-103.34943759007379,25.50222137284448],[-103.34860066573529,25.50314920067462],[-103.34849559486433,25.503491096862376],[-103.34624762433748,25.504491395638166],[-103.34529134092362,25.50238894114335],[-103.34778505188574,25.500777250482628],[-103.35221779462674,25.503858047395827],[-103.35304377896092,25.504344951223956],[-103.35351209018167,25.504444309802377],[-103.35374154899979,25.50493318093803],[-103.35298100925834,25.50527065032257],[-103.35282492163638,25.504852386212303],[-103.35042728013012,25.506134507330387]]]}},{"type":"Feature","properties":{"CVEGEO":"0503500014143","pob_total":2143,"pob_2010":1379,"pob_fem":1096,"pob_mas":1047,"hog_total":652,"hog_2010":411,"viv_habitadas":652,"viv_2010":629,"viv_total":729,"viv_deshabitadas":62,"viv_temporal":15,"vph_1dor":112,"vph_2mas_dor":540,"escolaridad":15.54,"pea":1133,"solteros":538,"casados":1022,"separados":126,"prom_hnv":1.45,"pob_0_14":576,"pob_15_24":292,"pob_25_59":1134,"pob_60mas":141,"area_km2":0.3845,"crec_pct_pob":0.554,"crec_abs_hog":241,"pct_pea":52.87,"pct_0_14":26.88,"pct_15_24":13.63,"pct_25_59":52.92,"pct_60mas":6.58,"crec_pct_hog":58.64,"nse_ab":312,"nse_cmas":256,"nse_c":58,"nse_cmenos":20,"nse_dmas":null,"nse_d":null,"nse_e":0,"nse_predominante":"A/B"},"geometry":{"type":"Polygon","coordinates":[[[-103.39038270827085,25.6146521798177],[-103.38905370889185,25.61146763128712],[-103.38467201209151,25.616606518855544],[-103.38254350102488,25.614181498650485],[-103.38827499835088,25.609771871414306],[-103.39126641821146,25.607818072941363],[-103.391374818548,25.611140671229123],[-103.39029619862617,25.611301990413438],[-103.3907771279268,25.612453440577838],[-103.39198229801914,25.612129210385966],[-103.39225307770894,25.613683210369597],[-103.39137735734751,25.613901560309742],[-103.39268336783823,25.616771870356754],[-103.39341129808759,25.617763358754843],[-103.39303527859666,25.618336358832174],[-103.39249433730883,25.618081919964812],[-103.3914233975811,25.61663300930199],[-103.39038270827085,25.6146521798177]]]}},{"type":"Feature","properties":{"CVEGEO":"050350001393A","pob_total":3133,"pob_2010":1201,"pob_fem":1582,"pob_mas":1551,"hog_total":856,"hog_2010":273,"viv_habitadas":857,"viv_2010":415,"viv_total":949,"viv_deshabitadas":66,"viv_temporal":26,"vph_1dor":133,"vph_2mas_dor":723,"escolaridad":15.08,"pea":1448,"solteros":967,"casados":1496,"separados":165,"prom_hnv":1.59,"pob_0_14":650,"pob_15_24":596,"pob_25_59":1507,"pob_60mas":380,"area_km2":2.5587,"crec_pct_pob":1.6087,"crec_abs_hog":583,"pct_pea":46.22,"pct_0_14":20.75,"pct_15_24":19.02,"pct_25_59":48.1,"pct_60mas":12.13,"crec_pct_hog":213.55,"nse_ab":525,"nse_cmas":229,"nse_c":71,"nse_cmenos":19,"nse_dmas":3,"nse_d":3,"nse_e":0,"nse_predominante":"A/B"},"geometry":{"type":"Polygon","coordinates":[[[-103.38989981904638,25.631188255437312],[-103.39249799689614,25.620806579118476],[-103.39275770719759,25.619844319583077],[-103.39293403854013,25.619852659421436],[-103.39255872714443,25.618872148706256],[-103.39341129808759,25.617763358754843],[-103.393457996969,25.617941558962876],[-103.39833833588304,25.616309440572515],[-103.39890247706283,25.61279749958627],[-103.3995039061282,25.612257531436807],[-103.39985099727396,25.61205010038058],[-103.40329963495068,25.611228350066483],[-103.40664436551428,25.610605701361223],[-103.40772621409812,25.61014887123631],[-103.40774135416787,25.610816781666262],[-103.40933972463864,25.61428719127238],[-103.4095594435743,25.614427180996675],[-103.41157930277271,25.614273211408566],[-103.41182603331214,25.614372760097336],[-103.41192373290461,25.61459461117627],[-103.41170546450714,25.61544787053905],[-103.41271438364393,25.617791158466115],[-103.41028646379343,25.61880374922624],[-103.41003659479205,25.618505869651145],[-103.40611996501485,25.619623179098788],[-103.4066552644794,25.621214439801513],[-103.4072818901071,25.621113004007995],[-103.4077646859676,25.622730953263602],[-103.40647454394636,25.622917173541524],[-103.40680710541915,25.624120475983343],[-103.4008597010271,25.625123900851555],[-103.40153830014629,25.625909877396676],[-103.39964197946472,25.626635388820066],[-103.39868443068524,25.627590637747385],[-103.39669987892024,25.628959338020163],[-103.39476783238594,25.629860291707768],[-103.39463774628989,25.629550748973774],[-103.39217141783155,25.63065494732356],[-103.38989981904638,25.631188255437312]]]}},{"type":"Feature","properties":{"CVEGEO":"0503500012039","pob_total":2131,"pob_2010":2423,"pob_fem":1060,"pob_mas":1071,"hog_total":589,"hog_2010":577,"viv_habitadas":591,"viv_2010":714,"viv_total":732,"viv_deshabitadas":131,"viv_temporal":10,"vph_1dor":172,"vph_2mas_dor":417,"escolaridad":8.4,"pea":1059,"solteros":547,"casados":934,"separados":237,"prom_hnv":2.24,"pob_0_14":500,"pob_15_24":423,"pob_25_59":972,"pob_60mas":236,"area_km2":0.6302,"crec_pct_pob":-0.1205,"crec_abs_hog":12,"pct_pea":49.69,"pct_0_14":23.46,"pct_15_24":19.85,"pct_25_59":45.61,"pct_60mas":11.07,"crec_pct_hog":2.08,"nse_ab":14,"nse_cmas":50,"nse_c":66,"nse_cmenos":84,"nse_dmas":113,"nse_d":212,"nse_e":48,"nse_predominante":"D"},"geometry":{"type":"Polygon","coordinates":[[[-103.37865059271408,25.587864795338465],[-103.36914596342392,25.587686735547198],[-103.36916351344809,25.58609713580708],[-103.36949130463623,25.585840354509397],[-103.3695166741617,25.584587234822855],[-103.36863519417909,25.582504464998987],[-103.37050308355472,25.581601475660943],[-103.36879415878563,25.57974630196581],[-103.36924559363665,25.579379039601488],[-103.36957550603817,25.57974193864887],[-103.36972691186872,25.579640206666994],[-103.37080816761556,25.580937109838825],[-103.37094495941075,25.580850015125492],[-103.37103883634535,25.580939529427685],[-103.37092886758657,25.581007268370307],[-103.37125505359722,25.58115210563884],[-103.37149050400951,25.58100298609466],[-103.37254094395924,25.581947045701334],[-103.37448428572912,25.58308016716377],[-103.37448360238552,25.58342456629508],[-103.37483142226571,25.5836645250044],[-103.37735884126307,25.58456249500517],[-103.37899791277468,25.5845092763466],[-103.3790103323654,25.58433276628072],[-103.38030900135816,25.583752106439135],[-103.38033505062731,25.58429795644019],[-103.38004096113642,25.584329196295464],[-103.38014210164526,25.586281365816202],[-103.37967684092857,25.5863009658516],[-103.37967776234962,25.587094435140322],[-103.38533665081559,25.59010386392556],[-103.38517668125594,25.590435464491144],[-103.37865059271408,25.587864795338465]]]}},{"type":"Feature","properties":{"CVEGEO":"0503500010831","pob_total":1818,"pob_2010":447,"pob_fem":1006,"pob_mas":812,"hog_total":545,"hog_2010":135,"viv_habitadas":545,"viv_2010":239,"viv_total":638,"viv_deshabitadas":71,"viv_temporal":22,"vph_1dor":50,"vph_2mas_dor":495,"escolaridad":14.85,"pea":884,"solteros":511,"casados":815,"separados":121,"prom_hnv":1.4,"pob_0_14":485,"pob_15_24":271,"pob_25_59":955,"pob_60mas":107,"area_km2":0.4347,"crec_pct_pob":3.0671,"crec_abs_hog":410,"pct_pea":48.62,"pct_0_14":26.68,"pct_15_24":14.91,"pct_25_59":52.53,"pct_60mas":5.89,"crec_pct_hog":303.7,"nse_ab":217,"nse_cmas":212,"nse_c":67,"nse_cmenos":36,"nse_dmas":4,"nse_d":3,"nse_e":0,"nse_predominante":"A/B"},"geometry":{"type":"Polygon","coordinates":[[[-103.37408233473309,25.549772171359145],[-103.37107402373692,25.544858343698028],[-103.37853673376166,25.54500453312222],[-103.37982905261156,25.544495113439925],[-103.38124710276027,25.54448425370459],[-103.38115528292555,25.54637993366002],[-103.37971507358418,25.549718361602494],[-103.37408233473309,25.549772171359145]]]}},{"type":"Feature","properties":{"CVEGEO":"0503500010920","pob_total":2944,"pob_2010":3200,"pob_fem":1539,"pob_mas":1405,"hog_total":908,"hog_2010":874,"viv_habitadas":909,"viv_2010":1028,"viv_total":1021,"viv_deshabitadas":95,"viv_temporal":17,"vph_1dor":173,"vph_2mas_dor":735,"escolaridad":12.62,"pea":1504,"solteros":935,"casados":1248,"separados":325,"prom_hnv":1.72,"pob_0_14":542,"pob_15_24":564,"pob_25_59":1485,"pob_60mas":353,"area_km2":1.0815,"crec_pct_pob":-0.08,"crec_abs_hog":34,"pct_pea":51.09,"pct_0_14":18.41,"pct_15_24":19.16,"pct_25_59":50.44,"pct_60mas":11.99,"crec_pct_hog":3.89,"nse_ab":132,"nse_cmas":240,"nse_c":214,"nse_cmenos":142,"nse_dmas":83,"nse_d":94,"nse_e":3,"nse_predominante":"C+"},"geometry":{"type":"Polygon","coordinates":[[[-103.37853673376166,25.54500453312222],[-103.37107402373692,25.544858343698028],[-103.37071371401535,25.54371296409705],[-103.37084948512603,25.53529097545699],[-103.37074714566519,25.534989624996623],[-103.37368745459516,25.53503954300966],[-103.37373070416481,25.535784345065792],[-103.37821942295227,25.535800764564673],[-103.37863005316396,25.536085135443976],[-103.38132202337937,25.536030054964833],[-103.38124710276027,25.54448425370459],[-103.37982905261156,25.544495113439925],[-103.37853673376166,25.54500453312222]]]}},{"type":"Feature","properties":{"CVEGEO":"0503500013342","pob_total":3163,"pob_2010":655,"pob_fem":1561,"pob_mas":1602,"hog_total":955,"hog_2010":162,"viv_habitadas":955,"viv_2010":252,"viv_total":1252,"viv_deshabitadas":213,"viv_temporal":84,"vph_1dor":239,"vph_2mas_dor":715,"escolaridad":11.44,"pea":1543,"solteros":616,"casados":1449,"separados":154,"prom_hnv":1.63,"pob_0_14":1090,"pob_15_24":475,"pob_25_59":1528,"pob_60mas":70,"area_km2":0.236,"crec_pct_pob":3.829,"crec_abs_hog":793,"pct_pea":48.78,"pct_0_14":34.46,"pct_15_24":15.02,"pct_25_59":48.31,"pct_60mas":2.21,"crec_pct_hog":489.51,"nse_ab":28,"nse_cmas":126,"nse_c":200,"nse_cmenos":239,"nse_dmas":173,"nse_d":181,"nse_e":6,"nse_predominante":"C-"},"geometry":{"type":"Polygon","coordinates":[[[-103.35271731775474,25.558039099221887],[-103.35644505675063,25.558034738859433],[-103.3548548033279,25.558966419390828],[-103.3548358305182,25.566647625385457],[-103.353680713792,25.56709061771856],[-103.35252225658684,25.567239437503225],[-103.35271731775474,25.558039099221887]]]}},{"type":"Feature","properties":{"CVEGEO":"0503500012429","pob_total":2705,"pob_2010":3118,"pob_fem":1084,"pob_mas":1621,"hog_total":588,"hog_2010":564,"viv_habitadas":589,"viv_2010":747,"viv_total":769,"viv_deshabitadas":129,"viv_temporal":51,"vph_1dor":97,"vph_2mas_dor":491,"escolaridad":9.41,"pea":1014,"solteros":719,"casados":1236,"separados":286,"prom_hnv":2.11,"pob_0_14":582,"pob_15_24":491,"pob_25_59":1449,"pob_60mas":183,"area_km2":0.4701,"crec_pct_pob":-0.1325,"crec_abs_hog":24,"pct_pea":37.49,"pct_0_14":21.52,"pct_15_24":18.15,"pct_25_59":53.57,"pct_60mas":6.77,"crec_pct_hog":4.26,"nse_ab":15,"nse_cmas":52,"nse_c":106,"nse_cmenos":115,"nse_dmas":114,"nse_d":157,"nse_e":30,"nse_predominante":"D"},"geometry":{"type":"Polygon","coordinates":[[[-103.33596574418596,25.528388446119767],[-103.33561241260573,25.526715135910404],[-103.33580554373563,25.526584425171897],[-103.33626648312665,25.526814056047073],[-103.33656397892527,25.52653484713733],[-103.3368508347521,25.525941486094624],[-103.3363900484866,25.525703105348345],[-103.33716909902559,25.525528665372363],[-103.33766262484599,25.52470088276691],[-103.33673458016371,25.522464390737294],[-103.33643953693814,25.522449866188442],[-103.33584945208896,25.52093948406337],[-103.33765628046919,25.520172040642546],[-103.33843647887761,25.52184993435746],[-103.33885437240387,25.522035517988854],[-103.34037738101017,25.521815374771652],[-103.34067008759548,25.522574923021576],[-103.3433371725704,25.522146546518385],[-103.3432884616016,25.527442039650044],[-103.3406854124848,25.527404718859664],[-103.34067412116624,25.527604045872366],[-103.3390595431512,25.527622055719785],[-103.33881021320738,25.527479025776017],[-103.33804661338152,25.52942084579228],[-103.33588665247245,25.52877905509147],[-103.33596574418596,25.528388446119767]]]}},{"type":"Feature","properties":{"CVEGEO":"0503500014514","pob_total":983,"pob_2010":0,"pob_fem":506,"pob_mas":477,"hog_total":276,"hog_2010":0,"viv_habitadas":276,"viv_2010":0,"viv_total":446,"viv_deshabitadas":112,"viv_temporal":58,"vph_1dor":45,"vph_2mas_dor":231,"escolaridad":9.6,"pea":467,"solteros":201,"casados":437,"separados":61,"prom_hnv":1.91,"pob_0_14":329,"pob_15_24":157,"pob_25_59":459,"pob_60mas":38,"area_km2":0.1019,"crec_pct_pob":null,"crec_abs_hog":276,"pct_pea":47.51,"pct_0_14":33.47,"pct_15_24":15.97,"pct_25_59":46.69,"pct_60mas":3.87,"crec_pct_hog":0.0,"nse_ab":null,"nse_cmas":14,"nse_c":34,"nse_cmenos":67,"nse_dmas":75,"nse_d":77,"nse_e":7,"nse_predominante":"D"},"geometry":{"type":"Polygon","coordinates":[[[-103.33521120268115,25.523845605768987],[-103.33470325447576,25.524125045160584],[-103.33424763333068,25.523701307035846],[-103.33408452334878,25.522529196571544],[-103.33385626428817,25.52255559739541],[-103.33368571364056,25.521507207408582],[-103.33309298260814,25.520298250734786],[-103.33480412608192,25.519485447354768],[-103.33559237863138,25.520968274534162],[-103.33584945208896,25.52093948406337],[-103.33624444475782,25.522030270100025],[-103.33581399926197,25.52193047225525],[-103.33565031872219,25.522310295489017],[-103.33609572371958,25.522465626951394],[-103.33670743344983,25.523560676263802],[-103.33585811342024,25.52431188621702],[-103.33521120268115,25.523845605768987]]]}},{"type":"Feature","properties":{"CVEGEO":"0503500014069","pob_total":2559,"pob_2010":1333,"pob_fem":1319,"pob_mas":1240,"hog_total":721,"hog_2010":359,"viv_habitadas":721,"viv_2010":559,"viv_total":996,"viv_deshabitadas":255,"viv_temporal":20,"vph_1dor":160,"vph_2mas_dor":561,"escolaridad":10.82,"pea":1262,"solteros":612,"casados":1107,"separados":170,"prom_hnv":1.79,"pob_0_14":803,"pob_15_24":451,"pob_25_59":1194,"pob_60mas":111,"area_km2":0.2576,"crec_pct_pob":0.9197,"crec_abs_hog":362,"pct_pea":49.32,"pct_0_14":31.38,"pct_15_24":17.62,"pct_25_59":46.66,"pct_60mas":4.34,"crec_pct_hog":100.84,"nse_ab":29,"nse_cmas":96,"nse_c":145,"nse_cmenos":151,"nse_dmas":119,"nse_d":161,"nse_e":15,"nse_predominante":"D"},"geometry":{"type":"Polygon","coordinates":[[[-103.35491402938796,25.521902606959728],[-103.35504131990004,25.521732916357955],[-103.35502390999329,25.52102065733935],[-103.35408959905223,25.521017087793513],[-103.35413246010891,25.51814879788979],[-103.35273362932148,25.518125777527473],[-103.35274528943607,25.517320968609006],[-103.35731477913043,25.51749527520734],[-103.35746190944752,25.515902507541043],[-103.35736699891463,25.515583318065683],[-103.35999209667268,25.515632546982694],[-103.35998820843525,25.518212547275493],[-103.35774051910494,25.518231367856462],[-103.3577610086816,25.519218628097782],[-103.35799150782096,25.51967190687004],[-103.35726133843161,25.519995978178628],[-103.35751714860336,25.520419208077115],[-103.3583728781374,25.521005337868548],[-103.35793094805634,25.521220206749955],[-103.35844959825988,25.52195431715285],[-103.35491402938796,25.521902606959728]]]}},{"type":"Feature","properties":{"CVEGEO":"050350001379A","pob_total":428,"pob_2010":17,"pob_fem":206,"pob_mas":222,"hog_total":117,"hog_2010":4,"viv_habitadas":117,"viv_2010":42,"viv_total":145,"viv_deshabitadas":22,"viv_temporal":6,"vph_1dor":25,"vph_2mas_dor":92,"escolaridad":14.08,"pea":209,"solteros":94,"casados":196,"separados":22,"prom_hnv":1.7,"pob_0_14":139,"pob_15_24":53,"pob_25_59":219,"pob_60mas":17,"area_km2":0.7645,"crec_pct_pob":24.1765,"crec_abs_hog":113,"pct_pea":48.83,"pct_0_14":32.48,"pct_15_24":12.38,"pct_25_59":51.17,"pct_60mas":3.97,"crec_pct_hog":2825.0,"nse_ab":33,"nse_cmas":43,"nse_c":31,"nse_cmenos":6,"nse_dmas":3,"nse_d":null,"nse_e":0,"nse_predominante":"C+"},"geometry":{"type":"Polygon","coordinates":[[[-103.36356616727167,25.520293176888732],[-103.36099108691296,25.520588968411438],[-103.36099958245686,25.519162489076542],[-103.3599753777417,25.519169108248747],[-103.35999209667268,25.515632546982694],[-103.35736699891463,25.515583318065683],[-103.3561511788495,25.51326868963884],[-103.36166044844633,25.512136609546666],[-103.36234830661901,25.51156568877296],[-103.36332665699737,25.509199809851246],[-103.36394959662482,25.508707509185907],[-103.36455007776289,25.508488249496],[-103.36594657694201,25.508439739235712],[-103.36593767636224,25.520609677353594],[-103.36384076722334,25.520560708520158],[-103.36356616727167,25.520293176888732]]]}},{"type":"Feature","properties":{"CVEGEO":"0503500014073","pob_total":2588,"pob_2010":1673,"pob_fem":1296,"pob_mas":1292,"hog_total":790,"hog_2010":475,"viv_habitadas":790,"viv_2010":671,"viv_total":956,"viv_deshabitadas":152,"viv_temporal":14,"vph_1dor":258,"vph_2mas_dor":532,"escolaridad":11.32,"pea":1340,"solteros":618,"casados":1156,"separados":186,"prom_hnv":1.66,"pob_0_14":793,"pob_15_24":446,"pob_25_59":1249,"pob_60mas":100,"area_km2":0.2376,"crec_pct_pob":0.5469,"crec_abs_hog":315,"pct_pea":51.78,"pct_0_14":30.64,"pct_15_24":17.23,"pct_25_59":48.26,"pct_60mas":3.86,"crec_pct_hog":66.32,"nse_ab":34,"nse_cmas":129,"nse_c":173,"nse_cmenos":144,"nse_dmas":122,"nse_d":165,"nse_e":18,"nse_predominante":"C"},"geometry":{"type":"Polygon","coordinates":[[[-103.35274528943607,25.517320968609006],[-103.35277620017025,25.515682049217382],[-103.35061827966773,25.5156642086138],[-103.3506192894538,25.51389436790308],[-103.3561511788495,25.51326868963884],[-103.35688653838332,25.514510599374564],[-103.35746190944752,25.515902507541043],[-103.35731477913043,25.51749527520734],[-103.35274528943607,25.517320968609006]]]}},{"type":"Feature","properties":{"CVEGEO":"0503500013499","pob_total":2298,"pob_2010":1695,"pob_fem":1161,"pob_mas":1137,"hog_total":696,"hog_2010":421,"viv_habitadas":696,"viv_2010":596,"viv_total":828,"viv_deshabitadas":128,"viv_temporal":4,"vph_1dor":299,"vph_2mas_dor":397,"escolaridad":10.04,"pea":1254,"solteros":580,"casados":1037,"separados":242,"prom_hnv":1.87,"pob_0_14":540,"pob_15_24":444,"pob_25_59":1146,"pob_60mas":168,"area_km2":1.847,"crec_pct_pob":0.3558,"crec_abs_hog":275,"pct_pea":54.57,"pct_0_14":23.5,"pct_15_24":19.32,"pct_25_59":49.87,"pct_60mas":7.31,"crec_pct_hog":65.32,"nse_ab":22,"nse_cmas":71,"nse_c":125,"nse_cmenos":114,"nse_dmas":108,"nse_d":202,"nse_e":46,"nse_predominante":"D"},"geometry":{"type":"Polygon","coordinates":[[[-103.36593642699954,25.521699476697385],[-103.36595125753226,25.508700259462447],[-103.36698067616013,25.508561080530313],[-103.3684106757348,25.509254859294536],[-103.3685322061382,25.50492991095473],[-103.37832905457807,25.511217489505988],[-103.3782799441106,25.513865569564235],[-103.37906596414038,25.514482489630918],[-103.37855410298492,25.51513757930734],[-103.37788691325031,25.516874688739456],[-103.37786234426953,25.5217844273896],[-103.36593642699954,25.521699476697385]]]}},{"type":"Feature","properties":{"CVEGEO":"0503500011929","pob_total":1634,"pob_2010":1697,"pob_fem":785,"pob_mas":849,"hog_total":433,"hog_2010":416,"viv_habitadas":433,"viv_2010":469,"viv_total":480,"viv_deshabitadas":36,"viv_temporal":11,"vph_1dor":121,"vph_2mas_dor":311,"escolaridad":8.71,"pea":860,"solteros":400,"casados":705,"separados":135,"prom_hnv":2.28,"pob_0_14":485,"pob_15_24":263,"pob_25_59":747,"pob_60mas":139,"area_km2":0.1733,"crec_pct_pob":-0.0371,"crec_abs_hog":17,"pct_pea":52.63,"pct_0_14":29.68,"pct_15_24":16.1,"pct_25_59":45.72,"pct_60mas":8.51,"crec_pct_hog":4.09,"nse_ab":5,"nse_cmas":29,"nse_c":61,"nse_cmenos":93,"nse_dmas":95,"nse_d":128,"nse_e":18,"nse_predominante":"D"},"geometry":{"type":"Polygon","coordinates":[[[-103.41087072768882,25.493992153364935],[-103.41217666742065,25.49260041341839],[-103.41085458679828,25.491574184870046],[-103.4116055869432,25.490739383160154],[-103.41169270642288,25.4912297857305],[-103.41146381691527,25.49148521510221],[-103.41326502663095,25.493040361033305],[-103.4134559361493,25.492865495038775],[-103.41370064605573,25.49308111444136],[-103.41384299641449,25.492933094194164],[-103.4142688792401,25.493512066671418],[-103.41435654338635,25.493414045165547],[-103.41483639211323,25.493781508195845],[-103.41462410380177,25.494149182052723],[-103.41536292492441,25.494641253529327],[-103.4155962149609,25.494509863663307],[-103.4160187859019,25.494681413833312],[-103.41590376604616,25.494955943777704],[-103.41648189614601,25.49535566454178],[-103.41661739565613,25.49522441319494],[-103.41717044571693,25.495902924509412],[-103.41733601498285,25.495728882883355],[-103.41781993599747,25.496106174207203],[-103.41765819475599,25.496271004296027],[-103.41790306597471,25.496460651737156],[-103.4165783564375,25.497848603006716],[-103.4133117671535,25.495294283420897],[-103.41297996569836,25.495643543290164],[-103.41087072768882,25.493992153364935]]]}},{"type":"Feature","properties":{"CVEGEO":"0503500010850","pob_total":3843,"pob_2010":4390,"pob_fem":2051,"pob_mas":1792,"hog_total":1246,"hog_2010":1218,"viv_habitadas":1246,"viv_2010":1365,"viv_total":1375,"viv_deshabitadas":100,"viv_temporal":29,"vph_1dor":282,"vph_2mas_dor":961,"escolaridad":12.45,"pea":1877,"solteros":1133,"casados":1600,"separados":572,"prom_hnv":1.87,"pob_0_14":657,"pob_15_24":552,"pob_25_59":1709,"pob_60mas":925,"area_km2":1.1862,"crec_pct_pob":-0.1246,"crec_abs_hog":28,"pct_pea":48.84,"pct_0_14":17.1,"pct_15_24":14.36,"pct_25_59":44.47,"pct_60mas":24.07,"crec_pct_hog":2.3,"nse_ab":164,"nse_cmas":321,"nse_c":273,"nse_cmenos":192,"nse_dmas":131,"nse_d":130,"nse_e":20,"nse_predominante":"C+"},"geometry":{"type":"Polygon","coordinates":[[[-103.44074388869714,25.58168684766424],[-103.44043397844042,25.581180107178408],[-103.44009549707405,25.58102710785601],[-103.44023380739209,25.58060073761548],[-103.4407046582122,25.58055518833066],[-103.44129757680257,25.57938798841615],[-103.4412551482861,25.57865335770193],[-103.44085334714296,25.577552848822474],[-103.43221734923016,25.579523038306522],[-103.43286456923786,25.57916178541409],[-103.43553835904764,25.575817818743115],[-103.43517454930168,25.5757537980553],[-103.43556483970028,25.575527527869294],[-103.43793971899039,25.572261388770116],[-103.44307017764294,25.573156558863857],[-103.44286645846724,25.574069068671],[-103.44239985783454,25.573982708106378],[-103.44209858726049,25.575600638966655],[-103.44963520507339,25.57385983896384],[-103.45024520663515,25.574276878510155],[-103.45244175456217,25.574110158883514],[-103.45261751571485,25.57527487955653],[-103.45176674578796,25.577675158755312],[-103.45098189557204,25.578929507769395],[-103.44877071674024,25.58088713844383],[-103.44674272656681,25.581671127658037],[-103.44568420730471,25.581790497099206],[-103.44074388869714,25.58168684766424]]]}},{"type":"Feature","properties":{"CVEGEO":"0503500012575","pob_total":1075,"pob_2010":1099,"pob_fem":541,"pob_mas":534,"hog_total":333,"hog_2010":273,"viv_habitadas":333,"viv_2010":381,"viv_total":406,"viv_deshabitadas":57,"viv_temporal":16,"vph_1dor":58,"vph_2mas_dor":275,"escolaridad":10.55,"pea":677,"solteros":323,"casados":468,"separados":94,"prom_hnv":1.97,"pob_0_14":240,"pob_15_24":235,"pob_25_59":495,"pob_60mas":105,"area_km2":0.6337,"crec_pct_pob":-0.0218,"crec_abs_hog":60,"pct_pea":62.98,"pct_0_14":22.33,"pct_15_24":21.86,"pct_25_59":46.05,"pct_60mas":9.77,"crec_pct_hog":21.98,"nse_ab":23,"nse_cmas":58,"nse_c":59,"nse_cmenos":53,"nse_dmas":53,"nse_d":77,"nse_e":10,"nse_predominante":"D"},"geometry":{"type":"Polygon","coordinates":[[[-103.42636744021803,25.578949817567832],[-103.42584273069107,25.577773467770015],[-103.42448659204574,25.578162467509795],[-103.42365150187213,25.57584141747799],[-103.42522127155972,25.57513029816252],[-103.42528389100586,25.574900678503546],[-103.42577158118948,25.574528737895427],[-103.4258866721468,25.574156738062744],[-103.42557304070151,25.574088128192336],[-103.42594621193508,25.57303098871127],[-103.4289344601638,25.573824619148596],[-103.43077350057263,25.574134297814386],[-103.43561506930382,25.575451958563665],[-103.43524732907949,25.57563149908522],[-103.43517454930168,25.5757537980553],[-103.43553835904764,25.575817818743115],[-103.43286456923786,25.57916178541409],[-103.43221734923016,25.579523038306522],[-103.4237503515293,25.581313368052125],[-103.42429325795734,25.580378915218176],[-103.42499331461912,25.58003053708339],[-103.42636744021803,25.578949817567832]]]}},{"type":"Feature","properties":{"CVEGEO":"0503500012560","pob_total":1595,"pob_2010":1742,"pob_fem":778,"pob_mas":817,"hog_total":474,"hog_2010":425,"viv_habitadas":474,"viv_2010":542,"viv_total":558,"viv_deshabitadas":69,"viv_temporal":15,"vph_1dor":137,"vph_2mas_dor":334,"escolaridad":8.91,"pea":909,"solteros":402,"casados":704,"separados":158,"prom_hnv":2.11,"pob_0_14":390,"pob_15_24":313,"pob_25_59":748,"pob_60mas":144,"area_km2":0.3977,"crec_pct_pob":-0.0844,"crec_abs_hog":49,"pct_pea":56.99,"pct_0_14":24.45,"pct_15_24":19.62,"pct_25_59":46.9,"pct_60mas":9.03,"crec_pct_hog":11.53,"nse_ab":15,"nse_cmas":47,"nse_c":62,"nse_cmenos":71,"nse_dmas":70,"nse_d":163,"nse_e":41,"nse_predominante":"D"},"geometry":{"type":"Polygon","coordinates":[[[-103.41690501349531,25.578250076852317],[-103.41774930234844,25.579017307480207],[-103.42415172102682,25.57743149884025],[-103.42448659204574,25.578162467509795],[-103.42584273069107,25.577773467770015],[-103.42636744021803,25.578949817567832],[-103.42499331461912,25.58003053708339],[-103.42429325795734,25.580378915218176],[-103.4237503515293,25.581313368052125],[-103.42338230142035,25.581495906930588],[-103.41774699303153,25.582756016853956],[-103.41564324366159,25.583762156415176],[-103.41626347367678,25.579257278001517],[-103.41690501349531,25.578250076852317]]]}},{"type":"Feature","properties":{"CVEGEO":"0503500014711","pob_total":25,"pob_2010":0,"pob_fem":11,"pob_mas":14,"hog_total":7,"hog_2010":0,"viv_habitadas":7,"viv_2010":0,"viv_total":13,"viv_deshabitadas":6,"viv_temporal":0,"vph_1dor":0,"vph_2mas_dor":6,"escolaridad":15.17,"pea":9,"solteros":6,"casados":12,"separados":0,"prom_hnv":1.88,"pob_0_14":7,"pob_15_24":0,"pob_25_59":18,"pob_60mas":0,"area_km2":0.4482,"crec_pct_pob":null,"crec_abs_hog":7,"pct_pea":36.0,"pct_0_14":28.0,"pct_15_24":0.0,"pct_25_59":72.0,"pct_60mas":0.0,"crec_pct_hog":0.0,"nse_ab":5,"nse_cmas":null,"nse_c":0,"nse_cmenos":0,"nse_dmas":0,"nse_d":0,"nse_e":0,"nse_predominante":"A/B"},"geometry":{"type":"Polygon","coordinates":[[[-103.39725844324587,25.633683109445833],[-103.39359839009416,25.630056174875076],[-103.39463774628989,25.629550748973774],[-103.39476783238594,25.629860291707768],[-103.39669987892024,25.628959338020163],[-103.39868443068524,25.627590637747385],[-103.39964197946472,25.626635388820066],[-103.40153830014629,25.625909877396676],[-103.4008597010271,25.625123900851555],[-103.4064755887221,25.624222796329587],[-103.40777538129016,25.62384054464356],[-103.40792826740665,25.624653130608433],[-103.40479008343208,25.625615651319137],[-103.4033685140442,25.626167043088422],[-103.40269796146694,25.62659751078847],[-103.40104035626263,25.629378597944516],[-103.40098134782866,25.630399119930967],[-103.40129784794586,25.631356758818498],[-103.39927546394611,25.632710980065294],[-103.39725844324587,25.633683109445833]]]}},{"type":"Feature","properties":{"CVEGEO":"0503500014497","pob_total":407,"pob_2010":10,"pob_fem":219,"pob_mas":188,"hog_total":110,"hog_2010":3,"viv_habitadas":110,"viv_2010":75,"viv_total":158,"viv_deshabitadas":28,"viv_temporal":20,"vph_1dor":21,"vph_2mas_dor":89,"escolaridad":9.46,"pea":182,"solteros":76,"casados":190,"separados":23,"prom_hnv":1.78,"pob_0_14":136,"pob_15_24":73,"pob_25_59":189,"pob_60mas":9,"area_km2":0.0767,"crec_pct_pob":39.7,"crec_abs_hog":107,"pct_pea":44.72,"pct_0_14":33.42,"pct_15_24":17.94,"pct_25_59":46.44,"pct_60mas":2.21,"crec_pct_hog":3566.67,"nse_ab":0,"nse_cmas":6,"nse_c":16,"nse_cmenos":23,"nse_dmas":32,"nse_d":32,"nse_e":null,"nse_predominante":"D"},"geometry":{"type":"Polygon","coordinates":[[[-103.33648911910451,25.526485761426148],[-103.33572144594238,25.525849528560464],[-103.33447415346048,25.52588990681759],[-103.3344799135444,25.524304506757364],[-103.33521120268115,25.523845605768987],[-103.33585811342024,25.52431188621702],[-103.33670743344983,25.523560676263802],[-103.33609572371958,25.522465626951394],[-103.33565031872219,25.522310295489017],[-103.33581399926197,25.52193047225525],[-103.33624444475782,25.522030270100025],[-103.33643953693814,25.522449866188442],[-103.33673458016371,25.522464390737294],[-103.33766262484599,25.52470088276691],[-103.33716909902559,25.525528665372363],[-103.3363900484866,25.525703105348345],[-103.3368508347521,25.525941486094624],[-103.33648911910451,25.526485761426148]]]}},{"type":"Feature","properties":{"CVEGEO":"0503500014444","pob_total":715,"pob_2010":516,"pob_fem":354,"pob_mas":361,"hog_total":189,"hog_2010":135,"viv_habitadas":189,"viv_2010":203,"viv_total":237,"viv_deshabitadas":39,"viv_temporal":9,"vph_1dor":41,"vph_2mas_dor":148,"escolaridad":8.19,"pea":328,"solteros":153,"casados":309,"separados":41,"prom_hnv":2.22,"pob_0_14":257,"pob_15_24":123,"pob_25_59":308,"pob_60mas":27,"area_km2":0.0956,"crec_pct_pob":0.3857,"crec_abs_hog":54,"pct_pea":45.87,"pct_0_14":35.94,"pct_15_24":17.2,"pct_25_59":43.08,"pct_60mas":3.78,"crec_pct_hog":40.0,"nse_ab":null,"nse_cmas":4,"nse_c":10,"nse_cmenos":29,"nse_dmas":48,"nse_d":81,"nse_e":14,"nse_predominante":"D"},"geometry":{"type":"Polygon","coordinates":[[[-103.35923894429773,25.590768144640844],[-103.35896785384291,25.591681913238947],[-103.35798561220537,25.591449202422893],[-103.35819900719112,25.590867520104347],[-103.357709773896,25.590722869385008],[-103.35775407712212,25.58976241349889],[-103.3581847364294,25.589793614677486],[-103.35826366355741,25.588454474312513],[-103.35939158279393,25.58929924565727],[-103.360856850616,25.589228896736774],[-103.36152079042779,25.589353537478573],[-103.36136585651215,25.592214353258417],[-103.35976271628854,25.591871382936755],[-103.36010694657365,25.590953474548524],[-103.35923894429773,25.590768144640844]]]}},{"type":"Feature","properties":{"CVEGEO":"0503500014548","pob_total":1547,"pob_2010":0,"pob_fem":757,"pob_mas":790,"hog_total":469,"hog_2010":0,"viv_habitadas":469,"viv_2010":0,"viv_total":659,"viv_deshabitadas":161,"viv_temporal":29,"vph_1dor":129,"vph_2mas_dor":340,"escolaridad":10.57,"pea":803,"solteros":299,"casados":723,"separados":79,"prom_hnv":1.76,"pob_0_14":530,"pob_15_24":228,"pob_25_59":761,"pob_60mas":28,"area_km2":0.2615,"crec_pct_pob":null,"crec_abs_hog":469,"pct_pea":51.91,"pct_0_14":34.26,"pct_15_24":14.74,"pct_25_59":49.19,"pct_60mas":1.81,"crec_pct_hog":0.0,"nse_ab":18,"nse_cmas":47,"nse_c":66,"nse_cmenos":91,"nse_dmas":98,"nse_d":124,"nse_e":24,"nse_predominante":"D"},"geometry":{"type":"Polygon","coordinates":[[[-103.36138342524696,25.586070525306386],[-103.36133787626088,25.585310565489173],[-103.36200063839499,25.578823835360566],[-103.3621757383306,25.578791562148044],[-103.36237614673429,25.579053319757488],[-103.36605976358624,25.577239797884218],[-103.36631998737774,25.57732248989872],[-103.36675278425497,25.577742426022485],[-103.36669849335061,25.577851692078042],[-103.3672664754121,25.577999667221448],[-103.36611077568735,25.578573165689082],[-103.36719494529379,25.580336645485527],[-103.36564207582688,25.58109061607245],[-103.36498747516883,25.579996756635154],[-103.36348120597117,25.580806555327143],[-103.3651488853157,25.583593725439318],[-103.3620044747802,25.585105554719842],[-103.36191579624304,25.58611432544139],[-103.36161622487946,25.586241635073225],[-103.36138342524696,25.586070525306386]]]}},{"type":"Feature","properties":{"CVEGEO":"0503501523677","pob_total":2834,"pob_2010":2505,"pob_fem":1437,"pob_mas":1397,"hog_total":747,"hog_2010":596,"viv_habitadas":747,"viv_2010":683,"viv_total":888,"viv_deshabitadas":102,"viv_temporal":39,"vph_1dor":168,"vph_2mas_dor":573,"escolaridad":10.05,"pea":1463,"solteros":686,"casados":1306,"separados":235,"prom_hnv":2.11,"pob_0_14":712,"pob_15_24":508,"pob_25_59":1282,"pob_60mas":332,"area_km2":0.7082,"crec_pct_pob":0.1313,"crec_abs_hog":151,"pct_pea":51.62,"pct_0_14":25.12,"pct_15_24":17.93,"pct_25_59":45.24,"pct_60mas":11.71,"crec_pct_hog":25.34,"nse_ab":101,"nse_cmas":119,"nse_c":112,"nse_cmenos":89,"nse_dmas":86,"nse_d":177,"nse_e":55,"nse_predominante":"D"},"geometry":{"type":"Polygon","coordinates":[[[-103.38343683972137,25.637924694712424],[-103.38260327976852,25.63777303493769],[-103.38231226960548,25.63794729563323],[-103.38166724949905,25.637597425141067],[-103.38173149928322,25.637377284613997],[-103.37973956070852,25.638827175084213],[-103.3797910393984,25.637434315270696],[-103.3800161102619,25.63738782496161],[-103.37948030061318,25.636135484972517],[-103.37956712940682,25.63598514558165],[-103.37853537150923,25.635940285553392],[-103.37813914111837,25.6357667550449],[-103.37881917019179,25.633486496676124],[-103.37841162016952,25.633119686366214],[-103.38125518955556,25.630187157269358],[-103.38279884068072,25.631291236201974],[-103.38459587909541,25.63088165583789],[-103.38992721768425,25.63126283702491],[-103.39217141783155,25.63065494732356],[-103.39359839009416,25.630056174875076],[-103.39374290737986,25.630216096999956],[-103.3922237678624,25.630889487330897],[-103.3914286469411,25.63104865624879],[-103.39145816858105,25.631733056639032],[-103.39127853680125,25.63200965635535],[-103.39135932822164,25.632859007200707],[-103.38916396078154,25.632973723941237],[-103.38917888026329,25.631928372925074],[-103.38786885808861,25.63200545296125],[-103.38772557782464,25.632343759612855],[-103.38757503196835,25.63232013603873],[-103.38746333493398,25.632831315224507],[-103.3867668037363,25.63291348270931],[-103.38694609836587,25.634611425533826],[-103.38635681857147,25.634342726879026],[-103.38620699972725,25.63463015581186],[-103.38550196895527,25.634544626672056],[-103.38449901839394,25.636052055584443],[-103.38646086916265,25.637095204718683],[-103.3860966387406,25.63762108577869],[-103.38688553321413,25.638083882387],[-103.38655401701651,25.63848635579878],[-103.39011372954677,25.64046745729514],[-103.38982343481415,25.640883862527065],[-103.3894688949813,25.64106946074624],[-103.38830914574731,25.640949298448277],[-103.38343683972137,25.637924694712424]]]}},{"type":"Feature","properties":{"CVEGEO":"0503501523681","pob_total":1244,"pob_2010":1289,"pob_fem":607,"pob_mas":637,"hog_total":309,"hog_2010":305,"viv_habitadas":310,"viv_2010":356,"viv_total":374,"viv_deshabitadas":55,"viv_temporal":9,"vph_1dor":57,"vph_2mas_dor":252,"escolaridad":9.17,"pea":587,"solteros":302,"casados":615,"separados":91,"prom_hnv":2.25,"pob_0_14":288,"pob_15_24":243,"pob_25_59":567,"pob_60mas":146,"area_km2":1.0414,"crec_pct_pob":-0.0349,"crec_abs_hog":4,"pct_pea":47.19,"pct_0_14":23.15,"pct_15_24":19.53,"pct_25_59":45.58,"pct_60mas":11.74,"crec_pct_hog":1.31,"nse_ab":18,"nse_cmas":36,"nse_c":41,"nse_cmenos":40,"nse_dmas":42,"nse_d":102,"nse_e":30,"nse_predominante":"D"},"geometry":{"type":"Polygon","coordinates":[[[-103.37872429974047,25.645702693697356],[-103.37850466948619,25.64434763338978],[-103.37813655982022,25.644460424279327],[-103.37778359101732,25.643082513531038],[-103.3772559101485,25.64323763437473],[-103.37696676017642,25.642303954940687],[-103.37709910030101,25.64223545469424],[-103.3764681110937,25.641051355124564],[-103.37598325167086,25.63968466532452],[-103.37386960134519,25.640507555175954],[-103.37068837137035,25.64137680503701],[-103.37028193303625,25.641337944702975],[-103.36979942182812,25.641857713458666],[-103.36924880349156,25.64137306482774],[-103.3691332518269,25.641077544831496],[-103.37092251164626,25.64029466479873],[-103.36720110286888,25.637186434291962],[-103.36813542284784,25.636320914934526],[-103.36525331772411,25.633947540513418],[-103.36604436432019,25.63279112502539],[-103.36712059382091,25.632081775444302],[-103.37087337163474,25.635328185259407],[-103.37267262147314,25.633797525605175],[-103.37295539101324,25.63405823575781],[-103.37410028221963,25.634038066067166],[-103.37653810186484,25.63174649585357],[-103.3782724555717,25.629800750548018],[-103.37857643352929,25.629658137368647],[-103.379739349975,25.631782825737314],[-103.37841162016952,25.633119686366214],[-103.37881917019179,25.633486496676124],[-103.37813914111837,25.6357667550449],[-103.37853537150923,25.635940285553392],[-103.37956712940682,25.63598514558165],[-103.37948030061318,25.636135484972517],[-103.3800161102619,25.63738782496161],[-103.3797910393984,25.637434315270696],[-103.3798515293335,25.638264145483173],[-103.37971645070293,25.638766515244935],[-103.37847047968047,25.639524204426333],[-103.37799284021546,25.640809514915134],[-103.37801842138715,25.641260234007426],[-103.37861965108864,25.641962065302263],[-103.3783624712757,25.642090714308456],[-103.37891213085408,25.642901824737024],[-103.37962578952188,25.644468403814678],[-103.37963263973953,25.645375233969688],[-103.37872429974047,25.645702693697356]]]}},{"type":"Feature","properties":{"CVEGEO":"0503500014209","pob_total":4859,"pob_2010":2984,"pob_fem":2396,"pob_mas":2463,"hog_total":1334,"hog_2010":784,"viv_habitadas":1334,"viv_2010":1323,"viv_total":1606,"viv_deshabitadas":167,"viv_temporal":105,"vph_1dor":216,"vph_2mas_dor":1118,"escolaridad":9.51,"pea":2324,"solteros":1024,"casados":2162,"separados":309,"prom_hnv":1.89,"pob_0_14":1674,"pob_15_24":869,"pob_25_59":2191,"pob_60mas":125,"area_km2":0.5605,"crec_pct_pob":0.6284,"crec_abs_hog":550,"pct_pea":47.83,"pct_0_14":34.45,"pct_15_24":17.88,"pct_25_59":45.09,"pct_60mas":2.57,"crec_pct_hog":70.15,"nse_ab":18,"nse_cmas":80,"nse_c":220,"nse_cmenos":300,"nse_dmas":323,"nse_d":376,"nse_e":14,"nse_predominante":"D"},"geometry":{"type":"Polygon","coordinates":[[[-103.35372757017312,25.50009011081221],[-103.35297784999261,25.49879868167408],[-103.35449100887604,25.49784917174953],[-103.35570119933472,25.49741386266447],[-103.35563202871704,25.496867212108416],[-103.35514208877508,25.49581643219263],[-103.35639788009635,25.495106171854285],[-103.356370089677,25.495760172470863],[-103.36416790757887,25.495815232894355],[-103.3641894068247,25.494871033388065],[-103.36507659643304,25.4955984601941],[-103.36504047167175,25.49660188461895],[-103.36620597716568,25.49659817139073],[-103.36622999770627,25.500025540971347],[-103.35372757017312,25.50009011081221]]]}},{"type":"Feature","properties":{"CVEGEO":"0503500012240","pob_total":1094,"pob_2010":929,"pob_fem":535,"pob_mas":559,"hog_total":314,"hog_2010":214,"viv_habitadas":314,"viv_2010":272,"viv_total":357,"viv_deshabitadas":27,"viv_temporal":16,"vph_1dor":63,"vph_2mas_dor":251,"escolaridad":12.32,"pea":542,"solteros":336,"casados":508,"separados":64,"prom_hnv":1.71,"pob_0_14":236,"pob_15_24":227,"pob_25_59":545,"pob_60mas":86,"area_km2":1.2479,"crec_pct_pob":0.1776,"crec_abs_hog":100,"pct_pea":49.54,"pct_0_14":21.57,"pct_15_24":20.75,"pct_25_59":49.82,"pct_60mas":7.86,"crec_pct_hog":46.73,"nse_ab":100,"nse_cmas":90,"nse_c":37,"nse_cmenos":24,"nse_dmas":18,"nse_d":30,"nse_e":13,"nse_predominante":"A/B"},"geometry":{"type":"Polygon","coordinates":[[[-103.39839140329053,25.609089571588342],[-103.39994443055151,25.60905399853217],[-103.40093730654488,25.602941672773845],[-103.40307550634394,25.597301992978817],[-103.40773469556108,25.597766363171708],[-103.40885238444127,25.602411072625817],[-103.40877963479257,25.60318195224344],[-103.40999855367447,25.60590244155742],[-103.40966978405996,25.606774322416282],[-103.40813601549475,25.608006842333193],[-103.4077267044229,25.60862523233551],[-103.40772621409812,25.61014887123631],[-103.40664436551428,25.610605701361223],[-103.39985099727396,25.61205010038058],[-103.39890247706283,25.61279749958627],[-103.39843273600405,25.61272493135152],[-103.39692584213728,25.613072418928418],[-103.39655277314375,25.611708881571314],[-103.39740499498684,25.611522981822013],[-103.39766713257333,25.611032326062134],[-103.39806404599577,25.610971146643095],[-103.39839140329053,25.609089571588342]]]}},{"type":"Feature","properties":{"CVEGEO":"0503500014213","pob_total":64,"pob_2010":21,"pob_fem":30,"pob_mas":34,"hog_total":20,"hog_2010":5,"viv_habitadas":20,"viv_2010":14,"viv_total":25,"viv_deshabitadas":0,"viv_temporal":3,"vph_1dor":3,"vph_2mas_dor":17,"escolaridad":8.67,"pea":37,"solteros":12,"casados":36,"separados":6,"prom_hnv":2.35,"pob_0_14":12,"pob_15_24":17,"pob_25_59":25,"pob_60mas":10,"area_km2":0.4296,"crec_pct_pob":2.0476,"crec_abs_hog":15,"pct_pea":57.81,"pct_0_14":18.75,"pct_15_24":26.56,"pct_25_59":39.06,"pct_60mas":15.62,"crec_pct_hog":300.0,"nse_ab":null,"nse_cmas":0,"nse_c":null,"nse_cmenos":5,"nse_dmas":5,"nse_d":5,"nse_e":3,"nse_predominante":"D"},"geometry":{"type":"Polygon","coordinates":[[[-103.35639788009635,25.495106171854285],[-103.3632242779038,25.490622383007032],[-103.36580134800889,25.48896678363865],[-103.36622896736027,25.489950804314102],[-103.36620597716568,25.49659817139073],[-103.36504047167175,25.49660188461895],[-103.36507659643304,25.4955984601941],[-103.3641894068247,25.494871033388065],[-103.36416790757887,25.495815232894355],[-103.356370089677,25.495760172470863],[-103.35639788009635,25.495106171854285]]]}},{"type":"Feature","properties":{"CVEGEO":"050350001354A","pob_total":2026,"pob_2010":2131,"pob_fem":1030,"pob_mas":996,"hog_total":587,"hog_2010":535,"viv_habitadas":587,"viv_2010":687,"viv_total":721,"viv_deshabitadas":83,"viv_temporal":51,"vph_1dor":138,"vph_2mas_dor":448,"escolaridad":11.48,"pea":1059,"solteros":571,"casados":905,"separados":182,"prom_hnv":1.88,"pob_0_14":469,"pob_15_24":392,"pob_25_59":962,"pob_60mas":203,"area_km2":0.4105,"crec_pct_pob":-0.0493,"crec_abs_hog":52,"pct_pea":52.27,"pct_0_14":23.15,"pct_15_24":19.35,"pct_25_59":47.48,"pct_60mas":10.02,"crec_pct_hog":9.72,"nse_ab":48,"nse_cmas":109,"nse_c":121,"nse_cmenos":106,"nse_dmas":73,"nse_d":107,"nse_e":22,"nse_predominante":"C"},"geometry":{"type":"Polygon","coordinates":[[[-103.34755438086924,25.52746531559217],[-103.34757387994175,25.525585427255663],[-103.35353105910437,25.52569339652673],[-103.3534036498672,25.52428347599587],[-103.354942318223,25.52414019647813],[-103.35491402938796,25.521902606959728],[-103.35844959825988,25.52195431715285],[-103.35874100823534,25.52366816762323],[-103.35868651733597,25.527427857112244],[-103.34755438086924,25.52746531559217]]]}},{"type":"Feature","properties":{"CVEGEO":"0503500013855","pob_total":3276,"pob_2010":2191,"pob_fem":1643,"pob_mas":1633,"hog_total":904,"hog_2010":567,"viv_habitadas":906,"viv_2010":821,"viv_total":1104,"viv_deshabitadas":130,"viv_temporal":68,"vph_1dor":192,"vph_2mas_dor":712,"escolaridad":10.82,"pea":1516,"solteros":801,"casados":1396,"separados":197,"prom_hnv":1.86,"pob_0_14":1091,"pob_15_24":579,"pob_25_59":1452,"pob_60mas":154,"area_km2":0.3311,"crec_pct_pob":0.4952,"crec_abs_hog":337,"pct_pea":46.28,"pct_0_14":33.3,"pct_15_24":17.67,"pct_25_59":44.32,"pct_60mas":4.7,"crec_pct_hog":59.44,"nse_ab":30,"nse_cmas":105,"nse_c":160,"nse_cmenos":191,"nse_dmas":187,"nse_d":221,"nse_e":11,"nse_predominante":"D"},"geometry":{"type":"Polygon","coordinates":[[[-103.34757387994175,25.525585427255663],[-103.347595030704,25.521885257283436],[-103.34774275143073,25.52174377711988],[-103.35056322831281,25.52178266004758],[-103.35052566082898,25.52097545667614],[-103.35502390999329,25.52102065733935],[-103.35504131990004,25.521732916357955],[-103.35488005900471,25.522037086403405],[-103.354942318223,25.52414019647813],[-103.3534036498672,25.52428347599587],[-103.35353105910437,25.52569339652673],[-103.34757387994175,25.525585427255663]]]}},{"type":"Feature","properties":{"CVEGEO":"0503500011990","pob_total":548,"pob_2010":59,"pob_fem":293,"pob_mas":255,"hog_total":146,"hog_2010":17,"viv_habitadas":146,"viv_2010":20,"viv_total":161,"viv_deshabitadas":12,"viv_temporal":3,"vph_1dor":19,"vph_2mas_dor":127,"escolaridad":14.81,"pea":245,"solteros":169,"casados":249,"separados":28,"prom_hnv":1.55,"pob_0_14":135,"pob_15_24":109,"pob_25_59":276,"pob_60mas":28,"area_km2":0.9729,"crec_pct_pob":8.2881,"crec_abs_hog":129,"pct_pea":44.71,"pct_0_14":24.64,"pct_15_24":19.89,"pct_25_59":50.36,"pct_60mas":5.11,"crec_pct_hog":758.82,"nse_ab":83,"nse_cmas":48,"nse_c":9,"nse_cmenos":3,"nse_dmas":null,"nse_d":null,"nse_e":0,"nse_predominante":"A/B"},"geometry":{"type":"Polygon","coordinates":[[[-103.37797179238952,25.598122533539552],[-103.37798219228985,25.591314074407165],[-103.37773144200803,25.59131736299021],[-103.37784479164479,25.59071398471129],[-103.37798905096038,25.590753764336814],[-103.37807294255613,25.590600035227265],[-103.37806160175806,25.587800894131355],[-103.37865059271408,25.587864795338465],[-103.38802696946954,25.59153107476722],[-103.39006079958544,25.592649125012144],[-103.3874309680891,25.59643612078288],[-103.38786883867765,25.596682250735594],[-103.38748230984181,25.59778024288676],[-103.37797179238952,25.598122533539552]]]}},{"type":"Feature","properties":{"CVEGEO":"0503500014196","pob_total":2578,"pob_2010":2057,"pob_fem":1313,"pob_mas":1265,"hog_total":669,"hog_2010":518,"viv_habitadas":669,"viv_2010":673,"viv_total":823,"viv_deshabitadas":115,"viv_temporal":39,"vph_1dor":247,"vph_2mas_dor":413,"escolaridad":7.69,"pea":1116,"solteros":545,"casados":1100,"separados":260,"prom_hnv":2.49,"pob_0_14":825,"pob_15_24":462,"pob_25_59":1072,"pob_60mas":219,"area_km2":0.5406,"crec_pct_pob":0.2533,"crec_abs_hog":151,"pct_pea":43.29,"pct_0_14":32.0,"pct_15_24":17.92,"pct_25_59":41.58,"pct_60mas":8.49,"crec_pct_hog":29.15,"nse_ab":0,"nse_cmas":31,"nse_c":88,"nse_cmenos":90,"nse_dmas":93,"nse_d":258,"nse_e":94,"nse_predominante":"D"},"geometry":{"type":"Polygon","coordinates":[[[-103.36618699652814,25.4976133526011],[-103.36622896736027,25.489950804314102],[-103.36580134800889,25.48896678363865],[-103.3664346579442,25.48872972369233],[-103.37141485630762,25.49202574320371],[-103.37470182513502,25.49378891246686],[-103.37209257632031,25.497548882045084],[-103.37031671680165,25.497695571429706],[-103.36618699652814,25.4976133526011]]]}},{"type":"Feature","properties":{"CVEGEO":"050350001386A","pob_total":4895,"pob_2010":3072,"pob_fem":2544,"pob_mas":2351,"hog_total":1412,"hog_2010":785,"viv_habitadas":1412,"viv_2010":1131,"viv_total":1715,"viv_deshabitadas":266,"viv_temporal":37,"vph_1dor":277,"vph_2mas_dor":1135,"escolaridad":12.2,"pea":2322,"solteros":1268,"casados":2151,"separados":302,"prom_hnv":1.61,"pob_0_14":1502,"pob_15_24":847,"pob_25_59":2340,"pob_60mas":206,"area_km2":0.3533,"crec_pct_pob":0.5934,"crec_abs_hog":627,"pct_pea":47.44,"pct_0_14":30.68,"pct_15_24":17.3,"pct_25_59":47.8,"pct_60mas":4.21,"crec_pct_hog":79.87,"nse_ab":106,"nse_cmas":294,"nse_c":337,"nse_cmenos":262,"nse_dmas":204,"nse_d":194,"nse_e":8,"nse_predominante":"C"},"geometry":{"type":"Polygon","coordinates":[[[-103.34774275143073,25.52174377711988],[-103.34776317138588,25.52138174674503],[-103.34685621136565,25.519749176846652],[-103.34629263200279,25.51821573689327],[-103.34830223142006,25.5175888274888],[-103.34800888129534,25.516844597313977],[-103.35060085015081,25.516881078808655],[-103.35061827966773,25.5156642086138],[-103.35277620017025,25.515682049217382],[-103.35273362932148,25.518125777527473],[-103.35413246010891,25.51814879788979],[-103.35408959905223,25.521017087793513],[-103.35052566082898,25.52097545667614],[-103.35056322831281,25.52178266004758],[-103.34774275143073,25.52174377711988]]]}},{"type":"Feature","properties":{"CVEGEO":"0503500014618","pob_total":939,"pob_2010":0,"pob_fem":477,"pob_mas":462,"hog_total":304,"hog_2010":0,"viv_habitadas":304,"viv_2010":0,"viv_total":355,"viv_deshabitadas":37,"viv_temporal":14,"vph_1dor":86,"vph_2mas_dor":218,"escolaridad":15.22,"pea":514,"solteros":219,"casados":484,"separados":37,"prom_hnv":1.26,"pob_0_14":243,"pob_15_24":117,"pob_25_59":552,"pob_60mas":27,"area_km2":0.2406,"crec_pct_pob":null,"crec_abs_hog":304,"pct_pea":54.74,"pct_0_14":25.88,"pct_15_24":12.46,"pct_25_59":58.79,"pct_60mas":2.88,"crec_pct_hog":0.0,"nse_ab":142,"nse_cmas":113,"nse_c":34,"nse_cmenos":10,"nse_dmas":4,"nse_d":0,"nse_e":0,"nse_predominante":"A/B"},"geometry":{"type":"Polygon","coordinates":[[[-103.37318574401401,25.58097146579005],[-103.37298530254286,25.581097878753457],[-103.37215169135024,25.580238558444552],[-103.37184418548361,25.580129518023842],[-103.3717449445204,25.578769861238296],[-103.37039864298134,25.578738948143485],[-103.36982465088937,25.578472822117735],[-103.36837898093283,25.577036272828803],[-103.368314651179,25.576580334223102],[-103.37120148067089,25.576371932841223],[-103.37102254683509,25.574651406205586],[-103.37153129411942,25.574629638824405],[-103.37154999512684,25.57499105415527],[-103.37259330224427,25.574943589380176],[-103.37398790351362,25.574488166893374],[-103.37386211253425,25.57502736747165],[-103.37421188269965,25.577437217672582],[-103.37441808242657,25.581111066653595],[-103.37318574401401,25.58097146579005]]]}},{"type":"Feature","properties":{"CVEGEO":"0503500011882","pob_total":3895,"pob_2010":3951,"pob_fem":1955,"pob_mas":1940,"hog_total":1028,"hog_2010":968,"viv_habitadas":1028,"viv_2010":1088,"viv_total":1186,"viv_deshabitadas":156,"viv_temporal":0,"vph_1dor":284,"vph_2mas_dor":741,"escolaridad":8.61,"pea":2097,"solteros":960,"casados":1654,"separados":362,"prom_hnv":2.33,"pob_0_14":1123,"pob_15_24":697,"pob_25_59":1632,"pob_60mas":443,"area_km2":0.3763,"crec_pct_pob":-0.0142,"crec_abs_hog":60,"pct_pea":53.84,"pct_0_14":28.83,"pct_15_24":17.89,"pct_25_59":41.9,"pct_60mas":11.37,"crec_pct_hog":6.2,"nse_ab":20,"nse_cmas":68,"nse_c":121,"nse_cmenos":177,"nse_dmas":202,"nse_d":388,"nse_e":37,"nse_predominante":"D"},"geometry":{"type":"Polygon","coordinates":[[[-103.4182991253525,25.5069822506394],[-103.41022023589444,25.5018300615153],[-103.41034604681069,25.50168814215746],[-103.41114590742598,25.5022458915411],[-103.41376844687245,25.49893105257485],[-103.42047909488188,25.504151201272197],[-103.4182991253525,25.5069822506394]]]}},{"type":"Feature","properties":{"CVEGEO":"0503500011100","pob_total":2664,"pob_2010":2852,"pob_fem":1366,"pob_mas":1298,"hog_total":753,"hog_2010":723,"viv_habitadas":753,"viv_2010":845,"viv_total":859,"viv_deshabitadas":101,"viv_temporal":5,"vph_1dor":232,"vph_2mas_dor":519,"escolaridad":8.85,"pea":1219,"solteros":752,"casados":1123,"separados":316,"prom_hnv":2.41,"pob_0_14":600,"pob_15_24":486,"pob_25_59":1139,"pob_60mas":439,"area_km2":1.0263,"crec_pct_pob":-0.0659,"crec_abs_hog":30,"pct_pea":45.76,"pct_0_14":22.52,"pct_15_24":18.24,"pct_25_59":42.76,"pct_60mas":16.48,"crec_pct_hog":4.15,"nse_ab":21,"nse_cmas":43,"nse_c":88,"nse_cmenos":131,"nse_dmas":117,"nse_d":275,"nse_e":53,"nse_predominante":"D"},"geometry":{"type":"Polygon","coordinates":[[[-103.43484150137067,25.51898230922483],[-103.41151707649301,25.504207151917882],[-103.40815650833879,25.50162271173985],[-103.40692227821741,25.500845482342353],[-103.40761727696622,25.500201252174502],[-103.40779918720382,25.500262852698782],[-103.42551136085044,25.511465002963682],[-103.42665150257311,25.510298000905355],[-103.42961756327311,25.506394011109915],[-103.43059999190531,25.5069681523577],[-103.43074686261272,25.507278231264756],[-103.43280403194346,25.508856321078525],[-103.4331571206876,25.509319891487948],[-103.4333440419239,25.509956181543963],[-103.4348695613723,25.51088728160417],[-103.4332428720167,25.513080370421765],[-103.43568219165984,25.514638999945234],[-103.43413587198772,25.516635339596284],[-103.43552136094252,25.518008339076996],[-103.43484150137067,25.51898230922483]]]}},{"type":"Feature","properties":{"CVEGEO":"0503500013639","pob_total":958,"pob_2010":1088,"pob_fem":494,"pob_mas":464,"hog_total":294,"hog_2010":274,"viv_habitadas":294,"viv_2010":355,"viv_total":359,"viv_deshabitadas":52,"viv_temporal":13,"vph_1dor":83,"vph_2mas_dor":211,"escolaridad":12.68,"pea":566,"solteros":312,"casados":394,"separados":96,"prom_hnv":1.68,"pob_0_14":205,"pob_15_24":190,"pob_25_59":449,"pob_60mas":114,"area_km2":0.6268,"crec_pct_pob":-0.1195,"crec_abs_hog":20,"pct_pea":59.08,"pct_0_14":21.4,"pct_15_24":19.83,"pct_25_59":46.87,"pct_60mas":11.9,"crec_pct_hog":7.3,"nse_ab":57,"nse_cmas":77,"nse_c":54,"nse_cmenos":44,"nse_dmas":28,"nse_d":32,"nse_e":null,"nse_predominante":"C+"},"geometry":{"type":"Polygon","coordinates":[[[-103.36299913696364,25.54050645461708],[-103.36288207617257,25.53597487546843],[-103.35748817870798,25.53591137456952],[-103.35766042781266,25.538065713450578],[-103.3565594184341,25.53804510745745],[-103.35648968155218,25.537624000202626],[-103.35594787557702,25.537609479387317],[-103.3559574275226,25.535921205434335],[-103.35320207977092,25.535913345181886],[-103.35319136818548,25.534882993779682],[-103.37074714566519,25.534989624996623],[-103.37084948512603,25.53529097545699],[-103.37074131471776,25.540498193458323],[-103.3634808857708,25.540387043413638],[-103.36299913696364,25.54050645461708]]]}},{"type":"Feature","properties":{"CVEGEO":"0503500013376","pob_total":4606,"pob_2010":5001,"pob_fem":2403,"pob_mas":2203,"hog_total":1325,"hog_2010":1246,"viv_habitadas":1325,"viv_2010":1577,"viv_total":1525,"viv_deshabitadas":168,"viv_temporal":32,"vph_1dor":246,"vph_2mas_dor":1079,"escolaridad":11.31,"pea":2559,"solteros":1525,"casados":1854,"separados":449,"prom_hnv":1.82,"pob_0_14":1011,"pob_15_24":1106,"pob_25_59":2222,"pob_60mas":267,"area_km2":0.4015,"crec_pct_pob":-0.079,"crec_abs_hog":79,"pct_pea":55.56,"pct_0_14":21.95,"pct_15_24":24.01,"pct_25_59":48.24,"pct_60mas":5.8,"crec_pct_hog":6.34,"nse_ab":96,"nse_cmas":212,"nse_c":313,"nse_cmenos":279,"nse_dmas":189,"nse_d":219,"nse_e":10,"nse_predominante":"C"},"geometry":{"type":"Polygon","coordinates":[[[-103.35652050770005,25.544479193596427],[-103.35357891847652,25.544437733087616],[-103.35382173945642,25.543184082156383],[-103.35301628966289,25.543069132265117],[-103.35320207977092,25.535913345181886],[-103.3559574275226,25.535921205434335],[-103.35594787557702,25.537609479387317],[-103.35648968155218,25.537624000202626],[-103.3565594184341,25.53804510745745],[-103.35766042781266,25.538065713450578],[-103.35809850852748,25.53961134340876],[-103.35788127726056,25.539651223293134],[-103.35837744711553,25.54126562290069],[-103.35841274720138,25.542980872851313],[-103.35739756737857,25.54292273312094],[-103.35733727847364,25.543679593742272],[-103.35667556826643,25.543642933364563],[-103.35652050770005,25.544479193596427]]]}},{"type":"Feature","properties":{"CVEGEO":"0503500011115","pob_total":1259,"pob_2010":1484,"pob_fem":628,"pob_mas":631,"hog_total":332,"hog_2010":346,"viv_habitadas":332,"viv_2010":429,"viv_total":400,"viv_deshabitadas":67,"viv_temporal":0,"vph_1dor":100,"vph_2mas_dor":232,"escolaridad":8.06,"pea":583,"solteros":345,"casados":498,"separados":148,"prom_hnv":2.5,"pob_0_14":333,"pob_15_24":220,"pob_25_59":539,"pob_60mas":167,"area_km2":0.7073,"crec_pct_pob":-0.1516,"crec_abs_hog":-14,"pct_pea":46.31,"pct_0_14":26.45,"pct_15_24":17.47,"pct_25_59":42.81,"pct_60mas":13.26,"crec_pct_hog":-4.05,"nse_ab":7,"nse_cmas":13,"nse_c":44,"nse_cmenos":39,"nse_dmas":47,"nse_d":132,"nse_e":39,"nse_predominante":"D"},"geometry":{"type":"Polygon","coordinates":[[[-103.41831230393174,25.50699505192164],[-103.42024356472457,25.504366811534588],[-103.42047909488188,25.504151201272197],[-103.42072496483931,25.504334542469035],[-103.42343690487344,25.501362051247888],[-103.42406103465599,25.501943112017553],[-103.42505333389077,25.502098142995063],[-103.42710756353455,25.503145941555363],[-103.42776738244224,25.5029164331062],[-103.42793441252076,25.50300374279195],[-103.42831775296902,25.50367565186388],[-103.42832503291578,25.504651061474892],[-103.42961756327311,25.506394011109915],[-103.42560698251192,25.511483660321513],[-103.41831230393174,25.50699505192164]]]}},{"type":"Feature","properties":{"CVEGEO":"0503500014247","pob_total":0,"pob_2010":0,"pob_fem":0,"pob_mas":0,"hog_total":0,"hog_2010":0,"viv_habitadas":0,"viv_2010":0,"viv_total":0,"viv_deshabitadas":0,"viv_temporal":0,"vph_1dor":0,"vph_2mas_dor":0,"escolaridad":0.0,"pea":0,"solteros":0,"casados":0,"separados":0,"prom_hnv":0.0,"pob_0_14":0,"pob_15_24":0,"pob_25_59":0,"pob_60mas":0,"area_km2":3.98,"crec_pct_pob":null,"crec_abs_hog":0,"pct_pea":0.0,"pct_0_14":0.0,"pct_15_24":0.0,"pct_25_59":0.0,"pct_60mas":0.0,"crec_pct_hog":0.0,"nse_ab":null,"nse_cmas":null,"nse_c":null,"nse_cmenos":null,"nse_dmas":null,"nse_d":null,"nse_e":null,"nse_predominante":null},"geometry":{"type":"Polygon","coordinates":[[[-103.35066138971646,25.484887666135183],[-103.34829640221184,25.484503855030813],[-103.34891755135959,25.48175800413547],[-103.34555748304992,25.481202495212205],[-103.34674605179397,25.47650343509713],[-103.34868890821973,25.477735559302584],[-103.35604329267038,25.46859763761579],[-103.35368544970702,25.466526728101876],[-103.35443523785526,25.462469122917774],[-103.36313014785243,25.463864978998945],[-103.36301343189396,25.46643403274063],[-103.36075399791332,25.466255007422674],[-103.3605273186744,25.469409813556513],[-103.36414695878435,25.469652318084425],[-103.36401277300897,25.47050660082714],[-103.36512053513674,25.47068417744395],[-103.36606870579203,25.471656057637748],[-103.36652951430969,25.47127593827955],[-103.36783669817915,25.47099602091962],[-103.36732888265328,25.468708470431448],[-103.37252880555394,25.46785445259404],[-103.37569320297503,25.470702578001344],[-103.377183161752,25.47231491852916],[-103.37469258663724,25.474845496886136],[-103.37832428346798,25.478323622678506],[-103.37615248338125,25.480591317538508],[-103.37810119246835,25.482257767909065],[-103.37731426279176,25.4830912059738],[-103.37111445434105,25.478428688504852],[-103.36998550475269,25.47951037593909],[-103.3681750650588,25.47835787713244],[-103.36468019510971,25.475566347958996],[-103.36235434596097,25.4779461077954],[-103.36193306643081,25.477740886935745],[-103.3585079330184,25.481442197802956],[-103.35847143546259,25.482169406258024],[-103.35739933864733,25.48327423569143],[-103.35694639941752,25.483105035264074],[-103.356083109208,25.486680783412105],[-103.35260793706622,25.484774565921658],[-103.3519308700864,25.48458062120203],[-103.35059106831835,25.489475342877345],[-103.34947029765857,25.48919016123279],[-103.35066138971646,25.484887666135183]]]}},{"type":"Feature","properties":{"CVEGEO":"0503500014228","pob_total":2761,"pob_2010":2180,"pob_fem":1365,"pob_mas":1396,"hog_total":823,"hog_2010":591,"viv_habitadas":823,"viv_2010":1156,"viv_total":1192,"viv_deshabitadas":326,"viv_temporal":43,"vph_1dor":192,"vph_2mas_dor":626,"escolaridad":8.47,"pea":1329,"solteros":502,"casados":1215,"separados":269,"prom_hnv":2.17,"pob_0_14":955,"pob_15_24":521,"pob_25_59":1181,"pob_60mas":104,"area_km2":0.6599,"crec_pct_pob":0.2665,"crec_abs_hog":232,"pct_pea":48.13,"pct_0_14":34.59,"pct_15_24":18.87,"pct_25_59":42.77,"pct_60mas":3.77,"crec_pct_hog":39.26,"nse_ab":3,"nse_cmas":13,"nse_c":73,"nse_cmenos":107,"nse_dmas":143,"nse_d":366,"nse_e":117,"nse_predominante":"D"},"geometry":{"type":"Polygon","coordinates":[[[-103.35656047991378,25.491116091965356],[-103.35646412006855,25.488874052367983],[-103.35598815024822,25.487096984302983],[-103.35701688983164,25.48303488359579],[-103.36446002832179,25.48777349387331],[-103.36554657720528,25.48860615318849],[-103.36580134800889,25.48896678363865],[-103.35639788009635,25.495106171854285],[-103.35656047991378,25.491116091965356]]]}},{"type":"Feature","properties":{"CVEGEO":"050350001112A","pob_total":3244,"pob_2010":3120,"pob_fem":1672,"pob_mas":1572,"hog_total":862,"hog_2010":794,"viv_habitadas":862,"viv_2010":901,"viv_total":978,"viv_deshabitadas":91,"viv_temporal":25,"vph_1dor":257,"vph_2mas_dor":600,"escolaridad":8.67,"pea":1776,"solteros":815,"casados":1370,"separados":320,"prom_hnv":2.23,"pob_0_14":891,"pob_15_24":582,"pob_25_59":1418,"pob_60mas":353,"area_km2":0.3844,"crec_pct_pob":0.0397,"crec_abs_hog":68,"pct_pea":54.75,"pct_0_14":27.47,"pct_15_24":17.94,"pct_25_59":43.71,"pct_60mas":10.88,"crec_pct_hog":8.56,"nse_ab":6,"nse_cmas":52,"nse_c":107,"nse_cmenos":155,"nse_dmas":167,"nse_d":306,"nse_e":51,"nse_predominante":"D"},"geometry":{"type":"Polygon","coordinates":[[[-103.42072496483931,25.504334542469035],[-103.4147910161863,25.499744883265794],[-103.41790306597471,25.496460651737156],[-103.41807318503528,25.49652763328103],[-103.4184191357463,25.49628835409911],[-103.41876704716961,25.496452628435875],[-103.41919826567397,25.49634888604445],[-103.42129606023992,25.49550844189419],[-103.42137028958474,25.495688200510607],[-103.42043020553243,25.496242996082373],[-103.41912613527069,25.496705543733952],[-103.42114456534027,25.498303172884814],[-103.42044107492762,25.49906529218415],[-103.42343690487344,25.501362051247888],[-103.42072496483931,25.504334542469035]]]}},{"type":"Feature","properties":{"CVEGEO":"0503500013643","pob_total":257,"pob_2010":222,"pob_fem":127,"pob_mas":130,"hog_total":68,"hog_2010":56,"viv_habitadas":68,"viv_2010":67,"viv_total":76,"viv_deshabitadas":7,"viv_temporal":0,"vph_1dor":29,"vph_2mas_dor":39,"escolaridad":8.03,"pea":165,"solteros":53,"casados":120,"separados":14,"prom_hnv":2.23,"pob_0_14":89,"pob_15_24":47,"pob_25_59":105,"pob_60mas":16,"area_km2":0.0246,"crec_pct_pob":0.1577,"crec_abs_hog":12,"pct_pea":64.2,"pct_0_14":34.63,"pct_15_24":18.29,"pct_25_59":40.86,"pct_60mas":6.23,"crec_pct_hog":21.43,"nse_ab":0,"nse_cmas":null,"nse_c":7,"nse_cmenos":8,"nse_dmas":14,"nse_d":32,"nse_e":6,"nse_predominante":"D"},"geometry":{"type":"Polygon","coordinates":[[[-103.42114456534027,25.498303172884814],[-103.42031916421683,25.497660712724976],[-103.41912613527069,25.496705543733952],[-103.41978111126745,25.49654804075321],[-103.42120043648804,25.495783222081783],[-103.42090639604322,25.497017564626542],[-103.42050202562457,25.497461931486523],[-103.4207187750957,25.49762046068343],[-103.42123239268126,25.497525306594614],[-103.4212637038518,25.49781486339917],[-103.4215461044378,25.497822653851856],[-103.42114456534027,25.498303172884814]]]}},{"type":"Feature","properties":{"CVEGEO":"0503500014092","pob_total":3570,"pob_2010":2185,"pob_fem":1795,"pob_mas":1775,"hog_total":1055,"hog_2010":631,"viv_habitadas":1055,"viv_2010":1342,"viv_total":1329,"viv_deshabitadas":244,"viv_temporal":30,"vph_1dor":148,"vph_2mas_dor":906,"escolaridad":13.38,"pea":1800,"solteros":861,"casados":1614,"separados":207,"prom_hnv":1.61,"pob_0_14":1098,"pob_15_24":516,"pob_25_59":1809,"pob_60mas":147,"area_km2":1.4892,"crec_pct_pob":0.6339,"crec_abs_hog":424,"pct_pea":50.42,"pct_0_14":30.76,"pct_15_24":14.45,"pct_25_59":50.67,"pct_60mas":4.12,"crec_pct_hog":67.19,"nse_ab":246,"nse_cmas":305,"nse_c":191,"nse_cmenos":127,"nse_dmas":94,"nse_d":85,"nse_e":5,"nse_predominante":"C+"},"geometry":{"type":"Polygon","coordinates":[[[-103.32869781436867,25.534707284608448],[-103.31378791733962,25.534721793425387],[-103.3162992986431,25.524927445215976],[-103.32061228775534,25.525720605527155],[-103.32792374546551,25.523586934772677],[-103.32831346516167,25.524475504653715],[-103.32831578546343,25.525707776613686],[-103.3287051849469,25.528357346206988],[-103.32869781436867,25.534707284608448]]]}},{"type":"Feature","properties":{"CVEGEO":"0503500014105","pob_total":4833,"pob_2010":3997,"pob_fem":2455,"pob_mas":2378,"hog_total":1395,"hog_2010":705,"viv_habitadas":1395,"viv_2010":1965,"viv_total":1975,"viv_deshabitadas":448,"viv_temporal":132,"vph_1dor":208,"vph_2mas_dor":1183,"escolaridad":10.48,"pea":2293,"solteros":1107,"casados":2081,"separados":389,"prom_hnv":1.9,"pob_0_14":1574,"pob_15_24":848,"pob_25_59":2208,"pob_60mas":203,"area_km2":0.4148,"crec_pct_pob":0.2092,"crec_abs_hog":690,"pct_pea":47.44,"pct_0_14":32.57,"pct_15_24":17.55,"pct_25_59":45.69,"pct_60mas":4.2,"crec_pct_hog":97.87,"nse_ab":35,"nse_cmas":152,"nse_c":228,"nse_cmenos":313,"nse_dmas":278,"nse_d":355,"nse_e":31,"nse_predominante":"D"},"geometry":{"type":"Polygon","coordinates":[[[-103.3162992986431,25.524927445215976],[-103.31738229770012,25.52070319597623],[-103.32145403699597,25.521496706133604],[-103.32375535693801,25.521653595883397],[-103.32805986575231,25.52242456673923],[-103.32784794549188,25.523352246195554],[-103.32792374546551,25.523586934772677],[-103.32094857711611,25.52566576538235],[-103.32061228775534,25.525720605527155],[-103.3162992986431,25.524927445215976]]]}},{"type":"Feature","properties":{"CVEGEO":"0503500014285","pob_total":6930,"pob_2010":2265,"pob_fem":3528,"pob_mas":3402,"hog_total":2020,"hog_2010":652,"viv_habitadas":2020,"viv_2010":1108,"viv_total":2705,"viv_deshabitadas":536,"viv_temporal":149,"vph_1dor":508,"vph_2mas_dor":1512,"escolaridad":11.21,"pea":3203,"solteros":1422,"casados":3045,"separados":421,"prom_hnv":1.84,"pob_0_14":2448,"pob_15_24":961,"pob_25_59":3304,"pob_60mas":217,"area_km2":0.6076,"crec_pct_pob":2.0596,"crec_abs_hog":1368,"pct_pea":46.22,"pct_0_14":35.32,"pct_15_24":13.87,"pct_25_59":47.68,"pct_60mas":3.13,"crec_pct_hog":209.82,"nse_ab":130,"nse_cmas":320,"nse_c":310,"nse_cmenos":372,"nse_dmas":344,"nse_d":517,"nse_e":19,"nse_predominante":"D"},"geometry":{"type":"Polygon","coordinates":[[[-103.31020649924709,25.547988790274044],[-103.3105926894816,25.54718051093789],[-103.31154506850679,25.54346733176281],[-103.32203220625554,25.543273762175176],[-103.32125226589734,25.546428839978905],[-103.32086380656462,25.54641999160647],[-103.32078208620871,25.548919161529085],[-103.3192699868868,25.54902495837138],[-103.31787992716207,25.548738791463922],[-103.31110104879713,25.548233078107813],[-103.31020649924709,25.547988790274044]]]}},{"type":"Feature","properties":{"CVEGEO":"050350001429A","pob_total":2756,"pob_2010":1556,"pob_fem":1410,"pob_mas":1346,"hog_total":808,"hog_2010":441,"viv_habitadas":808,"viv_2010":826,"viv_total":1172,"viv_deshabitadas":335,"viv_temporal":29,"vph_1dor":174,"vph_2mas_dor":634,"escolaridad":11.3,"pea":1303,"solteros":652,"casados":1160,"separados":196,"prom_hnv":1.81,"pob_0_14":902,"pob_15_24":498,"pob_25_59":1236,"pob_60mas":120,"area_km2":0.5271,"crec_pct_pob":0.7712,"crec_abs_hog":367,"pct_pea":47.28,"pct_0_14":32.73,"pct_15_24":18.07,"pct_25_59":44.85,"pct_60mas":4.35,"crec_pct_hog":83.22,"nse_ab":42,"nse_cmas":119,"nse_c":150,"nse_cmenos":151,"nse_dmas":142,"nse_d":152,"nse_e":16,"nse_predominante":"D"},"geometry":{"type":"Polygon","coordinates":[[[-103.31154506850679,25.54346733176281],[-103.31378791733962,25.534721793425387],[-103.31677315807048,25.534736671284517],[-103.3188472074539,25.54103562322329],[-103.31923137728067,25.543245643502452],[-103.31154506850679,25.54346733176281]]]}},{"type":"Feature","properties":{"CVEGEO":"0503500012344","pob_total":1633,"pob_2010":925,"pob_fem":852,"pob_mas":781,"hog_total":479,"hog_2010":239,"viv_habitadas":479,"viv_2010":295,"viv_total":588,"viv_deshabitadas":97,"viv_temporal":12,"vph_1dor":52,"vph_2mas_dor":427,"escolaridad":14.06,"pea":816,"solteros":515,"casados":739,"separados":119,"prom_hnv":1.44,"pob_0_14":364,"pob_15_24":302,"pob_25_59":825,"pob_60mas":142,"area_km2":1.2409,"crec_pct_pob":0.7654,"crec_abs_hog":240,"pct_pea":49.97,"pct_0_14":22.29,"pct_15_24":18.49,"pct_25_59":50.52,"pct_60mas":8.7,"crec_pct_hog":100.42,"nse_ab":220,"nse_cmas":142,"nse_c":55,"nse_cmenos":32,"nse_dmas":9,"nse_d":13,"nse_e":null,"nse_predominante":"A/B"},"geometry":{"type":"Polygon","coordinates":[[[-103.40078242422314,25.60168453530229],[-103.39881007700973,25.601372133013705],[-103.39830961643698,25.600594637667857],[-103.39819573739732,25.597503999710852],[-103.39694660857526,25.597528452719356],[-103.39701724527642,25.600825818429705],[-103.39469578064609,25.60084570718592],[-103.39742779992892,25.60397529905084],[-103.39350177067294,25.606482603602725],[-103.38855372997732,25.600476291111715],[-103.39178587784238,25.598049703425822],[-103.39167327850785,25.59762146336663],[-103.38748230984181,25.59778024288676],[-103.38786883867765,25.596682250735594],[-103.3874309680891,25.59643612078288],[-103.39006079958544,25.592649125012144],[-103.39754267684738,25.596416983452418],[-103.39927107708982,25.59669658434828],[-103.40173796644231,25.596702642963585],[-103.40217243719725,25.5969011635772],[-103.40225341629557,25.59726629376628],[-103.40307550634394,25.597301992978817],[-103.40093730654488,25.602941672773845],[-103.39994443055151,25.60905399853217],[-103.39839140329053,25.609089571588342],[-103.39885327451127,25.605408405696163],[-103.39773988861401,25.60532224563644],[-103.39767831345206,25.60513256311145],[-103.39700916082887,25.604752305077202],[-103.39731295067101,25.604175164149346],[-103.39869950730034,25.603962418921462],[-103.39881794673425,25.60357461985302],[-103.3998537029749,25.603438377201794],[-103.39977538384916,25.602793524573034],[-103.40051346552987,25.602725151480573],[-103.40078242422314,25.60168453530229]]]}},{"type":"Feature","properties":{"CVEGEO":"0503500014463","pob_total":477,"pob_2010":5,"pob_fem":246,"pob_mas":231,"hog_total":135,"hog_2010":0,"viv_habitadas":135,"viv_2010":13,"viv_total":152,"viv_deshabitadas":14,"viv_temporal":3,"vph_1dor":20,"vph_2mas_dor":115,"escolaridad":15.34,"pea":229,"solteros":107,"casados":239,"separados":18,"prom_hnv":1.54,"pob_0_14":132,"pob_15_24":63,"pob_25_59":243,"pob_60mas":39,"area_km2":0.655,"crec_pct_pob":94.4,"crec_abs_hog":135,"pct_pea":48.01,"pct_0_14":27.67,"pct_15_24":13.21,"pct_25_59":50.94,"pct_60mas":8.18,"crec_pct_hog":0.0,"nse_ab":87,"nse_cmas":40,"nse_c":5,"nse_cmenos":null,"nse_dmas":null,"nse_d":0,"nse_e":0,"nse_predominante":"A/B"},"geometry":{"type":"Polygon","coordinates":[[[-103.4077855351698,25.62391951399979],[-103.40680710541915,25.624120475983343],[-103.40647454394636,25.622917173541524],[-103.4077646859676,25.622730953263602],[-103.4072818901071,25.621113004007995],[-103.4066552644794,25.621214439801513],[-103.40611996501485,25.619623179098788],[-103.41003659479205,25.618505869651145],[-103.41028646379343,25.61880374922624],[-103.41271438364393,25.617791158466115],[-103.41295874459246,25.616906140957],[-103.4142355027827,25.617476276837934],[-103.41729327630647,25.61791999905908],[-103.41811950454675,25.618168949840115],[-103.41704988955847,25.623837924809486],[-103.41559911504493,25.62346614253244],[-103.4145304044955,25.62343986892219],[-103.41451103310027,25.62319456221986],[-103.413847932136,25.623142728287185],[-103.41209333412878,25.623313989445677],[-103.41021616348982,25.623927029277223],[-103.40783975453213,25.62434115459858],[-103.4077855351698,25.62391951399979]]]}},{"type":"Feature","properties":{"CVEGEO":"0503500014675","pob_total":4118,"pob_2010":0,"pob_fem":2081,"pob_mas":2037,"hog_total":1203,"hog_2010":0,"viv_habitadas":1203,"viv_2010":0,"viv_total":1814,"viv_deshabitadas":456,"viv_temporal":155,"vph_1dor":262,"vph_2mas_dor":940,"escolaridad":10.74,"pea":1990,"solteros":674,"casados":1905,"separados":208,"prom_hnv":1.7,"pob_0_14":1524,"pob_15_24":684,"pob_25_59":1823,"pob_60mas":87,"area_km2":0.5958,"crec_pct_pob":null,"crec_abs_hog":1203,"pct_pea":48.32,"pct_0_14":37.01,"pct_15_24":16.61,"pct_25_59":44.27,"pct_60mas":2.11,"crec_pct_hog":0.0,"nse_ab":27,"nse_cmas":87,"nse_c":204,"nse_cmenos":277,"nse_dmas":290,"nse_d":301,"nse_e":9,"nse_predominante":"D"},"geometry":{"type":"Polygon","coordinates":[[[-103.33443301287902,25.554538619056117],[-103.33770263517881,25.554124087319266],[-103.33764017442078,25.552970048102164],[-103.33698454141535,25.551076280881713],[-103.33872273824262,25.55033966217581],[-103.3400424810847,25.55001722053741],[-103.34264215123541,25.549856172287054],[-103.34300414736279,25.5499822393224],[-103.3430047808116,25.553936110090696],[-103.34085990912297,25.553901669006233],[-103.3408401858369,25.557673568828495],[-103.34235352309175,25.55767000057842],[-103.34298013092786,25.55794642809847],[-103.34298407971566,25.5598995552397],[-103.3418105736817,25.559511736330744],[-103.33897645821676,25.56026988124752],[-103.33891405867632,25.55989756540017],[-103.33835813622308,25.559912402782984],[-103.33839822387897,25.557677843930332],[-103.33441246280893,25.557566533845684],[-103.33443301287902,25.554538619056117]]]}},{"type":"Feature","properties":{"CVEGEO":"0503500014406","pob_total":5035,"pob_2010":1294,"pob_fem":2564,"pob_mas":2471,"hog_total":1481,"hog_2010":349,"viv_habitadas":1481,"viv_2010":1183,"viv_total":2178,"viv_deshabitadas":628,"viv_temporal":69,"vph_1dor":344,"vph_2mas_dor":1137,"escolaridad":9.79,"pea":2427,"solteros":1021,"casados":2163,"separados":413,"prom_hnv":1.99,"pob_0_14":1714,"pob_15_24":868,"pob_25_59":2259,"pob_60mas":194,"area_km2":0.5576,"crec_pct_pob":2.891,"crec_abs_hog":1132,"pct_pea":48.2,"pct_0_14":34.04,"pct_15_24":17.24,"pct_25_59":44.87,"pct_60mas":3.85,"crec_pct_hog":324.36,"nse_ab":19,"nse_cmas":90,"nse_c":183,"nse_cmenos":248,"nse_dmas":337,"nse_d":557,"nse_e":42,"nse_predominante":"D"},"geometry":{"type":"Polygon","coordinates":[[[-103.3148894171775,25.551331340691544],[-103.3114080191296,25.55123402616889],[-103.31155885484716,25.549512141265044],[-103.30984452902749,25.54939818517857],[-103.31020649924709,25.547988790274044],[-103.31110104879713,25.548233078107813],[-103.31787992716207,25.548738791463922],[-103.3192699868868,25.54902495837138],[-103.32026048688877,25.54896324077963],[-103.32062538593654,25.551310559892002],[-103.32082254619317,25.551308871081723],[-103.32086471695314,25.55205864147747],[-103.32627381485152,25.55218121982565],[-103.32656891528696,25.555494339420378],[-103.32584674498953,25.55570830970966],[-103.32095501642111,25.553797560396433],[-103.32094546694793,25.554137360916126],[-103.3179056969232,25.552965971183532],[-103.3148894171775,25.551331340691544]]]}},{"type":"Feature","properties":{"CVEGEO":"0503500013997","pob_total":455,"pob_2010":119,"pob_fem":245,"pob_mas":210,"hog_total":123,"hog_2010":33,"viv_habitadas":123,"viv_2010":55,"viv_total":147,"viv_deshabitadas":20,"viv_temporal":4,"vph_1dor":18,"vph_2mas_dor":105,"escolaridad":14.15,"pea":215,"solteros":147,"casados":210,"separados":19,"prom_hnv":1.33,"pob_0_14":106,"pob_15_24":97,"pob_25_59":237,"pob_60mas":15,"area_km2":0.3781,"crec_pct_pob":2.8235,"crec_abs_hog":90,"pct_pea":47.25,"pct_0_14":23.3,"pct_15_24":21.32,"pct_25_59":52.09,"pct_60mas":3.3,"crec_pct_hog":272.73,"nse_ab":41,"nse_cmas":55,"nse_c":20,"nse_cmenos":null,"nse_dmas":null,"nse_d":null,"nse_e":0,"nse_predominante":"C+"},"geometry":{"type":"Polygon","coordinates":[[[-103.42272818446978,25.60603658740596],[-103.41451496129905,25.604498285486056],[-103.41637626264264,25.60179855332082],[-103.41816226155917,25.60006083342654],[-103.42298381201141,25.60090407255765],[-103.42251335616828,25.603171674215005],[-103.42436659161561,25.603516062042047],[-103.42412004056168,25.60476283270578],[-103.4199116628291,25.604104132503323],[-103.42209167914528,25.605219610104523],[-103.42272818446978,25.60603658740596]]]}},{"type":"Feature","properties":{"CVEGEO":"0503500013770","pob_total":6128,"pob_2010":4567,"pob_fem":3079,"pob_mas":3049,"hog_total":1711,"hog_2010":1179,"viv_habitadas":1711,"viv_2010":1876,"viv_total":1990,"viv_deshabitadas":198,"viv_temporal":81,"vph_1dor":327,"vph_2mas_dor":1384,"escolaridad":10.08,"pea":2915,"solteros":1555,"casados":2721,"separados":363,"prom_hnv":1.82,"pob_0_14":1905,"pob_15_24":1240,"pob_25_59":2755,"pob_60mas":228,"area_km2":0.5806,"crec_pct_pob":0.3418,"crec_abs_hog":532,"pct_pea":47.57,"pct_0_14":31.09,"pct_15_24":20.23,"pct_25_59":44.96,"pct_60mas":3.72,"crec_pct_hog":45.12,"nse_ab":47,"nse_cmas":149,"nse_c":260,"nse_cmenos":340,"nse_dmas":342,"nse_d":517,"nse_e":42,"nse_predominante":"D"},"geometry":{"type":"Polygon","coordinates":[[[-103.36487065523174,25.604440292184503],[-103.36437239247287,25.604399524903304],[-103.36352420292546,25.602973209082712],[-103.36392234528587,25.602691891578345],[-103.36471380503714,25.60117506257877],[-103.36727290498068,25.601028262480657],[-103.36719522428105,25.598566531490665],[-103.36952833375908,25.598496854440725],[-103.36954615540513,25.596428986136925],[-103.37121949840005,25.59656163354463],[-103.37274257885068,25.596463075441033],[-103.37290309609128,25.598396442184022],[-103.37350308282545,25.598373491195492],[-103.36861904455161,25.607655530215684],[-103.36815370285503,25.607476300083825],[-103.3684979033088,25.606814101284275],[-103.36605613345313,25.60573467075796],[-103.3663974744753,25.60503835084192],[-103.36487065523174,25.604440292184503]]]}},{"type":"Feature","properties":{"CVEGEO":"0503500010013","pob_total":0,"pob_2010":0,"pob_fem":0,"pob_mas":0,"hog_total":0,"hog_2010":0,"viv_habitadas":0,"viv_2010":0,"viv_total":11,"viv_deshabitadas":0,"viv_temporal":0,"vph_1dor":0,"vph_2mas_dor":0,"escolaridad":0.0,"pea":0,"solteros":0,"casados":0,"separados":0,"prom_hnv":0.0,"pob_0_14":0,"pob_15_24":0,"pob_25_59":0,"pob_60mas":0,"area_km2":0.1229,"crec_pct_pob":null,"crec_abs_hog":0,"pct_pea":0.0,"pct_0_14":0.0,"pct_15_24":0.0,"pct_25_59":0.0,"pct_60mas":0.0,"crec_pct_hog":0.0,"nse_ab":null,"nse_cmas":null,"nse_c":null,"nse_cmenos":null,"nse_dmas":null,"nse_d":null,"nse_e":null,"nse_predominante":null},"geometry":{"type":"Polygon","coordinates":[[[-103.35654687854574,25.575139175313883],[-103.35657906452491,25.574500450282184],[-103.35639131175776,25.57440367283609],[-103.35623037839524,25.57304395140981],[-103.35524332511011,25.573053628947864],[-103.35500729169375,25.574432706561904],[-103.35460496043993,25.57442786649533],[-103.35500192788027,25.5727536165196],[-103.35648250583075,25.57274393995995],[-103.35671317619465,25.57378430062366],[-103.35715305749173,25.57200842398511],[-103.35841906052988,25.57196971222083],[-103.35975480037308,25.572226175061974],[-103.35984063151487,25.571950356096895],[-103.36051654793849,25.5721971411506],[-103.36077403882369,25.573518161807016],[-103.3590735184664,25.573343962166426],[-103.35887503645351,25.573552035100604],[-103.35991573204343,25.574302058069012],[-103.35996401193687,25.57457787158186],[-103.35817229577867,25.575144014026527],[-103.35654687854574,25.575139175313883]]]}},{"type":"Feature","properties":{"CVEGEO":"0503500013978","pob_total":2098,"pob_2010":1142,"pob_fem":1039,"pob_mas":1059,"hog_total":578,"hog_2010":300,"viv_habitadas":578,"viv_2010":425,"viv_total":749,"viv_deshabitadas":150,"viv_temporal":21,"vph_1dor":128,"vph_2mas_dor":450,"escolaridad":12.31,"pea":972,"solteros":496,"casados":981,"separados":133,"prom_hnv":1.81,"pob_0_14":617,"pob_15_24":363,"pob_25_59":1006,"pob_60mas":112,"area_km2":1.0009,"crec_pct_pob":0.8371,"crec_abs_hog":278,"pct_pea":46.33,"pct_0_14":29.41,"pct_15_24":17.3,"pct_25_59":47.95,"pct_60mas":5.34,"crec_pct_hog":92.67,"nse_ab":194,"nse_cmas":86,"nse_c":47,"nse_cmenos":36,"nse_dmas":62,"nse_d":127,"nse_e":25,"nse_predominante":"A/B"},"geometry":{"type":"Polygon","coordinates":[[[-103.37153289099267,25.596541355895184],[-103.36907388006502,25.596513112325038],[-103.36914293478596,25.59334869414184],[-103.36763539344918,25.59356906370226],[-103.36762607269793,25.592626411849874],[-103.36397941086047,25.59236413159208],[-103.36397414494672,25.592172383266636],[-103.36136971609565,25.592118463991355],[-103.36154753627254,25.587533793329698],[-103.37806160175806,25.587800894131355],[-103.37807294255613,25.590600035227265],[-103.37798905096038,25.590753764336814],[-103.37784479164479,25.59071398471129],[-103.37773144200803,25.59131736299021],[-103.3752136734835,25.59059646409115],[-103.37398213194673,25.59127087363907],[-103.3749141432318,25.59394873445243],[-103.3733005136977,25.594493662890777],[-103.37145127689726,25.59462974585931],[-103.37153289099267,25.596541355895184]]]}},{"type":"Feature","properties":{"CVEGEO":"050350178055A","pob_total":2800,"pob_2010":2795,"pob_fem":1427,"pob_mas":1373,"hog_total":726,"hog_2010":691,"viv_habitadas":726,"viv_2010":771,"viv_total":839,"viv_deshabitadas":78,"viv_temporal":35,"vph_1dor":176,"vph_2mas_dor":548,"escolaridad":8.99,"pea":1253,"solteros":718,"casados":1169,"separados":344,"prom_hnv":2.43,"pob_0_14":688,"pob_15_24":487,"pob_25_59":1219,"pob_60mas":406,"area_km2":0.8352,"crec_pct_pob":0.0018,"crec_abs_hog":35,"pct_pea":44.75,"pct_0_14":24.57,"pct_15_24":17.39,"pct_25_59":43.54,"pct_60mas":14.5,"crec_pct_hog":5.07,"nse_ab":27,"nse_cmas":83,"nse_c":93,"nse_cmenos":105,"nse_dmas":130,"nse_d":226,"nse_e":56,"nse_predominante":"D"},"geometry":{"type":"Polygon","coordinates":[[[-103.2963072208371,25.594428591710162],[-103.29753094999596,25.58902592327206],[-103.29569778092608,25.588438842234435],[-103.29651550107603,25.58620710302703],[-103.29957900994465,25.5868091239896],[-103.30022468936171,25.58311724334863],[-103.30177870009933,25.583311563394002],[-103.30148245025258,25.58457556923048],[-103.30288910870277,25.584741092735648],[-103.30192229004402,25.589231992699037],[-103.3033257182138,25.589520243345074],[-103.30341563963309,25.589042672808095],[-103.3049060985477,25.589353433415987],[-103.304614128499,25.590471663397572],[-103.30741117724392,25.591377062008863],[-103.30734043866777,25.59160195334269],[-103.30888091747569,25.591776692257078],[-103.30881508948148,25.59201102073657],[-103.31233115636427,25.592676812019103],[-103.31249869645139,25.591929502191988],[-103.3136310672385,25.59214649325075],[-103.31381666405376,25.591754462309233],[-103.3163330653185,25.592178982952746],[-103.31570149673368,25.594807262998692],[-103.30380034862783,25.59089898255451],[-103.30266448978612,25.59031218367039],[-103.30253872004192,25.590718102515094],[-103.30370657908425,25.591115992775254],[-103.302717408997,25.5947211568036],[-103.30069897875458,25.594193762444046],[-103.30041469039972,25.595351641546397],[-103.2963072208371,25.594428591710162]]]}},{"type":"Feature","properties":{"CVEGEO":"0503500013592","pob_total":4401,"pob_2010":4360,"pob_fem":2287,"pob_mas":2114,"hog_total":1322,"hog_2010":1148,"viv_habitadas":1322,"viv_2010":1574,"viv_total":1551,"viv_deshabitadas":202,"viv_temporal":27,"vph_1dor":175,"vph_2mas_dor":1146,"escolaridad":10.92,"pea":2175,"solteros":1405,"casados":1816,"separados":333,"prom_hnv":1.8,"pob_0_14":1107,"pob_15_24":930,"pob_25_59":2091,"pob_60mas":273,"area_km2":0.3429,"crec_pct_pob":0.0094,"crec_abs_hog":174,"pct_pea":49.42,"pct_0_14":25.15,"pct_15_24":21.13,"pct_25_59":47.51,"pct_60mas":6.2,"crec_pct_hog":15.16,"nse_ab":68,"nse_cmas":195,"nse_c":292,"nse_cmenos":256,"nse_dmas":244,"nse_d":244,"nse_e":16,"nse_predominante":"C"},"geometry":{"type":"Polygon","coordinates":[[[-103.35278036882649,25.554363740799165],[-103.35290391837053,25.55038036093273],[-103.3537670077795,25.550376842288454],[-103.35379537855654,25.547956602974562],[-103.35503622309172,25.547962546938148],[-103.35493898029476,25.547558200039745],[-103.3554027389411,25.547558315688093],[-103.35559759762045,25.54756929007773],[-103.35559034864254,25.54803651204423],[-103.35704810842086,25.548060732496126],[-103.35739054697076,25.549097271603976],[-103.35774679795519,25.549586671089354],[-103.359499026867,25.550990301346427],[-103.3564757687358,25.553064531721848],[-103.35754613789746,25.554699560893265],[-103.35553640767627,25.555702671402983],[-103.35478377763556,25.55395197151995],[-103.35278036882649,25.554363740799165]]]}},{"type":"Feature","properties":{"CVEGEO":"0503500014355","pob_total":4486,"pob_2010":3634,"pob_fem":2282,"pob_mas":2204,"hog_total":1313,"hog_2010":920,"viv_habitadas":1313,"viv_2010":1244,"viv_total":1487,"viv_deshabitadas":137,"viv_temporal":37,"vph_1dor":223,"vph_2mas_dor":1090,"escolaridad":11.69,"pea":2151,"solteros":1337,"casados":1843,"separados":375,"prom_hnv":1.73,"pob_0_14":1217,"pob_15_24":948,"pob_25_59":2129,"pob_60mas":192,"area_km2":0.3936,"crec_pct_pob":0.2345,"crec_abs_hog":393,"pct_pea":47.95,"pct_0_14":27.13,"pct_15_24":21.13,"pct_25_59":47.46,"pct_60mas":4.28,"crec_pct_hog":42.72,"nse_ab":99,"nse_cmas":232,"nse_c":295,"nse_cmenos":263,"nse_dmas":204,"nse_d":207,"nse_e":11,"nse_predominante":"C"},"geometry":{"type":"Polygon","coordinates":[[[-103.36111674781415,25.54987904107903],[-103.359499026867,25.550990301346427],[-103.35774679795519,25.549586671089354],[-103.35739054697076,25.549097271603976],[-103.35704810842086,25.548060732496126],[-103.35559034864254,25.54803651204423],[-103.35559759762045,25.54756929007773],[-103.35493898029476,25.547558200039745],[-103.35503622309172,25.547962546938148],[-103.35379537855654,25.547956602974562],[-103.3537670077795,25.550376842288454],[-103.35290391837053,25.55038036093273],[-103.35298794918782,25.546531843177355],[-103.35341239853744,25.54653670237366],[-103.35340500841713,25.546728881528953],[-103.35746639861921,25.54677039307693],[-103.35791456685672,25.546102672345995],[-103.36077333656861,25.546517741944758],[-103.3609204465021,25.546733912775423],[-103.36311193550245,25.547006843348875],[-103.36321420702923,25.547247052528306],[-103.3634980255072,25.547245042104976],[-103.36564580513277,25.550049371404967],[-103.36411288572602,25.550938901503322],[-103.36307925602148,25.551101452523106],[-103.36199453651741,25.550731842598488],[-103.36111674781415,25.54987904107903]]]}},{"type":"Feature","properties":{"CVEGEO":"0503500010028","pob_total":56,"pob_2010":0,"pob_fem":34,"pob_mas":22,"hog_total":19,"hog_2010":0,"viv_habitadas":19,"viv_2010":0,"viv_total":59,"viv_deshabitadas":40,"viv_temporal":0,"vph_1dor":5,"vph_2mas_dor":14,"escolaridad":16.48,"pea":32,"solteros":9,"casados":30,"separados":3,"prom_hnv":1.04,"pob_0_14":16,"pob_15_24":3,"pob_25_59":37,"pob_60mas":0,"area_km2":0.0979,"crec_pct_pob":null,"crec_abs_hog":19,"pct_pea":57.14,"pct_0_14":28.57,"pct_15_24":5.36,"pct_25_59":66.07,"pct_60mas":0.0,"crec_pct_hog":0.0,"nse_ab":13,"nse_cmas":5,"nse_c":null,"nse_cmenos":0,"nse_dmas":0,"nse_d":0,"nse_e":0,"nse_predominante":"A/B"},"geometry":{"type":"Polygon","coordinates":[[[-103.36327848542896,25.57111435967641],[-103.3620071189418,25.570625621045064],[-103.36194006469758,25.5708893459958],[-103.3601617593583,25.57088450829269],[-103.35911033331107,25.569977194964647],[-103.36120782031573,25.569672336531625],[-103.36174426242765,25.568327077207435],[-103.3642333516946,25.569101328783326],[-103.36448011415838,25.570388510212172],[-103.36406169161647,25.57157890144256],[-103.36321411371225,25.571288562241996],[-103.36327848542896,25.57111435967641]]]}},{"type":"Feature","properties":{"CVEGEO":"0503500014694","pob_total":1118,"pob_2010":0,"pob_fem":586,"pob_mas":532,"hog_total":379,"hog_2010":0,"viv_habitadas":379,"viv_2010":0,"viv_total":603,"viv_deshabitadas":207,"viv_temporal":17,"vph_1dor":126,"vph_2mas_dor":252,"escolaridad":15.22,"pea":617,"solteros":234,"casados":598,"separados":61,"prom_hnv":1.21,"pob_0_14":263,"pob_15_24":123,"pob_25_59":685,"pob_60mas":47,"area_km2":0.4511,"crec_pct_pob":null,"crec_abs_hog":379,"pct_pea":55.19,"pct_0_14":23.52,"pct_15_24":11.0,"pct_25_59":61.27,"pct_60mas":4.2,"crec_pct_hog":0.0,"nse_ab":172,"nse_cmas":154,"nse_c":41,"nse_cmenos":7,"nse_dmas":3,"nse_d":null,"nse_e":0,"nse_predominante":"A/B"},"geometry":{"type":"Polygon","coordinates":[[[-103.3720656536042,25.58160329536342],[-103.37149050400951,25.58100298609466],[-103.37125505359722,25.58115210563884],[-103.37092886758657,25.581007268370307],[-103.37103883634535,25.580939529427685],[-103.37094495941075,25.580850015125492],[-103.37080816761556,25.580937109838825],[-103.36972691186872,25.579640206666994],[-103.36957550603817,25.57974193864887],[-103.36924559363665,25.579379039601488],[-103.36879415878563,25.57974630196581],[-103.3672664754121,25.577999667221448],[-103.36669849335061,25.577851692078042],[-103.36675278425497,25.577742426022485],[-103.36631998737774,25.57732248989872],[-103.36605976358624,25.577239797884218],[-103.362482468823,25.57899858680953],[-103.36227862160769,25.57866472148777],[-103.36278854895046,25.57818675529834],[-103.36290403622577,25.577922369112354],[-103.36275525179703,25.577643805821044],[-103.36320656990075,25.57742710248248],[-103.362697659835,25.57668297858071],[-103.36222290959432,25.577718465617696],[-103.36192116091412,25.577933789057518],[-103.36057938788407,25.57696967347878],[-103.36274744909856,25.57489474365428],[-103.36321608294436,25.575031592448685],[-103.36366862136622,25.573721627540845],[-103.36555152991056,25.573653883062384],[-103.36536913924066,25.572628036726606],[-103.36641824574231,25.57245335741558],[-103.36676388898648,25.57427809654209],[-103.36814522380153,25.573995023367498],[-103.36804598322334,25.573010312374496],[-103.36972504524957,25.573489360678764],[-103.36989134269427,25.575415219998014],[-103.3688023664256,25.57544425269475],[-103.36827665383147,25.57646039496906],[-103.36837898093283,25.577036272828803],[-103.36982465088937,25.578472822117735],[-103.37039864298134,25.578738948143485],[-103.3717449445204,25.578769861238296],[-103.37184418548361,25.580129518023842],[-103.37215169135024,25.580238558444552],[-103.37298530254286,25.581097878753457],[-103.37318574401401,25.58097146579005],[-103.37359277280764,25.581675935738744],[-103.3744592035285,25.582278016209806],[-103.37448428572912,25.58308016716377],[-103.3720656536042,25.58160329536342]]]}},{"type":"Feature","properties":{"CVEGEO":"050350001468A","pob_total":3663,"pob_2010":0,"pob_fem":1822,"pob_mas":1841,"hog_total":1071,"hog_2010":0,"viv_habitadas":1071,"viv_2010":0,"viv_total":1569,"viv_deshabitadas":478,"viv_temporal":20,"vph_1dor":324,"vph_2mas_dor":747,"escolaridad":9.51,"pea":1636,"solteros":530,"casados":1737,"separados":187,"prom_hnv":1.86,"pob_0_14":1354,"pob_15_24":727,"pob_25_59":1535,"pob_60mas":47,"area_km2":0.3005,"crec_pct_pob":null,"crec_abs_hog":1071,"pct_pea":44.66,"pct_0_14":36.96,"pct_15_24":19.85,"pct_25_59":41.91,"pct_60mas":1.28,"crec_pct_hog":0.0,"nse_ab":5,"nse_cmas":38,"nse_c":100,"nse_cmenos":160,"nse_dmas":299,"nse_d":459,"nse_e":10,"nse_predominante":"D"},"geometry":{"type":"Polygon","coordinates":[[[-103.35662085164017,25.58949149300798],[-103.35169899798743,25.58927619347454],[-103.35199538312149,25.585710358997073],[-103.35282016135258,25.585732130940265],[-103.35291839674773,25.584654376921037],[-103.35221452534397,25.584587395625494],[-103.35242076254431,25.583492847036716],[-103.35786539643976,25.585412796651728],[-103.35790797486335,25.58620114917946],[-103.35830460709784,25.586287938236303],[-103.35787478258078,25.58753562475846],[-103.35699904291675,25.587500546831443],[-103.35673886697147,25.58838111605278],[-103.35687834312418,25.58839321183719],[-103.35681933457136,25.589123787721917],[-103.35663694326449,25.589104435078838],[-103.35662085164017,25.58949149300798]]]}},{"type":"Feature","properties":{"CVEGEO":"0503501783709","pob_total":803,"pob_2010":575,"pob_fem":397,"pob_mas":406,"hog_total":187,"hog_2010":144,"viv_habitadas":187,"viv_2010":158,"viv_total":211,"viv_deshabitadas":19,"viv_temporal":5,"vph_1dor":46,"vph_2mas_dor":141,"escolaridad":9.28,"pea":356,"solteros":216,"casados":335,"separados":64,"prom_hnv":2.16,"pob_0_14":239,"pob_15_24":177,"pob_25_59":351,"pob_60mas":36,"area_km2":0.3148,"crec_pct_pob":0.3965,"crec_abs_hog":43,"pct_pea":44.33,"pct_0_14":29.76,"pct_15_24":22.04,"pct_25_59":43.71,"pct_60mas":4.48,"crec_pct_hog":29.86,"nse_ab":4,"nse_cmas":12,"nse_c":32,"nse_cmenos":25,"nse_dmas":38,"nse_d":61,"nse_e":15,"nse_predominante":"D"},"geometry":{"type":"Polygon","coordinates":[[[-103.30398982106891,25.586384855447843],[-103.30455761980447,25.584190333611975],[-103.30610820929604,25.584383433820232],[-103.30597852798249,25.584953793425907],[-103.30745481797777,25.5852295942601],[-103.30646489541148,25.589390922981885],[-103.30785683760371,25.589823472541994],[-103.30774797744157,25.59022050263845],[-103.30922881733137,25.59040956255336],[-103.3089957788613,25.591310472638337],[-103.31249869645139,25.591929502191988],[-103.31233115636427,25.592676812019103],[-103.30881508948148,25.59201102073657],[-103.30888091747569,25.591776692257078],[-103.30734043866777,25.59160195334269],[-103.30741117724392,25.591377062008863],[-103.304614128499,25.590471663397572],[-103.3049060985477,25.589353433415987],[-103.30341563963309,25.589042672808095],[-103.3033257182138,25.589520243345074],[-103.30192229004402,25.589231992699037],[-103.30252805825174,25.586191090075264],[-103.30398982106891,25.586384855447843]]]}}]}