{"type":"FeatureCollection","features":[{"type":"Feature","geometry":{"type":"MultiPolygon","coordinates":[[[[-103.43389,25.59237],[-103.43257,25.59061],[-103.43072,25.59235],[-103.43162,25.59271],[-103.43072,25.59235],[-103.43035,25.59305],[-103.43121,25.59345],[-103.43177,25.59249],[-103.43113,25.59352],[-103.43029,25.59318],[-103.42983,25.59398],[-103.43435,25.59437],[-103.43389,25.59237]]],[[[-103.42841,25.58616],[-103.42831,25.58544],[-103.43085,25.58172],[-103.42587,25.58376],[-103.42606,25.58515],[-103.42679,25.585],[-103.42712,25.58809],[-103.42832,25.58892],[-103.42911,25.58866],[-103.42841,25.58616]]],[[[-103.42858,25.58605],[-103.42902,25.58822],[-103.43112,25.58803],[-103.43194,25.58433],[-103.42982,25.58363],[-103.42858,25.58605]]],[[[-103.40527,25.54624],[-103.40571,25.54512],[-103.40491,25.54513],[-103.40527,25.54624]]],[[[-103.40552,25.54758],[-103.40569,25.54703],[-103.40523,25.54703],[-103.40498,25.54757],[-103.40552,25.54758]]],[[[-103.4053,25.55045],[-103.4057,25.54873],[-103.40446,25.54871],[-103.40367,25.55044],[-103.4053,25.55045]]],[[[-103.3736,25.53704],[-103.37362,25.53528],[-103.37216,25.53527],[-103.37212,25.53748],[-103.3736,25.53753],[-103.3736,25.53704]]],[[[-103.37359,25.53832],[-103.3736,25.53782],[-103.37213,25.53781],[-103.37212,25.53895],[-103.37358,25.53896],[-103.37359,25.53832]]],[[[-103.37284,25.54042],[-103.37357,25.54043],[-103.37358,25.53914],[-103.37213,25.53913],[-103.37212,25.54041],[-103.37284,25.54042]]],[[[-103.37216,25.54123],[-103.3721,25.54187],[-103.37356,25.54189],[-103.37357,25.54061],[-103.37211,25.54059],[-103.37216,25.54123]]],[[[-103.40904,25.54217],[-103.40904,25.54283],[-103.40988,25.54283],[-103.40987,25.54209],[-103.40904,25.54217]]],[[[-103.41043,25.54306],[-103.41008,25.54377],[-103.41088,25.54378],[-103.41093,25.54305],[-103.41043,25.54306]]],[[[-103.40924,25.54301],[-103.40903,25.54377],[-103.40987,25.54377],[-103.40988,25.54301],[-103.40924,25.54301]]],[[[-103.40877,25.54472],[-103.40883,25.543],[-103.40594,25.54299],[-103.40593,25.5447],[-103.40877,25.54472]]],[[[-103.40743,25.5428],[-103.40778,25.54014],[-103.40596,25.54012],[-103.40594,25.5428],[-103.40743,25.5428]]],[[[-103.40592,25.54528],[-103.40591,25.54661],[-103.40773,25.54664],[-103.40774,25.54491],[-103.40592,25.54528]]],[[[-103.40734,25.54682],[-103.40591,25.54681],[-103.4059,25.54757],[-103.40771,25.54758],[-103.40734,25.54682]]],[[[-103.40651,25.54838],[-103.40659,25.54778],[-103.40589,25.54777],[-103.40588,25.54837],[-103.40651,25.54838]]],[[[-103.37336,25.52886],[-103.37334,25.5296],[-103.37602,25.52628],[-103.37344,25.52626],[-103.37336,25.52886]]],[[[-103.36727,25.53019],[-103.37035,25.53023],[-103.3706,25.52922],[-103.36759,25.52908],[-103.3676,25.52823],[-103.36701,25.52815],[-103.36727,25.53019]]],[[[-103.36986,25.53304],[-103.37086,25.53305],[-103.37086,25.53213],[-103.37169,25.53214],[-103.37167,25.53044],[-103.3669,25.5304],[-103.36689,25.5321],[-103.36788,25.53211],[-103.36787,25.53302],[-103.36986,25.53304]]],[[[-103.36686,25.53437],[-103.36785,25.53438],[-103.36787,25.53302],[-103.36655,25.53301],[-103.36686,25.53437]]],[[[-103.36778,25.52856],[-103.37049,25.52894],[-103.37061,25.52824],[-103.36789,25.52811],[-103.36778,25.52856]]],[[[-103.3681,25.52795],[-103.37055,25.52795],[-103.37064,25.52717],[-103.36794,25.52705],[-103.3681,25.52795]]],[[[-103.3708,25.52827],[-103.37091,25.52894],[-103.37316,25.52887],[-103.37226,25.52815],[-103.3708,25.52827]]],[[[-103.37253,25.52773],[-103.37244,25.52826],[-103.37318,25.5283],[-103.37319,25.52778],[-103.37253,25.52773]]],[[[-103.37112,25.52798],[-103.3732,25.52721],[-103.37097,25.52709],[-103.37112,25.52798]]],[[[-103.37122,25.52693],[-103.37314,25.52693],[-103.37323,25.52622],[-103.3709,25.5262],[-103.37122,25.52693]]],[[[-103.37341,25.52463],[-103.36839,25.52456],[-103.36838,25.52605],[-103.37598,25.52611],[-103.379,25.52211],[-103.37355,25.52204],[-103.37341,25.52463]]],[[[-103.37076,25.52996],[-103.37278,25.53026],[-103.37317,25.52913],[-103.37102,25.5291],[-103.37076,25.52996]]],[[[-103.37045,25.52329],[-103.3704,25.52203],[-103.36941,25.52199],[-103.36942,25.52439],[-103.37039,25.52438],[-103.37045,25.52329]]],[[[-103.37197,25.53304],[-103.37197,25.53364],[-103.37364,25.53396],[-103.37363,25.53047],[-103.37183,25.53046],[-103.37197,25.53304]]],[[[-103.37394,25.53396],[-103.37483,25.53397],[-103.37486,25.53125],[-103.37397,25.53124],[-103.37394,25.53396]]],[[[-103.46396,25.53181],[-103.46479,25.53304],[-103.4657,25.53317],[-103.46431,25.53113],[-103.46396,25.53181]]],[[[-103.46486,25.53058],[-103.4644,25.53082],[-103.46585,25.53304],[-103.46601,25.53143],[-103.4653,25.53034],[-103.46486,25.53058]]],[[[-103.42849,25.59589],[-103.42931,25.59451],[-103.42758,25.59386],[-103.42676,25.59529],[-103.42849,25.59589]]],[[[-103.4245,25.59342],[-103.42406,25.5942],[-103.42658,25.59538],[-103.42701,25.59462],[-103.42635,25.59434],[-103.42589,25.59506],[-103.42639,25.59429],[-103.42571,25.59398],[-103.42706,25.59454],[-103.4275,25.59379],[-103.4256,25.59292],[-103.42528,25.59378],[-103.4245,25.59342]]],[[[-103.42596,25.59208],[-103.42564,25.59283],[-103.42754,25.59371],[-103.42795,25.59298],[-103.42596,25.59208]]],[[[-103.42899,25.59331],[-103.42877,25.59372],[-103.42955,25.59408],[-103.43,25.59328],[-103.42899,25.59331]]],[[[-103.42309,25.59071],[-103.42606,25.59202],[-103.42639,25.59129],[-103.42449,25.59038],[-103.4251,25.58983],[-103.42348,25.589],[-103.42228,25.59034],[-103.42309,25.59071]]],[[[-103.42899,25.59331],[-103.42851,25.59417],[-103.4293,25.59453],[-103.43014,25.59302],[-103.42933,25.59271],[-103.42899,25.59331]]],[[[-103.42564,25.59283],[-103.42601,25.592],[-103.42794,25.5929],[-103.4283,25.59222],[-103.42351,25.58993],[-103.42309,25.59071],[-103.42228,25.59035],[-103.42191,25.59129],[-103.42564,25.59283]]],[[[-103.43003,25.59206],[-103.42935,25.59254],[-103.43019,25.59293],[-103.43003,25.59206]]],[[[-103.42966,25.58826],[-103.4292,25.58865],[-103.43038,25.58854],[-103.42966,25.58826]]],[[[-103.37796,25.53218],[-103.37787,25.53153],[-103.37631,25.53092],[-103.37629,25.53396],[-103.37787,25.53398],[-103.37789,25.53307],[-103.37671,25.53306],[-103.37789,25.53308],[-103.37796,25.53218]]],[[[-103.38065,25.53399],[-103.38189,25.534],[-103.38189,25.53311],[-103.38001,25.53308],[-103.38002,25.53398],[-103.38065,25.53399]]],[[[-103.37896,25.53306],[-103.3786,25.53398],[-103.37929,25.53398],[-103.37896,25.53306]]],[[[-103.37941,25.53369],[-103.3799,25.53399],[-103.37989,25.53308],[-103.37941,25.53369]]],[[[-103.38128,25.5272],[-103.38052,25.52655],[-103.37995,25.52708],[-103.38063,25.52768],[-103.37995,25.52708],[-103.37887,25.5281],[-103.37958,25.52907],[-103.37893,25.53105],[-103.38294,25.53109],[-103.38296,25.52773],[-103.38128,25.5272]]],[[[-103.42228,25.59035],[-103.42191,25.59129],[-103.4256,25.59292],[-103.42591,25.59202],[-103.42228,25.59035]]],[[[-103.43195,25.58975],[-103.43153,25.591],[-103.4325,25.59048],[-103.43195,25.58975]]],[[[-103.37074,25.52433],[-103.37329,25.52433],[-103.37324,25.52329],[-103.37177,25.52327],[-103.37323,25.5232],[-103.3733,25.52202],[-103.37085,25.522],[-103.37074,25.52433]]],[[[-103.42654,25.59036],[-103.42829,25.59114],[-103.42857,25.58953],[-103.42685,25.58913],[-103.42654,25.59036]]],[[[-103.42863,25.58947],[-103.42838,25.59118],[-103.43046,25.59209],[-103.42926,25.5892],[-103.42823,25.58897],[-103.42762,25.58803],[-103.42628,25.58822],[-103.42614,25.59017],[-103.42679,25.58905],[-103.42863,25.58947]]],[[[-103.43088,25.5918],[-103.43153,25.591],[-103.43009,25.59091],[-103.43058,25.59215],[-103.43088,25.5918]]],[[[-103.43174,25.58946],[-103.43123,25.58855],[-103.42923,25.58877],[-103.42975,25.59006],[-103.43174,25.58946]]],[[[-103.42382,25.58719],[-103.42391,25.5878],[-103.4249,25.58766],[-103.42483,25.58419],[-103.42349,25.58476],[-103.42382,25.58719]]],[[[-103.42884,25.59359],[-103.428,25.5931],[-103.4276,25.59383],[-103.42846,25.59423],[-103.42884,25.59359]]],[[[-103.42962,25.59189],[-103.4287,25.59149],[-103.42838,25.59215],[-103.42927,25.59257],[-103.42962,25.59189]]],[[[-103.42933,25.59271],[-103.42839,25.59226],[-103.428,25.59298],[-103.42892,25.59344],[-103.42933,25.59271]]],[[[-103.42634,25.59042],[-103.42511,25.58984],[-103.42478,25.59047],[-103.4283,25.59215],[-103.42505,25.59026],[-103.42634,25.59042]]],[[[-103.35048,25.48922],[-103.35488,25.48733],[-103.35404,25.48661],[-103.35489,25.48733],[-103.35601,25.48681],[-103.35578,25.48552],[-103.35674,25.48349],[-103.35271,25.48093],[-103.35173,25.4846],[-103.35489,25.48531],[-103.35173,25.4846],[-103.35048,25.48922]]],[[[-103.36273,25.46639],[-103.36277,25.4641],[-103.36015,25.46373],[-103.36033,25.46974],[-103.36263,25.46986],[-103.36273,25.46639]]],[[[-103.36313,25.53327],[-103.36299,25.52326],[-103.36173,25.52332],[-103.36178,25.53423],[-103.36316,25.53421],[-103.36313,25.53327]]],[[[-103.36345,25.52421],[-103.36349,25.52722],[-103.36506,25.52717],[-103.36506,25.52418],[-103.36345,25.52421]]],[[[-103.3635,25.52836],[-103.36358,25.53469],[-103.36504,25.53469],[-103.36506,25.52744],[-103.36349,25.52749],[-103.3635,25.52836]]],[[[-103.34132,25.47516],[-103.34257,25.47542],[-103.34278,25.47458],[-103.34135,25.47369],[-103.34132,25.47516]]],[[[-103.3519,25.48041],[-103.34936,25.48981],[-103.35044,25.48939],[-103.35272,25.48093],[-103.3519,25.48041]]],[[[-103.35809,25.48752],[-103.35898,25.48545],[-103.35671,25.48493],[-103.35634,25.4871],[-103.35809,25.48752]]],[[[-103.36111,25.48627],[-103.358,25.4843],[-103.35776,25.48516],[-103.35898,25.48545],[-103.35838,25.48759],[-103.35634,25.4871],[-103.35661,25.48846],[-103.35751,25.48916],[-103.35955,25.48845],[-103.35955,25.48776],[-103.36247,25.48714],[-103.36111,25.48627]]],[[[-103.35124,25.47999],[-103.34966,25.47899],[-103.34785,25.48563],[-103.34877,25.48583],[-103.34785,25.48563],[-103.34766,25.48633],[-103.35016,25.48682],[-103.35189,25.48041],[-103.35124,25.47999]]],[[[-103.35016,25.48682],[-103.34766,25.48633],[-103.34693,25.48897],[-103.34944,25.48945],[-103.3498,25.48814],[-103.34752,25.48769],[-103.3498,25.48814],[-103.35016,25.48682]]],[[[-103.34303,25.47474],[-103.3426,25.47647],[-103.3464,25.47723],[-103.34303,25.47474]]],[[[-103.34816,25.47803],[-103.34673,25.47712],[-103.34594,25.48031],[-103.34905,25.48103],[-103.34962,25.47896],[-103.34816,25.47803]]],[[[-103.34238,25.47736],[-103.3422,25.48004],[-103.34554,25.48072],[-103.34633,25.47751],[-103.34253,25.47677],[-103.34238,25.47736]]],[[[-103.34808,25.48085],[-103.34592,25.48039],[-103.34516,25.4835],[-103.34822,25.48412],[-103.34906,25.48106],[-103.34808,25.48085]]],[[[-103.34466,25.48055],[-103.3422,25.48005],[-103.34179,25.48175],[-103.34511,25.48242],[-103.34554,25.48072],[-103.34466,25.48055]]],[[[-103.34324,25.48207],[-103.34178,25.48177],[-103.34137,25.48345],[-103.34468,25.48414],[-103.3451,25.48247],[-103.34324,25.48207]]],[[[-103.34498,25.48423],[-103.34476,25.48511],[-103.3478,25.48575],[-103.34824,25.48419],[-103.34514,25.48356],[-103.34498,25.48423]]],[[[-103.34736,25.48736],[-103.3478,25.48575],[-103.34476,25.48514],[-103.34439,25.48675],[-103.34736,25.48736]]],[[[-103.34612,25.48797],[-103.34632,25.48718],[-103.34438,25.48679],[-103.34419,25.48758],[-103.34612,25.48797]]],[[[-103.34489,25.48859],[-103.34588,25.48879],[-103.3461,25.48799],[-103.34509,25.48778],[-103.34489,25.48859]]],[[[-103.34489,25.48859],[-103.34509,25.48778],[-103.34419,25.4876],[-103.344,25.4884],[-103.34489,25.48859]]],[[[-103.34307,25.48706],[-103.34056,25.48652],[-103.34015,25.48822],[-103.34353,25.4889],[-103.34394,25.48721],[-103.34307,25.48706]]],[[[-103.34488,25.4886],[-103.34399,25.48841],[-103.34359,25.49012],[-103.34445,25.49029],[-103.34465,25.48946],[-103.34445,25.49029],[-103.34646,25.49123],[-103.35043,25.48939],[-103.34934,25.48982],[-103.34488,25.4886]]],[[[-103.34075,25.48836],[-103.34015,25.48824],[-103.33974,25.48992],[-103.34313,25.4906],[-103.34353,25.48892],[-103.34075,25.48836]]],[[[-103.34314,25.49189],[-103.34293,25.49285],[-103.34759,25.49051],[-103.34358,25.49014],[-103.34314,25.49189],[-103.344,25.49207],[-103.34421,25.49119],[-103.34396,25.49207],[-103.34314,25.49189]]],[[[-103.34198,25.49132],[-103.34185,25.49188],[-103.34219,25.49044],[-103.33974,25.48994],[-103.33934,25.49159],[-103.34269,25.4923],[-103.34312,25.49062],[-103.34219,25.49044],[-103.34198,25.49132]]],[[[-103.3398,25.49201],[-103.33927,25.4919],[-103.3389,25.49342],[-103.34096,25.49383],[-103.34259,25.49302],[-103.3398,25.49201]]],[[[-103.34019,25.49417],[-103.34096,25.49383],[-103.33895,25.49343],[-103.3386,25.49467],[-103.33945,25.49393],[-103.33931,25.49445],[-103.34019,25.49417]]],[[[-103.35704,25.48368],[-103.35671,25.48493],[-103.35776,25.48516],[-103.358,25.4843],[-103.35704,25.48368]]],[[[-103.35703,25.47029],[-103.35694,25.47119],[-103.3578,25.47022],[-103.35711,25.46974],[-103.35703,25.47029]]],[[[-103.35592,25.4716],[-103.35379,25.47299],[-103.35521,25.47313],[-103.35663,25.47154],[-103.35592,25.4716]]],[[[-103.35475,25.47074],[-103.35279,25.47288],[-103.35375,25.4729],[-103.35612,25.47001],[-103.35568,25.46969],[-103.35475,25.47074]]],[[[-103.35635,25.46984],[-103.35685,25.46953],[-103.35629,25.469],[-103.35568,25.46969],[-103.35635,25.46984]]],[[[-103.35602,25.47123],[-103.35588,25.47057],[-103.35539,25.47092],[-103.35602,25.47123]]],[[[-103.35518,25.47224],[-103.35551,25.47177],[-103.35502,25.47145],[-103.3541,25.47233],[-103.35518,25.47224]]],[[[-103.35994,25.46371],[-103.35629,25.46312],[-103.35592,25.46463],[-103.35972,25.46502],[-103.35994,25.46371]]],[[[-103.35975,25.46613],[-103.35985,25.46514],[-103.3559,25.46477],[-103.35553,25.46793],[-103.35702,25.46914],[-103.35728,25.46596],[-103.35975,25.46613]]],[[[-103.34736,25.48736],[-103.34633,25.48715],[-103.34612,25.48797],[-103.34713,25.48819],[-103.34736,25.48736]]],[[[-103.34615,25.488],[-103.34593,25.4888],[-103.34691,25.489],[-103.34713,25.48819],[-103.34615,25.488]]],[[[-103.38773,25.587],[-103.38675,25.58915],[-103.38713,25.58936],[-103.38875,25.58621],[-103.38819,25.586],[-103.38773,25.587]]],[[[-103.38827,25.58913],[-103.38948,25.58649],[-103.38887,25.58638],[-103.38748,25.5895],[-103.38797,25.5898],[-103.38827,25.58913]]],[[[-103.38909,25.58751],[-103.38802,25.58984],[-103.38841,25.59005],[-103.39008,25.58673],[-103.38955,25.58651],[-103.38909,25.58751]]],[[[-103.38984,25.59008],[-103.39119,25.58714],[-103.39027,25.58679],[-103.38875,25.59015],[-103.38957,25.59068],[-103.38984,25.59008]]],[[[-103.39049,25.58883],[-103.38992,25.59008],[-103.39044,25.59027],[-103.38992,25.59008],[-103.38963,25.59071],[-103.39046,25.59114],[-103.39217,25.58751],[-103.39126,25.58716],[-103.39049,25.58883]]],[[[-103.39063,25.58674],[-103.39127,25.58697],[-103.39252,25.58421],[-103.3919,25.58398],[-103.39063,25.58674]]],[[[-103.3921,25.58532],[-103.39133,25.587],[-103.39225,25.58735],[-103.3935,25.58458],[-103.39259,25.58424],[-103.3921,25.58532]]],[[[-103.39301,25.59101],[-103.39426,25.58828],[-103.39238,25.58758],[-103.39066,25.59127],[-103.39246,25.59224],[-103.39301,25.59101]]],[[[-103.39338,25.58777],[-103.39432,25.58813],[-103.3949,25.58688],[-103.39393,25.58654],[-103.39413,25.58611],[-103.39508,25.58647],[-103.39528,25.58606],[-103.39369,25.58465],[-103.39245,25.58742],[-103.39338,25.58777]]],[[[-103.39363,25.59009],[-103.39304,25.59141],[-103.39522,25.59151],[-103.39633,25.58906],[-103.39443,25.58835],[-103.39363,25.59009]]],[[[-103.39351,25.59281],[-103.39441,25.59329],[-103.39488,25.59225],[-103.3938,25.59216],[-103.39351,25.59281]]],[[[-103.39496,25.58836],[-103.3964,25.58891],[-103.39688,25.58786],[-103.39542,25.58621],[-103.3945,25.58819],[-103.39496,25.58836]]],[[[-103.39657,25.59237],[-103.39507,25.59228],[-103.39457,25.59338],[-103.39688,25.59463],[-103.39829,25.5925],[-103.39657,25.59237]]],[[[-103.39631,25.58957],[-103.39542,25.59153],[-103.39878,25.59176],[-103.39939,25.59083],[-103.39877,25.59002],[-103.39783,25.59144],[-103.39679,25.59084],[-103.39791,25.59123],[-103.39873,25.58998],[-103.39701,25.58803],[-103.39631,25.58957]]],[[[-103.39753,25.59399],[-103.39705,25.59472],[-103.3992,25.59588],[-103.40164,25.59332],[-103.40084,25.59239],[-103.39851,25.59249],[-103.39753,25.59399]]],[[[-103.39901,25.59177],[-103.40027,25.59172],[-103.39956,25.59091],[-103.39901,25.59177]]],[[[-103.40153,25.59611],[-103.40367,25.59377],[-103.40275,25.59426],[-103.40193,25.59348],[-103.40029,25.59507],[-103.40153,25.59611]]],[[[-103.39507,25.58317],[-103.39493,25.58176],[-103.39563,25.58382],[-103.39698,25.57999],[-103.39346,25.57834],[-103.39249,25.58013],[-103.39083,25.57953],[-103.39116,25.58005],[-103.39036,25.58183],[-103.39311,25.58252],[-103.39243,25.58399],[-103.39441,25.58476],[-103.39535,25.58582],[-103.39633,25.58466],[-103.39507,25.58317]]],[[[-103.39617,25.58519],[-103.39554,25.58597],[-103.39699,25.58772],[-103.3988,25.5862],[-103.39837,25.58667],[-103.39887,25.58646],[-103.39861,25.58694],[-103.39995,25.58846],[-103.3982,25.58691],[-103.39704,25.58776],[-103.39891,25.58992],[-103.39967,25.58886],[-103.40398,25.5938],[-103.40442,25.59302],[-103.40148,25.59022],[-103.40096,25.58906],[-103.40161,25.59001],[-103.40162,25.58926],[-103.3983,25.58578],[-103.39986,25.58507],[-103.39929,25.58451],[-103.40003,25.58521],[-103.39855,25.58243],[-103.39617,25.58519]]],[[[-103.3991,25.59013],[-103.40071,25.59198],[-103.40212,25.59205],[-103.39968,25.58917],[-103.3991,25.59013]]],[[[-103.39064,25.58332],[-103.39141,25.58361],[-103.39188,25.58259],[-103.39,25.58189],[-103.38926,25.5828],[-103.39064,25.58332]]],[[[-103.3919,25.583],[-103.39159,25.58368],[-103.39228,25.58395],[-103.39275,25.58291],[-103.3919,25.583]]],[[[-103.40205,25.59333],[-103.40288,25.59404],[-103.40357,25.59362],[-103.40235,25.59223],[-103.40089,25.59215],[-103.40205,25.59333]]],[[[-103.40041,25.58777],[-103.40127,25.5874],[-103.40012,25.58687],[-103.40041,25.58777]]],[[[-103.39765,25.58225],[-103.39637,25.58283],[-103.39673,25.58419],[-103.39816,25.58244],[-103.39765,25.58225]]],[[[-103.39979,25.58602],[-103.39936,25.58623],[-103.39999,25.58694],[-103.40073,25.58631],[-103.39979,25.58602]]],[[[-103.3991,25.58609],[-103.39876,25.58576],[-103.3996,25.58521],[-103.39846,25.58572],[-103.3991,25.58609]]],[[[-103.39657,25.58357],[-103.39589,25.58306],[-103.39563,25.58382],[-103.39633,25.58466],[-103.39657,25.58357]]],[[[-103.37024,25.5487],[-103.36959,25.5477],[-103.36593,25.55021],[-103.36679,25.55132],[-103.36791,25.55061],[-103.36836,25.55135],[-103.3709,25.5497],[-103.37024,25.5487]]],[[[-103.37104,25.54675],[-103.36974,25.5476],[-103.37102,25.5496],[-103.37228,25.54877],[-103.37104,25.54675]]],[[[-103.36686,25.54744],[-103.36642,25.54773],[-103.36706,25.54886],[-103.37063,25.54652],[-103.36903,25.54602],[-103.36686,25.54744]]],[[[-103.36677,25.54032],[-103.36678,25.53883],[-103.36388,25.5388],[-103.3639,25.54025],[-103.36677,25.54032]]],[[[-103.33621,25.55817],[-103.33149,25.55805],[-103.332,25.56048],[-103.33521,25.56074],[-103.33621,25.55817]]],[[[-103.39267,25.59221],[-103.39351,25.59281],[-103.39376,25.59225],[-103.39267,25.59221]]],[[[-103.38356,25.53177],[-103.37877,25.53172],[-103.37859,25.53307],[-103.382,25.53308],[-103.382,25.53222],[-103.38356,25.53223],[-103.38356,25.53177]]],[[[-103.34178,25.47633],[-103.3423,25.47642],[-103.34257,25.47542],[-103.34132,25.47516],[-103.34178,25.47633]]],[[[-103.37827,25.53098],[-103.37849,25.5296],[-103.37781,25.52949],[-103.37727,25.53057],[-103.37827,25.53098]]],[[[-103.37781,25.52948],[-103.37849,25.5296],[-103.37847,25.52848],[-103.3766,25.53028],[-103.37727,25.53056],[-103.37781,25.52948]]],[[[-103.37139,25.64891],[-103.37049,25.64911],[-103.37081,25.65018],[-103.37261,25.65013],[-103.37226,25.64874],[-103.37139,25.64891]]],[[[-103.37022,25.65036],[-103.37269,25.65045],[-103.37066,25.6504],[-103.37027,25.64915],[-103.36938,25.64934],[-103.36959,25.65025],[-103.37022,25.65036]]],[[[-103.36807,25.64906],[-103.36755,25.64725],[-103.36657,25.64749],[-103.36653,25.64941],[-103.36807,25.64906]]],[[[-103.37458,25.65033],[-103.3726,25.65048],[-103.37455,25.65125],[-103.37458,25.65033]]],[[[-103.37455,25.65125],[-103.3785,25.65277],[-103.37854,25.64959],[-103.37458,25.65033],[-103.37455,25.65125]]],[[[-103.3764,25.64777],[-103.3745,25.64822],[-103.37484,25.65006],[-103.37861,25.64927],[-103.37863,25.64724],[-103.3764,25.64777]]],[[[-103.37251,25.64869],[-103.37265,25.65013],[-103.37458,25.65006],[-103.37423,25.64828],[-103.37251,25.64869]]],[[[-103.36935,25.64936],[-103.36827,25.64958],[-103.36841,25.65012],[-103.36959,25.65033],[-103.36935,25.64936]]],[[[-103.36961,25.64697],[-103.36877,25.64693],[-103.36934,25.64913],[-103.37019,25.64895],[-103.36961,25.64697]]],[[[-103.37691,25.64494],[-103.3738,25.64576],[-103.37444,25.648],[-103.37859,25.64703],[-103.37822,25.64461],[-103.37691,25.64494]]],[[[-103.3719,25.64618],[-103.36976,25.64673],[-103.37043,25.64889],[-103.37417,25.64806],[-103.37359,25.64578],[-103.3719,25.64618]]],[[[-103.36807,25.64883],[-103.36822,25.64938],[-103.3693,25.64914],[-103.36874,25.64694],[-103.36762,25.64724],[-103.36807,25.64883]]],[[[-103.37329,25.64407],[-103.37376,25.6456],[-103.37817,25.64443],[-103.37785,25.64306],[-103.37329,25.64407]]],[[[-103.37089,25.64469],[-103.36926,25.64511],[-103.36973,25.64662],[-103.37362,25.64564],[-103.37313,25.64411],[-103.37089,25.64469]]],[[[-103.42231,25.59619],[-103.42262,25.59565],[-103.4219,25.59532],[-103.42154,25.59604],[-103.42231,25.59619]]],[[[-103.42595,25.59711],[-103.42508,25.59868],[-103.42592,25.59908],[-103.42645,25.59739],[-103.42595,25.59711]]],[[[-103.42643,25.59738],[-103.42638,25.59929],[-103.42729,25.59777],[-103.42643,25.59738]]],[[[-103.42546,25.5979],[-103.42687,25.59658],[-103.42348,25.59501],[-103.42263,25.59565],[-103.4222,25.59639],[-103.42546,25.5979]]],[[[-103.42268,25.59495],[-103.42233,25.59449],[-103.42192,25.59529],[-103.42268,25.59495]]],[[[-103.42642,25.59733],[-103.42729,25.59777],[-103.42777,25.59701],[-103.42687,25.59658],[-103.42642,25.59733]]],[[[-103.3672,25.64983],[-103.36835,25.65011],[-103.36821,25.64961],[-103.3672,25.64983]]],[[[-103.36889,25.64676],[-103.36952,25.64667],[-103.36906,25.64516],[-103.36851,25.6453],[-103.36889,25.64676]]]]},"properties":{"SIMBOLOGIA":"Industria Ligera (IL)"}},{"type":"Feature","geometry":{"type":"MultiPolygon","coordinates":[[[[-103.43194,25.58433],[-103.4333,25.58184],[-103.43318,25.58094],[-103.43119,25.58153],[-103.42982,25.58363],[-103.43194,25.58433]]],[[[-103.4287,25.56383],[-103.42813,25.56462],[-103.4292,25.56382],[-103.4287,25.56383]]],[[[-103.42748,25.56483],[-103.42737,25.5653],[-103.42806,25.56473],[-103.42748,25.56483]]],[[[-103.42641,25.56572],[-103.42611,25.56634],[-103.42688,25.56567],[-103.42641,25.56572]]],[[[-103.4237,25.56758],[-103.42314,25.56799],[-103.4236,25.56845],[-103.42462,25.56756],[-103.42421,25.56716],[-103.4237,25.56758]]],[[[-103.42271,25.56875],[-103.42246,25.56934],[-103.42349,25.56849],[-103.42309,25.56808],[-103.42271,25.56875]]],[[[-103.4315,25.56154],[-103.43072,25.56092],[-103.42978,25.56171],[-103.43066,25.56259],[-103.4315,25.56154]]],[[[-103.42058,25.57013],[-103.42042,25.57097],[-103.4212,25.57034],[-103.42058,25.57013]]],[[[-103.4332,25.55873],[-103.4321,25.5598],[-103.43298,25.56069],[-103.43402,25.55982],[-103.43402,25.55872],[-103.4332,25.55873]]],[[[-103.41911,25.57133],[-103.4186,25.57175],[-103.41895,25.57211],[-103.42002,25.57131],[-103.41963,25.57091],[-103.41911,25.57133]]],[[[-103.4182,25.57261],[-103.41885,25.57218],[-103.41851,25.57183],[-103.4182,25.57261]]],[[[-103.39792,25.53544],[-103.39734,25.53563],[-103.39831,25.53563],[-103.39792,25.53544]]],[[[-103.38307,25.53553],[-103.3839,25.53535],[-103.38258,25.53535],[-103.38307,25.53553]]],[[[-103.38075,25.53533],[-103.37997,25.53551],[-103.38125,25.53552],[-103.38075,25.53533]]],[[[-103.37153,25.53527],[-103.37111,25.53751],[-103.37184,25.53752],[-103.37153,25.53527]]],[[[-103.3711,25.53827],[-103.3711,25.53894],[-103.37183,25.53895],[-103.37184,25.53781],[-103.3711,25.53827]]],[[[-103.37116,25.53976],[-103.37114,25.5404],[-103.37182,25.54041],[-103.37183,25.53913],[-103.37117,25.53913],[-103.37116,25.53976]]],[[[-103.37111,25.54091],[-103.3711,25.54186],[-103.3718,25.54187],[-103.37182,25.5406],[-103.37111,25.54091]]],[[[-103.37763,25.53531],[-103.37723,25.53549],[-103.37822,25.53549],[-103.37763,25.53531]]],[[[-103.38294,25.5626],[-103.38189,25.56089],[-103.38135,25.56095],[-103.38322,25.56385],[-103.38417,25.5617],[-103.38294,25.5626]]],[[[-103.38102,25.55908],[-103.38053,25.55906],[-103.38091,25.55827],[-103.37967,25.55828],[-103.38133,25.56092],[-103.38102,25.55908]]],[[[-103.38057,25.5609],[-103.37999,25.56086],[-103.38039,25.56153],[-103.38057,25.5609]]],[[[-103.37958,25.56018],[-103.37985,25.56062],[-103.38014,25.56021],[-103.37958,25.56018]]],[[[-103.38465,25.56554],[-103.38349,25.56446],[-103.38474,25.56603],[-103.38465,25.56554]]],[[[-103.39036,25.57471],[-103.39161,25.57594],[-103.3919,25.57531],[-103.39007,25.57379],[-103.38698,25.56747],[-103.3848,25.56642],[-103.39036,25.57471]]],[[[-103.37892,25.55668],[-103.37989,25.55806],[-103.37983,25.55639],[-103.37892,25.55668]]],[[[-103.37548,25.5509],[-103.37639,25.55034],[-103.37492,25.5503],[-103.37548,25.5509]]],[[[-103.37724,25.55313],[-103.37681,25.55334],[-103.37721,25.55402],[-103.37724,25.55313]]],[[[-103.37417,25.54905],[-103.37555,25.54845],[-103.37569,25.54541],[-103.37183,25.54508],[-103.37417,25.54905]]],[[[-103.40533,25.58315],[-103.40625,25.58378],[-103.40732,25.58195],[-103.40281,25.57968],[-103.4006,25.58067],[-103.40533,25.58315]]],[[[-103.39979,25.58041],[-103.40234,25.57954],[-103.39725,25.57691],[-103.39612,25.57718],[-103.39666,25.57904],[-103.39979,25.58041]]],[[[-103.40746,25.57724],[-103.40581,25.57773],[-103.40579,25.57821],[-103.4082,25.57728],[-103.40746,25.57724]]],[[[-103.40784,25.57845],[-103.40862,25.57818],[-103.40834,25.57759],[-103.40684,25.57817],[-103.40709,25.57869],[-103.40784,25.57845]]],[[[-103.40897,25.57738],[-103.4085,25.57757],[-103.40878,25.57815],[-103.40925,25.57798],[-103.40897,25.57738]]],[[[-103.40628,25.57841],[-103.40348,25.57949],[-103.40688,25.57879],[-103.40628,25.57841]]],[[[-103.41508,25.57499],[-103.4128,25.57586],[-103.41317,25.57666],[-103.41427,25.57723],[-103.41622,25.57465],[-103.41508,25.57499]]],[[[-103.41105,25.57653],[-103.41044,25.57677],[-103.41074,25.5774],[-103.41281,25.57623],[-103.41105,25.57653]]],[[[-103.41458,25.57473],[-103.41178,25.57507],[-103.41212,25.57578],[-103.41539,25.57457],[-103.41458,25.57473]]],[[[-103.40837,25.57676],[-103.40836,25.57728],[-103.4089,25.57707],[-103.40837,25.57676]]],[[[-103.40394,25.57846],[-103.40561,25.57828],[-103.40543,25.57789],[-103.40394,25.57846]]],[[[-103.40219,25.57912],[-103.40394,25.57891],[-103.40334,25.57846],[-103.40219,25.57912]]],[[[-103.41462,25.57419],[-103.41642,25.57404],[-103.41616,25.57333],[-103.41358,25.57306],[-103.41462,25.57419]]],[[[-103.40812,25.58468],[-103.40974,25.585],[-103.41089,25.58324],[-103.40734,25.58198],[-103.40627,25.58381],[-103.40812,25.58468]]],[[[-103.39284,25.57597],[-103.39227,25.57548],[-103.39207,25.57661],[-103.39365,25.57756],[-103.39284,25.57597]]],[[[-103.37775,25.55737],[-103.37768,25.55812],[-103.37819,25.55812],[-103.37775,25.55737]]],[[[-103.42109,25.53591],[-103.42161,25.53573],[-103.42066,25.53571],[-103.42109,25.53591]]],[[[-103.42382,25.53592],[-103.42467,25.53575],[-103.42274,25.53574],[-103.42382,25.53592]]],[[[-103.42632,25.53593],[-103.42888,25.53577],[-103.42593,25.53612],[-103.42632,25.53593]]],[[[-103.42973,25.53595],[-103.43104,25.53579],[-103.42921,25.53612],[-103.42973,25.53595]]],[[[-103.42145,25.5475],[-103.42098,25.54741],[-103.42214,25.54838],[-103.42254,25.54798],[-103.42145,25.5475]]],[[[-103.41966,25.54563],[-103.41875,25.54488],[-103.41842,25.54522],[-103.41952,25.54624],[-103.41966,25.54563]]],[[[-103.45067,25.54577],[-103.45153,25.54516],[-103.45068,25.54517],[-103.45067,25.54577]]],[[[-103.448,25.54736],[-103.44758,25.54785],[-103.44843,25.54708],[-103.448,25.54736]]],[[[-103.43953,25.55473],[-103.43953,25.55517],[-103.44013,25.55468],[-103.43953,25.55473]]],[[[-103.43742,25.55597],[-103.43771,25.55671],[-103.43865,25.55592],[-103.43742,25.55597]]],[[[-103.43223,25.55653],[-103.43302,25.55725],[-103.43211,25.55579],[-103.4317,25.55619],[-103.43223,25.55653]]],[[[-103.43104,25.55492],[-103.43047,25.55518],[-103.43156,25.55607],[-103.43189,25.55574],[-103.43104,25.55492]]],[[[-103.441,25.55396],[-103.44061,25.55372],[-103.44061,25.55427],[-103.441,25.55396]]],[[[-103.43321,25.55703],[-103.43404,25.55804],[-103.43405,25.55704],[-103.43321,25.55703]]],[[[-103.42981,25.55392],[-103.42898,25.55396],[-103.43023,25.55487],[-103.43056,25.55453],[-103.42981,25.55392]]],[[[-103.44228,25.55217],[-103.44264,25.55259],[-103.44314,25.55181],[-103.44228,25.55217]]],[[[-103.42878,25.55307],[-103.42813,25.55255],[-103.42773,25.55295],[-103.42884,25.55385],[-103.42878,25.55307]]],[[[-103.44376,25.55129],[-103.44334,25.55163],[-103.44419,25.55106],[-103.44376,25.55129]]],[[[-103.42708,25.55188],[-103.42643,25.55176],[-103.42755,25.5528],[-103.4277,25.55219],[-103.42708,25.55188]]],[[[-103.42585,25.55069],[-103.42496,25.55069],[-103.42621,25.55161],[-103.42585,25.55069]]],[[[-103.44694,25.54814],[-103.44659,25.54879],[-103.44736,25.54802],[-103.44694,25.54814]]],[[[-103.42389,25.54944],[-103.42483,25.55057],[-103.42523,25.55017],[-103.42389,25.54944]]],[[[-103.42256,25.54865],[-103.42374,25.54933],[-103.42297,25.54833],[-103.42256,25.54865]]],[[[-103.43533,25.55577],[-103.43534,25.55789],[-103.43587,25.55825],[-103.43755,25.55683],[-103.43723,25.5556],[-103.43533,25.55577]]],[[[-103.42337,25.55057],[-103.4221,25.55187],[-103.42422,25.5536],[-103.4258,25.55185],[-103.42376,25.55019],[-103.42337,25.55057]]],[[[-103.42239,25.54954],[-103.42125,25.55069],[-103.42171,25.55107],[-103.4231,25.54966],[-103.42239,25.54954]]],[[[-103.4276,25.55465],[-103.42879,25.55429],[-103.42833,25.55391],[-103.4276,25.55465]]],[[[-103.42212,25.54922],[-103.42069,25.55024],[-103.42115,25.55061],[-103.42256,25.5492],[-103.42212,25.54922]]],[[[-103.42751,25.55577],[-103.42796,25.55614],[-103.42934,25.55474],[-103.42891,25.55438],[-103.42751,25.55577]]],[[[-103.42942,25.55483],[-103.42781,25.55646],[-103.42827,25.55683],[-103.42985,25.55524],[-103.42942,25.55483]]],[[[-103.42919,25.55717],[-103.42922,25.55839],[-103.43195,25.55841],[-103.4328,25.55756],[-103.43233,25.55719],[-103.43149,25.55786],[-103.43224,25.55711],[-103.43123,25.55629],[-103.43048,25.55704],[-103.43113,25.55621],[-103.4302,25.55545],[-103.43003,25.5563],[-103.42957,25.55593],[-103.429,25.55651],[-103.42919,25.55717]]],[[[-103.43283,25.5577],[-103.43216,25.55841],[-103.4338,25.55845],[-103.43283,25.5577]]],[[[-103.41722,25.54545],[-103.41731,25.54593],[-103.41789,25.54537],[-103.41722,25.54497],[-103.41722,25.54545]]],[[[-103.4204,25.5487],[-103.42128,25.54822],[-103.42085,25.54786],[-103.4204,25.5487]]],[[[-103.4143,25.54393],[-103.41428,25.54476],[-103.41616,25.54477],[-103.41617,25.54399],[-103.41502,25.54306],[-103.41431,25.54305],[-103.4143,25.54393]]],[[[-103.42075,25.54894],[-103.42132,25.54921],[-103.42179,25.54858],[-103.42142,25.54827],[-103.42075,25.54894]]],[[[-103.41323,25.5418],[-103.41343,25.54248],[-103.4137,25.54198],[-103.41323,25.5418]]],[[[-103.40904,25.53981],[-103.40989,25.53996],[-103.40993,25.53887],[-103.40927,25.53833],[-103.40904,25.53981]]],[[[-103.41026,25.53967],[-103.41094,25.53981],[-103.4101,25.53904],[-103.41026,25.53967]]],[[[-103.41374,25.54109],[-103.41276,25.54073],[-103.41394,25.54167],[-103.41374,25.54109]]],[[[-103.41463,25.54173],[-103.41426,25.54143],[-103.41482,25.54241],[-103.41523,25.542],[-103.41463,25.54173]]],[[[-103.40598,25.53677],[-103.40597,25.53791],[-103.40781,25.53792],[-103.40782,25.53722],[-103.40663,25.5362],[-103.40599,25.5362],[-103.40598,25.53677]]],[[[-103.40861,25.5378],[-103.40801,25.53732],[-103.408,25.53793],[-103.40861,25.5378]]],[[[-103.40921,25.53722],[-103.40847,25.53722],[-103.40966,25.53793],[-103.40921,25.53722]]],[[[-103.4084,25.53668],[-103.40801,25.53684],[-103.40879,25.53703],[-103.4084,25.53668]]],[[[-103.40937,25.53583],[-103.40993,25.53565],[-103.40803,25.53564],[-103.40937,25.53583]]],[[[-103.41123,25.53602],[-103.41202,25.53566],[-103.41014,25.53565],[-103.41123,25.53602]]],[[[-103.41559,25.53569],[-103.41537,25.53606],[-103.41625,25.53587],[-103.41559,25.53569]]],[[[-103.43507,25.55892],[-103.4343,25.55862],[-103.43424,25.5595],[-103.43507,25.55892]]],[[[-103.42546,25.53509],[-103.4252,25.53546],[-103.42572,25.53547],[-103.42546,25.53509]]],[[[-103.41858,25.53394],[-103.41857,25.53544],[-103.41916,25.53544],[-103.41916,25.53387],[-103.41858,25.53394]]],[[[-103.41702,25.53404],[-103.41701,25.53543],[-103.41838,25.53543],[-103.41837,25.53405],[-103.41702,25.53404]]],[[[-103.43789,25.53542],[-103.43655,25.53555],[-103.43847,25.53556],[-103.43789,25.53542]]],[[[-103.45542,25.53534],[-103.45579,25.53566],[-103.4558,25.53503],[-103.45542,25.53534]]],[[[-103.42867,25.52332],[-103.42915,25.52372],[-103.42924,25.52292],[-103.42867,25.52332]]],[[[-103.42637,25.52195],[-103.42593,25.52192],[-103.42682,25.52199],[-103.42637,25.52195]]],[[[-103.42536,25.52193],[-103.42445,25.52161],[-103.42635,25.52248],[-103.42536,25.52193]]],[[[-103.42508,25.52144],[-103.42576,25.52182],[-103.42618,25.5212],[-103.4255,25.52082],[-103.42508,25.52144]]],[[[-103.39424,25.51199],[-103.39478,25.51234],[-103.39773,25.50955],[-103.39653,25.50947],[-103.39692,25.50885],[-103.39789,25.5094],[-103.39947,25.50764],[-103.3953,25.50529],[-103.39513,25.50938],[-103.39567,25.50941],[-103.39572,25.51061],[-103.39424,25.51199]]],[[[-103.38211,25.52215],[-103.38136,25.52504],[-103.38437,25.52222],[-103.38211,25.52215]]],[[[-103.37486,25.53025],[-103.37597,25.53019],[-103.37823,25.52802],[-103.37619,25.52638],[-103.37319,25.53026],[-103.37486,25.53025]]],[[[-103.37655,25.52625],[-103.37841,25.52787],[-103.3803,25.52606],[-103.37946,25.52534],[-103.37836,25.52645],[-103.37655,25.52625]]],[[[-103.38784,25.51869],[-103.38925,25.51758],[-103.38785,25.51794],[-103.38784,25.51869]]],[[[-103.3895,25.51679],[-103.38946,25.51737],[-103.39203,25.51493],[-103.39124,25.51489],[-103.3895,25.51679]]],[[[-103.37533,25.53397],[-103.37577,25.53125],[-103.37486,25.53125],[-103.37483,25.53397],[-103.37533,25.53397]]],[[[-103.45953,25.5354],[-103.45918,25.53568],[-103.46001,25.53569],[-103.45953,25.5354]]],[[[-103.46292,25.53466],[-103.46214,25.53483],[-103.46226,25.53527],[-103.46386,25.53492],[-103.46292,25.53466]]],[[[-103.46133,25.5358],[-103.4612,25.53632],[-103.46201,25.53615],[-103.46133,25.5358]]],[[[-103.46359,25.5358],[-103.46394,25.53521],[-103.46313,25.5354],[-103.46359,25.5358]]],[[[-103.46453,25.53508],[-103.46449,25.5356],[-103.46501,25.53516],[-103.46453,25.53508]]],[[[-103.4619,25.54139],[-103.46147,25.54175],[-103.46244,25.5416],[-103.4619,25.54139]]],[[[-103.46083,25.5417],[-103.46018,25.54218],[-103.46127,25.54176],[-103.46083,25.5417]]],[[[-103.45825,25.54246],[-103.45806,25.54287],[-103.45891,25.54261],[-103.45825,25.54246]]],[[[-103.45624,25.54393],[-103.45678,25.5437],[-103.45594,25.5442],[-103.45624,25.54393]]],[[[-103.4574,25.54362],[-103.45785,25.54336],[-103.45698,25.54375],[-103.4574,25.54362]]],[[[-103.45512,25.54431],[-103.45498,25.54469],[-103.45574,25.54405],[-103.45512,25.54431]]],[[[-103.44928,25.5491],[-103.45035,25.54841],[-103.4493,25.54701],[-103.44871,25.54891],[-103.44928,25.5491]]],[[[-103.45031,25.54693],[-103.4494,25.54694],[-103.44978,25.54734],[-103.45031,25.54693]]],[[[-103.44562,25.55112],[-103.44452,25.55152],[-103.44503,25.55187],[-103.44562,25.55112]]],[[[-103.44422,25.55178],[-103.44355,25.55282],[-103.44448,25.5523],[-103.44422,25.55178]]],[[[-103.45159,25.54656],[-103.45213,25.54638],[-103.4517,25.54592],[-103.45096,25.54616],[-103.45159,25.54656]]],[[[-103.45236,25.54564],[-103.45181,25.54584],[-103.45224,25.5463],[-103.45236,25.54564]]],[[[-103.45267,25.54551],[-103.45292,25.54586],[-103.45364,25.54509],[-103.45267,25.54551]]],[[[-103.44257,25.55371],[-103.44276,25.55303],[-103.442,25.5537],[-103.44257,25.55371]]],[[[-103.43871,25.55719],[-103.43917,25.55695],[-103.43862,25.5564],[-103.43785,25.55705],[-103.4384,25.55757],[-103.43871,25.55719]]],[[[-103.43916,25.55677],[-103.43975,25.55629],[-103.43932,25.55588],[-103.43873,25.55636],[-103.43916,25.55677]]],[[[-103.4349,25.55957],[-103.43453,25.56034],[-103.43529,25.55969],[-103.4349,25.55957]]],[[[-103.43615,25.55858],[-103.43654,25.55907],[-103.4373,25.55844],[-103.43683,25.55798],[-103.43615,25.55858]]],[[[-103.43761,25.55769],[-103.43781,25.55715],[-103.43698,25.55785],[-103.43747,25.55831],[-103.43761,25.55769]]],[[[-103.44006,25.55617],[-103.44065,25.55478],[-103.43942,25.55581],[-103.44006,25.55617]]],[[[-103.43391,25.56043],[-103.43369,25.56093],[-103.4344,25.56045],[-103.43391,25.56043]]],[[[-103.4334,25.5613],[-103.4334,25.56084],[-103.43273,25.56136],[-103.4334,25.5613]]],[[[-103.44116,25.55436],[-103.44076,25.55469],[-103.44157,25.55537],[-103.44201,25.5539],[-103.44116,25.55436]]],[[[-103.43255,25.56201],[-103.43263,25.56145],[-103.43194,25.56204],[-103.43255,25.56201]]],[[[-103.43045,25.56402],[-103.43136,25.56346],[-103.43084,25.56294],[-103.4296,25.56396],[-103.43045,25.56402]]],[[[-103.42886,25.56492],[-103.42945,25.56407],[-103.42843,25.5649],[-103.42886,25.56492]]],[[[-103.42271,25.56959],[-103.42383,25.5707],[-103.42485,25.56987],[-103.42373,25.56875],[-103.42271,25.56959]]],[[[-103.4245,25.56811],[-103.42385,25.56866],[-103.42422,25.56903],[-103.42518,25.56813],[-103.4245,25.56811]]],[[[-103.42676,25.56676],[-103.42723,25.56599],[-103.42619,25.56677],[-103.42676,25.56676]]],[[[-103.4281,25.56516],[-103.4275,25.56603],[-103.42863,25.56529],[-103.4281,25.56516]]],[[[-103.41819,25.57312],[-103.41759,25.57378],[-103.41919,25.5737],[-103.41819,25.57312]]],[[[-103.44908,25.57046],[-103.44871,25.5697],[-103.44912,25.57156],[-103.44908,25.57046]]],[[[-103.41443,25.57877],[-103.41092,25.58432],[-103.41102,25.58505],[-103.41554,25.58304],[-103.41515,25.58254],[-103.41574,25.57908],[-103.41443,25.57877]]],[[[-103.41592,25.58265],[-103.41746,25.58235],[-103.41599,25.58217],[-103.41592,25.58265]]],[[[-103.41779,25.58144],[-103.4176,25.58229],[-103.41862,25.58202],[-103.41836,25.58131],[-103.41779,25.58144]]],[[[-103.41973,25.58145],[-103.42019,25.58164],[-103.42005,25.58111],[-103.41973,25.58145]]],[[[-103.42357,25.57994],[-103.42389,25.58092],[-103.42378,25.57937],[-103.42357,25.57994]]],[[[-103.42665,25.5797],[-103.42415,25.58088],[-103.42819,25.57998],[-103.42787,25.57909],[-103.42665,25.5797]]],[[[-103.43655,25.57883],[-103.43314,25.57963],[-103.43353,25.58192],[-103.4356,25.58003],[-103.43972,25.57992],[-103.44125,25.5788],[-103.441,25.57785],[-103.43655,25.57883]]],[[[-103.41304,25.58532],[-103.41217,25.58625],[-103.41369,25.58595],[-103.41357,25.58505],[-103.41304,25.58532]]],[[[-103.4107,25.58602],[-103.40988,25.58605],[-103.41205,25.58627],[-103.41199,25.58577],[-103.4107,25.58602]]],[[[-103.41551,25.58554],[-103.41532,25.58427],[-103.41372,25.585],[-103.41387,25.58589],[-103.41551,25.58554]]],[[[-103.40385,25.59636],[-103.40415,25.59683],[-103.4045,25.59616],[-103.40385,25.59636]]],[[[-103.40485,25.59447],[-103.40439,25.59597],[-103.40538,25.5945],[-103.40485,25.59447]]],[[[-103.40408,25.59709],[-103.40371,25.59663],[-103.40348,25.59716],[-103.40408,25.59709]]],[[[-103.43142,25.58042],[-103.43167,25.57993],[-103.43062,25.58015],[-103.43074,25.58062],[-103.43142,25.58042]]],[[[-103.42812,25.58069],[-103.42713,25.58097],[-103.42778,25.58206],[-103.42844,25.58192],[-103.42812,25.58069]]],[[[-103.42529,25.58203],[-103.42582,25.58251],[-103.42549,25.5813],[-103.42529,25.58203]]],[[[-103.42322,25.58197],[-103.42273,25.58313],[-103.42374,25.58166],[-103.42253,25.58189],[-103.42322,25.58197]]],[[[-103.41611,25.58444],[-103.41566,25.584],[-103.41571,25.58464],[-103.41611,25.58444]]],[[[-103.42504,25.58155],[-103.42374,25.58166],[-103.42317,25.58307],[-103.42415,25.58285],[-103.42504,25.58155]]],[[[-103.40629,25.52418],[-103.40611,25.52376],[-103.40609,25.52662],[-103.40629,25.52418]]],[[[-103.4062,25.51845],[-103.40646,25.52019],[-103.40647,25.51809],[-103.4062,25.51845]]],[[[-103.40616,25.51717],[-103.40667,25.51717],[-103.40661,25.51649],[-103.40616,25.51717]]],[[[-103.41284,25.51509],[-103.41193,25.5151],[-103.41295,25.5155],[-103.41284,25.51509]]],[[[-103.40622,25.53068],[-103.40606,25.53007],[-103.40619,25.53133],[-103.40622,25.53068]]],[[[-103.40618,25.51561],[-103.40617,25.51633],[-103.40667,25.51636],[-103.40643,25.51524],[-103.40618,25.51561]]],[[[-103.40619,25.51437],[-103.40643,25.51512],[-103.4067,25.51254],[-103.40621,25.51254],[-103.40619,25.51437]]],[[[-103.40621,25.51195],[-103.40645,25.51241],[-103.40671,25.51166],[-103.40622,25.5114],[-103.40621,25.51195]]],[[[-103.40827,25.5132],[-103.40963,25.51396],[-103.40987,25.51344],[-103.40835,25.51257],[-103.40827,25.5132]]],[[[-103.41696,25.51844],[-103.41848,25.51927],[-103.41799,25.51989],[-103.41886,25.52037],[-103.41955,25.5193],[-103.41562,25.51665],[-103.41555,25.51819],[-103.41696,25.51844]]],[[[-103.4154,25.53529],[-103.41683,25.53542],[-103.41686,25.53385],[-103.41541,25.53384],[-103.4154,25.53529]]],[[[-103.40656,25.53214],[-103.40605,25.53161],[-103.40603,25.5351],[-103.40749,25.5352],[-103.4075,25.53262],[-103.40656,25.53214]]],[[[-103.41215,25.51398],[-103.41127,25.51378],[-103.4122,25.51445],[-103.41215,25.51398]]],[[[-103.41458,25.51563],[-103.41638,25.51664],[-103.41571,25.51611],[-103.41657,25.51486],[-103.41548,25.51424],[-103.41458,25.51563]]],[[[-103.41958,25.51738],[-103.41906,25.51814],[-103.41982,25.51857],[-103.42042,25.51785],[-103.41958,25.51738]]],[[[-103.4052,25.5312],[-103.40578,25.53135],[-103.4058,25.53061],[-103.4052,25.5312]]],[[[-103.40526,25.53238],[-103.40486,25.53301],[-103.40576,25.53324],[-103.40526,25.53238]]],[[[-103.40494,25.5352],[-103.40537,25.53387],[-103.40433,25.53373],[-103.4039,25.53502],[-103.40494,25.5352]]],[[[-103.40139,25.53418],[-103.40111,25.53506],[-103.40362,25.53507],[-103.4049,25.53237],[-103.40296,25.53184],[-103.40248,25.53334],[-103.40171,25.53314],[-103.40139,25.53418]]],[[[-103.40547,25.53429],[-103.40517,25.53523],[-103.40574,25.53514],[-103.40547,25.53429]]],[[[-103.39397,25.5332],[-103.394,25.535],[-103.39598,25.53502],[-103.39599,25.5332],[-103.39397,25.5332]]],[[[-103.39956,25.53456],[-103.39902,25.53505],[-103.3999,25.53505],[-103.39956,25.53456]]],[[[-103.39828,25.53414],[-103.39802,25.53503],[-103.39885,25.53504],[-103.39907,25.53434],[-103.39828,25.53414]]],[[[-103.3974,25.53371],[-103.39699,25.53502],[-103.39797,25.53454],[-103.39816,25.53392],[-103.3974,25.53371]]],[[[-103.39622,25.53417],[-103.39617,25.53501],[-103.39678,25.53502],[-103.39699,25.53436],[-103.39622,25.53417]]],[[[-103.40587,25.51992],[-103.40558,25.51906],[-103.40531,25.52001],[-103.40587,25.51992]]],[[[-103.40536,25.51854],[-103.40588,25.51893],[-103.40589,25.51839],[-103.40536,25.51854]]],[[[-103.40544,25.51227],[-103.40592,25.51196],[-103.40547,25.51099],[-103.40544,25.51227]]],[[[-103.40572,25.52455],[-103.40584,25.52407],[-103.40508,25.52387],[-103.40572,25.52455]]],[[[-103.40493,25.53208],[-103.40577,25.53229],[-103.40578,25.53153],[-103.40515,25.53138],[-103.40493,25.53208]]],[[[-103.39299,25.53303],[-103.39298,25.53499],[-103.39377,25.53499],[-103.39378,25.53303],[-103.39299,25.53303]]],[[[-103.39101,25.53318],[-103.39101,25.53227],[-103.39008,25.53227],[-103.39006,25.53496],[-103.39193,25.53499],[-103.391,25.53407],[-103.39101,25.53318]]],[[[-103.38603,25.53393],[-103.38602,25.53495],[-103.38794,25.53496],[-103.38795,25.53316],[-103.38604,25.53315],[-103.38603,25.53393]]],[[[-103.38535,25.53404],[-103.3842,25.53403],[-103.3842,25.53494],[-103.38592,25.53494],[-103.38592,25.53404],[-103.38535,25.53404]]],[[[-103.38392,25.53462],[-103.38391,25.53403],[-103.38292,25.53403],[-103.38294,25.53493],[-103.38392,25.53462]]],[[[-103.39737,25.5105],[-103.39868,25.51067],[-103.3988,25.50943],[-103.39737,25.5105]]],[[[-103.39053,25.51678],[-103.38978,25.51747],[-103.39053,25.51747],[-103.39084,25.51647],[-103.39053,25.51678]]],[[[-103.39593,25.51368],[-103.39615,25.51143],[-103.39418,25.5133],[-103.39593,25.51368]]],[[[-103.38775,25.52005],[-103.38806,25.51931],[-103.38695,25.52014],[-103.38775,25.52005]]],[[[-103.38553,25.52149],[-103.38519,25.52182],[-103.38631,25.52183],[-103.38633,25.52096],[-103.38553,25.52149]]],[[[-103.37697,25.53469],[-103.37698,25.53397],[-103.37629,25.53396],[-103.37607,25.53058],[-103.37602,25.53487],[-103.37697,25.53469]]],[[[-103.37809,25.53399],[-103.37697,25.53397],[-103.37697,25.53487],[-103.37808,25.53488],[-103.37809,25.53399]]],[[[-103.38002,25.53398],[-103.38002,25.53489],[-103.38189,25.53493],[-103.38189,25.534],[-103.38002,25.53398]]],[[[-103.37894,25.53398],[-103.37836,25.53398],[-103.37835,25.53488],[-103.37928,25.53489],[-103.37894,25.53398]]],[[[-103.3794,25.53398],[-103.3794,25.53488],[-103.3799,25.53489],[-103.3799,25.53399],[-103.3794,25.53398]]],[[[-103.39319,25.51432],[-103.39398,25.51431],[-103.39398,25.51349],[-103.39319,25.51432]]],[[[-103.38134,25.52546],[-103.38191,25.52595],[-103.38191,25.52494],[-103.38134,25.52546]]],[[[-103.38292,25.52398],[-103.38202,25.52483],[-103.38203,25.5259],[-103.38297,25.52591],[-103.38297,25.52501],[-103.38378,25.52501],[-103.38379,25.52316],[-103.38292,25.52398]]],[[[-103.42787,25.57909],[-103.42819,25.57998],[-103.4291,25.57978],[-103.42918,25.5787],[-103.42787,25.57909]]],[[[-103.39258,25.51501],[-103.39205,25.51557],[-103.39277,25.51558],[-103.39258,25.51501]]],[[[-103.37453,25.54966],[-103.37621,25.54966],[-103.37622,25.54886],[-103.37432,25.54929],[-103.37453,25.54966]]],[[[-103.35767,25.53371],[-103.35777,25.53453],[-103.35865,25.53465],[-103.35867,25.53371],[-103.35767,25.53371]]],[[[-103.36189,25.53423],[-103.36317,25.53467],[-103.36316,25.53421],[-103.36189,25.53423]]],[[[-103.35716,25.534],[-103.35717,25.53346],[-103.356,25.53334],[-103.35584,25.53463],[-103.35716,25.53463],[-103.35716,25.534]]],[[[-103.33827,25.53457],[-103.3392,25.53437],[-103.33789,25.53441],[-103.33827,25.53457]]],[[[-103.33705,25.53401],[-103.33671,25.53327],[-103.33561,25.53399],[-103.33536,25.53321],[-103.33556,25.5345],[-103.33689,25.53449],[-103.33705,25.53401]]],[[[-103.32494,25.5331],[-103.32317,25.5331],[-103.32313,25.53444],[-103.32493,25.53451],[-103.32494,25.5331]]],[[[-103.31616,25.53299],[-103.31546,25.53297],[-103.31688,25.53439],[-103.31844,25.53436],[-103.31876,25.53308],[-103.31616,25.53299]]],[[[-103.31504,25.53294],[-103.31447,25.53213],[-103.3139,25.53441],[-103.31622,25.5344],[-103.31504,25.53294]]],[[[-103.33019,25.5345],[-103.33454,25.53453],[-103.33419,25.5332],[-103.33174,25.53318],[-103.33174,25.53397],[-103.33174,25.53318],[-103.32885,25.53317],[-103.32892,25.53449],[-103.33019,25.5345]]],[[[-103.33454,25.53453],[-103.33521,25.53454],[-103.33503,25.53321],[-103.33419,25.5332],[-103.33454,25.53453]]],[[[-103.32291,25.53406],[-103.32293,25.53314],[-103.31895,25.53308],[-103.31863,25.53439],[-103.32288,25.53448],[-103.32291,25.53406]]],[[[-103.32626,25.5331],[-103.32625,25.53452],[-103.32842,25.53443],[-103.32842,25.53311],[-103.32626,25.5331]]],[[[-103.37732,25.55657],[-103.37767,25.55722],[-103.37553,25.55363],[-103.37732,25.55657]]],[[[-103.40398,25.5938],[-103.40096,25.59644],[-103.4025,25.59677],[-103.40529,25.5921],[-103.40486,25.5919],[-103.40398,25.5938]]],[[[-103.39133,25.57972],[-103.39249,25.58013],[-103.3935,25.57825],[-103.39151,25.57731],[-103.39048,25.57941],[-103.39133,25.57972]]],[[[-103.40839,25.58715],[-103.40874,25.58581],[-103.40535,25.58406],[-103.40504,25.58458],[-103.40841,25.58616],[-103.40698,25.58848],[-103.40745,25.58872],[-103.40839,25.58715]]],[[[-103.39589,25.58306],[-103.39657,25.58357],[-103.39637,25.58283],[-103.39816,25.58244],[-103.3992,25.58116],[-103.39698,25.57999],[-103.39589,25.58306]]],[[[-103.38586,25.57112],[-103.38677,25.57117],[-103.3844,25.5676],[-103.38354,25.56807],[-103.38317,25.56767],[-103.38586,25.57112]]],[[[-103.38878,25.57442],[-103.38659,25.57569],[-103.38623,25.57775],[-103.38847,25.57841],[-103.38971,25.57565],[-103.38878,25.57442]]],[[[-103.38837,25.57276],[-103.38702,25.5715],[-103.38734,25.57278],[-103.38872,25.57409],[-103.38837,25.57276]]],[[[-103.38279,25.56574],[-103.38342,25.56556],[-103.38291,25.5649],[-103.38145,25.56633],[-103.38279,25.56574]]],[[[-103.38331,25.56626],[-103.38341,25.56555],[-103.38189,25.56612],[-103.38331,25.56626]]],[[[-103.33857,25.53498],[-103.33795,25.53516],[-103.33926,25.53517],[-103.33857,25.53498]]],[[[-103.35153,25.53586],[-103.35298,25.53587],[-103.35302,25.53513],[-103.34766,25.53509],[-103.34765,25.53558],[-103.35153,25.53586]]],[[[-103.3456,25.53508],[-103.34307,25.53506],[-103.34306,25.53556],[-103.34735,25.53557],[-103.34736,25.53509],[-103.3456,25.53508]]],[[[-103.32615,25.53484],[-103.32537,25.53505],[-103.32714,25.53509],[-103.32615,25.53484]]],[[[-103.32065,25.53479],[-103.32064,25.53533],[-103.322,25.53531],[-103.322,25.5348],[-103.32065,25.53479]]],[[[-103.322,25.53482],[-103.32199,25.53533],[-103.32342,25.53534],[-103.32341,25.53484],[-103.322,25.53482]]],[[[-103.31995,25.53483],[-103.31827,25.53485],[-103.31828,25.53531],[-103.32056,25.53535],[-103.31995,25.53483]]],[[[-103.31566,25.53485],[-103.31367,25.5351],[-103.31587,25.53523],[-103.31566,25.53485]]],[[[-103.33272,25.53492],[-103.32937,25.53513],[-103.33371,25.53514],[-103.33272,25.53492]]],[[[-103.31719,25.53531],[-103.31818,25.53486],[-103.31718,25.53485],[-103.31719,25.53531]]],[[[-103.37042,25.54434],[-103.37007,25.54309],[-103.36977,25.54411],[-103.37042,25.54434]]],[[[-103.37268,25.5482],[-103.37123,25.54649],[-103.37228,25.54877],[-103.37268,25.5482]]],[[[-103.36991,25.54259],[-103.37033,25.54303],[-103.37001,25.54063],[-103.36991,25.54259]]],[[[-103.37044,25.53659],[-103.37013,25.53558],[-103.36865,25.53541],[-103.36863,25.53657],[-103.37044,25.53659]]],[[[-103.38513,25.57328],[-103.38585,25.57369],[-103.38727,25.57293],[-103.3869,25.5715],[-103.38428,25.57214],[-103.38485,25.57321],[-103.38526,25.5731],[-103.38466,25.57227],[-103.38616,25.572],[-103.38693,25.5727],[-103.3864,25.57191],[-103.3871,25.57296],[-103.38631,25.57177],[-103.38428,25.57214],[-103.38513,25.57328]]],[[[-103.38313,25.56664],[-103.38316,25.5676],[-103.38387,25.56681],[-103.38313,25.56664]]],[[[-103.38948,25.5787],[-103.39031,25.57882],[-103.39107,25.57689],[-103.38916,25.57429],[-103.38878,25.57442],[-103.39036,25.5762],[-103.38998,25.57574],[-103.38938,25.5763],[-103.39041,25.57654],[-103.38935,25.57638],[-103.38864,25.57846],[-103.38948,25.5787]]],[[[-103.38734,25.57315],[-103.38588,25.57395],[-103.38674,25.57521],[-103.38848,25.57432],[-103.38734,25.57315]]],[[[-103.40496,25.59175],[-103.4054,25.59197],[-103.40726,25.58894],[-103.40677,25.58869],[-103.40496,25.59175]]],[[[-103.37471,25.5445],[-103.37577,25.5445],[-103.37576,25.54107],[-103.37475,25.54105],[-103.37471,25.5445]]],[[[-103.37607,25.54451],[-103.3768,25.54451],[-103.37686,25.54111],[-103.37606,25.5411],[-103.37607,25.54451]]],[[[-103.37582,25.538],[-103.37478,25.53799],[-103.37476,25.54029],[-103.37577,25.54029],[-103.37582,25.538]]],[[[-103.41412,25.58599],[-103.41432,25.58719],[-103.41565,25.58687],[-103.41518,25.58586],[-103.41412,25.58599]]],[[[-103.43314,25.58076],[-103.43286,25.57977],[-103.43191,25.57983],[-103.43131,25.58128],[-103.43314,25.58076]]],[[[-103.3659,25.53552],[-103.36388,25.53517],[-103.36449,25.53579],[-103.36864,25.53585],[-103.36865,25.53543],[-103.3659,25.53552]]],[[[-103.37612,25.53578],[-103.3761,25.53737],[-103.37692,25.53739],[-103.37695,25.53579],[-103.37612,25.53578]]],[[[-103.37479,25.53735],[-103.37582,25.53736],[-103.37582,25.53578],[-103.37481,25.53577],[-103.37479,25.53735]]],[[[-103.3761,25.53805],[-103.37607,25.54029],[-103.37687,25.5403],[-103.37691,25.53806],[-103.3761,25.53805]]],[[[-103.38502,25.62577],[-103.38601,25.62513],[-103.3854,25.62459],[-103.38502,25.62577]]],[[[-103.38553,25.62314],[-103.38528,25.6244],[-103.38612,25.6251],[-103.38905,25.62188],[-103.3877,25.62311],[-103.38553,25.62314]]],[[[-103.3724,25.6383],[-103.37151,25.63909],[-103.37187,25.6394],[-103.37359,25.63764],[-103.37299,25.63713],[-103.37197,25.63794],[-103.3724,25.6383]]],[[[-103.37376,25.63747],[-103.37451,25.63681],[-103.37391,25.63632],[-103.37302,25.63707],[-103.37376,25.63747]]],[[[-103.37444,25.6339],[-103.37376,25.63462],[-103.3753,25.636],[-103.37605,25.63524],[-103.37444,25.6339]]],[[[-103.37332,25.63508],[-103.37299,25.63544],[-103.37453,25.63677],[-103.37513,25.63616],[-103.37362,25.63477],[-103.37332,25.63508]]],[[[-103.37854,25.62975],[-103.37646,25.63187],[-103.378,25.6332],[-103.37945,25.63175],[-103.37854,25.62975]]],[[[-103.36982,25.64096],[-103.37098,25.64036],[-103.36906,25.64101],[-103.36982,25.64096]]],[[[-103.40226,25.59771],[-103.40249,25.59809],[-103.40273,25.59746],[-103.40226,25.59771]]],[[[-103.38887,25.62059],[-103.39041,25.62067],[-103.39105,25.62002],[-103.3889,25.61994],[-103.38887,25.62059]]],[[[-103.38888,25.61967],[-103.39122,25.61973],[-103.39166,25.61912],[-103.38888,25.61912],[-103.38888,25.61967]]],[[[-103.3978,25.61107],[-103.39748,25.61161],[-103.39562,25.61065],[-103.39478,25.61355],[-103.39741,25.61298],[-103.39468,25.6139],[-103.3964,25.61472],[-103.39902,25.61195],[-103.3978,25.61107]]],[[[-103.39907,25.60794],[-103.39975,25.60793],[-103.39866,25.60791],[-103.39849,25.60905],[-103.39955,25.60895],[-103.39974,25.60796],[-103.39907,25.60794]]],[[[-103.39825,25.60973],[-103.39802,25.61092],[-103.39918,25.61146],[-103.39961,25.60902],[-103.39836,25.60914],[-103.39825,25.60973]]],[[[-103.4012,25.59944],[-103.39994,25.60186],[-103.40111,25.60196],[-103.40242,25.59796],[-103.4012,25.59944]]],[[[-103.38919,25.62159],[-103.39037,25.62071],[-103.38876,25.62065],[-103.38861,25.62156],[-103.38919,25.62159]]],[[[-103.39151,25.61658],[-103.39296,25.6181],[-103.39217,25.61637],[-103.39151,25.61658]]],[[[-103.40143,25.60445],[-103.40203,25.60203],[-103.40159,25.60198],[-103.40091,25.60478],[-103.40544,25.60359],[-103.40143,25.60445]]],[[[-103.40423,25.59756],[-103.40334,25.59748],[-103.40262,25.59918],[-103.40438,25.59929],[-103.40423,25.59756]]],[[[-103.40268,25.59919],[-103.40298,25.60015],[-103.40428,25.60023],[-103.40438,25.59929],[-103.40268,25.59919]]],[[[-103.40262,25.59918],[-103.4025,25.59965],[-103.40433,25.59976],[-103.40438,25.59929],[-103.40262,25.59918]]],[[[-103.36502,25.65166],[-103.36436,25.65276],[-103.36831,25.65136],[-103.36502,25.65166]]],[[[-103.35964,25.66682],[-103.36028,25.66696],[-103.36057,25.66606],[-103.35992,25.6659],[-103.35964,25.66682]]],[[[-103.36055,25.66514],[-103.3613,25.66434],[-103.36074,25.66428],[-103.36055,25.66514]]],[[[-103.36159,25.66258],[-103.36153,25.66163],[-103.36118,25.6629],[-103.36159,25.66258]]],[[[-103.36364,25.65507],[-103.36363,25.65628],[-103.36609,25.6564],[-103.36628,25.65576],[-103.36411,25.65568],[-103.36631,25.65283],[-103.36604,25.65238],[-103.36526,25.65292],[-103.36597,25.65219],[-103.36436,25.65276],[-103.36364,25.65507]]],[[[-103.36242,25.66161],[-103.36378,25.66124],[-103.36187,25.66056],[-103.3616,25.66151],[-103.36242,25.66161]]],[[[-103.36303,25.65696],[-103.36195,25.6603],[-103.36399,25.66105],[-103.36566,25.65987],[-103.36514,25.65948],[-103.36596,25.65677],[-103.36303,25.65696]]],[[[-103.37215,25.63962],[-103.37353,25.63929],[-103.37295,25.63882],[-103.37215,25.63962]]],[[[-103.37431,25.63828],[-103.37494,25.63787],[-103.37448,25.63738],[-103.37381,25.63805],[-103.37431,25.63828]]],[[[-103.37808,25.63373],[-103.37707,25.63475],[-103.37748,25.63507],[-103.37847,25.63406],[-103.37808,25.63373]]],[[[-103.37117,25.64141],[-103.36976,25.64215],[-103.36999,25.64282],[-103.37152,25.64238],[-103.37117,25.64141]]],[[[-103.36723,25.64656],[-103.36738,25.64479],[-103.36607,25.64748],[-103.36762,25.64709],[-103.36723,25.64656]]],[[[-103.36874,25.64318],[-103.36994,25.64284],[-103.36973,25.64217],[-103.36874,25.64318]]],[[[-103.39743,25.61438],[-103.39799,25.61493],[-103.39847,25.6145],[-103.39906,25.61276],[-103.39743,25.61438]]],[[[-103.39361,25.61858],[-103.39276,25.61898],[-103.39365,25.62061],[-103.39351,25.61964],[-103.39441,25.61933],[-103.39361,25.61858]]],[[[-103.39236,25.62143],[-103.39305,25.6206],[-103.39283,25.61986],[-103.39236,25.62143]]],[[[-103.38442,25.62835],[-103.38556,25.62831],[-103.386,25.62665],[-103.38504,25.62666],[-103.38237,25.62936],[-103.38423,25.62926],[-103.38442,25.62835]]],[[[-103.38709,25.62608],[-103.38839,25.62571],[-103.38863,25.62479],[-103.38696,25.62473],[-103.38519,25.62651],[-103.38709,25.62608]]],[[[-103.38776,25.62393],[-103.3871,25.62459],[-103.38865,25.62454],[-103.38913,25.62257],[-103.38776,25.62393]]],[[[-103.38903,25.6235],[-103.3902,25.62359],[-103.39044,25.6226],[-103.38928,25.62257],[-103.38903,25.6235]]],[[[-103.38952,25.62215],[-103.39048,25.62246],[-103.3909,25.62076],[-103.38952,25.62215]]],[[[-103.39205,25.62259],[-103.39251,25.62082],[-103.39104,25.62074],[-103.39062,25.62255],[-103.39205,25.62259]]],[[[-103.38271,25.62949],[-103.3817,25.63022],[-103.38282,25.63102],[-103.38271,25.62949]]],[[[-103.38016,25.63159],[-103.3804,25.63302],[-103.38291,25.6313],[-103.38124,25.63058],[-103.38016,25.63159]]],[[[-103.38246,25.6279],[-103.38264,25.62828],[-103.38485,25.62604],[-103.38246,25.6279]]],[[[-103.39736,25.60573],[-103.39858,25.60541],[-103.39671,25.60591],[-103.39736,25.60573]]],[[[-103.39925,25.60511],[-103.40016,25.60495],[-103.40019,25.60335],[-103.39953,25.60344],[-103.39925,25.60511]]],[[[-103.39989,25.60332],[-103.40063,25.60353],[-103.40114,25.602],[-103.39989,25.60332]]],[[[-103.39997,25.60667],[-103.40018,25.6053],[-103.3991,25.60539],[-103.39868,25.60776],[-103.39977,25.60779],[-103.39997,25.60667]]],[[[-103.39365,25.61668],[-103.39363,25.61744],[-103.39621,25.61489],[-103.39461,25.61414],[-103.39365,25.61668]]],[[[-103.3937,25.61804],[-103.39524,25.61753],[-103.39789,25.61483],[-103.39743,25.61438],[-103.3937,25.61804]]],[[[-103.39142,25.61898],[-103.39259,25.61843],[-103.39036,25.61497],[-103.38985,25.61556],[-103.39179,25.61862],[-103.39142,25.61898]]],[[[-103.3679,25.644],[-103.36739,25.64463],[-103.36879,25.64427],[-103.36853,25.64342],[-103.3679,25.644]]],[[[-103.39654,25.60533],[-103.39647,25.60582],[-103.39774,25.60511],[-103.39654,25.60533]]],[[[-103.39267,25.60674],[-103.39182,25.60714],[-103.39331,25.60671],[-103.39267,25.60674]]]]},"properties":{"SIMBOLOGIA":"Corredor Urbano habitacional, comercio y servicios (CU1.2)"}},{"type":"Feature","geometry":{"type":"MultiPolygon","coordinates":[[[[-103.42862,25.5961],[-103.42954,25.59653],[-103.42991,25.59588],[-103.429,25.59546],[-103.42862,25.5961]]],[[[-103.43603,25.59548],[-103.43461,25.59424],[-103.43299,25.59667],[-103.42948,25.59744],[-103.43522,25.59634],[-103.43654,25.59672],[-103.43709,25.59416],[-103.43603,25.59548]]],[[[-103.38342,25.56122],[-103.38377,25.56028],[-103.38307,25.56064],[-103.38342,25.56122]]],[[[-103.39051,25.56691],[-103.39002,25.56745],[-103.39051,25.56821],[-103.39051,25.56691]]],[[[-103.38901,25.56542],[-103.3894,25.56639],[-103.38976,25.56599],[-103.38901,25.56542]]],[[[-103.38552,25.55898],[-103.38591,25.55944],[-103.38633,25.55904],[-103.38552,25.55898]]],[[[-103.37758,25.55369],[-103.37768,25.55291],[-103.37724,25.55313],[-103.37758,25.55369]]],[[[-103.38899,25.5518],[-103.39109,25.55444],[-103.39051,25.54716],[-103.38798,25.54823],[-103.38791,25.55042],[-103.38899,25.5518]]],[[[-103.38436,25.55812],[-103.38491,25.55813],[-103.38438,25.55767],[-103.38386,25.55811],[-103.38436,25.55812]]],[[[-103.38526,25.54682],[-103.38558,25.54711],[-103.38559,25.54651],[-103.38526,25.54682]]],[[[-103.37955,25.54739],[-103.38038,25.54726],[-103.3795,25.54718],[-103.37947,25.5478],[-103.37955,25.54739]]],[[[-103.40969,25.5786],[-103.40908,25.57884],[-103.40929,25.57929],[-103.40983,25.57924],[-103.40969,25.5786]]],[[[-103.41128,25.57914],[-103.41215,25.57995],[-103.41239,25.57955],[-103.41128,25.57914]]],[[[-103.40981,25.58053],[-103.40939,25.58109],[-103.41034,25.58157],[-103.41082,25.58072],[-103.40981,25.58053]]],[[[-103.40242,25.57633],[-103.40279,25.5769],[-103.40313,25.57631],[-103.40242,25.57633]]],[[[-103.39612,25.57324],[-103.39666,25.57351],[-103.39581,25.57278],[-103.39612,25.57324]]],[[[-103.39169,25.54272],[-103.39226,25.54318],[-103.39307,25.54236],[-103.39252,25.54197],[-103.39169,25.54272]]],[[[-103.43137,25.53835],[-103.43128,25.54471],[-103.43413,25.54478],[-103.43423,25.53852],[-103.43137,25.53835]]],[[[-103.44469,25.53865],[-103.44466,25.54094],[-103.44616,25.54095],[-103.44618,25.53863],[-103.44469,25.53865]]],[[[-103.4375,25.55061],[-103.43832,25.55062],[-103.43833,25.54987],[-103.43751,25.54987],[-103.4375,25.55061]]],[[[-103.4197,25.52546],[-103.42098,25.5259],[-103.42177,25.52383],[-103.42037,25.52311],[-103.4191,25.52342],[-103.41862,25.52548],[-103.4197,25.52546]]],[[[-103.41849,25.52177],[-103.41863,25.52232],[-103.41915,25.52155],[-103.4185,25.52119],[-103.41849,25.52177]]],[[[-103.43064,25.53467],[-103.42924,25.53547],[-103.43211,25.5355],[-103.43064,25.53467]]],[[[-103.44508,25.52734],[-103.44475,25.52946],[-103.44858,25.53208],[-103.44936,25.53152],[-103.44735,25.52648],[-103.44508,25.52734]]],[[[-103.43175,25.52652],[-103.43273,25.52707],[-103.43272,25.52604],[-103.43225,25.52579],[-103.43175,25.52652]]],[[[-103.40285,25.49539],[-103.40279,25.49585],[-103.40363,25.49479],[-103.40285,25.49539]]],[[[-103.40116,25.49822],[-103.40179,25.49862],[-103.40211,25.49821],[-103.40116,25.49822]]],[[[-103.38678,25.51288],[-103.38633,25.51348],[-103.38758,25.51391],[-103.38759,25.51306],[-103.38678,25.51288]]],[[[-103.38216,25.52042],[-103.38285,25.52085],[-103.38346,25.52007],[-103.38278,25.51963],[-103.38216,25.52042]]],[[[-103.37838,25.52418],[-103.37933,25.52502],[-103.37994,25.52444],[-103.37838,25.52418]]],[[[-103.39052,25.5138],[-103.39181,25.51382],[-103.39182,25.51303],[-103.39052,25.5138]]],[[[-103.4024,25.50286],[-103.40331,25.50276],[-103.40271,25.50238],[-103.4024,25.50286]]],[[[-103.39743,25.50373],[-103.39704,25.50432],[-103.39746,25.50455],[-103.39816,25.50352],[-103.39743,25.50373]]],[[[-103.38731,25.50734],[-103.38861,25.50692],[-103.38797,25.50651],[-103.38731,25.50734]]],[[[-103.38302,25.51044],[-103.38271,25.5114],[-103.38367,25.51016],[-103.38302,25.51044]]],[[[-103.38065,25.4982],[-103.38019,25.4993],[-103.38116,25.49805],[-103.38065,25.4982]]],[[[-103.38387,25.50371],[-103.38455,25.50414],[-103.385,25.50256],[-103.3845,25.50224],[-103.38387,25.50371]]],[[[-103.38116,25.50123],[-103.38077,25.50173],[-103.38142,25.50215],[-103.3818,25.50164],[-103.38116,25.50123]]],[[[-103.38093,25.50456],[-103.38162,25.50423],[-103.38091,25.50402],[-103.38093,25.50456]]],[[[-103.3801,25.50393],[-103.37927,25.50466],[-103.37991,25.50506],[-103.3801,25.50393]]],[[[-103.3821,25.5083],[-103.38324,25.50807],[-103.38259,25.50767],[-103.3821,25.5083]]],[[[-103.37277,25.50534],[-103.37238,25.50581],[-103.37408,25.5069],[-103.37409,25.50514],[-103.37277,25.50534]]],[[[-103.40611,25.49746],[-103.40672,25.49777],[-103.40666,25.49714],[-103.40611,25.49746]]],[[[-103.46221,25.53823],[-103.46175,25.53837],[-103.46198,25.53911],[-103.46279,25.53889],[-103.46221,25.53823]]],[[[-103.45207,25.5521],[-103.45151,25.55276],[-103.45208,25.55315],[-103.45301,25.55203],[-103.45244,25.55164],[-103.45207,25.5521]]],[[[-103.44581,25.55169],[-103.44547,25.55213],[-103.44684,25.55262],[-103.44684,25.55194],[-103.44581,25.55169]]],[[[-103.44317,25.55873],[-103.44433,25.55932],[-103.44466,25.55875],[-103.4435,25.55817],[-103.44317,25.55873]]],[[[-103.46891,25.54383],[-103.47305,25.54302],[-103.47309,25.54227],[-103.46912,25.54297],[-103.46891,25.54383]]],[[[-103.44744,25.56156],[-103.44722,25.562],[-103.44825,25.56248],[-103.44846,25.56205],[-103.44744,25.56156]]],[[[-103.44722,25.57155],[-103.44711,25.57233],[-103.44783,25.57241],[-103.44722,25.57155]]],[[[-103.44373,25.57441],[-103.44448,25.57457],[-103.44518,25.57336],[-103.44373,25.57441]]],[[[-103.42762,25.57359],[-103.42567,25.57309],[-103.43126,25.5744],[-103.42762,25.57359]]],[[[-103.43337,25.57372],[-103.43383,25.57312],[-103.43325,25.57309],[-103.43337,25.57372]]],[[[-103.43264,25.57332],[-103.433,25.57369],[-103.43305,25.57308],[-103.43264,25.57332]]],[[[-103.41753,25.57501],[-103.41849,25.57502],[-103.41816,25.57444],[-103.41753,25.57501]]],[[[-103.42688,25.57327],[-103.42895,25.57368],[-103.42728,25.57273],[-103.42688,25.57327]]],[[[-103.44693,25.56963],[-103.44654,25.57002],[-103.44723,25.57],[-103.44693,25.56963]]],[[[-103.44194,25.56325],[-103.44255,25.56329],[-103.44223,25.56287],[-103.44194,25.56325]]],[[[-103.41024,25.58718],[-103.41084,25.58783],[-103.41224,25.58752],[-103.41213,25.58682],[-103.41024,25.58718]]],[[[-103.41088,25.59153],[-103.40939,25.5919],[-103.4109,25.59198],[-103.41088,25.59153]]],[[[-103.40828,25.59377],[-103.40854,25.59342],[-103.40742,25.59337],[-103.40828,25.59377]]],[[[-103.41065,25.59401],[-103.41209,25.59409],[-103.41212,25.59362],[-103.4101,25.59351],[-103.41065,25.59401]]],[[[-103.41768,25.59329],[-103.4173,25.59298],[-103.41831,25.59336],[-103.41768,25.59329]]],[[[-103.40824,25.51506],[-103.40849,25.51601],[-103.40901,25.51574],[-103.40824,25.51506]]],[[[-103.41042,25.50819],[-103.41143,25.50876],[-103.41195,25.508],[-103.41092,25.50743],[-103.41042,25.50819]]],[[[-103.39524,25.52598],[-103.39524,25.527],[-103.39603,25.527],[-103.39604,25.52599],[-103.39524,25.52598]]],[[[-103.40465,25.52199],[-103.40585,25.52244],[-103.40585,25.52168],[-103.40482,25.52147],[-103.40465,25.52199]]],[[[-103.40479,25.51344],[-103.40435,25.51412],[-103.40522,25.51448],[-103.40479,25.51344]]],[[[-103.41327,25.50038],[-103.41262,25.50045],[-103.41334,25.5009],[-103.41387,25.50022],[-103.41327,25.50038]]],[[[-103.4147,25.50346],[-103.41536,25.50387],[-103.41569,25.50344],[-103.4147,25.50346]]],[[[-103.38744,25.52042],[-103.38694,25.52139],[-103.38751,25.52138],[-103.38744,25.52042]]],[[[-103.38844,25.52142],[-103.38934,25.51934],[-103.38899,25.51903],[-103.38818,25.51981],[-103.38844,25.52142]]],[[[-103.398,25.51171],[-103.39799,25.51278],[-103.39893,25.51279],[-103.39918,25.51199],[-103.398,25.51171]]],[[[-103.38313,25.53294],[-103.38342,25.53325],[-103.38343,25.53248],[-103.38313,25.53294]]],[[[-103.40319,25.52352],[-103.4026,25.52368],[-103.40237,25.52535],[-103.40319,25.52352]]],[[[-103.38106,25.54775],[-103.38148,25.5485],[-103.38155,25.54776],[-103.38106,25.54775]]],[[[-103.41094,25.57484],[-103.41014,25.57488],[-103.41132,25.5747],[-103.41094,25.57484]]],[[[-103.37819,25.52324],[-103.37598,25.52611],[-103.37934,25.52211],[-103.37819,25.52324]]],[[[-103.40037,25.4978],[-103.39785,25.49869],[-103.40103,25.49763],[-103.40037,25.4978]]],[[[-103.44808,25.57576],[-103.44334,25.57698],[-103.44952,25.57563],[-103.44808,25.57576]]],[[[-103.39275,25.55492],[-103.39283,25.55441],[-103.39209,25.55516],[-103.39291,25.5558],[-103.39275,25.55492]]],[[[-103.42545,25.53354],[-103.42593,25.53354],[-103.42522,25.5332],[-103.42545,25.53354]]],[[[-103.42834,25.53498],[-103.42884,25.53503],[-103.42794,25.53482],[-103.42834,25.53498]]],[[[-103.41397,25.53099],[-103.41518,25.531],[-103.4118,25.53098],[-103.41397,25.53099]]],[[[-103.40722,25.51758],[-103.40777,25.5172],[-103.40616,25.51764],[-103.40722,25.51758]]],[[[-103.41317,25.52633],[-103.41488,25.52634],[-103.41227,25.52624],[-103.41317,25.52633]]],[[[-103.38662,25.51752],[-103.38625,25.51661],[-103.38573,25.51727],[-103.38662,25.51752]]],[[[-103.46695,25.54411],[-103.46746,25.54416],[-103.46652,25.54391],[-103.46695,25.54411]]],[[[-103.46479,25.54379],[-103.4652,25.54373],[-103.46424,25.5436],[-103.46479,25.54379]]],[[[-103.46365,25.54362],[-103.46408,25.54366],[-103.46309,25.54343],[-103.46365,25.54362]]],[[[-103.46248,25.54345],[-103.46292,25.5434],[-103.46171,25.54324],[-103.46248,25.54345]]],[[[-103.39285,25.52092],[-103.39229,25.52091],[-103.39228,25.52187],[-103.39285,25.52187],[-103.39285,25.52092]]],[[[-103.40459,25.52664],[-103.40583,25.52695],[-103.40471,25.52595],[-103.40459,25.52664]]],[[[-103.44342,25.52023],[-103.44645,25.52207],[-103.44789,25.52021],[-103.44645,25.51936],[-103.44342,25.52023]]],[[[-103.35872,25.52857],[-103.36012,25.52858],[-103.36013,25.52795],[-103.35872,25.52794],[-103.35872,25.52857]]],[[[-103.35407,25.5175],[-103.35283,25.51737],[-103.35282,25.51807],[-103.35406,25.51808],[-103.35407,25.5175]]],[[[-103.35264,25.52042],[-103.35265,25.51983],[-103.35172,25.51983],[-103.35172,25.52042],[-103.35264,25.52042]]],[[[-103.34894,25.52396],[-103.34922,25.52338],[-103.34864,25.52337],[-103.34894,25.52396]]],[[[-103.34218,25.52646],[-103.34248,25.52569],[-103.34182,25.52569],[-103.34218,25.52646]]],[[[-103.33677,25.53341],[-103.33707,25.53396],[-103.33761,25.53351],[-103.33715,25.53289],[-103.33677,25.53341]]],[[[-103.32483,25.52428],[-103.32331,25.52404],[-103.32365,25.52469],[-103.32483,25.52428]]],[[[-103.31919,25.53017],[-103.31951,25.52966],[-103.31902,25.52949],[-103.31919,25.53017]]],[[[-103.31801,25.52589],[-103.31823,25.52724],[-103.31851,25.52615],[-103.31801,25.52589]]],[[[-103.33395,25.51312],[-103.33184,25.51028],[-103.3241,25.51458],[-103.32743,25.51828],[-103.32981,25.51777],[-103.3292,25.51661],[-103.32951,25.5145],[-103.33395,25.51312]]],[[[-103.34589,25.51532],[-103.34616,25.51607],[-103.34666,25.5159],[-103.34589,25.51532]]],[[[-103.34384,25.51652],[-103.34413,25.5171],[-103.34474,25.51686],[-103.3443,25.51623],[-103.34384,25.51652]]],[[[-103.34511,25.50016],[-103.34561,25.49997],[-103.3445,25.49925],[-103.34511,25.50016]]],[[[-103.3568,25.50729],[-103.35731,25.50729],[-103.35694,25.50663],[-103.3568,25.50729]]],[[[-103.35524,25.50568],[-103.3556,25.50507],[-103.35489,25.50504],[-103.35524,25.50568]]],[[[-103.35496,25.4902],[-103.35433,25.49049],[-103.35493,25.49096],[-103.35496,25.4902]]],[[[-103.34351,25.49442],[-103.34333,25.49537],[-103.34385,25.49513],[-103.34351,25.49442]]],[[[-103.35777,25.50869],[-103.35776,25.50937],[-103.35859,25.50899],[-103.35777,25.50869]]],[[[-103.35258,25.49793],[-103.35293,25.49855],[-103.35382,25.49822],[-103.35335,25.49745],[-103.35258,25.49793]]],[[[-103.32341,25.50138],[-103.32319,25.50236],[-103.32384,25.50187],[-103.32341,25.50138]]],[[[-103.35693,25.4899],[-103.35692,25.49053],[-103.35733,25.49011],[-103.35693,25.4899]]],[[[-103.33855,25.52993],[-103.33935,25.5297],[-103.3393,25.52885],[-103.33863,25.52872],[-103.33855,25.52993]]],[[[-103.34907,25.52466],[-103.35061,25.52484],[-103.35172,25.5242],[-103.34907,25.52422],[-103.34907,25.52466]]],[[[-103.32494,25.5331],[-103.32493,25.53451],[-103.32625,25.53452],[-103.32626,25.5331],[-103.32494,25.5331]]],[[[-103.39267,25.59221],[-103.39488,25.59225],[-103.39522,25.59151],[-103.39304,25.59141],[-103.39267,25.59221]]],[[[-103.39718,25.59243],[-103.39838,25.59237],[-103.39878,25.59176],[-103.39542,25.59153],[-103.39507,25.59228],[-103.39718,25.59243]]],[[[-103.40084,25.59239],[-103.40027,25.59172],[-103.39901,25.59177],[-103.39851,25.59249],[-103.40084,25.59239]]],[[[-103.37802,25.57426],[-103.37743,25.57445],[-103.37818,25.57465],[-103.37802,25.57426]]],[[[-103.37429,25.56971],[-103.37428,25.56926],[-103.37363,25.56954],[-103.37429,25.56971]]],[[[-103.37506,25.57901],[-103.37458,25.57857],[-103.37464,25.57939],[-103.37506,25.57901]]],[[[-103.38138,25.58709],[-103.3819,25.58752],[-103.38203,25.58707],[-103.38138,25.58709]]],[[[-103.38253,25.56917],[-103.38214,25.57033],[-103.38285,25.57018],[-103.38253,25.56917]]],[[[-103.35317,25.56033],[-103.35414,25.56033],[-103.35414,25.55971],[-103.35317,25.56033]]],[[[-103.36921,25.57937],[-103.37093,25.58081],[-103.36977,25.57934],[-103.36997,25.57875],[-103.36921,25.57937]]],[[[-103.36656,25.57724],[-103.36653,25.578],[-103.36726,25.57804],[-103.36786,25.57723],[-103.36656,25.57724]]],[[[-103.36904,25.59004],[-103.36854,25.59073],[-103.36928,25.59109],[-103.3697,25.59055],[-103.36904,25.59004]]],[[[-103.37137,25.59098],[-103.3745,25.59067],[-103.36979,25.59044],[-103.36973,25.5909],[-103.37137,25.59098]]],[[[-103.36514,25.58891],[-103.36627,25.58874],[-103.36483,25.58861],[-103.36514,25.58891]]],[[[-103.36297,25.57793],[-103.36351,25.57785],[-103.36327,25.57746],[-103.36297,25.57793]]],[[[-103.35763,25.58288],[-103.35798,25.58345],[-103.35862,25.58314],[-103.35827,25.58256],[-103.35763,25.58288]]],[[[-103.35508,25.57859],[-103.35459,25.57907],[-103.35588,25.57948],[-103.35508,25.57859]]],[[[-103.32088,25.60852],[-103.32176,25.60894],[-103.32225,25.60813],[-103.32136,25.6077],[-103.32088,25.60852]]],[[[-103.35363,25.58745],[-103.35338,25.58668],[-103.35325,25.5877],[-103.35395,25.58774],[-103.35363,25.58745]]],[[[-103.35902,25.58684],[-103.35991,25.58689],[-103.35922,25.58629],[-103.35902,25.58684]]],[[[-103.27,25.58655],[-103.26899,25.58641],[-103.26892,25.5869],[-103.26989,25.58702],[-103.27,25.58655]]],[[[-103.33065,25.53957],[-103.33173,25.539],[-103.33048,25.53902],[-103.33065,25.53957]]],[[[-103.33131,25.53568],[-103.33071,25.53589],[-103.33167,25.53587],[-103.33131,25.53568]]],[[[-103.36533,25.55357],[-103.36575,25.55415],[-103.36642,25.55373],[-103.36598,25.55315],[-103.36533,25.55357]]],[[[-103.35414,25.55237],[-103.35384,25.55315],[-103.3544,25.55297],[-103.35414,25.55237]]],[[[-103.35387,25.55083],[-103.35385,25.55149],[-103.35501,25.55107],[-103.35387,25.55083]]],[[[-103.35695,25.55032],[-103.35644,25.55051],[-103.35691,25.55157],[-103.35774,25.55097],[-103.35695,25.55032]]],[[[-103.35564,25.54912],[-103.35643,25.54847],[-103.35565,25.54846],[-103.35564,25.54912]]],[[[-103.36101,25.54827],[-103.36132,25.54888],[-103.36132,25.54767],[-103.36101,25.54827]]],[[[-103.36421,25.54521],[-103.36453,25.54576],[-103.36495,25.54548],[-103.36421,25.54521]]],[[[-103.35467,25.54681],[-103.35538,25.54751],[-103.35539,25.54681],[-103.35467,25.54681]]],[[[-103.36226,25.55132],[-103.36163,25.55189],[-103.36264,25.55118],[-103.36226,25.55132]]],[[[-103.35492,25.53768],[-103.35503,25.53842],[-103.35656,25.53844],[-103.35645,25.53769],[-103.35492,25.53768]]],[[[-103.36324,25.5414],[-103.36376,25.54141],[-103.36375,25.54054],[-103.36324,25.5414]]],[[[-103.35316,25.54437],[-103.35374,25.54323],[-103.35332,25.54316],[-103.35316,25.54437]]],[[[-103.36215,25.53846],[-103.36287,25.53847],[-103.36286,25.53766],[-103.36216,25.53766],[-103.36215,25.53846]]],[[[-103.36327,25.54385],[-103.36299,25.54449],[-103.36412,25.54445],[-103.36327,25.54385]]],[[[-103.36328,25.54293],[-103.36377,25.54281],[-103.36375,25.54152],[-103.36324,25.54152],[-103.36309,25.54349],[-103.36393,25.54376],[-103.36328,25.54293]]],[[[-103.36321,25.53691],[-103.36366,25.53848],[-103.36368,25.5369],[-103.36321,25.53691]]],[[[-103.36247,25.5461],[-103.36233,25.54569],[-103.36189,25.54609],[-103.36247,25.5461]]],[[[-103.36302,25.54081],[-103.36375,25.54036],[-103.36354,25.53877],[-103.36299,25.53877],[-103.36302,25.54081]]],[[[-103.35245,25.55743],[-103.35059,25.55788],[-103.35276,25.55792],[-103.35277,25.55643],[-103.35245,25.55743]]],[[[-103.33744,25.54088],[-103.33665,25.5409],[-103.33666,25.54151],[-103.33745,25.54148],[-103.33744,25.54088]]],[[[-103.33039,25.55124],[-103.33132,25.55127],[-103.33132,25.55062],[-103.33023,25.55059],[-103.33039,25.55124]]],[[[-103.33199,25.54103],[-103.33354,25.54084],[-103.33111,25.54087],[-103.33199,25.54103]]],[[[-103.32899,25.54516],[-103.32865,25.54559],[-103.32927,25.54552],[-103.32899,25.54516]]],[[[-103.32526,25.55088],[-103.32558,25.55129],[-103.3256,25.55065],[-103.32526,25.55088]]],[[[-103.34013,25.54441],[-103.34012,25.54484],[-103.34193,25.54453],[-103.34013,25.54441]]],[[[-103.34475,25.54563],[-103.34553,25.54626],[-103.34553,25.54561],[-103.34475,25.54563]]],[[[-103.34521,25.55777],[-103.34577,25.55786],[-103.34575,25.55664],[-103.34449,25.55662],[-103.34521,25.55777]]],[[[-103.33186,25.54934],[-103.33189,25.54997],[-103.33244,25.54987],[-103.33186,25.54934]]],[[[-103.34115,25.54813],[-103.34008,25.54872],[-103.34131,25.54855],[-103.34115,25.54813]]],[[[-103.33824,25.54584],[-103.3368,25.54618],[-103.33892,25.54596],[-103.33824,25.54584]]],[[[-103.33749,25.54902],[-103.33745,25.54845],[-103.33679,25.54866],[-103.33749,25.54902]]],[[[-103.33949,25.55236],[-103.33873,25.5527],[-103.3401,25.55261],[-103.33949,25.55236]]],[[[-103.34098,25.5414],[-103.34148,25.54151],[-103.34062,25.54122],[-103.34098,25.5414]]],[[[-103.33771,25.5531],[-103.3381,25.55357],[-103.33813,25.55293],[-103.33771,25.5531]]],[[[-103.31516,25.54691],[-103.31539,25.54843],[-103.31526,25.54668],[-103.31472,25.54647],[-103.31516,25.54691]]],[[[-103.35715,25.55431],[-103.35659,25.55343],[-103.35617,25.55365],[-103.35691,25.555],[-103.35715,25.55431]]],[[[-103.3388,25.54944],[-103.33656,25.54945],[-103.33681,25.55023],[-103.33877,25.55022],[-103.3388,25.54944]]],[[[-103.36031,25.54279],[-103.35928,25.54326],[-103.36065,25.54312],[-103.36031,25.54279]]],[[[-103.36233,25.54105],[-103.36197,25.54208],[-103.36284,25.54103],[-103.36233,25.54105]]],[[[-103.37637,25.59072],[-103.3771,25.59115],[-103.37721,25.59073],[-103.37637,25.59072]]],[[[-103.36671,25.546],[-103.36717,25.54654],[-103.36775,25.54614],[-103.36671,25.546]]],[[[-103.35777,25.58795],[-103.35825,25.5881],[-103.35901,25.58598],[-103.35858,25.58567],[-103.35777,25.58795]]],[[[-103.31895,25.54233],[-103.31939,25.5433],[-103.31916,25.54179],[-103.31895,25.54233]]],[[[-103.32635,25.5559],[-103.32168,25.55521],[-103.32086,25.55403],[-103.32043,25.55145],[-103.32055,25.55417],[-103.32117,25.55513],[-103.32451,25.55607],[-103.32635,25.5559]]],[[[-103.33146,25.55127],[-103.33233,25.55129],[-103.33223,25.55065],[-103.33147,25.55063],[-103.33146,25.55127]]],[[[-103.33342,25.55779],[-103.33416,25.5578],[-103.32946,25.55727],[-103.33342,25.55779]]],[[[-103.33528,25.55788],[-103.3372,25.5578],[-103.33442,25.55773],[-103.33528,25.55788]]],[[[-103.38235,25.57986],[-103.38279,25.5797],[-103.38174,25.5797],[-103.38235,25.57986]]],[[[-103.38674,25.57956],[-103.38737,25.58],[-103.38755,25.5796],[-103.38674,25.57956]]],[[[-103.36929,25.57195],[-103.36842,25.57223],[-103.36904,25.57247],[-103.36929,25.57195]]],[[[-103.32553,25.55569],[-103.32097,25.55392],[-103.32215,25.55534],[-103.32553,25.55569]]],[[[-103.33378,25.55461],[-103.33376,25.55529],[-103.33427,25.55527],[-103.33429,25.55459],[-103.33378,25.55461]]],[[[-103.32062,25.5567],[-103.3195,25.55625],[-103.31993,25.55571],[-103.32059,25.55616],[-103.32055,25.55499],[-103.32031,25.55537],[-103.31982,25.55449],[-103.31757,25.55454],[-103.31698,25.55358],[-103.3157,25.55314],[-103.31527,25.55206],[-103.3151,25.55295],[-103.31162,25.55258],[-103.30971,25.55388],[-103.30988,25.553],[-103.30914,25.55291],[-103.30849,25.55535],[-103.31354,25.55364],[-103.31604,25.55459],[-103.31827,25.55697],[-103.32067,25.55771],[-103.32062,25.5567]]],[[[-103.32005,25.57589],[-103.32023,25.5742],[-103.31865,25.57044],[-103.31538,25.56946],[-103.31347,25.57068],[-103.31082,25.57093],[-103.30739,25.56992],[-103.30551,25.56786],[-103.30556,25.56957],[-103.30895,25.57122],[-103.31224,25.57162],[-103.31573,25.57075],[-103.31747,25.57113],[-103.31871,25.57196],[-103.32005,25.57589]]],[[[-103.30415,25.57371],[-103.30376,25.57523],[-103.31235,25.57805],[-103.31673,25.57827],[-103.31902,25.57717],[-103.31436,25.57776],[-103.31349,25.57668],[-103.31254,25.57715],[-103.31076,25.57671],[-103.30415,25.57371]]],[[[-103.33317,25.56292],[-103.33437,25.5638],[-103.33468,25.563],[-103.3298,25.56162],[-103.32654,25.55963],[-103.32638,25.56042],[-103.32832,25.56191],[-103.33317,25.56292]]],[[[-103.32127,25.55676],[-103.32157,25.55852],[-103.32468,25.56033],[-103.32604,25.56039],[-103.32574,25.55898],[-103.32127,25.55676]]],[[[-103.40259,25.53998],[-103.40294,25.53963],[-103.40218,25.53997],[-103.40259,25.53998]]],[[[-103.33646,25.46824],[-103.33469,25.4671],[-103.33218,25.46679],[-103.33622,25.46936],[-103.33646,25.46824]]],[[[-103.36427,25.59579],[-103.36526,25.59594],[-103.36338,25.59583],[-103.36427,25.59579]]],[[[-103.36699,25.59773],[-103.36591,25.59694],[-103.36609,25.59785],[-103.36699,25.59773]]],[[[-103.4417,25.57649],[-103.44242,25.57559],[-103.44172,25.57574],[-103.44126,25.57702],[-103.4417,25.57649]]],[[[-103.34042,25.43549],[-103.33966,25.43532],[-103.33852,25.43982],[-103.33932,25.43997],[-103.34042,25.43549]]],[[[-103.3392,25.44044],[-103.33838,25.44027],[-103.33751,25.44368],[-103.33836,25.44384],[-103.3392,25.44044]]],[[[-103.33821,25.44446],[-103.33736,25.44428],[-103.3363,25.44839],[-103.3372,25.44854],[-103.33821,25.44446]]],[[[-103.33706,25.44912],[-103.33616,25.44896],[-103.33521,25.45269],[-103.33614,25.45285],[-103.33706,25.44912]]],[[[-103.33601,25.4534],[-103.33507,25.45324],[-103.33401,25.45742],[-103.33496,25.45758],[-103.33601,25.4534]]],[[[-103.33477,25.45833],[-103.33381,25.45815],[-103.3317,25.4664],[-103.33277,25.46653],[-103.33477,25.45833]]],[[[-103.33719,25.46875],[-103.33698,25.46985],[-103.34073,25.47223],[-103.34099,25.47114],[-103.33719,25.46875]]],[[[-103.36831,25.46419],[-103.36872,25.46404],[-103.36721,25.4637],[-103.36831,25.46419]]],[[[-103.3668,25.46396],[-103.36732,25.46399],[-103.36528,25.46361],[-103.3668,25.46396]]],[[[-103.36495,25.46342],[-103.36548,25.46332],[-103.3641,25.46311],[-103.36495,25.46342]]],[[[-103.36336,25.46342],[-103.36398,25.46353],[-103.36291,25.463],[-103.36336,25.46342]]],[[[-103.35927,25.46269],[-103.36,25.46243],[-103.35755,25.46215],[-103.35927,25.46269]]],[[[-103.35292,25.46115],[-103.35366,25.4612],[-103.35228,25.46089],[-103.35292,25.46115]]],[[[-103.34882,25.46049],[-103.34981,25.46037],[-103.34722,25.45996],[-103.34882,25.46049]]],[[[-103.34467,25.45999],[-103.34565,25.45975],[-103.34476,25.45953],[-103.34467,25.45999]]],[[[-103.34321,25.45973],[-103.3432,25.45929],[-103.34181,25.45939],[-103.34321,25.45973]]],[[[-103.36711,25.48786],[-103.37436,25.4884],[-103.37688,25.4879],[-103.36847,25.48731],[-103.36668,25.48755],[-103.36711,25.48786]]],[[[-103.38144,25.48434],[-103.38562,25.48069],[-103.38139,25.48383],[-103.38144,25.48434]]],[[[-103.38551,25.58149],[-103.38598,25.58118],[-103.38522,25.58117],[-103.38551,25.58149]]],[[[-103.3842,25.58157],[-103.38432,25.58116],[-103.38355,25.58115],[-103.3842,25.58157]]],[[[-103.38432,25.57955],[-103.38476,25.57951],[-103.38381,25.57956],[-103.38432,25.57955]]],[[[-103.38632,25.58168],[-103.38677,25.58081],[-103.38634,25.57983],[-103.38632,25.58168]]],[[[-103.38477,25.57997],[-103.38329,25.58009],[-103.38347,25.58171],[-103.38518,25.582],[-103.38647,25.58132],[-103.38634,25.58005],[-103.38526,25.57963],[-103.3864,25.58017],[-103.38641,25.58136],[-103.38507,25.58198],[-103.38344,25.58165],[-103.38331,25.58011],[-103.38477,25.57997]]],[[[-103.33586,25.59719],[-103.33754,25.59724],[-103.33763,25.59575],[-103.33735,25.59709],[-103.33545,25.59709],[-103.33586,25.59719]]],[[[-103.33018,25.59598],[-103.33011,25.59348],[-103.33302,25.59327],[-103.33003,25.59328],[-103.32969,25.59538],[-103.33018,25.59598]]],[[[-103.33362,25.59331],[-103.337,25.59375],[-103.33751,25.59541],[-103.33703,25.5937],[-103.33362,25.59331]]],[[[-103.34107,25.42988],[-103.33982,25.43469],[-103.34058,25.43485],[-103.34187,25.43112],[-103.34107,25.42988]]],[[[-103.42049,25.52615],[-103.42089,25.526],[-103.42018,25.52583],[-103.42049,25.52615]]],[[[-103.34306,25.60234],[-103.34283,25.60311],[-103.34335,25.6033],[-103.34366,25.60245],[-103.34306,25.60234]]],[[[-103.36907,25.6229],[-103.36914,25.62341],[-103.36964,25.62246],[-103.36907,25.6229]]],[[[-103.36941,25.60155],[-103.36863,25.60187],[-103.36925,25.60216],[-103.36941,25.60155]]],[[[-103.36825,25.62099],[-103.36769,25.62075],[-103.36741,25.62131],[-103.36798,25.62154],[-103.36825,25.62099]]],[[[-103.36781,25.62052],[-103.36852,25.62081],[-103.36874,25.62037],[-103.36781,25.62052]]],[[[-103.3716,25.62035],[-103.37023,25.62043],[-103.37124,25.62121],[-103.37201,25.62067],[-103.3716,25.62035]]],[[[-103.36934,25.61928],[-103.36985,25.6195],[-103.3701,25.61884],[-103.36934,25.61928]]],[[[-103.3807,25.60103],[-103.38031,25.60188],[-103.38094,25.60212],[-103.3816,25.60073],[-103.38096,25.60048],[-103.3807,25.60103]]],[[[-103.39196,25.60195],[-103.39199,25.6025],[-103.39257,25.60246],[-103.39254,25.6019],[-103.39196,25.60195]]],[[[-103.39516,25.59879],[-103.39521,25.5997],[-103.39587,25.59967],[-103.39583,25.59876],[-103.39516,25.59879]]],[[[-103.39982,25.59825],[-103.39978,25.59894],[-103.40034,25.59852],[-103.39982,25.59825]]],[[[-103.39873,25.59989],[-103.39875,25.60039],[-103.39919,25.60007],[-103.39873,25.59989]]],[[[-103.36704,25.64276],[-103.36658,25.64271],[-103.36726,25.64326],[-103.36704,25.64276]]],[[[-103.39015,25.6134],[-103.39053,25.61369],[-103.38998,25.61302],[-103.39015,25.6134]]],[[[-103.38782,25.61066],[-103.38741,25.61096],[-103.38786,25.61147],[-103.38782,25.61066]]],[[[-103.38375,25.61419],[-103.38336,25.61448],[-103.38379,25.61497],[-103.38424,25.61465],[-103.38375,25.61419]]],[[[-103.38046,25.61901],[-103.38133,25.61866],[-103.381,25.61832],[-103.38046,25.61901]]],[[[-103.37666,25.62217],[-103.3761,25.623],[-103.37706,25.62234],[-103.37666,25.62217]]],[[[-103.38484,25.61803],[-103.38437,25.6186],[-103.38538,25.61862],[-103.38484,25.61803]]],[[[-103.40691,25.60893],[-103.40724,25.60825],[-103.40637,25.60864],[-103.40691,25.60893]]],[[[-103.40482,25.60763],[-103.40526,25.60794],[-103.40508,25.6073],[-103.40482,25.60763]]],[[[-103.40607,25.60704],[-103.40604,25.60757],[-103.40697,25.60689],[-103.40607,25.60704]]],[[[-103.4151,25.59878],[-103.4153,25.59831],[-103.41468,25.59844],[-103.4151,25.59878]]],[[[-103.36621,25.65979],[-103.36585,25.66009],[-103.36633,25.66053],[-103.36621,25.65979]]],[[[-103.36867,25.65769],[-103.36844,25.65806],[-103.36908,25.65805],[-103.36867,25.65769]]],[[[-103.36873,25.65128],[-103.36911,25.65235],[-103.36917,25.65119],[-103.36873,25.65128]]],[[[-103.36825,25.65261],[-103.36813,25.65181],[-103.36759,25.65195],[-103.36825,25.65261]]],[[[-103.36598,25.65304],[-103.36437,25.65529],[-103.36627,25.65579],[-103.36718,25.65388],[-103.36598,25.65304]]],[[[-103.36242,25.6663],[-103.36282,25.6658],[-103.36225,25.66577],[-103.36242,25.6663]]],[[[-103.36184,25.66477],[-103.36242,25.6646],[-103.36191,25.66425],[-103.36184,25.66477]]],[[[-103.39901,25.62355],[-103.39949,25.62486],[-103.40003,25.62452],[-103.39978,25.62329],[-103.39901,25.62355]]],[[[-103.39269,25.62294],[-103.39269,25.62369],[-103.39389,25.62329],[-103.39366,25.62266],[-103.39269,25.62294]]],[[[-103.3911,25.62792],[-103.39178,25.62769],[-103.3914,25.62678],[-103.3911,25.62792]]],[[[-103.40523,25.61196],[-103.40599,25.61179],[-103.4057,25.61127],[-103.40523,25.61196]]],[[[-103.40744,25.61296],[-103.40847,25.61316],[-103.40828,25.61268],[-103.40744,25.61296]]],[[[-103.40134,25.61248],[-103.40332,25.61163],[-103.40119,25.61189],[-103.40134,25.61248]]],[[[-103.40152,25.61557],[-103.4018,25.61496],[-103.40109,25.6156],[-103.40152,25.61557]]],[[[-103.40207,25.61349],[-103.40225,25.6139],[-103.40264,25.61346],[-103.40207,25.61349]]],[[[-103.40513,25.61486],[-103.40475,25.61528],[-103.4061,25.61487],[-103.40513,25.61486]]],[[[-103.40379,25.61974],[-103.40565,25.61884],[-103.40367,25.61935],[-103.40379,25.61974]]],[[[-103.40564,25.62225],[-103.40475,25.62247],[-103.40574,25.62273],[-103.40564,25.62225]]],[[[-103.40876,25.61793],[-103.4068,25.61885],[-103.40888,25.61835],[-103.40876,25.61793]]],[[[-103.40736,25.61406],[-103.40701,25.61454],[-103.40832,25.61407],[-103.40736,25.61406]]],[[[-103.40785,25.62434],[-103.40951,25.62402],[-103.40798,25.62414],[-103.4079,25.62304],[-103.40785,25.62434]]],[[[-103.41327,25.62092],[-103.41283,25.62111],[-103.4134,25.62132],[-103.41327,25.62092]]],[[[-103.4108,25.62128],[-103.41046,25.62167],[-103.4113,25.62152],[-103.4108,25.62128]]],[[[-103.41634,25.61911],[-103.41736,25.61908],[-103.41583,25.61887],[-103.41634,25.61911]]],[[[-103.42133,25.60098],[-103.42255,25.60082],[-103.41784,25.60047],[-103.42133,25.60098]]],[[[-103.37092,25.62407],[-103.37122,25.62469],[-103.37177,25.62444],[-103.37144,25.62383],[-103.37092,25.62407]]],[[[-103.37035,25.62432],[-103.37066,25.62491],[-103.37116,25.6247],[-103.37086,25.62409],[-103.37035,25.62432]]],[[[-103.36863,25.64276],[-103.36773,25.64304],[-103.36749,25.64393],[-103.36863,25.64276]]],[[[-103.38328,25.63847],[-103.38629,25.63968],[-103.38853,25.63706],[-103.38589,25.63456],[-103.38451,25.63606],[-103.38623,25.63704],[-103.38551,25.63723],[-103.38662,25.63794],[-103.38611,25.63925],[-103.38227,25.63792],[-103.38328,25.63847]]],[[[-103.38937,25.64127],[-103.3937,25.64335],[-103.39431,25.64257],[-103.39613,25.6423],[-103.38867,25.6372],[-103.38639,25.63972],[-103.38937,25.64127]]],[[[-103.40224,25.64471],[-103.39634,25.64245],[-103.3944,25.64273],[-103.39387,25.64344],[-103.3973,25.64483],[-103.40224,25.64471]]],[[[-103.42218,25.60546],[-103.41977,25.60404],[-103.41529,25.6036],[-103.41885,25.60412],[-103.42222,25.60556],[-103.42228,25.60503],[-103.42218,25.60546]]],[[[-103.42649,25.60551],[-103.4263,25.60615],[-103.42678,25.60625],[-103.42649,25.60551]]],[[[-103.36462,25.6517],[-103.36544,25.65093],[-103.36494,25.65082],[-103.36462,25.6517]]],[[[-103.36425,25.65074],[-103.36445,25.6516],[-103.36472,25.65065],[-103.36425,25.65074]]],[[[-103.36329,25.64974],[-103.36388,25.65023],[-103.36408,25.64979],[-103.36329,25.64974]]],[[[-103.36427,25.64948],[-103.36426,25.64898],[-103.3629,25.64923],[-103.36427,25.64948]]],[[[-103.36465,25.64877],[-103.36528,25.64901],[-103.36563,25.64784],[-103.36465,25.64877]]],[[[-103.36574,25.64906],[-103.36538,25.64966],[-103.36603,25.64979],[-103.36574,25.64906]]],[[[-103.36481,25.64884],[-103.36429,25.64936],[-103.36503,25.64961],[-103.36481,25.64884]]],[[[-103.36418,25.64984],[-103.36469,25.65056],[-103.36489,25.64996],[-103.36418,25.64984]]],[[[-103.36505,25.65055],[-103.366,25.65031],[-103.36525,25.65004],[-103.36505,25.65055]]],[[[-103.36604,25.65017],[-103.36603,25.65059],[-103.36709,25.65032],[-103.36604,25.65017]]],[[[-103.38225,25.61401],[-103.37392,25.62027],[-103.37545,25.61964],[-103.38225,25.61401]]],[[[-103.39,25.60809],[-103.38244,25.61387],[-103.39117,25.60787],[-103.39,25.60809]]],[[[-103.3924,25.60627],[-103.39082,25.60746],[-103.39289,25.60618],[-103.3924,25.60627]]],[[[-103.40116,25.59936],[-103.3952,25.60445],[-103.39879,25.60188],[-103.40177,25.59893],[-103.40226,25.59771],[-103.40116,25.59936]]],[[[-103.36575,25.60692],[-103.36548,25.60644],[-103.36502,25.60717],[-103.36575,25.60692]]],[[[-103.39601,25.60262],[-103.39255,25.60538],[-103.39626,25.6031],[-103.39601,25.60262]]],[[[-103.3717,25.60888],[-103.37269,25.60868],[-103.3721,25.60813],[-103.3717,25.60888]]],[[[-103.37331,25.60905],[-103.37123,25.60953],[-103.37428,25.609],[-103.37331,25.60905]]],[[[-103.36879,25.61491],[-103.36917,25.6152],[-103.36877,25.6134],[-103.36879,25.61491]]],[[[-103.37234,25.61678],[-103.37283,25.61685],[-103.37191,25.61651],[-103.37234,25.61678]]],[[[-103.41374,25.59642],[-103.41399,25.59802],[-103.41422,25.59641],[-103.41374,25.59642]]]]},"properties":{"SIMBOLOGIA":"Equipamiento áreas verdes y espacios abiertos (AV)"}},{"type":"Feature","geometry":{"type":"MultiPolygon","coordinates":[[[[-103.42006,25.55737],[-103.41929,25.55773],[-103.41953,25.55817],[-103.42098,25.55686],[-103.42052,25.55648],[-103.42006,25.55737]]],[[[-103.41916,25.55626],[-103.41987,25.55596],[-103.41942,25.55558],[-103.41916,25.55626]]],[[[-103.41764,25.55535],[-103.41697,25.55602],[-103.4174,25.55643],[-103.41876,25.55505],[-103.41831,25.55467],[-103.41764,25.55535]]],[[[-103.41715,25.55381],[-103.41583,25.55515],[-103.41765,25.55414],[-103.41715,25.55381]]],[[[-103.4068,25.55693],[-103.40728,25.55732],[-103.40866,25.55592],[-103.4082,25.55553],[-103.4068,25.55693]]],[[[-103.40385,25.55562],[-103.40315,25.55635],[-103.40532,25.55801],[-103.40661,25.5566],[-103.40456,25.55491],[-103.40385,25.55562]]],[[[-103.41675,25.5534],[-103.41515,25.55459],[-103.41561,25.55497],[-103.41675,25.5534]]],[[[-103.41487,25.55529],[-103.41403,25.55655],[-103.4154,25.55517],[-103.41487,25.55529]]],[[[-103.40347,25.55377],[-103.4049,25.55243],[-103.4043,25.55219],[-103.40306,25.55343],[-103.40347,25.55377]]],[[[-103.41198,25.55112],[-103.41114,25.55132],[-103.41166,25.55161],[-103.41198,25.55112]]],[[[-103.40527,25.55139],[-103.40624,25.55059],[-103.40483,25.55202],[-103.40527,25.55139]]],[[[-103.42001,25.56354],[-103.42006,25.56405],[-103.42022,25.56318],[-103.42001,25.56354]]],[[[-103.42005,25.56969],[-103.41934,25.57027],[-103.41968,25.57072],[-103.42005,25.56969]]],[[[-103.39972,25.54857],[-103.39854,25.54975],[-103.40036,25.54874],[-103.39972,25.54857]]],[[[-103.40093,25.54653],[-103.39945,25.54763],[-103.39995,25.54793],[-103.40093,25.54653]]],[[[-103.40111,25.54716],[-103.40018,25.5481],[-103.40056,25.54853],[-103.4017,25.54697],[-103.40111,25.54716]]],[[[-103.39638,25.55063],[-103.39693,25.55099],[-103.39805,25.54984],[-103.39712,25.54908],[-103.39585,25.55028],[-103.39638,25.55063]]],[[[-103.40241,25.54528],[-103.403,25.54487],[-103.4018,25.54484],[-103.40241,25.54528]]],[[[-103.39673,25.54512],[-103.3972,25.54479],[-103.3962,25.54478],[-103.39673,25.54512]]],[[[-103.4031,25.55266],[-103.4028,25.55323],[-103.40404,25.55198],[-103.40369,25.55146],[-103.40276,25.55239],[-103.4031,25.55266]]],[[[-103.4021,25.55347],[-103.40085,25.55433],[-103.40146,25.55452],[-103.4027,25.55331],[-103.40224,25.55293],[-103.4021,25.55347]]],[[[-103.40488,25.5393],[-103.40574,25.53903],[-103.40575,25.53819],[-103.40406,25.53819],[-103.40412,25.53993],[-103.40488,25.5393]]],[[[-103.40459,25.53789],[-103.40574,25.5379],[-103.40574,25.53742],[-103.40406,25.53721],[-103.40459,25.53789]]],[[[-103.40543,25.5444],[-103.40499,25.5447],[-103.40571,25.54471],[-103.40543,25.5444]]],[[[-103.39615,25.53853],[-103.39633,25.53947],[-103.39633,25.53845],[-103.397,25.53812],[-103.39615,25.53853]]],[[[-103.40018,25.53786],[-103.40067,25.53756],[-103.39915,25.53737],[-103.39915,25.53785],[-103.40018,25.53786]]],[[[-103.40215,25.53769],[-103.4011,25.5374],[-103.40078,25.53786],[-103.40267,25.53789],[-103.40267,25.53737],[-103.40215,25.53769]]],[[[-103.39693,25.5376],[-103.39615,25.53735],[-103.39615,25.53785],[-103.39693,25.5376]]],[[[-103.40331,25.53768],[-103.40279,25.53737],[-103.40279,25.53789],[-103.40381,25.53788],[-103.40379,25.5374],[-103.40331,25.53768]]],[[[-103.38377,25.53748],[-103.38257,25.53731],[-103.38256,25.53773],[-103.38377,25.53748]]],[[[-103.38973,25.5392],[-103.39099,25.53922],[-103.391,25.53809],[-103.38975,25.53808],[-103.38973,25.5392]]],[[[-103.38747,25.53777],[-103.38851,25.53778],[-103.38852,25.53698],[-103.38747,25.53698],[-103.38747,25.53777]]],[[[-103.38877,25.53778],[-103.38981,25.53781],[-103.38981,25.537],[-103.38877,25.53699],[-103.38877,25.53778]]],[[[-103.395,25.53755],[-103.39363,25.53781],[-103.39534,25.53783],[-103.395,25.53755]]],[[[-103.38611,25.5375],[-103.38428,25.53732],[-103.38428,25.53773],[-103.38611,25.5375]]],[[[-103.38489,25.53804],[-103.38426,25.53803],[-103.38423,25.54018],[-103.38486,25.54018],[-103.38484,25.5382],[-103.38617,25.53822],[-103.38489,25.53804]]],[[[-103.38746,25.53875],[-103.38843,25.53875],[-103.38851,25.53807],[-103.38746,25.53806],[-103.38746,25.53875]]],[[[-103.3908,25.54495],[-103.38903,25.5447],[-103.39104,25.54636],[-103.3908,25.54495]]],[[[-103.39026,25.54607],[-103.38808,25.54549],[-103.38869,25.54652],[-103.39026,25.54607]]],[[[-103.40719,25.5757],[-103.40703,25.5749],[-103.40603,25.5746],[-103.40719,25.5757]]],[[[-103.40063,25.57593],[-103.40035,25.57517],[-103.4004,25.57631],[-103.40129,25.57676],[-103.40063,25.57593]]],[[[-103.40689,25.57466],[-103.40754,25.5755],[-103.40771,25.57463],[-103.40688,25.57421],[-103.40689,25.57466]]],[[[-103.38884,25.54492],[-103.38909,25.5453],[-103.38856,25.54469],[-103.38626,25.54466],[-103.38884,25.54492]]],[[[-103.38508,25.54466],[-103.3838,25.54486],[-103.38616,25.54489],[-103.38508,25.54466]]],[[[-103.38355,25.54029],[-103.38256,25.54062],[-103.38393,25.54064],[-103.38355,25.54029]]],[[[-103.39664,25.54127],[-103.3976,25.5411],[-103.39614,25.54144],[-103.39664,25.54127]]],[[[-103.37967,25.54419],[-103.37864,25.54418],[-103.37864,25.5447],[-103.37967,25.54419]]],[[[-103.37986,25.54462],[-103.37936,25.5448],[-103.38115,25.54482],[-103.37986,25.54462]]],[[[-103.38256,25.53816],[-103.38254,25.5391],[-103.38395,25.53911],[-103.38397,25.53803],[-103.38256,25.53816]]],[[[-103.37219,25.55972],[-103.37194,25.5601],[-103.37268,25.55968],[-103.37219,25.55972]]],[[[-103.38877,25.53808],[-103.38877,25.53919],[-103.38973,25.5392],[-103.38974,25.53808],[-103.38877,25.53808]]],[[[-103.4243,25.53961],[-103.42463,25.54006],[-103.42464,25.5393],[-103.4243,25.53961]]],[[[-103.42588,25.54327],[-103.42588,25.54389],[-103.42672,25.5439],[-103.42588,25.54327]]],[[[-103.42534,25.54541],[-103.42565,25.54579],[-103.42566,25.54504],[-103.42478,25.54525],[-103.42479,25.54582],[-103.42534,25.54541]]],[[[-103.44885,25.54172],[-103.44915,25.54211],[-103.44927,25.54135],[-103.44885,25.54172]]],[[[-103.44792,25.54185],[-103.44847,25.54209],[-103.44847,25.54134],[-103.44792,25.54185]]],[[[-103.44884,25.54249],[-103.44899,25.54306],[-103.44926,25.54231],[-103.44884,25.54249]]],[[[-103.44834,25.54277],[-103.44846,25.5423],[-103.44762,25.54258],[-103.44834,25.54277]]],[[[-103.44761,25.54351],[-103.44846,25.54403],[-103.44845,25.54325],[-103.44761,25.54351]]],[[[-103.44887,25.53875],[-103.44907,25.53924],[-103.44935,25.53847],[-103.44887,25.53875]]],[[[-103.44822,25.54459],[-103.44844,25.54497],[-103.44844,25.5442],[-103.44822,25.54459]]],[[[-103.44882,25.53736],[-103.45057,25.53737],[-103.45057,25.53655],[-103.44883,25.53654],[-103.44882,25.53736]]],[[[-103.44881,25.54634],[-103.44882,25.54686],[-103.44926,25.54634],[-103.44881,25.54634]]],[[[-103.42583,25.54897],[-103.42583,25.54962],[-103.42656,25.54963],[-103.42667,25.54907],[-103.42583,25.54897]]],[[[-103.42478,25.54903],[-103.42484,25.54963],[-103.42562,25.54963],[-103.42562,25.54886],[-103.42478,25.54903]]],[[[-103.42529,25.54848],[-103.42562,25.5479],[-103.42515,25.54789],[-103.42529,25.54848]]],[[[-103.42426,25.54816],[-103.42458,25.54865],[-103.42458,25.54789],[-103.42426,25.54816]]],[[[-103.42347,25.55351],[-103.42274,25.55494],[-103.42419,25.55363],[-103.42347,25.55351]]],[[[-103.42101,25.55724],[-103.42046,25.55834],[-103.42134,25.55775],[-103.42137,25.55699],[-103.42101,25.55724]]],[[[-103.41676,25.54497],[-103.41638,25.54668],[-103.41731,25.54593],[-103.41722,25.54497],[-103.41676,25.54497]]],[[[-103.42098,25.54912],[-103.42043,25.54926],[-103.42047,25.55005],[-103.42098,25.54912]]],[[[-103.41936,25.55106],[-103.4202,25.55032],[-103.41974,25.54995],[-103.41905,25.55064],[-103.41936,25.55106]]],[[[-103.408,25.53835],[-103.40811,25.53945],[-103.40886,25.53946],[-103.40886,25.53819],[-103.408,25.53835]]],[[[-103.40926,25.54398],[-103.40902,25.54475],[-103.40987,25.54475],[-103.40926,25.54398]]],[[[-103.41026,25.54494],[-103.41004,25.54578],[-103.41092,25.54498],[-103.41026,25.54494]]],[[[-103.40778,25.54792],[-103.40695,25.54757],[-103.40693,25.54855],[-103.40778,25.54792]]],[[[-103.40649,25.5495],[-103.40723,25.54875],[-103.40588,25.54873],[-103.40587,25.55013],[-103.40649,25.5495]]],[[[-103.42914,25.52675],[-103.42967,25.52678],[-103.4285,25.52611],[-103.42914,25.52675]]],[[[-103.41674,25.52673],[-103.41842,25.52722],[-103.41649,25.52608],[-103.41674,25.52673]]],[[[-103.45165,25.55732],[-103.45075,25.55742],[-103.45184,25.5577],[-103.45207,25.55721],[-103.45165,25.55732]]],[[[-103.44696,25.55587],[-103.44657,25.55596],[-103.4471,25.55622],[-103.44724,25.5554],[-103.44696,25.55587]]],[[[-103.44177,25.55467],[-103.44447,25.55522],[-103.44201,25.5539],[-103.44177,25.55467]]],[[[-103.44667,25.55621],[-103.44684,25.55701],[-103.44763,25.55704],[-103.44667,25.55621]]],[[[-103.44913,25.55751],[-103.4504,25.5575],[-103.44864,25.55705],[-103.44913,25.55751]]],[[[-103.4421,25.57207],[-103.4431,25.5723],[-103.44353,25.57157],[-103.4421,25.57207]]],[[[-103.44179,25.57223],[-103.44141,25.57242],[-103.44199,25.57285],[-103.44179,25.57223]]],[[[-103.41522,25.52584],[-103.415,25.5253],[-103.41499,25.5273],[-103.41522,25.52584]]],[[[-103.41567,25.52956],[-103.41596,25.52907],[-103.41548,25.52895],[-103.41567,25.52956]]],[[[-103.41681,25.51843],[-103.41555,25.51819],[-103.41555,25.51963],[-103.41799,25.51989],[-103.41848,25.51927],[-103.41681,25.51843]]],[[[-103.39702,25.52818],[-103.39782,25.52839],[-103.39804,25.5277],[-103.39724,25.52749],[-103.39702,25.52818]]],[[[-103.40243,25.52882],[-103.40197,25.52896],[-103.40271,25.52927],[-103.40243,25.52882]]],[[[-103.39258,25.52685],[-103.39215,25.52701],[-103.3937,25.52702],[-103.39258,25.52685]]],[[[-103.3836,25.52681],[-103.38378,25.52501],[-103.38297,25.52501],[-103.3836,25.52681]]],[[[-103.37674,25.56268],[-103.37772,25.56359],[-103.377,25.56252],[-103.37572,25.56266],[-103.37674,25.56268]]],[[[-103.37648,25.56098],[-103.37559,25.56237],[-103.3767,25.56165],[-103.37648,25.56098]]],[[[-103.35586,25.53295],[-103.35717,25.53346],[-103.35719,25.53145],[-103.35735,25.53346],[-103.35695,25.52764],[-103.35589,25.52762],[-103.35587,25.52987],[-103.35714,25.52988],[-103.35587,25.52987],[-103.35586,25.53295]]],[[[-103.35767,25.53371],[-103.35867,25.53371],[-103.35873,25.52748],[-103.35733,25.52764],[-103.35767,25.53371]]],[[[-103.35876,25.524],[-103.35678,25.52394],[-103.35734,25.52748],[-103.35873,25.52737],[-103.35876,25.524]]],[[[-103.35677,25.52595],[-103.3553,25.52608],[-103.35527,25.52747],[-103.35704,25.52745],[-103.35677,25.52595]]],[[[-103.35668,25.51786],[-103.35715,25.5181],[-103.35725,25.51759],[-103.35668,25.51786]]],[[[-103.32015,25.52654],[-103.32016,25.52576],[-103.3193,25.52563],[-103.32015,25.52654]]],[[[-103.35679,25.50577],[-103.35637,25.50558],[-103.35636,25.50611],[-103.35679,25.50577]]],[[[-103.3295,25.49999],[-103.33017,25.50017],[-103.32963,25.49957],[-103.3295,25.49999]]],[[[-103.32901,25.49927],[-103.32957,25.49947],[-103.32918,25.49891],[-103.32901,25.49927]]],[[[-103.33187,25.52479],[-103.33224,25.52501],[-103.33037,25.52376],[-103.32831,25.52372],[-103.33187,25.52479]]],[[[-103.35667,25.48948],[-103.35727,25.48927],[-103.35663,25.48881],[-103.35667,25.48948]]],[[[-103.33424,25.52596],[-103.33568,25.5261],[-103.33345,25.52541],[-103.33424,25.52596]]],[[[-103.32386,25.51483],[-103.32761,25.51938],[-103.32797,25.52159],[-103.32789,25.51928],[-103.32386,25.51483]]],[[[-103.32828,25.53028],[-103.32738,25.53028],[-103.32815,25.53293],[-103.32828,25.53028]]],[[[-103.37135,25.5602],[-103.37109,25.56057],[-103.37183,25.56015],[-103.37135,25.5602]]],[[[-103.3705,25.56067],[-103.37024,25.56105],[-103.37099,25.56063],[-103.3705,25.56067]]],[[[-103.36966,25.56115],[-103.3694,25.56152],[-103.37014,25.5611],[-103.36966,25.56115]]],[[[-103.36881,25.56163],[-103.36855,25.562],[-103.3693,25.56158],[-103.36881,25.56163]]],[[[-103.36797,25.5621],[-103.3677,25.56247],[-103.36845,25.56205],[-103.36797,25.5621]]],[[[-103.36536,25.56357],[-103.3651,25.56394],[-103.36584,25.56352],[-103.36536,25.56357]]],[[[-103.36452,25.56405],[-103.36425,25.56441],[-103.365,25.56399],[-103.36452,25.56405]]],[[[-103.36277,25.56489],[-103.36246,25.56523],[-103.36326,25.56491],[-103.36277,25.56489]]],[[[-103.36089,25.56563],[-103.36058,25.56598],[-103.36139,25.56566],[-103.36089,25.56563]]],[[[-103.35998,25.56599],[-103.35967,25.56634],[-103.36047,25.56602],[-103.35998,25.56599]]],[[[-103.35907,25.56635],[-103.35876,25.56671],[-103.35956,25.56639],[-103.35907,25.56635]]],[[[-103.36085,25.5861],[-103.3602,25.58645],[-103.36114,25.58692],[-103.36085,25.5861]]],[[[-103.36084,25.59425],[-103.36125,25.59437],[-103.36108,25.59221],[-103.36084,25.59425]]],[[[-103.36182,25.58958],[-103.3625,25.58765],[-103.36162,25.58765],[-103.36182,25.58958]]],[[[-103.36163,25.59059],[-103.36138,25.59434],[-103.36229,25.59426],[-103.36237,25.59213],[-103.3617,25.59213],[-103.36163,25.59059]]],[[[-103.36122,25.5911],[-103.36133,25.59048],[-103.36078,25.59045],[-103.36122,25.5911]]],[[[-103.35725,25.53565],[-103.35606,25.53564],[-103.35606,25.53705],[-103.35726,25.53707],[-103.35725,25.53565]]],[[[-103.35493,25.53544],[-103.35484,25.53585],[-103.3559,25.53581],[-103.35493,25.53544]]],[[[-103.35915,25.5562],[-103.35857,25.55579],[-103.3599,25.55743],[-103.35915,25.5562]]],[[[-103.35622,25.54968],[-103.3571,25.54957],[-103.35937,25.55097],[-103.35738,25.54926],[-103.35622,25.54968]]],[[[-103.35674,25.54826],[-103.35683,25.54926],[-103.35724,25.54907],[-103.35674,25.54826]]],[[[-103.36192,25.54712],[-103.36397,25.54803],[-103.363,25.5471],[-103.36192,25.54712]]],[[[-103.3569,25.54628],[-103.35689,25.54671],[-103.35759,25.54632],[-103.3569,25.54628]]],[[[-103.35997,25.55216],[-103.35951,25.55114],[-103.3581,25.55213],[-103.3595,25.55133],[-103.35997,25.55216]]],[[[-103.35935,25.55065],[-103.36031,25.55029],[-103.35992,25.54987],[-103.35935,25.55065]]],[[[-103.36045,25.54707],[-103.36079,25.5468],[-103.35953,25.54665],[-103.36045,25.54707]]],[[[-103.35757,25.54874],[-103.35777,25.54688],[-103.35937,25.54662],[-103.35778,25.54646],[-103.35725,25.54787],[-103.35757,25.54874]]],[[[-103.35657,25.53935],[-103.35511,25.53911],[-103.35511,25.53956],[-103.35657,25.53935]]],[[[-103.35701,25.53951],[-103.35768,25.53953],[-103.35752,25.53907],[-103.35701,25.53951]]],[[[-103.35772,25.54267],[-103.35832,25.54275],[-103.35814,25.54112],[-103.35772,25.54267]]],[[[-103.3589,25.53961],[-103.3584,25.53997],[-103.35921,25.53993],[-103.3589,25.53961]]],[[[-103.36146,25.53881],[-103.36101,25.53899],[-103.36258,25.53893],[-103.36146,25.53881]]],[[[-103.35928,25.5461],[-103.35848,25.54595],[-103.35854,25.54489],[-103.35837,25.5461],[-103.35928,25.5461]]],[[[-103.32669,25.5485],[-103.32636,25.54878],[-103.3271,25.54856],[-103.32669,25.5485]]],[[[-103.329,25.53699],[-103.32866,25.5354],[-103.32533,25.53539],[-103.32554,25.53656],[-103.329,25.53699]]],[[[-103.32972,25.53864],[-103.32998,25.53962],[-103.33054,25.53958],[-103.33042,25.53853],[-103.32972,25.53864]]],[[[-103.32374,25.53564],[-103.32513,25.53565],[-103.32499,25.53503],[-103.32373,25.53499],[-103.32374,25.53564]]],[[[-103.32474,25.53577],[-103.32376,25.5367],[-103.3228,25.53669],[-103.32284,25.53756],[-103.32538,25.53752],[-103.32514,25.53565],[-103.32474,25.53577]]],[[[-103.3252,25.53955],[-103.32422,25.53957],[-103.32566,25.53939],[-103.3252,25.53955]]],[[[-103.32657,25.54664],[-103.32625,25.54719],[-103.32698,25.54714],[-103.32657,25.54664]]],[[[-103.32596,25.54764],[-103.32576,25.547],[-103.32581,25.54862],[-103.32452,25.54877],[-103.32601,25.54876],[-103.32596,25.54764]]],[[[-103.3259,25.5504],[-103.32604,25.55093],[-103.32603,25.54902],[-103.3254,25.54903],[-103.32588,25.54917],[-103.3259,25.5504]]],[[[-103.32588,25.55115],[-103.32592,25.55189],[-103.32464,25.55206],[-103.32606,25.55197],[-103.32588,25.55115]]],[[[-103.32824,25.55446],[-103.32658,25.55448],[-103.32882,25.55459],[-103.32824,25.55446]]],[[[-103.32864,25.55232],[-103.3264,25.55222],[-103.32649,25.55328],[-103.32656,25.55239],[-103.32864,25.55232]]],[[[-103.32585,25.53815],[-103.32598,25.53944],[-103.32769,25.53965],[-103.32653,25.53932],[-103.32585,25.53815]]],[[[-103.3491,25.53879],[-103.34908,25.53941],[-103.35143,25.5394],[-103.3491,25.53879]]],[[[-103.34741,25.53875],[-103.34867,25.53934],[-103.34869,25.53878],[-103.34741,25.53875]]],[[[-103.34723,25.54266],[-103.34729,25.53954],[-103.34946,25.53975],[-103.34719,25.53943],[-103.34723,25.54266]]],[[[-103.34564,25.55374],[-103.34451,25.55372],[-103.34686,25.55391],[-103.34564,25.55374]]],[[[-103.33151,25.5491],[-103.33231,25.54908],[-103.33304,25.55003],[-103.33243,25.54895],[-103.33151,25.5491]]],[[[-103.33371,25.54847],[-103.33232,25.54793],[-103.33264,25.54863],[-103.33371,25.54847]]],[[[-103.3339,25.54922],[-103.33277,25.54896],[-103.33329,25.54988],[-103.3339,25.54922]]],[[[-103.3357,25.55129],[-103.33432,25.5516],[-103.33397,25.55117],[-103.33424,25.55177],[-103.3357,25.55129]]],[[[-103.33662,25.53789],[-103.33663,25.53856],[-103.33705,25.53844],[-103.33662,25.53789]]],[[[-103.33944,25.54912],[-103.33968,25.54985],[-103.33801,25.55053],[-103.33987,25.54995],[-103.33944,25.54912]]],[[[-103.32628,25.55439],[-103.3261,25.55399],[-103.32617,25.55478],[-103.32628,25.55439]]],[[[-103.34361,25.5374],[-103.34277,25.53787],[-103.34511,25.53826],[-103.34361,25.5374]]],[[[-103.34547,25.53796],[-103.34549,25.53848],[-103.34708,25.53878],[-103.34547,25.53796]]],[[[-103.35562,25.58406],[-103.35275,25.58308],[-103.35799,25.5852],[-103.35562,25.58406]]],[[[-103.35251,25.54622],[-103.35157,25.54672],[-103.35286,25.54672],[-103.35251,25.54622]]],[[[-103.33453,25.58029],[-103.33431,25.5817],[-103.33508,25.57961],[-103.33479,25.57836],[-103.33453,25.58029]]],[[[-103.33232,25.59113],[-103.33261,25.59255],[-103.33304,25.58949],[-103.33232,25.59113]]],[[[-103.37366,25.56315],[-103.37393,25.56359],[-103.37572,25.56302],[-103.37366,25.56315]]],[[[-103.37041,25.5642],[-103.36966,25.56516],[-103.37127,25.564],[-103.37041,25.5642]]],[[[-103.3567,25.56698],[-103.35617,25.56731],[-103.3573,25.56715],[-103.3567,25.56698]]],[[[-103.36441,25.56534],[-103.3654,25.56537],[-103.3638,25.56513],[-103.36441,25.56534]]],[[[-103.33568,25.55454],[-103.33533,25.55475],[-103.33631,25.55465],[-103.33568,25.55454]]],[[[-103.37014,25.53798],[-103.36861,25.53884],[-103.37015,25.53906],[-103.37014,25.53798]]],[[[-103.3367,25.58238],[-103.3368,25.58198],[-103.33502,25.582],[-103.3367,25.58238]]],[[[-103.33552,25.58127],[-103.33508,25.58169],[-103.33688,25.58166],[-103.33552,25.58127]]],[[[-103.36221,25.59555],[-103.36229,25.59422],[-103.36138,25.59434],[-103.36125,25.59559],[-103.36221,25.59555]]],[[[-103.3346,25.58575],[-103.33481,25.58485],[-103.33436,25.58475],[-103.33407,25.58598],[-103.3346,25.58575]]],[[[-103.33521,25.5831],[-103.33501,25.58204],[-103.33436,25.58475],[-103.33481,25.58485],[-103.33521,25.5831]]],[[[-103.33575,25.58036],[-103.33553,25.57864],[-103.33517,25.58119],[-103.33575,25.58036]]],[[[-103.33606,25.57784],[-103.33563,25.57769],[-103.33553,25.57864],[-103.33594,25.57878],[-103.33606,25.57784]]],[[[-103.33402,25.59561],[-103.33372,25.59347],[-103.33366,25.59682],[-103.33402,25.59561]]],[[[-103.33297,25.59342],[-103.33301,25.59674],[-103.33357,25.59474],[-103.33297,25.59342]]],[[[-103.3332,25.59115],[-103.334,25.58893],[-103.33287,25.59183],[-103.33385,25.59324],[-103.3332,25.59115]]],[[[-103.34954,25.55434],[-103.3472,25.55415],[-103.34725,25.55763],[-103.34736,25.55433],[-103.35051,25.55456],[-103.34954,25.55434]]],[[[-103.34809,25.55375],[-103.3472,25.55392],[-103.35051,25.55416],[-103.34809,25.55375]]],[[[-103.37803,25.53741],[-103.3761,25.53757],[-103.3785,25.53769],[-103.37803,25.53741]]],[[[-103.35526,25.56317],[-103.35501,25.5668],[-103.35843,25.56617],[-103.35525,25.5665],[-103.35526,25.56317]]],[[[-103.3495,25.58273],[-103.34856,25.5828],[-103.3515,25.58376],[-103.3495,25.58273]]],[[[-103.34704,25.58229],[-103.34667,25.58183],[-103.34602,25.58215],[-103.34704,25.58229]]],[[[-103.33978,25.58232],[-103.34146,25.58191],[-103.33871,25.58195],[-103.33978,25.58232]]],[[[-103.33978,25.58232],[-103.33685,25.58198],[-103.33675,25.58238],[-103.33978,25.58232]]],[[[-103.33597,25.58127],[-103.33552,25.58127],[-103.33698,25.58127],[-103.33597,25.58127]]],[[[-103.33332,25.58582],[-103.33373,25.58591],[-103.33467,25.58201],[-103.33421,25.58202],[-103.33332,25.58582]]],[[[-103.36065,25.59668],[-103.3606,25.59828],[-103.36106,25.59826],[-103.36112,25.59665],[-103.36065,25.59668]]],[[[-103.33575,25.57678],[-103.33607,25.57776],[-103.3362,25.57674],[-103.33575,25.57678]]],[[[-103.34565,25.58123],[-103.34303,25.58157],[-103.34625,25.58153],[-103.34565,25.58123]]],[[[-103.32112,25.52574],[-103.32064,25.52646],[-103.32231,25.52529],[-103.32112,25.52574]]],[[[-103.32835,25.52245],[-103.32838,25.52334],[-103.33236,25.5241],[-103.32857,25.52312],[-103.32835,25.52245]]],[[[-103.33344,25.49911],[-103.33318,25.50045],[-103.33385,25.49978],[-103.33344,25.49911]]],[[[-103.33171,25.49856],[-103.33321,25.49885],[-103.33243,25.4982],[-103.33171,25.49856]]],[[[-103.33124,25.50006],[-103.33145,25.49875],[-103.33085,25.49937],[-103.33124,25.50006]]],[[[-103.33158,25.50048],[-103.3322,25.50101],[-103.33306,25.50055],[-103.33158,25.50048]]],[[[-103.35029,25.57024],[-103.34536,25.57144],[-103.35031,25.57046],[-103.35037,25.57175],[-103.35029,25.57024]]],[[[-103.34699,25.49218],[-103.35632,25.489],[-103.35608,25.48715],[-103.34655,25.49143],[-103.34699,25.49218]]],[[[-103.37471,25.5445],[-103.37379,25.5447],[-103.3755,25.54473],[-103.37471,25.5445]]],[[[-103.36194,25.56447],[-103.36348,25.56418],[-103.36595,25.56248],[-103.36194,25.56447]]],[[[-103.31554,25.53991],[-103.31252,25.54012],[-103.31801,25.54],[-103.31554,25.53991]]],[[[-103.34689,25.55534],[-103.34669,25.55433],[-103.3467,25.55762],[-103.34689,25.55534]]],[[[-103.34121,25.55359],[-103.34051,25.55021],[-103.34249,25.54988],[-103.34023,25.55007],[-103.34102,25.55375],[-103.34249,25.55377],[-103.34121,25.55359]]],[[[-103.36387,25.53835],[-103.36884,25.53855],[-103.37014,25.53719],[-103.36864,25.5381],[-103.36403,25.53804],[-103.3645,25.53804],[-103.36449,25.53541],[-103.36387,25.53536],[-103.36387,25.53835]]],[[[-103.3467,25.55833],[-103.34892,25.5603],[-103.34923,25.56718],[-103.34922,25.56033],[-103.3467,25.55833]]],[[[-103.34742,25.55833],[-103.34949,25.5602],[-103.3495,25.56747],[-103.35247,25.56721],[-103.34978,25.56731],[-103.34977,25.56012],[-103.34742,25.55833]]],[[[-103.34552,25.57095],[-103.35051,25.56993],[-103.34925,25.56779],[-103.34572,25.56768],[-103.3491,25.56799],[-103.35022,25.56978],[-103.34552,25.57095]]],[[[-103.35603,25.57094],[-103.35561,25.56881],[-103.35082,25.57012],[-103.35088,25.57147],[-103.35107,25.57031],[-103.35544,25.5691],[-103.35603,25.57094]]],[[[-103.35428,25.56875],[-103.35092,25.56962],[-103.34986,25.56797],[-103.3537,25.56727],[-103.34952,25.56778],[-103.35076,25.5699],[-103.35428,25.56875]]],[[[-103.34885,25.61884],[-103.3487,25.61922],[-103.35605,25.62013],[-103.35624,25.61875],[-103.35577,25.61976],[-103.34885,25.61884]]],[[[-103.35327,25.62019],[-103.34855,25.6196],[-103.34805,25.62087],[-103.34878,25.61996],[-103.35594,25.62092],[-103.35327,25.62019]]],[[[-103.3479,25.60782],[-103.35734,25.6083],[-103.35652,25.61378],[-103.3452,25.6127],[-103.35678,25.61409],[-103.35764,25.60807],[-103.3479,25.60782]]],[[[-103.34352,25.61858],[-103.34371,25.61822],[-103.34213,25.61841],[-103.34352,25.61858]]],[[[-103.34889,25.6183],[-103.34823,25.6188],[-103.34855,25.61917],[-103.34889,25.6183]]],[[[-103.34963,25.61682],[-103.351,25.61419],[-103.3527,25.61403],[-103.35074,25.61384],[-103.34963,25.61682]]],[[[-103.34806,25.61345],[-103.35013,25.61409],[-103.34965,25.61633],[-103.35057,25.61381],[-103.34806,25.61345]]],[[[-103.34332,25.61896],[-103.34169,25.61876],[-103.34561,25.61925],[-103.34332,25.61896]]],[[[-103.34609,25.6193],[-103.34821,25.62005],[-103.34838,25.61959],[-103.34609,25.6193]]],[[[-103.35925,25.62397],[-103.35882,25.62482],[-103.35938,25.62489],[-103.36113,25.62152],[-103.36061,25.62129],[-103.35925,25.62397]]],[[[-103.37155,25.6011],[-103.37141,25.60202],[-103.37205,25.60078],[-103.37155,25.6011]]],[[[-103.38515,25.60289],[-103.38482,25.60229],[-103.38458,25.6028],[-103.38515,25.60289]]],[[[-103.3868,25.60167],[-103.38719,25.60097],[-103.38644,25.60098],[-103.38621,25.6015],[-103.3868,25.60167]]],[[[-103.38771,25.60035],[-103.38774,25.60085],[-103.38841,25.60042],[-103.38771,25.60035]]],[[[-103.38928,25.61364],[-103.38925,25.61441],[-103.39006,25.61499],[-103.38928,25.61364]]],[[[-103.38326,25.62123],[-103.38164,25.62123],[-103.38128,25.6218],[-103.38326,25.62123]]],[[[-103.38834,25.61168],[-103.38639,25.61453],[-103.38864,25.61124],[-103.38834,25.61168]]],[[[-103.38125,25.62185],[-103.38135,25.62132],[-103.38066,25.62183],[-103.38125,25.62185]]],[[[-103.40845,25.60218],[-103.40811,25.60327],[-103.40871,25.60313],[-103.40845,25.60218]]],[[[-103.40896,25.60078],[-103.40842,25.59991],[-103.40875,25.60123],[-103.40896,25.60078]]],[[[-103.40828,25.59912],[-103.408,25.59851],[-103.40826,25.5996],[-103.40828,25.59912]]],[[[-103.4129,25.6078],[-103.41647,25.60868],[-103.41683,25.6081],[-103.41342,25.60738],[-103.4129,25.6078]]],[[[-103.41395,25.60679],[-103.41354,25.60729],[-103.4169,25.60798],[-103.41705,25.60739],[-103.41395,25.60679]]],[[[-103.41725,25.60743],[-103.41709,25.60802],[-103.42033,25.60868],[-103.42045,25.60806],[-103.41725,25.60743]]],[[[-103.42597,25.60999],[-103.42052,25.60886],[-103.4204,25.60945],[-103.42125,25.60961],[-103.42138,25.60909],[-103.42125,25.60961],[-103.4257,25.61049],[-103.42597,25.60999]]],[[[-103.42067,25.6081],[-103.42054,25.60873],[-103.4258,25.6098],[-103.42629,25.6092],[-103.42067,25.6081]]],[[[-103.36688,25.61005],[-103.36663,25.61053],[-103.36487,25.60975],[-103.36672,25.61099],[-103.36828,25.60805],[-103.36688,25.61005]]],[[[-103.36117,25.62076],[-103.3613,25.62119],[-103.36339,25.61715],[-103.3617,25.6164],[-103.36295,25.61733],[-103.36117,25.62076]]],[[[-103.36419,25.60916],[-103.36066,25.60769],[-103.36487,25.60975],[-103.36419,25.60916]]],[[[-103.36012,25.6203],[-103.35965,25.62044],[-103.36049,25.62085],[-103.36012,25.6203]]],[[[-103.36435,25.61716],[-103.36524,25.61717],[-103.3645,25.61688],[-103.36491,25.61531],[-103.36435,25.61716]]],[[[-103.36204,25.61575],[-103.36349,25.61674],[-103.36406,25.61621],[-103.36204,25.61575]]],[[[-103.35933,25.62109],[-103.36061,25.62129],[-103.35919,25.62066],[-103.35933,25.62109]]],[[[-103.36425,25.62327],[-103.36671,25.62528],[-103.36592,25.62371],[-103.36425,25.62327]]],[[[-103.36477,25.62232],[-103.36733,25.62481],[-103.36642,25.62314],[-103.36477,25.62232]]],[[[-103.3621,25.62115],[-103.36274,25.61991],[-103.36164,25.6213],[-103.36463,25.62225],[-103.3621,25.62115]]],[[[-103.35995,25.60837],[-103.36056,25.60817],[-103.3579,25.60826],[-103.35995,25.60837]]],[[[-103.41668,25.60872],[-103.4202,25.60941],[-103.42032,25.60882],[-103.41704,25.60814],[-103.41668,25.60872]]],[[[-103.38524,25.60315],[-103.38371,25.60428],[-103.38618,25.60283],[-103.38524,25.60315]]],[[[-103.36406,25.61767],[-103.36511,25.61779],[-103.36389,25.61726],[-103.36308,25.61853],[-103.36406,25.61767]]],[[[-103.36964,25.63088],[-103.36843,25.62852],[-103.36808,25.62877],[-103.36965,25.63183],[-103.37332,25.63508],[-103.37362,25.63477],[-103.36964,25.63088]]],[[[-103.36687,25.62647],[-103.36808,25.62877],[-103.36835,25.62836],[-103.36721,25.62625],[-103.36687,25.62647]]],[[[-103.36821,25.62653],[-103.3675,25.62604],[-103.36947,25.62902],[-103.36821,25.62653]]],[[[-103.36956,25.62919],[-103.36914,25.62928],[-103.3706,25.63125],[-103.36956,25.62919]]],[[[-103.37074,25.63137],[-103.37027,25.63146],[-103.37366,25.6345],[-103.37074,25.63137]]],[[[-103.36164,25.62211],[-103.35977,25.62493],[-103.36021,25.62499],[-103.36164,25.62211]]]]},"properties":{"SIMBOLOGIA":"Corredor Urbano, habitacional, comercio y servicios (CU2)"}},{"type":"Feature","geometry":{"type":"MultiPolygon","coordinates":[[[[-103.4201,25.55632],[-103.4186,25.55741],[-103.41907,25.55779],[-103.4201,25.55632]]],[[[-103.41916,25.55626],[-103.41804,25.55697],[-103.4185,25.55733],[-103.41916,25.55626]]],[[[-103.41901,25.5554],[-103.41755,25.55645],[-103.41801,25.55683],[-103.41901,25.5554]]],[[[-103.41847,25.55767],[-103.41781,25.55821],[-103.41868,25.55817],[-103.41847,25.55767]]],[[[-103.41768,25.55732],[-103.41686,25.55816],[-103.4183,25.55754],[-103.41768,25.55732]]],[[[-103.41735,25.55676],[-103.41603,25.55798],[-103.41655,25.55829],[-103.41775,25.55708],[-103.41735,25.55676]]],[[[-103.41638,25.55661],[-103.41545,25.55755],[-103.41591,25.55793],[-103.41719,25.55663],[-103.41638,25.55661]]],[[[-103.41652,25.5563],[-103.41618,25.55581],[-103.41491,25.55709],[-103.41539,25.55744],[-103.41652,25.5563]]],[[[-103.4179,25.55449],[-103.41718,25.5548],[-103.41764,25.55517],[-103.4179,25.55449]]],[[[-103.41549,25.55591],[-103.4148,25.55703],[-103.41608,25.55572],[-103.41549,25.55591]]],[[[-103.41375,25.55724],[-103.41363,25.5582],[-103.41432,25.5575],[-103.41375,25.55724]]],[[[-103.41388,25.55121],[-103.41278,25.55191],[-103.41324,25.55228],[-103.41388,25.55121]]],[[[-103.41172,25.54968],[-103.41173,25.55056],[-103.41226,25.55002],[-103.41172,25.54968]]],[[[-103.41444,25.55167],[-103.41378,25.55191],[-103.41424,25.55229],[-103.41444,25.55167]]],[[[-103.41043,25.54886],[-103.41014,25.54833],[-103.4097,25.54876],[-103.41043,25.54886]]],[[[-103.41606,25.55307],[-103.41458,25.55414],[-103.41505,25.55451],[-103.41606,25.55307]]],[[[-103.41454,25.55446],[-103.41317,25.55557],[-103.41376,25.55581],[-103.41454,25.55446]]],[[[-103.40686,25.55127],[-103.40596,25.55152],[-103.40642,25.55189],[-103.40686,25.55127]]],[[[-103.4077,25.54997],[-103.40865,25.54965],[-103.4082,25.54928],[-103.4077,25.54997]]],[[[-103.41482,25.55492],[-103.41396,25.55639],[-103.41529,25.55507],[-103.41482,25.55492]]],[[[-103.40912,25.55172],[-103.40919,25.55128],[-103.40883,25.55165],[-103.40965,25.55165],[-103.40912,25.55172]]],[[[-103.40955,25.55191],[-103.40913,25.55235],[-103.40958,25.55272],[-103.41027,25.55202],[-103.40955,25.55191]]],[[[-103.41026,25.55256],[-103.41094,25.55152],[-103.40963,25.55284],[-103.41026,25.55256]]],[[[-103.40714,25.55081],[-103.408,25.55031],[-103.40734,25.55052],[-103.40755,25.54994],[-103.40714,25.55081]]],[[[-103.40133,25.54734],[-103.40068,25.5484],[-103.40192,25.54715],[-103.40133,25.54734]]],[[[-103.40241,25.54755],[-103.40202,25.54723],[-103.40078,25.54848],[-103.40123,25.54884],[-103.40241,25.54755]]],[[[-103.40057,25.54951],[-103.40032,25.54895],[-103.39908,25.55019],[-103.39953,25.55057],[-103.40057,25.54951]]],[[[-103.3987,25.55057],[-103.39777,25.55151],[-103.39822,25.55187],[-103.39926,25.55082],[-103.3987,25.55057]]],[[[-103.39829,25.55083],[-103.39872,25.55038],[-103.39827,25.55002],[-103.39723,25.55107],[-103.39768,25.55143],[-103.39829,25.55083]]],[[[-103.39865,25.54825],[-103.39858,25.54751],[-103.39733,25.54877],[-103.39778,25.54913],[-103.39865,25.54825]]],[[[-103.4005,25.54598],[-103.39904,25.54706],[-103.39948,25.54742],[-103.4005,25.54598]]],[[[-103.40068,25.54517],[-103.39994,25.54505],[-103.40138,25.54622],[-103.40068,25.54517]]],[[[-103.40132,25.54507],[-103.40075,25.54507],[-103.40166,25.5458],[-103.40213,25.54546],[-103.40132,25.54507]]],[[[-103.4031,25.54556],[-103.40197,25.5467],[-103.40372,25.54534],[-103.4031,25.54556]]],[[[-103.40361,25.54609],[-103.40321,25.54637],[-103.40382,25.54542],[-103.40229,25.54696],[-103.40274,25.54733],[-103.40426,25.54578],[-103.40361,25.54609]]],[[[-103.40425,25.54637],[-103.40366,25.54656],[-103.40411,25.54692],[-103.40425,25.54637]]],[[[-103.40251,25.54772],[-103.40127,25.54899],[-103.40176,25.54928],[-103.403,25.54803],[-103.40251,25.54772]]],[[[-103.40124,25.54982],[-103.40086,25.54938],[-103.39962,25.55064],[-103.40007,25.55101],[-103.40124,25.54982]]],[[[-103.39925,25.55101],[-103.39831,25.55195],[-103.39876,25.55231],[-103.39979,25.55126],[-103.39925,25.55101]]],[[[-103.40007,25.54584],[-103.39973,25.54536],[-103.3985,25.54661],[-103.39894,25.54698],[-103.40007,25.54584]]],[[[-103.40349,25.54853],[-103.4031,25.54811],[-103.40211,25.54971],[-103.40349,25.54853]]],[[[-103.40163,25.55001],[-103.40016,25.55107],[-103.40061,25.55143],[-103.40163,25.55001]]],[[[-103.39979,25.55144],[-103.39892,25.55232],[-103.39937,25.55269],[-103.40034,25.55171],[-103.39979,25.55144]]],[[[-103.39575,25.55078],[-103.395,25.55113],[-103.39537,25.55156],[-103.39575,25.55078]]],[[[-103.39514,25.5504],[-103.39443,25.5507],[-103.3949,25.55105],[-103.39514,25.5504]]],[[[-103.3946,25.54996],[-103.39391,25.55024],[-103.39429,25.55068],[-103.3946,25.54996]]],[[[-103.3958,25.54833],[-103.39494,25.5492],[-103.39539,25.54956],[-103.39638,25.54847],[-103.3958,25.54833]]],[[[-103.39743,25.5467],[-103.39625,25.54789],[-103.3967,25.54825],[-103.398,25.54693],[-103.39743,25.5467]]],[[[-103.39917,25.54576],[-103.39936,25.54505],[-103.39818,25.54635],[-103.39917,25.54576]]],[[[-103.40254,25.54966],[-103.40286,25.55016],[-103.40409,25.54892],[-103.40364,25.54855],[-103.40254,25.54966]]],[[[-103.4021,25.55051],[-103.4007,25.55152],[-103.40115,25.55188],[-103.4021,25.55051]]],[[[-103.40033,25.55189],[-103.3994,25.55282],[-103.39984,25.55319],[-103.40088,25.55216],[-103.40033,25.55189]]],[[[-103.39194,25.55206],[-103.39284,25.55115],[-103.39241,25.5508],[-103.39157,25.55241],[-103.39194,25.55206]]],[[[-103.39412,25.54945],[-103.39251,25.55068],[-103.39294,25.55104],[-103.39412,25.54945]]],[[[-103.39571,25.54826],[-103.39544,25.54771],[-103.39447,25.54869],[-103.39485,25.54912],[-103.39571,25.54826]]],[[[-103.39733,25.54662],[-103.39696,25.54619],[-103.39571,25.54744],[-103.39616,25.5478],[-103.39733,25.54662]]],[[[-103.39853,25.54542],[-103.39891,25.54504],[-103.39742,25.54573],[-103.39787,25.54608],[-103.39853,25.54542]]],[[[-103.40357,25.55012],[-103.40403,25.54913],[-103.40299,25.55021],[-103.40357,25.55012]]],[[[-103.40093,25.55227],[-103.39994,25.55327],[-103.40039,25.55364],[-103.40141,25.55259],[-103.40093,25.55227]]],[[[-103.3923,25.55477],[-103.39208,25.55406],[-103.39161,25.55456],[-103.3923,25.55477]]],[[[-103.39255,25.554],[-103.39212,25.55401],[-103.39259,25.55445],[-103.39255,25.554]]],[[[-103.39202,25.55355],[-103.3916,25.55318],[-103.39159,25.55434],[-103.39202,25.55355]]],[[[-103.39194,25.55041],[-103.39138,25.54995],[-103.39157,25.55145],[-103.39231,25.55071],[-103.39194,25.55041]]],[[[-103.39338,25.54921],[-103.39196,25.55023],[-103.39241,25.5506],[-103.39338,25.54921]]],[[[-103.3948,25.54738],[-103.39387,25.54832],[-103.39431,25.54868],[-103.39535,25.54764],[-103.3948,25.54738]]],[[[-103.39672,25.54625],[-103.39641,25.54575],[-103.39517,25.547],[-103.39562,25.54737],[-103.39672,25.54625]]],[[[-103.39743,25.54502],[-103.39688,25.54529],[-103.39732,25.54565],[-103.39795,25.54503],[-103.39743,25.54502]]],[[[-103.39313,25.54888],[-103.39282,25.54839],[-103.39144,25.54981],[-103.39186,25.55016],[-103.39313,25.54888]]],[[[-103.39426,25.54694],[-103.39333,25.54788],[-103.39377,25.54824],[-103.39481,25.54719],[-103.39426,25.54694]]],[[[-103.39481,25.54639],[-103.39508,25.54693],[-103.39631,25.54567],[-103.39588,25.54531],[-103.39481,25.54639]]],[[[-103.39177,25.5493],[-103.39244,25.54819],[-103.39119,25.54962],[-103.39177,25.5493]]],[[[-103.3912,25.54888],[-103.3917,25.54848],[-103.39121,25.54831],[-103.3912,25.54888]]],[[[-103.39372,25.5465],[-103.39273,25.54752],[-103.39314,25.5479],[-103.39427,25.54676],[-103.39372,25.5465]]],[[[-103.39571,25.5453],[-103.39519,25.54502],[-103.39408,25.54613],[-103.39454,25.54649],[-103.39571,25.5453]]],[[[-103.39296,25.54686],[-103.39361,25.54621],[-103.39316,25.54585],[-103.39205,25.54697],[-103.3925,25.54732],[-103.39296,25.54686]]],[[[-103.39283,25.54601],[-103.39262,25.54541],[-103.39154,25.54649],[-103.39203,25.54681],[-103.39283,25.54601]]],[[[-103.39132,25.54631],[-103.39199,25.54587],[-103.39152,25.54598],[-103.39135,25.54513],[-103.39211,25.54498],[-103.39115,25.54495],[-103.39132,25.54631]]],[[[-103.39339,25.54508],[-103.39268,25.54497],[-103.39386,25.54595],[-103.39339,25.54508]]],[[[-103.40136,25.55282],[-103.40048,25.5537],[-103.40092,25.55407],[-103.40197,25.55303],[-103.40136,25.55282]]],[[[-103.39479,25.53573],[-103.39366,25.53606],[-103.39565,25.53618],[-103.39573,25.53573],[-103.39479,25.53573]]],[[[-103.40486,25.54419],[-103.40451,25.54375],[-103.40452,25.54458],[-103.40486,25.54419]]],[[[-103.39508,25.53691],[-103.39565,25.53659],[-103.39365,25.53654],[-103.39508,25.53691]]],[[[-103.40554,25.54296],[-103.40499,25.54344],[-103.4057,25.54345],[-103.40554,25.54296]]],[[[-103.40445,25.54349],[-103.40486,25.54372],[-103.40487,25.54296],[-103.40445,25.54349]]],[[[-103.3951,25.5373],[-103.39564,25.53703],[-103.39364,25.53701],[-103.3951,25.5373]]],[[[-103.38483,25.53733],[-103.38437,25.53749],[-103.3862,25.5375],[-103.38483,25.53733]]],[[[-103.38617,25.53904],[-103.38496,25.53841],[-103.38617,25.53822],[-103.38484,25.5382],[-103.38485,25.53912],[-103.38617,25.53904]]],[[[-103.38616,25.53943],[-103.38485,25.53923],[-103.38486,25.54018],[-103.38618,25.54021],[-103.38494,25.53997],[-103.38495,25.5395],[-103.38616,25.53943]]],[[[-103.38666,25.54021],[-103.38731,25.53998],[-103.38629,25.53998],[-103.38666,25.54021]]],[[[-103.39504,25.53855],[-103.39363,25.53842],[-103.39511,25.5389],[-103.39362,25.5392],[-103.39511,25.53932],[-103.39401,25.53931],[-103.39497,25.54007],[-103.39361,25.54029],[-103.39532,25.54031],[-103.39532,25.53821],[-103.39504,25.53855]]],[[[-103.39475,25.53995],[-103.39362,25.53934],[-103.39361,25.53993],[-103.39475,25.53995]]],[[[-103.39346,25.56228],[-103.39195,25.56144],[-103.39254,25.56003],[-103.39424,25.56043],[-103.39245,25.55982],[-103.39155,25.56226],[-103.39323,25.56283],[-103.39346,25.56228]]],[[[-103.38187,25.55912],[-103.38108,25.55911],[-103.38132,25.56083],[-103.38117,25.5593],[-103.38187,25.55912]]],[[[-103.38147,25.56088],[-103.38413,25.55997],[-103.38417,25.55916],[-103.38209,25.55913],[-103.38395,25.5596],[-103.38147,25.56088]]],[[[-103.38328,25.55945],[-103.38261,25.56018],[-103.3837,25.55962],[-103.38328,25.55945]]],[[[-103.39299,25.5629],[-103.39209,25.56383],[-103.39138,25.56321],[-103.39192,25.56426],[-103.39299,25.5629]]],[[[-103.39131,25.56027],[-103.39131,25.56203],[-103.3923,25.55977],[-103.39131,25.55943],[-103.39131,25.56027]]],[[[-103.39229,25.57051],[-103.3911,25.5688],[-103.39109,25.56993],[-103.39229,25.57051]]],[[[-103.39109,25.56834],[-103.39372,25.57057],[-103.39352,25.57138],[-103.39392,25.57049],[-103.39126,25.56779],[-103.39109,25.56834]]],[[[-103.39106,25.56541],[-103.38729,25.56249],[-103.38815,25.56112],[-103.38716,25.56239],[-103.38591,25.56143],[-103.388,25.55933],[-103.38565,25.56144],[-103.39106,25.56541]]],[[[-103.39109,25.56431],[-103.39106,25.56388],[-103.3903,25.56469],[-103.39109,25.56431]]],[[[-103.39093,25.56362],[-103.39188,25.56251],[-103.38913,25.56245],[-103.39085,25.56242],[-103.3902,25.56463],[-103.39093,25.56362]]],[[[-103.38874,25.56263],[-103.3896,25.56412],[-103.38959,25.56308],[-103.38874,25.56263]]],[[[-103.38786,25.56034],[-103.38731,25.56034],[-103.38786,25.56076],[-103.38786,25.56034]]],[[[-103.38971,25.55991],[-103.39105,25.56105],[-103.39112,25.5622],[-103.39118,25.55938],[-103.38859,25.5588],[-103.38817,25.55918],[-103.38971,25.55991]]],[[[-103.39019,25.56058],[-103.38976,25.56126],[-103.389,25.56108],[-103.38952,25.5615],[-103.38919,25.56208],[-103.39019,25.56058]]],[[[-103.3889,25.56191],[-103.3885,25.56164],[-103.38901,25.56231],[-103.3889,25.56191]]],[[[-103.38438,25.55973],[-103.38433,25.56063],[-103.38553,25.56154],[-103.38799,25.55932],[-103.38735,25.55871],[-103.38579,25.55867],[-103.38765,25.55939],[-103.38663,25.56029],[-103.38531,25.55906],[-103.38534,25.55839],[-103.38439,25.5595],[-103.38503,25.5593],[-103.38638,25.56053],[-103.38552,25.56131],[-103.38438,25.55973]]],[[[-103.38431,25.56158],[-103.38686,25.56394],[-103.38619,25.56319],[-103.38677,25.56255],[-103.3889,25.56418],[-103.38832,25.56482],[-103.38702,25.56406],[-103.38824,25.56499],[-103.38909,25.56408],[-103.38433,25.56064],[-103.38429,25.56129],[-103.3854,25.56163],[-103.385,25.56212],[-103.38557,25.56163],[-103.38663,25.56244],[-103.38607,25.5631],[-103.38431,25.56158]]],[[[-103.37992,25.55415],[-103.37963,25.55295],[-103.37917,25.55318],[-103.37992,25.55415]]],[[[-103.37949,25.55048],[-103.37944,25.55118],[-103.37991,25.55039],[-103.37949,25.55048]]],[[[-103.37991,25.54988],[-103.38507,25.54921],[-103.38026,25.54876],[-103.37991,25.54988]]],[[[-103.37911,25.55133],[-103.37868,25.5523],[-103.3795,25.55191],[-103.37911,25.55133]]],[[[-103.38465,25.54688],[-103.38417,25.54644],[-103.38412,25.54687],[-103.38275,25.54674],[-103.38276,25.54597],[-103.38404,25.54632],[-103.38362,25.54545],[-103.38134,25.54543],[-103.3813,25.54629],[-103.38152,25.54559],[-103.38243,25.5456],[-103.38241,25.54662],[-103.38131,25.54649],[-103.38037,25.54851],[-103.38124,25.54874],[-103.38064,25.54836],[-103.38132,25.54683],[-103.38241,25.54694],[-103.38238,25.5487],[-103.38145,25.54878],[-103.38272,25.54886],[-103.38294,25.54837],[-103.38325,25.54887],[-103.38342,25.54838],[-103.38378,25.54888],[-103.384,25.54839],[-103.38415,25.54889],[-103.38416,25.54825],[-103.38415,25.54889],[-103.38437,25.5484],[-103.38534,25.54891],[-103.38586,25.54852],[-103.38522,25.54828],[-103.38586,25.5483],[-103.38544,25.54766],[-103.38506,25.54814],[-103.38487,25.54765],[-103.38453,25.54813],[-103.38433,25.54764],[-103.38273,25.54807],[-103.38277,25.54697],[-103.38294,25.54747],[-103.38332,25.54698],[-103.38347,25.54748],[-103.38384,25.54699],[-103.38399,25.54749],[-103.38432,25.547],[-103.38536,25.54751],[-103.38465,25.54688]]],[[[-103.38506,25.54963],[-103.38575,25.54931],[-103.38464,25.54957],[-103.38502,25.55034],[-103.38445,25.55497],[-103.38517,25.55502],[-103.38465,25.55483],[-103.38534,25.55459],[-103.38481,25.5544],[-103.3854,25.55428],[-103.3849,25.55396],[-103.38548,25.55384],[-103.38497,25.55337],[-103.38552,25.55337],[-103.38501,25.55293],[-103.38557,25.55263],[-103.38504,25.55242],[-103.38559,25.55214],[-103.38506,25.55193],[-103.38562,25.55166],[-103.38509,25.55149],[-103.38565,25.55119],[-103.38512,25.55102],[-103.38568,25.55071],[-103.38515,25.5505],[-103.38571,25.55017],[-103.38513,25.5502],[-103.38574,25.54965],[-103.38506,25.54963]]],[[[-103.38869,25.54652],[-103.38697,25.54698],[-103.38765,25.54811],[-103.39054,25.54655],[-103.39026,25.54607],[-103.38869,25.54652]]],[[[-103.38311,25.54486],[-103.38173,25.54527],[-103.38362,25.54529],[-103.38311,25.54486]]],[[[-103.38699,25.54645],[-103.38794,25.54627],[-103.38807,25.54549],[-103.38699,25.54645]]],[[[-103.38636,25.54598],[-103.38763,25.54812],[-103.38695,25.54698],[-103.38853,25.54625],[-103.38704,25.54673],[-103.38636,25.54598]]],[[[-103.38267,25.5554],[-103.38105,25.55537],[-103.38423,25.55564],[-103.38267,25.5554]]],[[[-103.38305,25.55622],[-103.38427,25.55582],[-103.38299,25.55577],[-103.38305,25.55622]]],[[[-103.38304,25.55679],[-103.38403,25.55635],[-103.38298,25.55634],[-103.38304,25.55679]]],[[[-103.38959,25.55796],[-103.3898,25.5554],[-103.38859,25.55538],[-103.38914,25.55795],[-103.38891,25.5556],[-103.38948,25.55554],[-103.38959,25.55796]]],[[[-103.38824,25.55793],[-103.38846,25.55538],[-103.38724,25.55536],[-103.38764,25.55793],[-103.38756,25.55551],[-103.38814,25.55552],[-103.38824,25.55793]]],[[[-103.3866,25.55785],[-103.3871,25.55535],[-103.38628,25.55534],[-103.38678,25.55549],[-103.3866,25.55785]]],[[[-103.38503,25.55586],[-103.38526,25.55783],[-103.3853,25.55555],[-103.38503,25.55586]]],[[[-103.39003,25.55421],[-103.3906,25.55422],[-103.38998,25.55345],[-103.39003,25.55421]]],[[[-103.38981,25.55522],[-103.38985,25.55325],[-103.38949,25.55513],[-103.38893,25.55512],[-103.38909,25.55321],[-103.38859,25.55526],[-103.38981,25.55522]]],[[[-103.38894,25.55409],[-103.38864,25.5532],[-103.38862,25.55437],[-103.38894,25.55409]]],[[[-103.38849,25.55437],[-103.38851,25.55317],[-103.38819,25.55431],[-103.38757,25.5543],[-103.38777,25.55315],[-103.38725,25.55443],[-103.38849,25.55437]]],[[[-103.38712,25.55425],[-103.38636,25.5531],[-103.38682,25.55429],[-103.3862,25.55428],[-103.38592,25.55307],[-103.3859,25.55441],[-103.38712,25.55425]]],[[[-103.38573,25.54626],[-103.38601,25.5486],[-103.38742,25.54821],[-103.38642,25.54849],[-103.38573,25.54626]]],[[[-103.37684,25.54545],[-103.37722,25.54527],[-103.37726,25.5462],[-103.37766,25.54597],[-103.37738,25.54511],[-103.37684,25.54545]]],[[[-103.37779,25.54657],[-103.37902,25.54641],[-103.37891,25.5476],[-103.37783,25.54687],[-103.37916,25.54796],[-103.37938,25.54642],[-103.38087,25.54643],[-103.38009,25.54815],[-103.37935,25.54806],[-103.38018,25.54845],[-103.38112,25.54608],[-103.37871,25.54611],[-103.3791,25.54491],[-103.37819,25.54512],[-103.37851,25.54613],[-103.37779,25.54657]]],[[[-103.38185,25.54732],[-103.38112,25.54759],[-103.38227,25.54765],[-103.38185,25.54732]]],[[[-103.37873,25.54821],[-103.37984,25.54878],[-103.37951,25.54953],[-103.37801,25.54949],[-103.3786,25.54793],[-103.37813,25.54755],[-103.37751,25.54832],[-103.37785,25.54866],[-103.37736,25.54859],[-103.37783,25.54949],[-103.37621,25.54966],[-103.37962,25.54971],[-103.38007,25.5487],[-103.37873,25.54821]]],[[[-103.37651,25.54888],[-103.37712,25.54889],[-103.3766,25.54856],[-103.37734,25.54801],[-103.37691,25.54741],[-103.37752,25.54786],[-103.37725,25.5471],[-103.37798,25.54742],[-103.37739,25.5468],[-103.37597,25.54864],[-103.37594,25.54588],[-103.37575,25.54863],[-103.37651,25.54888]]],[[[-103.37614,25.54637],[-103.37635,25.54585],[-103.37726,25.54665],[-103.37629,25.54563],[-103.37614,25.54637]]],[[[-103.38655,25.54831],[-103.38723,25.548],[-103.38625,25.54636],[-103.38655,25.54831]]],[[[-103.40192,25.54448],[-103.402,25.54392],[-103.40149,25.54444],[-103.40192,25.54448]]],[[[-103.39768,25.54304],[-103.39824,25.54193],[-103.39732,25.54284],[-103.39768,25.54304]]],[[[-103.39872,25.54201],[-103.39942,25.54131],[-103.39836,25.54181],[-103.39872,25.54201]]],[[[-103.3994,25.54257],[-103.40066,25.54132],[-103.40018,25.5412],[-103.3994,25.54257]]],[[[-103.40123,25.54218],[-103.4019,25.54131],[-103.40075,25.542],[-103.40123,25.54218]]],[[[-103.40184,25.54219],[-103.40254,25.54135],[-103.4014,25.54204],[-103.40184,25.54219]]],[[[-103.40233,25.54225],[-103.40376,25.54133],[-103.40269,25.54126],[-103.40233,25.54225]]],[[[-103.40297,25.54218],[-103.40383,25.5416],[-103.40246,25.54227],[-103.40297,25.54218]]],[[[-103.40337,25.53999],[-103.40378,25.53964],[-103.40283,25.53998],[-103.40337,25.53999]]],[[[-103.40007,25.54065],[-103.40069,25.54004],[-103.39957,25.5406],[-103.40007,25.54065]]],[[[-103.39744,25.54233],[-103.39776,25.54201],[-103.3968,25.542],[-103.39744,25.54233]]],[[[-103.39296,25.5442],[-103.39316,25.54379],[-103.39399,25.54445],[-103.39473,25.54373],[-103.39376,25.5441],[-103.39415,25.54325],[-103.39339,25.5438],[-103.3938,25.54297],[-103.39254,25.54424],[-103.39296,25.5442]]],[[[-103.38906,25.54198],[-103.38952,25.54105],[-103.38872,25.54162],[-103.38906,25.54198]]],[[[-103.3906,25.54037],[-103.38988,25.54054],[-103.391,25.54056],[-103.3906,25.54037]]],[[[-103.39546,25.53966],[-103.39564,25.54031],[-103.39564,25.53822],[-103.39546,25.53966]]],[[[-103.38608,25.54433],[-103.38673,25.54324],[-103.38565,25.54431],[-103.38608,25.54433]]],[[[-103.38731,25.54311],[-103.38855,25.54188],[-103.38847,25.54105],[-103.38731,25.54311]]],[[[-103.38424,25.54433],[-103.38458,25.54351],[-103.38382,25.54425],[-103.38424,25.54433]]],[[[-103.38248,25.5443],[-103.38265,25.5438],[-103.38137,25.54378],[-103.38248,25.5443]]],[[[-103.38295,25.54429],[-103.38413,25.54313],[-103.38278,25.5438],[-103.38295,25.54429]]],[[[-103.42256,25.55342],[-103.42205,25.5543],[-103.42339,25.55295],[-103.42256,25.55342]]],[[[-103.42262,25.55031],[-103.4218,25.55115],[-103.4227,25.55063],[-103.42226,25.55152],[-103.42343,25.55033],[-103.42262,25.55031]]],[[[-103.41462,25.54946],[-103.41457,25.54992],[-103.41524,25.54926],[-103.41462,25.54946]]],[[[-103.41467,25.55],[-103.41493,25.55037],[-103.41411,25.55056],[-103.41467,25.55084],[-103.41513,25.55037],[-103.41467,25.55]]],[[[-103.41742,25.54824],[-103.4162,25.54947],[-103.41665,25.54986],[-103.41799,25.54851],[-103.41742,25.54824]]],[[[-103.41614,25.55016],[-103.41586,25.54982],[-103.41464,25.55105],[-103.4151,25.55142],[-103.41614,25.55016]]],[[[-103.41368,25.54702],[-103.41404,25.54773],[-103.41405,25.54686],[-103.41368,25.54702]]],[[[-103.41473,25.54723],[-103.41458,25.54818],[-103.4151,25.54687],[-103.41473,25.54723]]],[[[-103.41851,25.549],[-103.41808,25.54858],[-103.41673,25.54995],[-103.41745,25.54965],[-103.41719,25.55033],[-103.41851,25.549]]],[[[-103.41598,25.55154],[-103.41565,25.55103],[-103.41519,25.5515],[-103.41598,25.55154]]],[[[-103.4161,25.55058],[-103.41643,25.55109],[-103.41645,25.55037],[-103.4161,25.55058]]],[[[-103.41369,25.54606],[-103.41405,25.54667],[-103.41406,25.5459],[-103.41369,25.54606]]],[[[-103.41474,25.54614],[-103.41511,25.54669],[-103.41511,25.54591],[-103.41474,25.54614]]],[[[-103.41579,25.54608],[-103.41615,25.54668],[-103.41617,25.54591],[-103.41579,25.54608]]],[[[-103.41875,25.54732],[-103.4178,25.54787],[-103.41825,25.54824],[-103.41875,25.54732]]],[[[-103.41851,25.54815],[-103.41881,25.5487],[-103.4201,25.54739],[-103.41965,25.54701],[-103.41851,25.54815]]],[[[-103.41903,25.54888],[-103.42006,25.54844],[-103.41961,25.54807],[-103.41903,25.54888]]],[[[-103.41795,25.54973],[-103.4174,25.55029],[-103.41786,25.55066],[-103.4191,25.54941],[-103.41864,25.54904],[-103.41795,25.54973]]],[[[-103.41955,25.5493],[-103.41992,25.5496],[-103.42062,25.54889],[-103.42019,25.5485],[-103.41955,25.5493]]],[[[-103.41907,25.54962],[-103.41853,25.55016],[-103.419,25.55053],[-103.41966,25.54987],[-103.41907,25.54962]]],[[[-103.4176,25.55138],[-103.41631,25.5524],[-103.41676,25.55278],[-103.4176,25.55138]]],[[[-103.41372,25.54322],[-103.41408,25.54381],[-103.41409,25.54305],[-103.41372,25.54322]]],[[[-103.40901,25.54529],[-103.409,25.54606],[-103.40984,25.5459],[-103.40942,25.54556],[-103.40984,25.54523],[-103.40901,25.54529]]],[[[-103.40865,25.54522],[-103.40836,25.54665],[-103.40879,25.54665],[-103.40865,25.54522]]],[[[-103.40771,25.54758],[-103.40872,25.54691],[-103.40772,25.54683],[-103.40771,25.54758]]],[[[-103.40811,25.54506],[-103.40773,25.54664],[-103.40826,25.54665],[-103.40811,25.54506]]],[[[-103.40588,25.54837],[-103.40672,25.54855],[-103.40673,25.54779],[-103.40658,25.54838],[-103.40588,25.54837]]],[[[-103.44303,25.53344],[-103.44272,25.53435],[-103.44327,25.53435],[-103.44303,25.53344]]],[[[-103.43552,25.5268],[-103.43508,25.52741],[-103.43557,25.52774],[-103.43552,25.5268]]],[[[-103.4489,25.53263],[-103.4489,25.5336],[-103.44983,25.53366],[-103.4489,25.53263]]],[[[-103.44803,25.53205],[-103.44771,25.53176],[-103.44784,25.53261],[-103.44803,25.53205]]],[[[-103.44809,25.53261],[-103.44852,25.53262],[-103.44813,25.53204],[-103.44809,25.53261]]],[[[-103.44972,25.53214],[-103.44909,25.53242],[-103.44993,25.533],[-103.44972,25.53214]]],[[[-103.45047,25.53184],[-103.44998,25.53215],[-103.45049,25.53233],[-103.45047,25.53184]]],[[[-103.4509,25.53465],[-103.45075,25.53505],[-103.45161,25.53506],[-103.4509,25.53465]]],[[[-103.44904,25.53455],[-103.44892,25.53507],[-103.44982,25.53506],[-103.44983,25.53458],[-103.44904,25.53455]]],[[[-103.45193,25.53293],[-103.45231,25.53341],[-103.45234,25.53278],[-103.45193,25.53293]]],[[[-103.45285,25.53501],[-103.45285,25.53555],[-103.45356,25.53554],[-103.45285,25.53501]]],[[[-103.45366,25.53485],[-103.45453,25.535],[-103.45453,25.53416],[-103.4543,25.53486],[-103.45366,25.53485]]],[[[-103.45395,25.53195],[-103.45392,25.53264],[-103.45438,25.53206],[-103.45395,25.53195]]],[[[-103.45477,25.5323],[-103.45415,25.53249],[-103.45554,25.5328],[-103.45477,25.5323]]],[[[-103.45485,25.53416],[-103.45455,25.53528],[-103.45519,25.53531],[-103.45485,25.53416]]],[[[-103.45543,25.53292],[-103.45541,25.53428],[-103.45607,25.53291],[-103.45543,25.53292]]],[[[-103.45611,25.53304],[-103.45547,25.53429],[-103.45593,25.53443],[-103.45611,25.53304]]],[[[-103.4557,25.5344],[-103.4553,25.5347],[-103.45582,25.53492],[-103.4557,25.5344]]],[[[-103.45527,25.53492],[-103.45524,25.53538],[-103.45568,25.53498],[-103.45527,25.53492]]],[[[-103.44378,25.53162],[-103.44347,25.53268],[-103.4439,25.53269],[-103.44378,25.53162]]],[[[-103.4511,25.53158],[-103.45174,25.53266],[-103.45166,25.53222],[-103.45266,25.53262],[-103.4511,25.53158]]],[[[-103.45268,25.53144],[-103.45224,25.53191],[-103.45267,25.5322],[-103.45268,25.53144]]],[[[-103.43029,25.52139],[-103.42953,25.52181],[-103.4302,25.52219],[-103.43029,25.52139]]],[[[-103.42906,25.52155],[-103.42977,25.5211],[-103.42909,25.52072],[-103.42865,25.52135],[-103.42906,25.52155]]],[[[-103.43082,25.52061],[-103.43005,25.52105],[-103.43074,25.52142],[-103.43082,25.52061]]],[[[-103.43162,25.5215],[-103.43088,25.5215],[-103.43157,25.52193],[-103.43162,25.5215]]],[[[-103.43069,25.52183],[-103.43034,25.52227],[-103.43105,25.52266],[-103.43147,25.52205],[-103.43069,25.52183]]],[[[-103.4301,25.52266],[-103.42984,25.52305],[-103.43053,25.52343],[-103.43095,25.52281],[-103.4301,25.52266]]],[[[-103.42938,25.52202],[-103.429,25.52258],[-103.42968,25.52295],[-103.4301,25.52234],[-103.42938,25.52202]]],[[[-103.42851,25.52157],[-103.42899,25.52224],[-103.42926,25.52186],[-103.42851,25.52157]]],[[[-103.42807,25.52121],[-103.4273,25.52162],[-103.42799,25.52201],[-103.42807,25.52121]]],[[[-103.4285,25.52038],[-103.42784,25.52087],[-103.42851,25.52127],[-103.42892,25.52062],[-103.4285,25.52038]]],[[[-103.42918,25.51972],[-103.42875,25.51947],[-103.42833,25.5201],[-103.42901,25.52049],[-103.42918,25.51972]]],[[[-103.42919,25.51887],[-103.42886,25.51934],[-103.42953,25.51972],[-103.42966,25.51888],[-103.42919,25.51887]]],[[[-103.43033,25.51928],[-103.42971,25.5198],[-103.43044,25.5202],[-103.43089,25.51956],[-103.43033,25.51928]]],[[[-103.43259,25.52072],[-103.43256,25.52142],[-103.43302,25.52076],[-103.43259,25.52072]]],[[[-103.43206,25.52153],[-103.43175,25.52199],[-103.43242,25.52237],[-103.43267,25.52166],[-103.43206,25.52153]]],[[[-103.43101,25.52306],[-103.43069,25.52353],[-103.43136,25.52392],[-103.43179,25.52329],[-103.43101,25.52306]]],[[[-103.43093,25.52387],[-103.43038,25.52398],[-103.43106,25.52437],[-103.43093,25.52387]]],[[[-103.42969,25.52328],[-103.43016,25.52396],[-103.43042,25.52358],[-103.42969,25.52328]]],[[[-103.42721,25.52196],[-103.42683,25.5223],[-103.42727,25.52258],[-103.42766,25.52203],[-103.42721,25.52196]]],[[[-103.42645,25.52135],[-103.42598,25.52183],[-103.42682,25.52199],[-103.42645,25.52135]]],[[[-103.42735,25.51984],[-103.42698,25.52038],[-103.42766,25.52076],[-103.42808,25.52015],[-103.42735,25.51984]]],[[[-103.42783,25.51912],[-103.42783,25.5198],[-103.42865,25.51938],[-103.42783,25.51912]]],[[[-103.42897,25.5189],[-103.42884,25.51842],[-103.42799,25.51888],[-103.42897,25.5189]]],[[[-103.42882,25.51771],[-103.42853,25.5181],[-103.42926,25.51849],[-103.42967,25.51786],[-103.42882,25.51771]]],[[[-103.43019,25.51812],[-103.42941,25.51856],[-103.43011,25.51896],[-103.43019,25.51812]]],[[[-103.4315,25.51895],[-103.4311,25.51953],[-103.43179,25.5199],[-103.43221,25.51928],[-103.4315,25.51895]]],[[[-103.43235,25.52009],[-103.43236,25.51933],[-103.4319,25.51999],[-103.43235,25.52009]]],[[[-103.43324,25.52002],[-103.43366,25.52061],[-103.43392,25.52022],[-103.43324,25.52002]]],[[[-103.434,25.52036],[-103.43359,25.52096],[-103.43408,25.52166],[-103.434,25.52036]]],[[[-103.43421,25.52048],[-103.43424,25.52146],[-103.43474,25.52071],[-103.43421,25.52048]]],[[[-103.43305,25.5223],[-103.43259,25.52247],[-103.43326,25.52285],[-103.43369,25.52223],[-103.433,25.52184],[-103.43305,25.5223]]],[[[-103.43242,25.52269],[-103.43206,25.52323],[-103.43275,25.52362],[-103.43317,25.52299],[-103.43242,25.52269]]],[[[-103.43129,25.52436],[-103.43177,25.52505],[-103.43214,25.52452],[-103.43129,25.52436]]],[[[-103.42613,25.52058],[-103.4256,25.52068],[-103.4263,25.52107],[-103.42613,25.52058]]],[[[-103.42681,25.51944],[-103.42625,25.51969],[-103.42665,25.52004],[-103.42611,25.51991],[-103.42682,25.52031],[-103.42725,25.51967],[-103.42681,25.51944]]],[[[-103.42702,25.51861],[-103.42665,25.51915],[-103.42734,25.51953],[-103.42775,25.51892],[-103.42702,25.51861]]],[[[-103.42784,25.51811],[-103.42784,25.51877],[-103.42827,25.51813],[-103.42784,25.51811]]],[[[-103.42886,25.51666],[-103.42892,25.51725],[-103.42934,25.51661],[-103.42886,25.51666]]],[[[-103.43029,25.51724],[-103.42991,25.51779],[-103.43064,25.51822],[-103.43106,25.51758],[-103.43029,25.51724]]],[[[-103.43114,25.51779],[-103.43076,25.51828],[-103.43148,25.51868],[-103.4319,25.51805],[-103.43114,25.51779]]],[[[-103.43222,25.51822],[-103.43164,25.51876],[-103.43231,25.51914],[-103.43275,25.51852],[-103.43222,25.51822]]],[[[-103.4328,25.51871],[-103.43248,25.51922],[-103.43317,25.51961],[-103.4331,25.51894],[-103.4336,25.51897],[-103.4328,25.51871]]],[[[-103.43518,25.52],[-103.43544,25.51866],[-103.43432,25.5203],[-103.43484,25.52055],[-103.43518,25.52]]],[[[-103.43505,25.52131],[-103.43512,25.52181],[-103.43556,25.52116],[-103.43488,25.52079],[-103.43442,25.52141],[-103.43505,25.52131]]],[[[-103.43438,25.52169],[-103.43481,25.52231],[-103.43509,25.52193],[-103.43438,25.52169]]],[[[-103.43383,25.52235],[-103.43342,25.52296],[-103.43412,25.52335],[-103.43454,25.52269],[-103.43383,25.52235]]],[[[-103.43343,25.52313],[-103.43291,25.52371],[-103.43361,25.52411],[-103.43402,25.52346],[-103.43343,25.52313]]],[[[-103.43277,25.52392],[-103.43235,25.52448],[-103.43309,25.52487],[-103.43349,25.52424],[-103.43277,25.52392]]],[[[-103.42516,25.51963],[-103.42474,25.5202],[-103.42544,25.52059],[-103.42523,25.52004],[-103.42587,25.51998],[-103.42516,25.51963]]],[[[-103.42565,25.51893],[-103.42527,25.51943],[-103.42596,25.51985],[-103.42641,25.51918],[-103.42565,25.51893]]],[[[-103.42663,25.51741],[-103.42703,25.5183],[-103.42744,25.51765],[-103.42663,25.51741]]],[[[-103.4272,25.51657],[-103.42681,25.51714],[-103.42754,25.51752],[-103.428,25.51688],[-103.4272,25.51657]]],[[[-103.42782,25.51573],[-103.42733,25.51636],[-103.42807,25.51677],[-103.42795,25.51621],[-103.42852,25.51611],[-103.42786,25.51621],[-103.42782,25.51573]]],[[[-103.43053,25.51625],[-103.42991,25.51676],[-103.43031,25.51698],[-103.43053,25.51625]]],[[[-103.43238,25.51771],[-103.43252,25.51818],[-103.43317,25.51793],[-103.43238,25.51771]]],[[[-103.43391,25.51853],[-103.43327,25.518],[-103.43297,25.51844],[-103.43391,25.51853]]],[[[-103.43561,25.52139],[-103.43529,25.5219],[-103.43597,25.52228],[-103.43641,25.52164],[-103.43561,25.52139]]],[[[-103.43533,25.52252],[-103.4349,25.52248],[-103.43547,25.52302],[-103.43589,25.5224],[-103.4352,25.522],[-103.43533,25.52252]]],[[[-103.43465,25.52287],[-103.43427,25.52341],[-103.43496,25.5238],[-103.43479,25.52326],[-103.43542,25.52317],[-103.43465,25.52287]]],[[[-103.43447,25.52371],[-103.43394,25.52431],[-103.43443,25.52458],[-103.43486,25.52391],[-103.43447,25.52371]]],[[[-103.43359,25.5244],[-103.43322,25.52495],[-103.43393,25.52536],[-103.43433,25.52471],[-103.43359,25.5244]]],[[[-103.42521,25.51854],[-103.42465,25.51863],[-103.42536,25.519],[-103.42521,25.51854]]],[[[-103.42532,25.51761],[-103.42496,25.51819],[-103.42562,25.51859],[-103.42605,25.51794],[-103.42532,25.51761]]],[[[-103.42678,25.51689],[-103.42676,25.51622],[-103.42633,25.51685],[-103.42678,25.51689]]],[[[-103.42616,25.51639],[-103.42623,25.51681],[-103.42668,25.51615],[-103.42616,25.51639]]],[[[-103.42804,25.51466],[-103.42736,25.51532],[-103.42774,25.51552],[-103.42804,25.51466]]],[[[-103.43653,25.52179],[-103.43616,25.52235],[-103.43686,25.52275],[-103.43713,25.52204],[-103.43653,25.52179]]],[[[-103.43594,25.52265],[-103.43562,25.52312],[-103.43631,25.52349],[-103.43674,25.52288],[-103.43594,25.52265]]],[[[-103.43554,25.52336],[-103.43513,25.52389],[-103.4358,25.52426],[-103.43624,25.52363],[-103.43554,25.52336]]],[[[-103.43544,25.52422],[-103.43503,25.52404],[-103.43495,25.52484],[-103.43544,25.52422]]],[[[-103.43417,25.52547],[-103.43476,25.52581],[-103.43518,25.52519],[-103.43448,25.52478],[-103.43417,25.52547]]],[[[-103.42365,25.51909],[-103.4235,25.51862],[-103.42376,25.51964],[-103.42418,25.51901],[-103.42365,25.51909]]],[[[-103.42397,25.51792],[-103.42358,25.51848],[-103.42427,25.51888],[-103.42458,25.51842],[-103.42408,25.51811],[-103.42471,25.51822],[-103.42397,25.51792]]],[[[-103.42433,25.51741],[-103.42478,25.51811],[-103.42522,25.51748],[-103.42433,25.51741]]],[[[-103.4256,25.51694],[-103.42544,25.51654],[-103.42501,25.51717],[-103.4256,25.51694]]],[[[-103.42576,25.51567],[-103.42517,25.51619],[-103.42586,25.5166],[-103.42626,25.51595],[-103.42576,25.51567]]],[[[-103.42631,25.51513],[-103.42639,25.51583],[-103.42684,25.51518],[-103.42631,25.51513]]],[[[-103.43574,25.52455],[-103.43538,25.52509],[-103.43594,25.5254],[-103.43621,25.52471],[-103.43574,25.52455]]],[[[-103.43552,25.52554],[-103.43505,25.52622],[-103.43557,25.52652],[-103.43552,25.52554]]],[[[-103.43486,25.52648],[-103.43487,25.52731],[-103.43552,25.5266],[-103.43486,25.52648]]],[[[-103.42324,25.51848],[-103.42264,25.51815],[-103.42223,25.51876],[-103.4229,25.51915],[-103.42324,25.51848]]],[[[-103.42399,25.51679],[-103.42326,25.51724],[-103.42395,25.51763],[-103.42399,25.51679]]],[[[-103.4244,25.51593],[-103.42377,25.51649],[-103.42445,25.51688],[-103.42494,25.51622],[-103.4244,25.51593]]],[[[-103.42475,25.51514],[-103.42431,25.51571],[-103.42499,25.51609],[-103.42542,25.51544],[-103.42475,25.51514]]],[[[-103.42551,25.51476],[-103.42552,25.51532],[-103.42597,25.51471],[-103.42551,25.51476]]],[[[-103.42541,25.51471],[-103.42524,25.51427],[-103.42478,25.51493],[-103.42541,25.51471]]],[[[-103.42143,25.51893],[-103.42195,25.51883],[-103.42128,25.51846],[-103.42143,25.51893]]],[[[-103.42159,25.51798],[-103.42204,25.51866],[-103.42249,25.51806],[-103.42159,25.51798]]],[[[-103.42239,25.51781],[-103.423,25.51731],[-103.42232,25.51692],[-103.42188,25.51756],[-103.42239,25.51781]]],[[[-103.42309,25.51715],[-103.42352,25.51653],[-103.42284,25.51615],[-103.42242,25.51677],[-103.42309,25.51715]]],[[[-103.42398,25.5151],[-103.42391,25.5146],[-103.42344,25.51522],[-103.42398,25.5151]]],[[[-103.42455,25.51414],[-103.42466,25.51485],[-103.4251,25.51421],[-103.42455,25.51414]]],[[[-103.42556,25.51307],[-103.42475,25.51384],[-103.42517,25.51408],[-103.42556,25.51307]]],[[[-103.42044,25.51867],[-103.42116,25.51836],[-103.42049,25.51799],[-103.42044,25.51867]]],[[[-103.42237,25.52162],[-103.42289,25.52145],[-103.42234,25.52115],[-103.42237,25.52162]]],[[[-103.43539,25.51922],[-103.43531,25.51982],[-103.43589,25.51895],[-103.43539,25.51922]]],[[[-103.42823,25.51752],[-103.42766,25.51761],[-103.42838,25.51802],[-103.42823,25.51752]]],[[[-103.42726,25.51416],[-103.42654,25.51485],[-103.42691,25.51505],[-103.42726,25.51416]]],[[[-103.42716,25.5156],[-103.42721,25.5163],[-103.42766,25.51563],[-103.42716,25.5156]]],[[[-103.43294,25.52101],[-103.43295,25.52161],[-103.43339,25.52098],[-103.43294,25.52101]]],[[[-103.42594,25.51713],[-103.42545,25.51741],[-103.42618,25.51782],[-103.4266,25.51718],[-103.42594,25.51713]]],[[[-103.42139,25.51725],[-103.42216,25.51683],[-103.42166,25.51655],[-103.42139,25.51725]]],[[[-103.4359,25.51299],[-103.4356,25.51336],[-103.43626,25.51378],[-103.43672,25.51319],[-103.4359,25.51299]]],[[[-103.43573,25.51294],[-103.43548,25.5124],[-103.43501,25.51299],[-103.43573,25.51294]]],[[[-103.43566,25.51208],[-103.43602,25.51252],[-103.43648,25.51193],[-103.43584,25.5115],[-103.43566,25.51208]]],[[[-103.43672,25.51208],[-103.43617,25.51262],[-103.43683,25.51304],[-103.4373,25.51245],[-103.43672,25.51208]]],[[[-103.43731,25.51274],[-103.43699,25.51314],[-103.43765,25.51357],[-103.43811,25.51296],[-103.43731,25.51274]]],[[[-103.43704,25.51339],[-103.43642,25.51388],[-103.43707,25.5143],[-103.43754,25.51371],[-103.43704,25.51339]]],[[[-103.43613,25.51425],[-103.43585,25.51462],[-103.4365,25.51504],[-103.43696,25.51445],[-103.43613,25.51425]]],[[[-103.43395,25.51252],[-103.43352,25.51291],[-103.43427,25.51317],[-103.43395,25.51252]]],[[[-103.43432,25.51188],[-103.43397,25.51233],[-103.43461,25.51274],[-103.43508,25.51214],[-103.43432,25.51188]]],[[[-103.43512,25.51195],[-103.43561,25.51144],[-103.43495,25.51107],[-103.43455,25.51159],[-103.43512,25.51195]]],[[[-103.43756,25.51179],[-103.43693,25.51205],[-103.43738,25.51234],[-103.43756,25.51179]]],[[[-103.43822,25.51309],[-103.4378,25.51366],[-103.43846,25.51408],[-103.43893,25.51349],[-103.43822,25.51309]]],[[[-103.43761,25.51392],[-103.43723,25.5144],[-103.43789,25.51482],[-103.43832,25.51421],[-103.43761,25.51392]]],[[[-103.43704,25.51466],[-103.43674,25.51519],[-103.43732,25.51556],[-103.43778,25.51497],[-103.43704,25.51466]]],[[[-103.43646,25.5154],[-103.43609,25.51587],[-103.43675,25.51629],[-103.4372,25.5157],[-103.43646,25.5154]]],[[[-103.43562,25.51491],[-103.43528,25.51536],[-103.43593,25.51577],[-103.43639,25.51518],[-103.43562,25.51491]]],[[[-103.43494,25.5147],[-103.43447,25.51483],[-103.43512,25.51525],[-103.43558,25.51466],[-103.43494,25.5147]]],[[[-103.43416,25.5142],[-103.43431,25.51474],[-103.43477,25.51414],[-103.43416,25.5142]]],[[[-103.43338,25.51388],[-103.43322,25.5133],[-103.43283,25.5138],[-103.43338,25.51388]]],[[[-103.43258,25.51319],[-103.43202,25.51328],[-103.43267,25.5137],[-103.43258,25.51319]]],[[[-103.43288,25.51217],[-103.43335,25.51282],[-103.4337,25.51237],[-103.43288,25.51217]]],[[[-103.43449,25.51071],[-103.43371,25.51106],[-103.43439,25.51149],[-103.43449,25.51071]]],[[[-103.43896,25.51374],[-103.43861,25.51418],[-103.43928,25.5146],[-103.43974,25.51401],[-103.43896,25.51374]]],[[[-103.43845,25.5144],[-103.4387,25.51534],[-103.43917,25.51475],[-103.43845,25.5144]]],[[[-103.43788,25.51514],[-103.43748,25.51566],[-103.43813,25.51609],[-103.4386,25.51549],[-103.43788,25.51514]]],[[[-103.43725,25.51596],[-103.43691,25.5164],[-103.43756,25.51681],[-103.43801,25.51623],[-103.43725,25.51596]]],[[[-103.43668,25.51669],[-103.43634,25.51714],[-103.43698,25.51754],[-103.43739,25.51704],[-103.43668,25.51669]]],[[[-103.43586,25.51617],[-103.43585,25.51683],[-103.43663,25.51644],[-103.43586,25.51617]]],[[[-103.43519,25.51595],[-103.43471,25.51609],[-103.43536,25.51651],[-103.43581,25.51592],[-103.4352,25.51552],[-103.43519,25.51595]]],[[[-103.43418,25.5152],[-103.43455,25.51599],[-103.43501,25.5154],[-103.43418,25.5152]]],[[[-103.43206,25.51165],[-103.43251,25.51235],[-103.43288,25.51184],[-103.43206,25.51165]]],[[[-103.43932,25.51495],[-103.43879,25.5154],[-103.4395,25.51585],[-103.4399,25.51533],[-103.43932,25.51495]]],[[[-103.4385,25.51576],[-103.43833,25.51642],[-103.43933,25.51607],[-103.4385,25.51576]]],[[[-103.43792,25.51651],[-103.43753,25.51701],[-103.43824,25.51747],[-103.43875,25.51681],[-103.43792,25.51651]]],[[[-103.43723,25.51744],[-103.4378,25.51807],[-103.4382,25.51755],[-103.43723,25.51744]]],[[[-103.43451,25.51635],[-103.43488,25.51714],[-103.43525,25.51666],[-103.43451,25.51635]]],[[[-103.43032,25.51241],[-103.42978,25.51303],[-103.43043,25.51345],[-103.43094,25.5128],[-103.43032,25.51241]]],[[[-103.43111,25.51226],[-103.43074,25.5118],[-103.4304,25.51224],[-103.43111,25.51226]]],[[[-103.43125,25.51113],[-103.43171,25.5118],[-103.43208,25.51132],[-103.43125,25.51113]]],[[[-103.44205,25.51296],[-103.44244,25.51361],[-103.44274,25.51288],[-103.44205,25.51296]]],[[[-103.44145,25.51355],[-103.4419,25.51429],[-103.44236,25.51369],[-103.44145,25.51355]]],[[[-103.44136,25.51405],[-103.44061,25.51456],[-103.44134,25.51503],[-103.44186,25.51436],[-103.44136,25.51405]]],[[[-103.4405,25.51471],[-103.44004,25.5153],[-103.44078,25.51577],[-103.44129,25.5151],[-103.4405,25.51471]]],[[[-103.43966,25.51628],[-103.43891,25.51679],[-103.43963,25.51725],[-103.44015,25.51659],[-103.43966,25.51628]]],[[[-103.43878,25.51693],[-103.43833,25.51752],[-103.43906,25.51799],[-103.43957,25.51732],[-103.43878,25.51693]]],[[[-103.43839,25.51768],[-103.43778,25.51825],[-103.43848,25.51873],[-103.43899,25.51807],[-103.43839,25.51768]]],[[[-103.43764,25.51852],[-103.43808,25.51925],[-103.43842,25.5188],[-103.43764,25.51852]]],[[[-103.42882,25.51255],[-103.42766,25.51233],[-103.42959,25.51301],[-103.42882,25.51255]]],[[[-103.42935,25.51201],[-103.42949,25.51247],[-103.42895,25.51234],[-103.42964,25.51296],[-103.43012,25.51228],[-103.42935,25.51201]]],[[[-103.43028,25.51161],[-103.42958,25.51172],[-103.43023,25.51213],[-103.43028,25.51161]]],[[[-103.44206,25.51449],[-103.44143,25.51508],[-103.44189,25.51536],[-103.44206,25.51449]]],[[[-103.44126,25.51531],[-103.44086,25.51583],[-103.44157,25.51629],[-103.44184,25.51548],[-103.44126,25.51531]]],[[[-103.44069,25.51604],[-103.44027,25.51658],[-103.44102,25.51703],[-103.44153,25.51637],[-103.44069,25.51604]]],[[[-103.44017,25.51671],[-103.43972,25.51731],[-103.44044,25.51776],[-103.44097,25.5171],[-103.44017,25.51671]]],[[[-103.43976,25.51755],[-103.43914,25.51804],[-103.43987,25.51851],[-103.44037,25.51783],[-103.43976,25.51755]]],[[[-103.43897,25.51827],[-103.43856,25.51878],[-103.43929,25.51924],[-103.43981,25.51859],[-103.43897,25.51827]]],[[[-103.43845,25.51893],[-103.43885,25.51983],[-103.43923,25.51932],[-103.43845,25.51893]]],[[[-103.42853,25.51173],[-103.4289,25.51229],[-103.42931,25.51177],[-103.42853,25.51173]]],[[[-103.44031,25.51558],[-103.43947,25.51604],[-103.4402,25.51649],[-103.44072,25.51584],[-103.44031,25.51558]]],[[[-103.44318,25.51479],[-103.44324,25.51417],[-103.44274,25.51484],[-103.44318,25.51479]]],[[[-103.44163,25.51689],[-103.44225,25.51687],[-103.44159,25.51646],[-103.4411,25.51708],[-103.44179,25.51751],[-103.44163,25.51689]]],[[[-103.44128,25.51731],[-103.44053,25.51782],[-103.4412,25.51826],[-103.4417,25.51758],[-103.44128,25.51731]]],[[[-103.44071,25.51806],[-103.43996,25.51856],[-103.44061,25.51898],[-103.44071,25.51806]]],[[[-103.43984,25.51871],[-103.4394,25.51931],[-103.44009,25.51974],[-103.44062,25.5191],[-103.43984,25.51871]]],[[[-103.43929,25.51942],[-103.43898,25.51982],[-103.43965,25.52037],[-103.44005,25.51986],[-103.43929,25.51942]]],[[[-103.42718,25.51162],[-103.42692,25.51203],[-103.42791,25.51198],[-103.42718,25.51162]]],[[[-103.42771,25.51099],[-103.4282,25.51162],[-103.42849,25.51124],[-103.42771,25.51099]]],[[[-103.44066,25.51957],[-103.4414,25.51962],[-103.4407,25.51917],[-103.4402,25.51983],[-103.44091,25.52027],[-103.44066,25.51957]]],[[[-103.44039,25.52045],[-103.43979,25.52034],[-103.44047,25.52086],[-103.44039,25.52045]]],[[[-103.42614,25.51106],[-103.4259,25.51161],[-103.4267,25.51194],[-103.4271,25.51146],[-103.42614,25.51106]]],[[[-103.42738,25.511],[-103.4267,25.5104],[-103.42638,25.51076],[-103.42738,25.511]]],[[[-103.42777,25.51012],[-103.42707,25.50992],[-103.42779,25.51057],[-103.42777,25.51012]]],[[[-103.44217,25.51482],[-103.44209,25.51553],[-103.4426,25.51487],[-103.44217,25.51482]]],[[[-103.43391,25.5114],[-103.43342,25.51147],[-103.43407,25.5119],[-103.43391,25.5114]]],[[[-103.4311,25.51],[-103.4318,25.51006],[-103.43122,25.50961],[-103.4311,25.51]]],[[[-103.44919,25.52208],[-103.45034,25.52222],[-103.44936,25.52158],[-103.44919,25.52208]]],[[[-103.45002,25.52311],[-103.44973,25.52281],[-103.4495,25.52344],[-103.45002,25.52311]]],[[[-103.45037,25.52421],[-103.45095,25.52386],[-103.45003,25.52399],[-103.45037,25.52421]]],[[[-103.4495,25.52382],[-103.4495,25.52454],[-103.45012,25.52437],[-103.4495,25.52382]]],[[[-103.45127,25.52376],[-103.45086,25.5236],[-103.45128,25.52419],[-103.45127,25.52376]]],[[[-103.45172,25.52447],[-103.45194,25.5239],[-103.45134,25.52427],[-103.45172,25.52447]]],[[[-103.44854,25.519],[-103.44829,25.52003],[-103.44975,25.52047],[-103.44852,25.51999],[-103.44854,25.519]]],[[[-103.44732,25.5191],[-103.44688,25.51878],[-103.44771,25.51966],[-103.44744,25.5192],[-103.44802,25.51879],[-103.44732,25.5191]]],[[[-103.45094,25.5256],[-103.4505,25.52631],[-103.45126,25.52586],[-103.45094,25.5256]]],[[[-103.44948,25.52654],[-103.44992,25.52703],[-103.45033,25.52646],[-103.44948,25.52654]]],[[[-103.45327,25.52603],[-103.45393,25.52614],[-103.45329,25.52605],[-103.45373,25.52557],[-103.45327,25.52603]]],[[[-103.45213,25.52659],[-103.45304,25.52625],[-103.45214,25.52683],[-103.45277,25.52766],[-103.45333,25.5273],[-103.45266,25.52711],[-103.45341,25.52627],[-103.45213,25.52659]]],[[[-103.45721,25.52024],[-103.45665,25.52039],[-103.45886,25.52022],[-103.45721,25.52024]]],[[[-103.45084,25.52221],[-103.4511,25.52134],[-103.45008,25.52191],[-103.45084,25.52221]]],[[[-103.44793,25.51889],[-103.4475,25.51918],[-103.4479,25.51945],[-103.44793,25.51889]]],[[[-103.45016,25.51622],[-103.451,25.51762],[-103.45165,25.51752],[-103.45016,25.51622]]],[[[-103.45184,25.5186],[-103.4522,25.51905],[-103.45298,25.51845],[-103.45235,25.51737],[-103.45184,25.5186]]],[[[-103.45216,25.51652],[-103.45174,25.51528],[-103.45152,25.51602],[-103.45235,25.5172],[-103.45216,25.51652]]],[[[-103.45246,25.51739],[-103.45334,25.51819],[-103.45275,25.51708],[-103.45246,25.51739]]],[[[-103.45346,25.51772],[-103.45363,25.51721],[-103.45305,25.5174],[-103.45346,25.51772]]],[[[-103.45198,25.51717],[-103.45107,25.51584],[-103.45168,25.51752],[-103.45198,25.51717]]],[[[-103.45267,25.51936],[-103.45254,25.52004],[-103.45382,25.52021],[-103.45386,25.51962],[-103.45302,25.52002],[-103.45267,25.51936]]],[[[-103.45327,25.51899],[-103.45272,25.51906],[-103.45358,25.51939],[-103.45327,25.51899]]],[[[-103.45286,25.52041],[-103.45182,25.52034],[-103.4518,25.52085],[-103.45284,25.52088],[-103.45286,25.52041]]],[[[-103.45744,25.52934],[-103.45629,25.53008],[-103.45747,25.52998],[-103.45744,25.52934]]],[[[-103.45609,25.53035],[-103.45772,25.53056],[-103.45566,25.53008],[-103.45609,25.53035]]],[[[-103.45654,25.53342],[-103.45608,25.53451],[-103.45639,25.53412],[-103.45685,25.535],[-103.45654,25.53342]]],[[[-103.41495,25.49445],[-103.41441,25.49429],[-103.41538,25.49461],[-103.41495,25.49445]]],[[[-103.41349,25.4935],[-103.4146,25.49403],[-103.41423,25.4934],[-103.41349,25.4935]]],[[[-103.40981,25.49081],[-103.40902,25.49067],[-103.40978,25.49126],[-103.40981,25.49081]]],[[[-103.40963,25.49055],[-103.41036,25.49065],[-103.4096,25.49005],[-103.40963,25.49055]]],[[[-103.40324,25.48923],[-103.40368,25.4891],[-103.40291,25.4885],[-103.40324,25.48923]]],[[[-103.40384,25.50317],[-103.40489,25.503],[-103.40287,25.5022],[-103.40384,25.50317]]],[[[-103.41108,25.49169],[-103.41159,25.49194],[-103.41143,25.49101],[-103.41108,25.49169]]],[[[-103.4131,25.49311],[-103.41164,25.49203],[-103.41336,25.49347],[-103.4131,25.49311]]],[[[-103.39735,25.49946],[-103.39792,25.50012],[-103.39826,25.4998],[-103.39735,25.49946]]],[[[-103.40312,25.5022],[-103.40352,25.50201],[-103.40282,25.50157],[-103.40312,25.5022]]],[[[-103.40346,25.50242],[-103.40521,25.50259],[-103.40335,25.5016],[-103.40346,25.50242]]],[[[-103.39918,25.49915],[-103.39866,25.4986],[-103.39816,25.49892],[-103.39918,25.49915]]],[[[-103.40165,25.50052],[-103.40122,25.50044],[-103.40195,25.5009],[-103.40165,25.50052]]],[[[-103.39976,25.50065],[-103.40136,25.50168],[-103.39881,25.49947],[-103.39845,25.49979],[-103.39976,25.50065]]],[[[-103.39909,25.50061],[-103.40115,25.50214],[-103.40128,25.50174],[-103.39909,25.50061]]],[[[-103.40088,25.50253],[-103.39795,25.50024],[-103.39764,25.50054],[-103.39934,25.50165],[-103.39743,25.5007],[-103.3973,25.50122],[-103.40088,25.50253]]],[[[-103.39768,25.50034],[-103.39712,25.4997],[-103.39679,25.50002],[-103.39768,25.50034]]],[[[-103.39668,25.50034],[-103.39621,25.50075],[-103.39713,25.50114],[-103.39741,25.50057],[-103.39668,25.50034]]],[[[-103.399,25.50055],[-103.39837,25.49986],[-103.39802,25.50018],[-103.399,25.50055]]],[[[-103.40567,25.50082],[-103.40572,25.50013],[-103.4052,25.5008],[-103.40567,25.50082]]],[[[-103.40526,25.50056],[-103.40532,25.49987],[-103.4048,25.50053],[-103.40526,25.50056]]],[[[-103.40486,25.5003],[-103.4049,25.49962],[-103.40439,25.50028],[-103.40486,25.5003]]],[[[-103.40405,25.49978],[-103.4041,25.4991],[-103.40358,25.49976],[-103.40405,25.49978]]],[[[-103.40364,25.49952],[-103.40369,25.49884],[-103.40317,25.4995],[-103.40364,25.49952]]],[[[-103.40323,25.49926],[-103.40328,25.49858],[-103.40276,25.49924],[-103.40323,25.49926]]],[[[-103.40283,25.499],[-103.40277,25.49845],[-103.40236,25.49898],[-103.40283,25.499]]],[[[-103.4062,25.49999],[-103.40459,25.49924],[-103.40679,25.50064],[-103.4062,25.49999]]],[[[-103.40243,25.49952],[-103.40227,25.49909],[-103.40196,25.49949],[-103.40243,25.49952]]],[[[-103.40385,25.50159],[-103.4039,25.5009],[-103.4034,25.50152],[-103.40385,25.50159]]],[[[-103.40274,25.50067],[-103.40268,25.50012],[-103.40219,25.50074],[-103.40274,25.50067]]],[[[-103.40107,25.4997],[-103.4013,25.50018],[-103.40165,25.49974],[-103.40107,25.4997]]],[[[-103.40093,25.49972],[-103.4009,25.49898],[-103.40041,25.4996],[-103.40093,25.49972]]],[[[-103.40038,25.49948],[-103.40081,25.49893],[-103.40041,25.49867],[-103.39992,25.49929],[-103.40038,25.49948]]],[[[-103.4,25.49902],[-103.39992,25.49835],[-103.39943,25.49898],[-103.4,25.49902]]],[[[-103.3991,25.49856],[-103.39935,25.49893],[-103.39981,25.49833],[-103.3991,25.49856]]],[[[-103.40208,25.4984],[-103.40228,25.49893],[-103.40267,25.49841],[-103.40208,25.4984]]],[[[-103.40109,25.49872],[-103.40138,25.49913],[-103.4017,25.49872],[-103.40109,25.49872]]],[[[-103.40101,25.49867],[-103.40081,25.49815],[-103.4005,25.49856],[-103.40101,25.49867]]],[[[-103.39781,25.49909],[-103.39835,25.49973],[-103.3987,25.49942],[-103.39781,25.49909]]],[[[-103.41074,25.49082],[-103.41137,25.49085],[-103.41078,25.49038],[-103.41074,25.49082]]],[[[-103.40887,25.48874],[-103.4084,25.48923],[-103.40494,25.48686],[-103.40843,25.48962],[-103.40909,25.48892],[-103.41014,25.48939],[-103.40887,25.48874]]],[[[-103.39424,25.51067],[-103.39424,25.51199],[-103.39572,25.51061],[-103.39407,25.50915],[-103.39424,25.51067]]],[[[-103.37818,25.5248],[-103.37725,25.52502],[-103.3787,25.52467],[-103.37816,25.524],[-103.37997,25.52214],[-103.3775,25.52467],[-103.37818,25.5248]]],[[[-103.4048,25.50573],[-103.40656,25.50635],[-103.40681,25.50597],[-103.40591,25.50566],[-103.40688,25.50587],[-103.40713,25.50548],[-103.40624,25.50516],[-103.4072,25.50538],[-103.40746,25.505],[-103.4065,25.50477],[-103.40767,25.50465],[-103.40651,25.50446],[-103.40575,25.5059],[-103.40443,25.50518],[-103.4048,25.50573]]],[[[-103.40259,25.50443],[-103.40211,25.50412],[-103.40131,25.50528],[-103.40199,25.5057],[-103.40173,25.50523],[-103.40259,25.50443]]],[[[-103.40345,25.50302],[-103.40233,25.50299],[-103.40186,25.50365],[-103.40345,25.50302]]],[[[-103.40192,25.50177],[-103.40238,25.50185],[-103.40159,25.50132],[-103.40141,25.50176],[-103.40192,25.50177]]],[[[-103.40181,25.50318],[-103.40076,25.50295],[-103.40173,25.50362],[-103.40181,25.50318]]],[[[-103.40182,25.50432],[-103.40044,25.50305],[-103.40016,25.50346],[-103.40182,25.50432]]],[[[-103.39972,25.50426],[-103.4012,25.50522],[-103.40146,25.50485],[-103.39972,25.50426]]],[[[-103.40104,25.50525],[-103.40035,25.50574],[-103.40075,25.50596],[-103.40104,25.50525]]],[[[-103.39488,25.50822],[-103.39446,25.50841],[-103.39487,25.50867],[-103.39488,25.50822]]],[[[-103.38869,25.50465],[-103.38927,25.50325],[-103.38831,25.50448],[-103.38869,25.50465]]],[[[-103.38762,25.50602],[-103.38821,25.50461],[-103.38725,25.50586],[-103.38762,25.50602]]],[[[-103.38681,25.50706],[-103.38715,25.50599],[-103.38643,25.50692],[-103.38681,25.50706]]],[[[-103.38558,25.50865],[-103.38618,25.50725],[-103.38521,25.50848],[-103.38558,25.50865]]],[[[-103.38302,25.51194],[-103.38435,25.51023],[-103.38401,25.51002],[-103.38253,25.51194],[-103.38302,25.51194]]],[[[-103.38361,25.51192],[-103.38473,25.51047],[-103.38318,25.51194],[-103.38361,25.51192]]],[[[-103.3848,25.51191],[-103.38525,25.51081],[-103.38436,25.51196],[-103.3848,25.51191]]],[[[-103.38533,25.51193],[-103.38563,25.51105],[-103.38492,25.51196],[-103.38533,25.51193]]],[[[-103.38671,25.51181],[-103.38435,25.51223],[-103.38657,25.51224],[-103.38671,25.51181]]],[[[-103.40356,25.50721],[-103.40397,25.50589],[-103.40317,25.50709],[-103.40356,25.50721]]],[[[-103.38929,25.51162],[-103.38776,25.51226],[-103.38902,25.51227],[-103.38929,25.51162]]],[[[-103.38863,25.51149],[-103.38857,25.51098],[-103.38792,25.5118],[-103.38863,25.51149]]],[[[-103.39353,25.4981],[-103.39431,25.49821],[-103.3935,25.49768],[-103.39353,25.4981]]],[[[-103.39058,25.49574],[-103.38958,25.49551],[-103.39054,25.49615],[-103.39058,25.49574]]],[[[-103.39324,25.49739],[-103.3937,25.49729],[-103.3929,25.49677],[-103.39324,25.49739]]],[[[-103.39162,25.4959],[-103.39027,25.4954],[-103.39171,25.49638],[-103.39162,25.4959]]],[[[-103.39143,25.49522],[-103.39091,25.49531],[-103.392,25.49604],[-103.39143,25.49522]]],[[[-103.39677,25.49854],[-103.39621,25.49773],[-103.39592,25.49808],[-103.39677,25.49854]]],[[[-103.39596,25.49789],[-103.39534,25.49715],[-103.39504,25.4975],[-103.39596,25.49789]]],[[[-103.39501,25.49737],[-103.39445,25.49656],[-103.39417,25.49691],[-103.39501,25.49737]]],[[[-103.3942,25.49672],[-103.39358,25.49598],[-103.39328,25.49633],[-103.3942,25.49672]]],[[[-103.39756,25.4985],[-103.39802,25.49837],[-103.39742,25.49797],[-103.39756,25.4985]]],[[[-103.3955,25.49713],[-103.39629,25.49722],[-103.3955,25.4967],[-103.3955,25.49713]]],[[[-103.39811,25.49818],[-103.39787,25.4976],[-103.39753,25.4979],[-103.39811,25.49818]]],[[[-103.3973,25.4977],[-103.39779,25.49752],[-103.39711,25.49686],[-103.39675,25.49717],[-103.3973,25.4977]]],[[[-103.39856,25.49776],[-103.39834,25.49721],[-103.39797,25.49752],[-103.39898,25.49784],[-103.39856,25.49776]]],[[[-103.39807,25.49728],[-103.39756,25.49646],[-103.3972,25.49678],[-103.39807,25.49728]]],[[[-103.3973,25.49655],[-103.3968,25.49574],[-103.39644,25.49605],[-103.3973,25.49655]]],[[[-103.39628,25.49589],[-103.39672,25.49565],[-103.39575,25.49536],[-103.39628,25.49589]]],[[[-103.39935,25.4977],[-103.39879,25.49681],[-103.39842,25.49712],[-103.39935,25.4977]]],[[[-103.39766,25.49639],[-103.39834,25.49704],[-103.3987,25.49673],[-103.39802,25.49608],[-103.39766,25.49639]]],[[[-103.39776,25.49616],[-103.39726,25.49533],[-103.39689,25.49565],[-103.39776,25.49616]]],[[[-103.40009,25.49756],[-103.39924,25.49642],[-103.39888,25.49674],[-103.40009,25.49756]]],[[[-103.39854,25.49575],[-103.39811,25.496],[-103.39879,25.49665],[-103.39916,25.49634],[-103.39854,25.49575]]],[[[-103.39821,25.49576],[-103.3977,25.49495],[-103.39734,25.49526],[-103.39821,25.49576]]],[[[-103.40066,25.49724],[-103.40046,25.49676],[-103.4001,25.49707],[-103.40066,25.49724]]],[[[-103.40107,25.49686],[-103.40092,25.49636],[-103.40055,25.4967],[-103.40107,25.49686]]],[[[-103.40067,25.49532],[-103.40024,25.49556],[-103.40092,25.49622],[-103.40129,25.4959],[-103.40067,25.49532]]],[[[-103.39943,25.49611],[-103.39893,25.49529],[-103.39857,25.49561],[-103.39943,25.49611]]],[[[-103.39828,25.49533],[-103.39885,25.49521],[-103.39817,25.49456],[-103.39781,25.49487],[-103.39828,25.49533]]],[[[-103.39988,25.49571],[-103.39938,25.49489],[-103.39901,25.49522],[-103.39988,25.49571]]],[[[-103.39913,25.49498],[-103.39862,25.49417],[-103.39827,25.49447],[-103.39913,25.49498]]],[[[-103.40034,25.49532],[-103.39984,25.49451],[-103.39948,25.49482],[-103.40034,25.49532]]],[[[-103.39958,25.49459],[-103.3991,25.49377],[-103.39878,25.49416],[-103.39958,25.49459]]],[[[-103.39752,25.49446],[-103.39802,25.49441],[-103.39763,25.49402],[-103.39752,25.49446]]],[[[-103.3983,25.49418],[-103.39803,25.49362],[-103.39771,25.49394],[-103.3983,25.49418]]],[[[-103.39701,25.49495],[-103.39764,25.49472],[-103.39654,25.49447],[-103.39701,25.49495]]],[[[-103.3959,25.49519],[-103.39561,25.4946],[-103.39525,25.49491],[-103.3959,25.49519]]],[[[-103.39077,25.49722],[-103.39137,25.49755],[-103.39174,25.49708],[-103.39091,25.49655],[-103.39077,25.49722]]],[[[-103.39168,25.49734],[-103.3923,25.49808],[-103.39265,25.49765],[-103.39168,25.49734]]],[[[-103.38878,25.50055],[-103.38916,25.50023],[-103.38831,25.49976],[-103.38802,25.50012],[-103.38878,25.50055]]],[[[-103.39255,25.50076],[-103.39303,25.5005],[-103.39219,25.50002],[-103.39188,25.50039],[-103.39255,25.50076]]],[[[-103.38616,25.49898],[-103.38699,25.49956],[-103.38729,25.49918],[-103.38616,25.49898]]],[[[-103.38764,25.49938],[-103.38709,25.49959],[-103.38794,25.50006],[-103.38823,25.49971],[-103.38764,25.49938]]],[[[-103.38705,25.49799],[-103.38771,25.49867],[-103.38801,25.49831],[-103.38705,25.49799]]],[[[-103.38905,25.50053],[-103.3898,25.50111],[-103.39009,25.50076],[-103.38905,25.50053]]],[[[-103.39003,25.50098],[-103.39073,25.50164],[-103.39103,25.50128],[-103.39003,25.50098]]],[[[-103.39127,25.50142],[-103.39081,25.50169],[-103.3917,25.50212],[-103.39127,25.50142]]],[[[-103.39251,25.50202],[-103.39326,25.50196],[-103.39238,25.50143],[-103.39251,25.50202]]],[[[-103.3918,25.4979],[-103.39111,25.49802],[-103.39195,25.49851],[-103.3918,25.4979]]],[[[-103.39083,25.50106],[-103.39138,25.50084],[-103.39055,25.50037],[-103.39024,25.50072],[-103.39083,25.50106]]],[[[-103.38966,25.50038],[-103.39045,25.50032],[-103.38961,25.49983],[-103.38966,25.50038]]],[[[-103.38853,25.49949],[-103.38922,25.50016],[-103.38952,25.49978],[-103.38853,25.49949]]],[[[-103.3876,25.49897],[-103.38829,25.49964],[-103.38858,25.49928],[-103.3876,25.49897]]],[[[-103.38676,25.49833],[-103.38736,25.49911],[-103.38766,25.49874],[-103.38676,25.49833]]],[[[-103.38806,25.49842],[-103.38865,25.49919],[-103.38894,25.49884],[-103.38806,25.49842]]],[[[-103.38893,25.499],[-103.38959,25.49971],[-103.38987,25.49937],[-103.38893,25.499]]],[[[-103.39076,25.50011],[-103.39144,25.50077],[-103.39174,25.50041],[-103.39076,25.50011]]],[[[-103.39177,25.50053],[-103.39237,25.50129],[-103.39267,25.50094],[-103.39177,25.50053]]],[[[-103.39304,25.50168],[-103.39359,25.50147],[-103.39275,25.50097],[-103.39246,25.50134],[-103.39304,25.50168]]],[[[-103.39193,25.49987],[-103.39096,25.49985],[-103.3918,25.50034],[-103.39193,25.49987]]],[[[-103.39003,25.49933],[-103.39114,25.49949],[-103.39032,25.49896],[-103.39003,25.49933]]],[[[-103.38931,25.49854],[-103.38994,25.49929],[-103.39024,25.49892],[-103.38931,25.49854]]],[[[-103.38841,25.49798],[-103.389,25.49877],[-103.38929,25.49841],[-103.38841,25.49798]]],[[[-103.38785,25.49702],[-103.38844,25.49781],[-103.38874,25.49745],[-103.38785,25.49702]]],[[[-103.3888,25.49751],[-103.38935,25.49833],[-103.38965,25.49797],[-103.3888,25.49751]]],[[[-103.38961,25.49818],[-103.3903,25.49885],[-103.39059,25.49849],[-103.38961,25.49818]]],[[[-103.39115,25.49933],[-103.3915,25.49903],[-103.39068,25.49854],[-103.3904,25.49889],[-103.39115,25.49933]]],[[[-103.39212,25.49988],[-103.39244,25.49955],[-103.39161,25.49907],[-103.39131,25.49943],[-103.39212,25.49988]]],[[[-103.39333,25.5003],[-103.39401,25.50095],[-103.3943,25.5006],[-103.39333,25.5003]]],[[[-103.39439,25.50066],[-103.39472,25.50135],[-103.39516,25.50108],[-103.39439,25.50066]]],[[[-103.39439,25.5005],[-103.39465,25.50017],[-103.39383,25.49969],[-103.39354,25.50004],[-103.39439,25.5005]]],[[[-103.39284,25.49925],[-103.39345,25.5],[-103.39374,25.49964],[-103.39284,25.49925]]],[[[-103.39198,25.49915],[-103.3928,25.49911],[-103.39196,25.49866],[-103.39198,25.49915]]],[[[-103.39142,25.49884],[-103.39189,25.49858],[-103.39104,25.4981],[-103.39075,25.49846],[-103.39142,25.49884]]],[[[-103.39009,25.4976],[-103.38981,25.49794],[-103.39066,25.49842],[-103.39095,25.49805],[-103.39009,25.4976]]],[[[-103.38907,25.49718],[-103.38972,25.49789],[-103.39,25.49753],[-103.38907,25.49718]]],[[[-103.38827,25.49653],[-103.3888,25.49737],[-103.38909,25.49702],[-103.38827,25.49653]]],[[[-103.38864,25.49607],[-103.38837,25.49639],[-103.38916,25.49694],[-103.38946,25.49659],[-103.38864,25.49607]]],[[[-103.3922,25.49839],[-103.39287,25.49904],[-103.39315,25.49868],[-103.3922,25.49839]]],[[[-103.39449,25.49994],[-103.39495,25.49983],[-103.39416,25.49931],[-103.39449,25.49994]]],[[[-103.39453,25.49944],[-103.39532,25.49939],[-103.3945,25.49888],[-103.39453,25.49944]]],[[[-103.39357,25.49835],[-103.39412,25.49917],[-103.39441,25.49882],[-103.39357,25.49835]]],[[[-103.39315,25.49855],[-103.39353,25.49824],[-103.39274,25.4977],[-103.39239,25.49813],[-103.39315,25.49855]]],[[[-103.38978,25.49664],[-103.39044,25.49703],[-103.39085,25.49649],[-103.39008,25.496],[-103.39053,25.49656],[-103.3899,25.49622],[-103.38978,25.49664]]],[[[-103.38899,25.49566],[-103.38953,25.4965],[-103.3898,25.49615],[-103.38899,25.49566]]],[[[-103.39193,25.50168],[-103.3923,25.50136],[-103.39147,25.50089],[-103.39117,25.50125],[-103.39193,25.50168]]],[[[-103.39341,25.50252],[-103.39379,25.50218],[-103.39304,25.50229],[-103.39341,25.50252]]],[[[-103.38598,25.50589],[-103.38611,25.50628],[-103.3866,25.50564],[-103.38598,25.50589]]],[[[-103.38231,25.51193],[-103.38234,25.51134],[-103.38187,25.51195],[-103.38231,25.51193]]],[[[-103.38175,25.51189],[-103.38194,25.51108],[-103.38127,25.51195],[-103.38175,25.51189]]],[[[-103.38055,25.50325],[-103.38105,25.5021],[-103.38013,25.50328],[-103.38055,25.50325]]],[[[-103.3789,25.50634],[-103.37858,25.50469],[-103.37856,25.50682],[-103.3789,25.50634]]],[[[-103.37893,25.51047],[-103.37971,25.50965],[-103.37907,25.50924],[-103.37893,25.51047]]],[[[-103.37905,25.51114],[-103.37843,25.50991],[-103.37847,25.51098],[-103.37905,25.51114]]],[[[-103.38757,25.50461],[-103.38711,25.50577],[-103.38807,25.50453],[-103.38757,25.50461]]],[[[-103.37933,25.51208],[-103.37847,25.51157],[-103.37846,25.51222],[-103.37933,25.51208]]],[[[-103.37759,25.49578],[-103.37659,25.4957],[-103.37667,25.49614],[-103.37759,25.49578]]],[[[-103.37618,25.49576],[-103.37558,25.49631],[-103.37655,25.49616],[-103.37618,25.49576]]],[[[-103.37541,25.49611],[-103.37439,25.49603],[-103.37447,25.49648],[-103.37541,25.49611]]],[[[-103.37271,25.49663],[-103.37176,25.49581],[-103.37148,25.49623],[-103.37271,25.49663]]],[[[-103.37021,25.49718],[-103.37093,25.497],[-103.37015,25.4967],[-103.37035,25.49574],[-103.36988,25.49548],[-103.36961,25.49724],[-103.37021,25.49718]]],[[[-103.37735,25.49545],[-103.37831,25.4959],[-103.37649,25.49515],[-103.37735,25.49545]]],[[[-103.3764,25.49538],[-103.37539,25.49531],[-103.37547,25.49575],[-103.3764,25.49538]]],[[[-103.3753,25.49555],[-103.37428,25.49548],[-103.37436,25.49592],[-103.3753,25.49555]]],[[[-103.37305,25.49613],[-103.37208,25.49533],[-103.37183,25.49571],[-103.37305,25.49613]]],[[[-103.37151,25.49596],[-103.37081,25.49529],[-103.37053,25.4957],[-103.37151,25.49596]]],[[[-103.37631,25.49484],[-103.37529,25.49475],[-103.37537,25.4952],[-103.37631,25.49484]]],[[[-103.3752,25.49499],[-103.37418,25.49492],[-103.37426,25.49536],[-103.3752,25.49499]]],[[[-103.37369,25.49518],[-103.37273,25.49438],[-103.37247,25.49476],[-103.37369,25.49518]]],[[[-103.37337,25.49566],[-103.3724,25.49486],[-103.37215,25.49523],[-103.37337,25.49566]]],[[[-103.37217,25.49499],[-103.37145,25.49434],[-103.37121,25.4947],[-103.37217,25.49499]]],[[[-103.37184,25.49546],[-103.37113,25.4948],[-103.37088,25.49519],[-103.37184,25.49546]]],[[[-103.3709,25.49493],[-103.37004,25.49419],[-103.36998,25.49468],[-103.3709,25.49493]]],[[[-103.3699,25.49535],[-103.3707,25.49522],[-103.36996,25.49481],[-103.3699,25.49535]]],[[[-103.37416,25.4948],[-103.37582,25.49455],[-103.37475,25.49392],[-103.37416,25.4948]]],[[[-103.37431,25.49427],[-103.37333,25.49348],[-103.37308,25.49385],[-103.37431,25.49427]]],[[[-103.37249,25.49451],[-103.37178,25.49385],[-103.37152,25.49424],[-103.37249,25.49451]]],[[[-103.37154,25.49398],[-103.37019,25.49296],[-103.37013,25.49347],[-103.37154,25.49398]]],[[[-103.3731,25.49361],[-103.37238,25.49295],[-103.37213,25.49332],[-103.3731,25.49361]]],[[[-103.37209,25.49304],[-103.37122,25.49231],[-103.37095,25.49267],[-103.37209,25.49304]]],[[[-103.38264,25.49469],[-103.38148,25.49583],[-103.38212,25.49584],[-103.38264,25.49469]]],[[[-103.38583,25.49434],[-103.38495,25.4942],[-103.38575,25.49473],[-103.38583,25.49434]]],[[[-103.39018,25.494],[-103.38931,25.49386],[-103.39029,25.4946],[-103.39092,25.49421],[-103.38971,25.49337],[-103.39018,25.494]]],[[[-103.36659,25.4886],[-103.3668,25.48816],[-103.36612,25.48837],[-103.36659,25.4886]]],[[[-103.37246,25.48872],[-103.3766,25.48917],[-103.37688,25.48873],[-103.37246,25.48872]]],[[[-103.37707,25.48921],[-103.384,25.48962],[-103.3772,25.48877],[-103.37707,25.48921]]],[[[-103.36656,25.48954],[-103.36831,25.49075],[-103.36869,25.49042],[-103.36668,25.48907],[-103.36656,25.48954]]],[[[-103.36848,25.49085],[-103.36917,25.49306],[-103.36922,25.49077],[-103.36848,25.49085]]],[[[-103.36987,25.49449],[-103.36998,25.49361],[-103.36914,25.49371],[-103.36931,25.49459],[-103.36987,25.49449]]],[[[-103.36927,25.48931],[-103.36856,25.48881],[-103.36849,25.4893],[-103.36927,25.48931]]],[[[-103.37782,25.4916],[-103.37836,25.49094],[-103.37724,25.49181],[-103.37782,25.4916]]],[[[-103.37742,25.4914],[-103.37781,25.49086],[-103.37687,25.49167],[-103.37742,25.4914]]],[[[-103.37126,25.48891],[-103.37011,25.48859],[-103.37014,25.48922],[-103.371,25.48952],[-103.37126,25.48891]]],[[[-103.37291,25.4891],[-103.37158,25.48876],[-103.37153,25.4892],[-103.37291,25.4891]]],[[[-103.36612,25.4889],[-103.36625,25.48947],[-103.36657,25.48899],[-103.36612,25.4889]]],[[[-103.38777,25.49805],[-103.38837,25.49789],[-103.38754,25.49739],[-103.38777,25.49805]]],[[[-103.37136,25.49641],[-103.37133,25.49704],[-103.37238,25.49683],[-103.37136,25.49641]]],[[[-103.46485,25.5266],[-103.4647,25.52604],[-103.46484,25.52714],[-103.46485,25.5266]]],[[[-103.46612,25.52721],[-103.4658,25.52749],[-103.46669,25.52722],[-103.46612,25.52721]]],[[[-103.46596,25.52789],[-103.466,25.52847],[-103.46642,25.52814],[-103.46596,25.52789]]],[[[-103.46562,25.52907],[-103.46628,25.52906],[-103.46597,25.52865],[-103.46562,25.52907]]],[[[-103.46502,25.52945],[-103.46571,25.52943],[-103.4654,25.52902],[-103.46502,25.52945]]],[[[-103.46113,25.52733],[-103.46159,25.52735],[-103.46085,25.5267],[-103.46113,25.52733]]],[[[-103.46673,25.52735],[-103.46687,25.52799],[-103.46722,25.5276],[-103.46673,25.52735]]],[[[-103.46651,25.52923],[-103.46746,25.5293],[-103.46662,25.52934],[-103.46701,25.52875],[-103.46651,25.52923]]],[[[-103.45864,25.5301],[-103.45821,25.53022],[-103.4606,25.53034],[-103.45864,25.5301]]],[[[-103.46758,25.52769],[-103.4682,25.5275],[-103.46777,25.52719],[-103.46758,25.52769]]],[[[-103.46709,25.52814],[-103.46776,25.52799],[-103.46734,25.52767],[-103.46709,25.52814]]],[[[-103.46559,25.52996],[-103.46588,25.52964],[-103.46543,25.53],[-103.46576,25.53059],[-103.46559,25.52996]]],[[[-103.46743,25.52656],[-103.46774,25.527],[-103.46809,25.52661],[-103.46743,25.52656]]],[[[-103.46817,25.52673],[-103.46829,25.5274],[-103.46863,25.527],[-103.46817,25.52673]]],[[[-103.46012,25.53263],[-103.45996,25.53316],[-103.46067,25.53328],[-103.46077,25.5326],[-103.46012,25.53263]]],[[[-103.4679,25.52631],[-103.46852,25.52612],[-103.46809,25.5258],[-103.4679,25.52631]]],[[[-103.46845,25.5267],[-103.46906,25.52651],[-103.46864,25.52619],[-103.46845,25.5267]]],[[[-103.46929,25.52731],[-103.47049,25.52754],[-103.46948,25.52681],[-103.46929,25.52731]]],[[[-103.4662,25.53153],[-103.46568,25.53222],[-103.46707,25.53409],[-103.46722,25.53333],[-103.46683,25.53368],[-103.46708,25.53325],[-103.46677,25.53361],[-103.46616,25.53278],[-103.4666,25.53163],[-103.4662,25.53153]]],[[[-103.45883,25.53285],[-103.4598,25.53315],[-103.45982,25.53265],[-103.45883,25.53285]]],[[[-103.45809,25.53041],[-103.45698,25.53092],[-103.46009,25.53062],[-103.45809,25.53041]]],[[[-103.45941,25.53523],[-103.45917,25.53556],[-103.46062,25.53535],[-103.45941,25.53523]]],[[[-103.45685,25.53255],[-103.45636,25.53238],[-103.45654,25.53303],[-103.45858,25.53325],[-103.45685,25.53255]]],[[[-103.45981,25.52964],[-103.46017,25.52997],[-103.4602,25.52937],[-103.45981,25.52964]]],[[[-103.4648,25.52579],[-103.46525,25.52611],[-103.46514,25.52554],[-103.4648,25.52579]]],[[[-103.46453,25.52335],[-103.46453,25.52442],[-103.4649,25.52284],[-103.46453,25.52335]]],[[[-103.46395,25.52346],[-103.46337,25.52349],[-103.46414,25.52403],[-103.46395,25.52346]]],[[[-103.46356,25.5241],[-103.46411,25.52407],[-103.4636,25.52365],[-103.46356,25.5241]]],[[[-103.46763,25.52836],[-103.46795,25.52908],[-103.46811,25.52825],[-103.46763,25.52836]]],[[[-103.46843,25.5365],[-103.4683,25.53765],[-103.46887,25.53753],[-103.46886,25.5365],[-103.46843,25.5365]]],[[[-103.46845,25.53798],[-103.46895,25.53847],[-103.46892,25.53767],[-103.46845,25.53798]]],[[[-103.47004,25.52216],[-103.4708,25.52275],[-103.47014,25.52177],[-103.47004,25.52216]]],[[[-103.46985,25.52474],[-103.47028,25.52515],[-103.47066,25.52473],[-103.46985,25.52474]]],[[[-103.4688,25.52387],[-103.46947,25.52455],[-103.46984,25.52412],[-103.4688,25.52387]]],[[[-103.46934,25.523],[-103.46929,25.52243],[-103.46892,25.52327],[-103.46934,25.523]]],[[[-103.47012,25.52584],[-103.4707,25.52588],[-103.47098,25.52484],[-103.47012,25.52584]]],[[[-103.46958,25.52522],[-103.46984,25.52565],[-103.47022,25.52522],[-103.46958,25.52522]]],[[[-103.46922,25.52483],[-103.46862,25.52406],[-103.46828,25.52448],[-103.46922,25.52483]]],[[[-103.46794,25.52268],[-103.4677,25.5232],[-103.46828,25.52354],[-103.46794,25.52268]]],[[[-103.46952,25.52622],[-103.47017,25.52716],[-103.4708,25.52646],[-103.4699,25.52579],[-103.46952,25.52622]]],[[[-103.4688,25.52609],[-103.46919,25.52638],[-103.46958,25.52557],[-103.4688,25.52609]]],[[[-103.46812,25.52523],[-103.46837,25.52578],[-103.46896,25.52511],[-103.46826,25.52459],[-103.46812,25.52523]]],[[[-103.47081,25.52326],[-103.47035,25.52397],[-103.47132,25.52271],[-103.47081,25.52326]]],[[[-103.47105,25.5264],[-103.47023,25.5272],[-103.47183,25.52638],[-103.47105,25.5264]]],[[[-103.47103,25.52594],[-103.47161,25.52601],[-103.47147,25.52558],[-103.47103,25.52594]]],[[[-103.47199,25.51979],[-103.47234,25.51944],[-103.47139,25.51909],[-103.47199,25.51979]]],[[[-103.47114,25.5225],[-103.47238,25.52194],[-103.47145,25.52168],[-103.47114,25.5225]]],[[[-103.47058,25.51905],[-103.47012,25.51883],[-103.47087,25.51939],[-103.47058,25.51905]]],[[[-103.46981,25.5188],[-103.47015,25.51857],[-103.46953,25.51829],[-103.46981,25.5188]]],[[[-103.47266,25.51846],[-103.47286,25.5189],[-103.47375,25.51832],[-103.47266,25.51846]]],[[[-103.47446,25.51823],[-103.47299,25.51892],[-103.47487,25.51813],[-103.47446,25.51823]]],[[[-103.47266,25.51447],[-103.47098,25.51588],[-103.47322,25.51433],[-103.47266,25.51447]]],[[[-103.4699,25.51459],[-103.47039,25.51485],[-103.47028,25.51411],[-103.46976,25.5141],[-103.4699,25.51459]]],[[[-103.47051,25.51506],[-103.47101,25.51546],[-103.47084,25.51461],[-103.47051,25.51506]]],[[[-103.46991,25.51755],[-103.47069,25.5179],[-103.47037,25.51731],[-103.46991,25.51755]]],[[[-103.47519,25.53035],[-103.47606,25.53018],[-103.47579,25.52967],[-103.47519,25.53035]]],[[[-103.47605,25.52936],[-103.47718,25.52929],[-103.47648,25.52884],[-103.47605,25.52936]]],[[[-103.47591,25.52974],[-103.47616,25.53017],[-103.47724,25.52972],[-103.47591,25.52974]]],[[[-103.47269,25.53184],[-103.4731,25.53225],[-103.47299,25.53157],[-103.47269,25.53184]]],[[[-103.47312,25.53178],[-103.47311,25.53223],[-103.47405,25.53143],[-103.47312,25.53178]]],[[[-103.4729,25.53091],[-103.47308,25.53146],[-103.47341,25.53102],[-103.4729,25.53091]]],[[[-103.47942,25.52856],[-103.48002,25.52859],[-103.47999,25.5278],[-103.47942,25.52856]]],[[[-103.47823,25.52942],[-103.47909,25.52946],[-103.47857,25.52894],[-103.47823,25.52942]]],[[[-103.4721,25.53258],[-103.47211,25.53301],[-103.47255,25.53269],[-103.4721,25.53258]]],[[[-103.47053,25.53352],[-103.47041,25.53299],[-103.46989,25.53321],[-103.47053,25.53352]]],[[[-103.46854,25.53387],[-103.46852,25.53339],[-103.46799,25.53427],[-103.46854,25.53387]]],[[[-103.47199,25.5328],[-103.47163,25.53251],[-103.47171,25.53327],[-103.47199,25.5328]]],[[[-103.4815,25.52813],[-103.48147,25.5291],[-103.48197,25.52905],[-103.4815,25.52813]]],[[[-103.47646,25.53376],[-103.47687,25.53492],[-103.47733,25.53479],[-103.4769,25.53354],[-103.47646,25.53376]]],[[[-103.47526,25.53341],[-103.4752,25.53394],[-103.47629,25.53362],[-103.47615,25.53318],[-103.47526,25.53341]]],[[[-103.47637,25.53309],[-103.4764,25.53359],[-103.47778,25.5332],[-103.47753,25.53276],[-103.47637,25.53309]]],[[[-103.47691,25.53506],[-103.47734,25.53631],[-103.47846,25.53656],[-103.47748,25.53608],[-103.47737,25.53487],[-103.47691,25.53506]]],[[[-103.47587,25.53548],[-103.47663,25.53596],[-103.47636,25.53515],[-103.47587,25.53548]]],[[[-103.47565,25.53283],[-103.47502,25.53338],[-103.47611,25.53304],[-103.47565,25.53283]]],[[[-103.47616,25.5323],[-103.47654,25.53294],[-103.47749,25.53268],[-103.47714,25.5321],[-103.47616,25.5323]]],[[[-103.47804,25.53287],[-103.47962,25.53217],[-103.47879,25.53206],[-103.47804,25.53287]]],[[[-103.47797,25.53518],[-103.47821,25.53463],[-103.47744,25.53485],[-103.47762,25.53543],[-103.47839,25.53523],[-103.47797,25.53518]]],[[[-103.47453,25.53206],[-103.47473,25.53261],[-103.47584,25.53227],[-103.47498,25.53212],[-103.47561,25.5316],[-103.47453,25.53206]]],[[[-103.47623,25.53153],[-103.47644,25.53212],[-103.47709,25.53202],[-103.47666,25.5313],[-103.47623,25.53153]]],[[[-103.47692,25.53149],[-103.47755,25.53196],[-103.47745,25.53121],[-103.47692,25.53149]]],[[[-103.47796,25.53115],[-103.47765,25.53195],[-103.47848,25.53185],[-103.47796,25.53115]]],[[[-103.47849,25.53125],[-103.47858,25.53184],[-103.47937,25.53152],[-103.47929,25.531],[-103.47849,25.53125]]],[[[-103.47955,25.53097],[-103.47946,25.53145],[-103.48023,25.53091],[-103.47955,25.53097]]],[[[-103.47982,25.53153],[-103.48087,25.53129],[-103.48063,25.53088],[-103.47982,25.53153]]],[[[-103.47985,25.53606],[-103.47944,25.53612],[-103.47983,25.53686],[-103.47985,25.53606]]],[[[-103.47932,25.53618],[-103.4787,25.53586],[-103.47938,25.53705],[-103.47932,25.53618]]],[[[-103.47215,25.53347],[-103.47284,25.53283],[-103.46894,25.53439],[-103.47111,25.53432],[-103.47207,25.53352],[-103.47289,25.53381],[-103.47215,25.53347]]],[[[-103.4745,25.53164],[-103.47557,25.53152],[-103.4754,25.531],[-103.4745,25.53164]]],[[[-103.47553,25.53108],[-103.47607,25.53137],[-103.47586,25.53075],[-103.47553,25.53108]]],[[[-103.47649,25.53054],[-103.47676,25.5312],[-103.47707,25.53054],[-103.47741,25.53112],[-103.47733,25.53037],[-103.47649,25.53054]]],[[[-103.47745,25.53051],[-103.47755,25.53111],[-103.47836,25.53101],[-103.47825,25.53026],[-103.47745,25.53051]]],[[[-103.47845,25.53024],[-103.47846,25.53099],[-103.47928,25.53091],[-103.47918,25.53016],[-103.47845,25.53024]]],[[[-103.48023,25.53021],[-103.48032,25.53078],[-103.48113,25.53065],[-103.48104,25.52994],[-103.48023,25.53021]]],[[[-103.48124,25.52991],[-103.48123,25.53062],[-103.48207,25.53028],[-103.48156,25.53008],[-103.48201,25.5298],[-103.48124,25.52991]]],[[[-103.48126,25.53087],[-103.48222,25.53087],[-103.482,25.53045],[-103.48126,25.53087]]],[[[-103.48067,25.53758],[-103.48027,25.53766],[-103.48072,25.53849],[-103.48067,25.53758]]],[[[-103.48022,25.53778],[-103.47982,25.53786],[-103.48054,25.53933],[-103.48022,25.53778]]],[[[-103.47971,25.53022],[-103.48021,25.5308],[-103.48011,25.53006],[-103.47971,25.53022]]],[[[-103.48072,25.53095],[-103.48107,25.53164],[-103.48114,25.53079],[-103.48072,25.53095]]],[[[-103.47846,25.53549],[-103.478,25.53535],[-103.47824,25.53593],[-103.47846,25.53549]]],[[[-103.48154,25.537],[-103.48162,25.53658],[-103.48181,25.53747],[-103.48154,25.537]]],[[[-103.47059,25.53867],[-103.46999,25.5387],[-103.47104,25.53901],[-103.47059,25.53867]]],[[[-103.4766,25.53755],[-103.47613,25.53735],[-103.47708,25.53807],[-103.4766,25.53755]]],[[[-103.47453,25.53842],[-103.47475,25.53954],[-103.47488,25.53853],[-103.4753,25.53915],[-103.47453,25.53842]]],[[[-103.47409,25.53938],[-103.47328,25.53869],[-103.47391,25.53991],[-103.47409,25.53938]]],[[[-103.46979,25.53894],[-103.47058,25.53956],[-103.47087,25.53919],[-103.46979,25.53894]]],[[[-103.47452,25.53976],[-103.47446,25.54017],[-103.47508,25.53982],[-103.47452,25.53976]]],[[[-103.47379,25.54033],[-103.47343,25.54068],[-103.47435,25.54061],[-103.47379,25.54033]]],[[[-103.46991,25.53946],[-103.46921,25.53963],[-103.47178,25.54057],[-103.46991,25.53946]]],[[[-103.47003,25.53651],[-103.47038,25.53718],[-103.47028,25.53617],[-103.47003,25.53651]]],[[[-103.47047,25.53626],[-103.47125,25.53598],[-103.47083,25.53554],[-103.47047,25.53626]]],[[[-103.46305,25.54694],[-103.46333,25.54736],[-103.46368,25.54664],[-103.46305,25.54694]]],[[[-103.46011,25.54712],[-103.4601,25.54758],[-103.46153,25.54764],[-103.46101,25.54727],[-103.46174,25.54705],[-103.46011,25.54712]]],[[[-103.46429,25.54783],[-103.46392,25.54808],[-103.4646,25.54809],[-103.46429,25.54783]]],[[[-103.46044,25.5483],[-103.46063,25.5488],[-103.46109,25.5482],[-103.46044,25.5483]]],[[[-103.45974,25.54866],[-103.45919,25.54898],[-103.45958,25.54923],[-103.45974,25.54866]]],[[[-103.46013,25.5445],[-103.46076,25.54488],[-103.46077,25.5443],[-103.46013,25.5445]]],[[[-103.46195,25.54527],[-103.46262,25.54552],[-103.46262,25.54508],[-103.46195,25.54527]]],[[[-103.46302,25.54508],[-103.46281,25.54553],[-103.4638,25.54556],[-103.46302,25.54508]]],[[[-103.46412,25.54508],[-103.46399,25.54557],[-103.46494,25.54561],[-103.46495,25.54508],[-103.46412,25.54508]]],[[[-103.46513,25.5452],[-103.46598,25.5457],[-103.4661,25.54515],[-103.46513,25.5452]]],[[[-103.46624,25.54528],[-103.46657,25.54582],[-103.4671,25.54542],[-103.46624,25.54528]]],[[[-103.46163,25.54876],[-103.46121,25.54923],[-103.46171,25.54959],[-103.46163,25.54876]]],[[[-103.46135,25.5484],[-103.46074,25.54889],[-103.46114,25.54919],[-103.46135,25.5484]]],[[[-103.46006,25.54883],[-103.45997,25.54966],[-103.46054,25.54891],[-103.46006,25.54883]]],[[[-103.45972,25.54353],[-103.45908,25.54406],[-103.45995,25.54407],[-103.45972,25.54353]]],[[[-103.46013,25.54353],[-103.46013,25.54406],[-103.46131,25.54404],[-103.4614,25.5436],[-103.46013,25.54353]]],[[[-103.46158,25.54416],[-103.46274,25.54438],[-103.46285,25.54384],[-103.46158,25.54363],[-103.46158,25.54416]]],[[[-103.46299,25.54405],[-103.46381,25.54455],[-103.464,25.54402],[-103.46299,25.54405]]],[[[-103.46416,25.54414],[-103.46407,25.54459],[-103.465,25.54475],[-103.46511,25.54421],[-103.46416,25.54414]]],[[[-103.46543,25.54445],[-103.46517,25.54478],[-103.46613,25.54493],[-103.46625,25.54439],[-103.46543,25.54445]]],[[[-103.4664,25.54451],[-103.46632,25.54496],[-103.46727,25.54512],[-103.46737,25.54458],[-103.4664,25.54451]]],[[[-103.46756,25.54545],[-103.46726,25.54607],[-103.46799,25.54546],[-103.46756,25.54545]]],[[[-103.46658,25.54621],[-103.46624,25.54647],[-103.46699,25.54648],[-103.46658,25.54621]]],[[[-103.46086,25.54977],[-103.46054,25.55002],[-103.46126,25.55006],[-103.46086,25.54977]]],[[[-103.46054,25.54915],[-103.45989,25.55],[-103.46105,25.54928],[-103.46054,25.54915]]],[[[-103.45947,25.54961],[-103.45902,25.55036],[-103.45988,25.54977],[-103.45947,25.54961]]],[[[-103.4597,25.55094],[-103.45959,25.55147],[-103.46074,25.55151],[-103.46074,25.55097],[-103.4597,25.55094]]],[[[-103.45799,25.55092],[-103.45797,25.55141],[-103.45887,25.5511],[-103.45799,25.55092]]],[[[-103.45807,25.55167],[-103.45886,25.55202],[-103.45886,25.55158],[-103.45807,25.55167]]],[[[-103.45704,25.5515],[-103.45691,25.55196],[-103.45779,25.55198],[-103.45704,25.5515]]],[[[-103.45796,25.55223],[-103.45885,25.55266],[-103.45885,25.55216],[-103.45796,25.55223]]],[[[-103.4569,25.55225],[-103.45779,25.55258],[-103.45779,25.55212],[-103.4569,25.55225]]],[[[-103.45592,25.55263],[-103.45543,25.55343],[-103.45675,25.55302],[-103.45592,25.55263]]],[[[-103.48044,25.54098],[-103.47984,25.54081],[-103.48059,25.54149],[-103.48172,25.54123],[-103.48044,25.54098]]],[[[-103.48187,25.54127],[-103.48152,25.5415],[-103.48373,25.54095],[-103.48187,25.54127]]],[[[-103.48399,25.54061],[-103.48353,25.54053],[-103.48687,25.53971],[-103.48399,25.54061]]],[[[-103.47326,25.54232],[-103.47436,25.54245],[-103.47426,25.54202],[-103.47326,25.54232]]],[[[-103.47288,25.54322],[-103.46893,25.54419],[-103.47329,25.54315],[-103.47288,25.54322]]],[[[-103.44303,25.56998],[-103.4424,25.57052],[-103.44099,25.57012],[-103.44251,25.57079],[-103.44303,25.56998]]],[[[-103.44389,25.57222],[-103.44444,25.57199],[-103.44353,25.57157],[-103.44389,25.57222]]],[[[-103.44101,25.57228],[-103.44297,25.5713],[-103.44061,25.5719],[-103.44101,25.57228]]],[[[-103.44416,25.57237],[-103.44286,25.57252],[-103.44426,25.57277],[-103.44416,25.57237]]],[[[-103.44281,25.57317],[-103.44101,25.57321],[-103.44292,25.57356],[-103.44281,25.57317]]],[[[-103.44043,25.57244],[-103.44041,25.57195],[-103.43881,25.57206],[-103.44043,25.57244]]],[[[-103.44271,25.57361],[-103.44072,25.57362],[-103.44283,25.574],[-103.44271,25.57361]]],[[[-103.44039,25.57321],[-103.43855,25.57328],[-103.44052,25.57359],[-103.44039,25.57321]]],[[[-103.43823,25.57286],[-103.43769,25.57314],[-103.43836,25.57325],[-103.43823,25.57286]]],[[[-103.44184,25.56859],[-103.44209,25.56824],[-103.44116,25.56814],[-103.44023,25.56931],[-103.44113,25.56841],[-103.44184,25.56859]]],[[[-103.44379,25.56889],[-103.4436,25.56775],[-103.44358,25.56927],[-103.44379,25.56889]]],[[[-103.44215,25.57397],[-103.44063,25.57406],[-103.44226,25.57436],[-103.44215,25.57397]]],[[[-103.4403,25.57364],[-103.43846,25.57372],[-103.44043,25.57403],[-103.4403,25.57364]]],[[[-103.43814,25.5733],[-103.43744,25.57355],[-103.43826,25.57369],[-103.43814,25.5733]]],[[[-103.44205,25.57441],[-103.44053,25.57451],[-103.44217,25.5748],[-103.44205,25.57441]]],[[[-103.43804,25.57374],[-103.43711,25.57396],[-103.43817,25.57413],[-103.43804,25.57374]]],[[[-103.44011,25.57453],[-103.43826,25.5746],[-103.44024,25.57492],[-103.44011,25.57453]]],[[[-103.43795,25.57419],[-103.43676,25.57436],[-103.43807,25.57457],[-103.43795,25.57419]]],[[[-103.44353,25.56667],[-103.44313,25.56687],[-103.44382,25.56708],[-103.44353,25.56667]]],[[[-103.44001,25.57497],[-103.43817,25.57505],[-103.44014,25.57536],[-103.44001,25.57497]]],[[[-103.43785,25.57463],[-103.43652,25.57478],[-103.43798,25.57502],[-103.43785,25.57463]]],[[[-103.43775,25.57507],[-103.43628,25.5752],[-103.43788,25.57546],[-103.43775,25.57507]]],[[[-103.44406,25.57283],[-103.44214,25.57286],[-103.44417,25.57323],[-103.44406,25.57283]]],[[[-103.44839,25.57371],[-103.44885,25.57338],[-103.44736,25.57371],[-103.44839,25.57371]]],[[[-103.44665,25.5741],[-103.44712,25.57376],[-103.44562,25.57409],[-103.44665,25.5741]]],[[[-103.43809,25.56648],[-103.43761,25.56817],[-103.43848,25.56654],[-103.43809,25.56648]]],[[[-103.43851,25.56829],[-103.43814,25.56857],[-103.43913,25.56863],[-103.43851,25.56829]]],[[[-103.43479,25.56886],[-103.43267,25.57157],[-103.43317,25.57158],[-103.43479,25.56886]]],[[[-103.43413,25.57061],[-103.43485,25.57137],[-103.4351,25.57103],[-103.43413,25.57061]]],[[[-103.43239,25.57197],[-103.43088,25.57409],[-103.4326,25.57367],[-103.43158,25.57334],[-103.43306,25.57298],[-103.43208,25.57265],[-103.43311,25.57225],[-103.43239,25.57197]]],[[[-103.43359,25.56885],[-103.43251,25.56919],[-103.43438,25.56893],[-103.43359,25.56885]]],[[[-103.42994,25.5738],[-103.42999,25.57322],[-103.42952,25.5739],[-103.42994,25.5738]]],[[[-103.42925,25.5725],[-103.42862,25.57246],[-103.42942,25.57293],[-103.42925,25.5725]]],[[[-103.42879,25.57314],[-103.42816,25.57309],[-103.42896,25.57357],[-103.42879,25.57314]]],[[[-103.43448,25.57461],[-103.43362,25.57483],[-103.43459,25.57509],[-103.43448,25.57461]]],[[[-103.43282,25.57414],[-103.43168,25.57431],[-103.43294,25.57465],[-103.43282,25.57414]]],[[[-103.41791,25.58065],[-103.41778,25.58129],[-103.41837,25.58116],[-103.41791,25.58065]]],[[[-103.42003,25.58102],[-103.41943,25.58032],[-103.41973,25.58145],[-103.42003,25.58102]]],[[[-103.42399,25.57969],[-103.42448,25.58016],[-103.42423,25.57927],[-103.42399,25.57969]]],[[[-103.42563,25.5779],[-103.42574,25.5791],[-103.42615,25.57877],[-103.42563,25.5779]]],[[[-103.42461,25.57886],[-103.42379,25.5776],[-103.42455,25.57999],[-103.42461,25.57886]]],[[[-103.42289,25.57923],[-103.42329,25.57928],[-103.42293,25.57789],[-103.42289,25.57923]]],[[[-103.42276,25.57926],[-103.42203,25.57807],[-103.4224,25.57948],[-103.42276,25.57926]]],[[[-103.42221,25.57924],[-103.42153,25.57819],[-103.4219,25.57958],[-103.42221,25.57924]]],[[[-103.42169,25.57926],[-103.42103,25.5783],[-103.42139,25.57965],[-103.42169,25.57926]]],[[[-103.42064,25.57931],[-103.42002,25.57851],[-103.42039,25.57992],[-103.42064,25.57931]]],[[[-103.41689,25.5802],[-103.41817,25.58036],[-103.41675,25.57982],[-103.41689,25.5802]]],[[[-103.41797,25.57959],[-103.41781,25.57899],[-103.41762,25.57982],[-103.41797,25.57959]]],[[[-103.42239,25.57787],[-103.42304,25.57754],[-103.42167,25.57789],[-103.42239,25.57787]]],[[[-103.42232,25.5776],[-103.42231,25.57679],[-103.42385,25.57629],[-103.42189,25.57672],[-103.42232,25.5776]]],[[[-103.42164,25.57738],[-103.42203,25.57765],[-103.42174,25.5766],[-103.42125,25.57691],[-103.42164,25.57738]]],[[[-103.42394,25.57578],[-103.42418,25.57696],[-103.42461,25.5768],[-103.42394,25.57578]]],[[[-103.40979,25.58964],[-103.40757,25.58978],[-103.4073,25.59035],[-103.40979,25.58964]]],[[[-103.41635,25.591],[-103.41705,25.59185],[-103.41606,25.59004],[-103.41646,25.58842],[-103.41567,25.58962],[-103.41664,25.5876],[-103.41538,25.58893],[-103.41635,25.591]]],[[[-103.41469,25.58965],[-103.41569,25.58966],[-103.41538,25.58893],[-103.41469,25.58965]]],[[[-103.40503,25.59616],[-103.4045,25.59616],[-103.40423,25.59711],[-103.40597,25.59725],[-103.40598,25.59615],[-103.40525,25.59616],[-103.40578,25.59705],[-103.40432,25.59693],[-103.40503,25.59616]]],[[[-103.40494,25.59535],[-103.40461,25.59597],[-103.4064,25.59595],[-103.40494,25.59535]]],[[[-103.41711,25.59206],[-103.41886,25.59179],[-103.41672,25.58828],[-103.41693,25.5889],[-103.4162,25.58921],[-103.41728,25.58945],[-103.41637,25.58955],[-103.41667,25.59013],[-103.41733,25.58954],[-103.41765,25.59002],[-103.41662,25.59031],[-103.41684,25.59075],[-103.41772,25.59013],[-103.41797,25.59051],[-103.41705,25.59118],[-103.41809,25.59067],[-103.41832,25.59113],[-103.41711,25.59131],[-103.41737,25.59185],[-103.41838,25.59125],[-103.41863,25.59177],[-103.41711,25.59206]]],[[[-103.42038,25.58996],[-103.42097,25.58943],[-103.4197,25.58903],[-103.42084,25.58864],[-103.42152,25.58896],[-103.4211,25.58935],[-103.42172,25.5889],[-103.42037,25.58807],[-103.42226,25.58767],[-103.42013,25.58796],[-103.42065,25.58856],[-103.41868,25.58923],[-103.41953,25.5891],[-103.42038,25.58996]]],[[[-103.42235,25.58765],[-103.42243,25.58841],[-103.42162,25.58856],[-103.42315,25.5889],[-103.4215,25.58931],[-103.42259,25.58946],[-103.42222,25.59008],[-103.42333,25.58893],[-103.42235,25.58765]]],[[[-103.42213,25.59013],[-103.42115,25.58952],[-103.4207,25.58988],[-103.42199,25.59036],[-103.42178,25.59094],[-103.42213,25.59013]]],[[[-103.38929,25.53183],[-103.38905,25.53149],[-103.38867,25.53214],[-103.38929,25.53183]]],[[[-103.38848,25.53145],[-103.38808,25.53216],[-103.38894,25.53144],[-103.38848,25.53145]]],[[[-103.38811,25.53184],[-103.38813,25.53104],[-103.38749,25.53216],[-103.38811,25.53184]]],[[[-103.38744,25.53072],[-103.38638,25.53195],[-103.38677,25.53214],[-103.38744,25.53072]]],[[[-103.39333,25.53169],[-103.39303,25.5322],[-103.39378,25.5317],[-103.39333,25.53169]]],[[[-103.39288,25.53147],[-103.39246,25.53218],[-103.39332,25.53149],[-103.39288,25.53147]]],[[[-103.39192,25.53102],[-103.39123,25.53217],[-103.39241,25.53104],[-103.39192,25.53102]]],[[[-103.39157,25.53064],[-103.39055,25.5319],[-103.39096,25.53209],[-103.39157,25.53064]]],[[[-103.39121,25.53057],[-103.39089,25.53032],[-103.3901,25.53168],[-103.39121,25.53057]]],[[[-103.3907,25.53043],[-103.39043,25.53009],[-103.38964,25.53146],[-103.3907,25.53043]]],[[[-103.38988,25.53004],[-103.38953,25.5314],[-103.39034,25.53005],[-103.38988,25.53004]]],[[[-103.38896,25.52961],[-103.38862,25.53098],[-103.38941,25.52961],[-103.38896,25.52961]]],[[[-103.38844,25.52914],[-103.3873,25.53035],[-103.38771,25.53054],[-103.38844,25.52914]]],[[[-103.38735,25.52882],[-103.38666,25.53003],[-103.38705,25.53023],[-103.38785,25.52886],[-103.38735,25.52882]]],[[[-103.39363,25.53057],[-103.39364,25.53016],[-103.39325,25.53084],[-103.39363,25.53057]]],[[[-103.39376,25.52974],[-103.39358,25.52925],[-103.39279,25.53062],[-103.39376,25.52974]]],[[[-103.39327,25.5291],[-103.39229,25.53038],[-103.39269,25.53057],[-103.39327,25.5291]]],[[[-103.39257,25.52876],[-103.39163,25.53006],[-103.39203,25.53026],[-103.39257,25.52876]]],[[[-103.39162,25.52985],[-103.39197,25.52848],[-103.39117,25.52984],[-103.39162,25.52985]]],[[[-103.39141,25.52844],[-103.39108,25.5298],[-103.39186,25.52843],[-103.39141,25.52844]]],[[[-103.38904,25.52785],[-103.38838,25.52851],[-103.38878,25.5287],[-103.38904,25.52785]]],[[[-103.38821,25.52774],[-103.38772,25.52819],[-103.38813,25.52839],[-103.38821,25.52774]]],[[[-103.39363,25.52857],[-103.39358,25.52815],[-103.39322,25.52878],[-103.39363,25.52857]]],[[[-103.39291,25.5279],[-103.39297,25.52864],[-103.39342,25.52787],[-103.39291,25.5279]]],[[[-103.39233,25.52786],[-103.39247,25.52841],[-103.39278,25.52788],[-103.39233,25.52786]]],[[[-103.38908,25.52673],[-103.38857,25.52687],[-103.39027,25.52684],[-103.38908,25.52673]]],[[[-103.38995,25.53314],[-103.38996,25.53226],[-103.38808,25.53225],[-103.38807,25.53358],[-103.38995,25.53359],[-103.38995,25.53314]]],[[[-103.38795,25.5328],[-103.38796,25.53226],[-103.38702,25.53226],[-103.38632,25.5324],[-103.38688,25.53308],[-103.38618,25.53302],[-103.38605,25.5324],[-103.38604,25.53315],[-103.38795,25.5328]]],[[[-103.38435,25.53368],[-103.38592,25.53369],[-103.38594,25.5332],[-103.38436,25.53319],[-103.38435,25.53368]]],[[[-103.38436,25.53283],[-103.38593,25.53309],[-103.38594,25.53259],[-103.38436,25.53283]]],[[[-103.3857,25.52942],[-103.38565,25.52874],[-103.38526,25.52941],[-103.3857,25.52942]]],[[[-103.41806,25.50177],[-103.41857,25.50193],[-103.41781,25.50134],[-103.41806,25.50177]]],[[[-103.41871,25.50081],[-103.41822,25.50091],[-103.41897,25.5015],[-103.41871,25.50081]]],[[[-103.41107,25.50226],[-103.41027,25.50186],[-103.41254,25.5033],[-103.41107,25.50226]]],[[[-103.41725,25.50216],[-103.41683,25.50301],[-103.41765,25.50234],[-103.41725,25.50216]]],[[[-103.41683,25.50281],[-103.41692,25.50185],[-103.41637,25.5029],[-103.41683,25.50281]]],[[[-103.41636,25.50272],[-103.41655,25.5016],[-103.41585,25.50283],[-103.41636,25.50272]]],[[[-103.41627,25.50191],[-103.4161,25.50133],[-103.41578,25.5019],[-103.41627,25.50191]]],[[[-103.41551,25.50283],[-103.41613,25.50214],[-103.41575,25.50197],[-103.41551,25.50283]]],[[[-103.4152,25.50276],[-103.415,25.50208],[-103.4144,25.50285],[-103.4152,25.50276]]],[[[-103.41556,25.50211],[-103.41588,25.50094],[-103.41505,25.502],[-103.41556,25.50211]]],[[[-103.41312,25.50198],[-103.41337,25.50104],[-103.41268,25.50193],[-103.41312,25.50198]]],[[[-103.41429,25.50284],[-103.41459,25.50182],[-103.4139,25.5027],[-103.41429,25.50284]]],[[[-103.41503,25.50188],[-103.41545,25.50071],[-103.41466,25.50175],[-103.41503,25.50188]]],[[[-103.41462,25.50162],[-103.41511,25.50038],[-103.41424,25.50148],[-103.41462,25.50162]]],[[[-103.41307,25.50284],[-103.41303,25.50225],[-103.41244,25.503],[-103.41307,25.50284]]],[[[-103.41372,25.50137],[-103.41341,25.50239],[-103.41411,25.50151],[-103.41372,25.50137]]],[[[-103.41422,25.50136],[-103.41469,25.50012],[-103.41383,25.50122],[-103.41422,25.50136]]],[[[-103.41216,25.50181],[-103.41197,25.50269],[-103.41255,25.50195],[-103.41216,25.50181]]],[[[-103.41291,25.50086],[-103.4126,25.50188],[-103.41329,25.50098],[-103.41291,25.50086]]],[[[-103.41578,25.50512],[-103.4132,25.50352],[-103.41442,25.50316],[-103.4126,25.50328],[-103.4183,25.50674],[-103.41578,25.50512]]],[[[-103.41387,25.50102],[-103.41429,25.49985],[-103.41342,25.50096],[-103.41387,25.50102]]],[[[-103.41511,25.50317],[-103.41448,25.50331],[-103.41663,25.5033],[-103.41511,25.50317]]],[[[-103.41876,25.50357],[-103.4177,25.50342],[-103.41952,25.50374],[-103.41876,25.50357]]],[[[-103.40771,25.50212],[-103.40775,25.50143],[-103.40723,25.5021],[-103.40771,25.50212]]],[[[-103.40722,25.50195],[-103.40735,25.50117],[-103.40683,25.50184],[-103.40722,25.50195]]],[[[-103.42049,25.49909],[-103.41986,25.49976],[-103.42281,25.50204],[-103.42344,25.50137],[-103.42049,25.49909]]],[[[-103.41531,25.50471],[-103.41637,25.50494],[-103.41521,25.50422],[-103.41531,25.50471]]],[[[-103.41742,25.50561],[-103.41623,25.50528],[-103.41732,25.50603],[-103.41742,25.50561]]],[[[-103.41815,25.50609],[-103.41742,25.50606],[-103.41839,25.50671],[-103.41815,25.50609]]],[[[-103.41457,25.50379],[-103.41417,25.50396],[-103.41491,25.50445],[-103.41457,25.50379]]],[[[-103.41387,25.50345],[-103.41332,25.50349],[-103.41409,25.50392],[-103.41387,25.50345]]],[[[-103.4181,25.50359],[-103.41768,25.50365],[-103.41858,25.50385],[-103.4181,25.50359]]],[[[-103.40932,25.5093],[-103.40872,25.50962],[-103.40904,25.5101],[-103.40932,25.5093]]],[[[-103.40851,25.51058],[-103.40897,25.51023],[-103.40861,25.50969],[-103.40809,25.50996],[-103.40851,25.51058]]],[[[-103.40834,25.51116],[-103.40798,25.51002],[-103.40747,25.51031],[-103.40834,25.51116]]],[[[-103.40919,25.50917],[-103.40824,25.50891],[-103.40866,25.50953],[-103.40919,25.50917]]],[[[-103.40843,25.50944],[-103.40764,25.50924],[-103.40803,25.50986],[-103.40843,25.50944]]],[[[-103.40682,25.51011],[-103.40638,25.50995],[-103.40676,25.51054],[-103.40727,25.51027],[-103.40682,25.51011]]],[[[-103.40616,25.51058],[-103.40663,25.5106],[-103.40624,25.51002],[-103.40574,25.51031],[-103.40616,25.51058]]],[[[-103.40763,25.5091],[-103.40807,25.50881],[-103.40769,25.50861],[-103.40877,25.50864],[-103.40749,25.50835],[-103.40763,25.5091]]],[[[-103.40731,25.5093],[-103.40704,25.50862],[-103.40652,25.50889],[-103.40731,25.5093]]],[[[-103.40665,25.50934],[-103.40591,25.50922],[-103.40631,25.50983],[-103.40665,25.50934]]],[[[-103.40611,25.50977],[-103.40526,25.50959],[-103.40568,25.51021],[-103.40611,25.50977]]],[[[-103.40688,25.50839],[-103.40592,25.50801],[-103.40645,25.50879],[-103.40688,25.50839]]],[[[-103.40623,25.50871],[-103.40543,25.5085],[-103.40584,25.50914],[-103.40623,25.50871]]],[[[-103.40553,25.50888],[-103.4048,25.50886],[-103.40521,25.50948],[-103.40553,25.50888]]],[[[-103.405,25.50942],[-103.40467,25.50893],[-103.40413,25.50922],[-103.40453,25.50984],[-103.405,25.50942]]],[[[-103.40578,25.50801],[-103.40498,25.50781],[-103.40537,25.50841],[-103.40578,25.50801]]],[[[-103.40521,25.50838],[-103.40463,25.50759],[-103.40321,25.50731],[-103.40244,25.50897],[-103.40369,25.50967],[-103.40389,25.50758],[-103.40475,25.50875],[-103.40521,25.50838]]],[[[-103.40445,25.50853],[-103.40362,25.50829],[-103.40413,25.50909],[-103.40445,25.50853]]],[[[-103.4124,25.50482],[-103.41141,25.50472],[-103.41224,25.50525],[-103.4124,25.50482]]],[[[-103.41212,25.50544],[-103.41136,25.50483],[-103.41108,25.50522],[-103.41212,25.50544]]],[[[-103.41118,25.50636],[-103.41025,25.50659],[-103.41122,25.50681],[-103.41118,25.50636]]],[[[-103.40987,25.50663],[-103.40884,25.50685],[-103.40981,25.50707],[-103.40987,25.50663]]],[[[-103.40891,25.5081],[-103.40788,25.50832],[-103.40885,25.50853],[-103.40891,25.5081]]],[[[-103.40879,25.5064],[-103.40775,25.50662],[-103.40872,25.50683],[-103.40879,25.5064]]],[[[-103.4068,25.50808],[-103.40776,25.50829],[-103.40834,25.50742],[-103.40737,25.5072],[-103.4068,25.50808]]],[[[-103.41082,25.50377],[-103.40963,25.50285],[-103.40941,25.50329],[-103.40942,25.50268],[-103.40878,25.50363],[-103.41125,25.50411],[-103.41082,25.50377]]],[[[-103.40884,25.50312],[-103.4092,25.50251],[-103.40731,25.50334],[-103.40872,25.50362],[-103.40884,25.50312]]],[[[-103.40643,25.50656],[-103.4054,25.50619],[-103.40455,25.50745],[-103.40559,25.50782],[-103.40585,25.50744],[-103.40494,25.50712],[-103.40582,25.50731],[-103.4061,25.50694],[-103.40526,25.50664],[-103.40643,25.50656]]],[[[-103.40858,25.50395],[-103.40654,25.50333],[-103.40642,25.50373],[-103.40858,25.50395]]],[[[-103.40817,25.50421],[-103.40631,25.50416],[-103.40843,25.50469],[-103.40817,25.50421]]],[[[-103.40636,25.5033],[-103.40538,25.50357],[-103.40634,25.50376],[-103.40636,25.5033]]],[[[-103.40621,25.50385],[-103.40472,25.50401],[-103.4062,25.50431],[-103.40621,25.50385]]],[[[-103.38359,25.52953],[-103.38295,25.52952],[-103.38294,25.53005],[-103.38358,25.53006],[-103.38359,25.52953]]],[[[-103.36694,25.49455],[-103.36711,25.49677],[-103.3695,25.49701],[-103.36987,25.49449],[-103.36796,25.49545],[-103.36763,25.49456],[-103.36694,25.49455]]],[[[-103.47094,25.51741],[-103.47113,25.51606],[-103.47104,25.51833],[-103.47094,25.51741]]],[[[-103.47256,25.51432],[-103.47107,25.51545],[-103.47313,25.51416],[-103.47256,25.51432]]],[[[-103.47224,25.51523],[-103.47332,25.51452],[-103.47176,25.5154],[-103.47224,25.51523]]],[[[-103.40025,25.50278],[-103.40081,25.50261],[-103.3991,25.5019],[-103.40025,25.50278]]],[[[-103.35489,25.52747],[-103.35504,25.52618],[-103.35335,25.52612],[-103.35334,25.52737],[-103.35489,25.52747]]],[[[-103.35528,25.53019],[-103.35407,25.53001],[-103.35406,25.53093],[-103.35345,25.53094],[-103.35346,25.52935],[-103.35485,25.5291],[-103.35347,25.52903],[-103.35348,25.52785],[-103.3541,25.52758],[-103.35332,25.52758],[-103.35327,25.53109],[-103.35568,25.53112],[-103.35528,25.53019]]],[[[-103.35426,25.51427],[-103.3562,25.51428],[-103.35591,25.51354],[-103.35426,25.51427]]],[[[-103.35699,25.51728],[-103.35425,25.5167],[-103.35424,25.51739],[-103.35699,25.51728]]],[[[-103.35694,25.51593],[-103.35426,25.5159],[-103.35425,25.51658],[-103.35694,25.51593]]],[[[-103.35519,25.52762],[-103.35444,25.52785],[-103.35501,25.52788],[-103.35495,25.52993],[-103.35569,25.52996],[-103.35522,25.52958],[-103.35569,25.52964],[-103.35524,25.52909],[-103.35569,25.52925],[-103.35528,25.52858],[-103.35571,25.5278],[-103.35519,25.52762]]],[[[-103.35361,25.52803],[-103.35415,25.52895],[-103.35485,25.52898],[-103.35361,25.52803]]],[[[-103.35467,25.52952],[-103.35406,25.52988],[-103.35483,25.52991],[-103.35467,25.52952]]],[[[-103.36256,25.52292],[-103.36164,25.52277],[-103.36169,25.52322],[-103.36256,25.52292]]],[[[-103.36157,25.52301],[-103.36042,25.52288],[-103.36046,25.52334],[-103.36157,25.52301]]],[[[-103.35957,25.52329],[-103.35864,25.52305],[-103.35868,25.5235],[-103.35957,25.52329]]],[[[-103.35857,25.52328],[-103.35763,25.52314],[-103.35767,25.52359],[-103.35857,25.52328]]],[[[-103.35758,25.52337],[-103.35679,25.5232],[-103.35678,25.52367],[-103.35758,25.52337]]],[[[-103.36317,25.52233],[-103.36258,25.52215],[-103.36262,25.52259],[-103.36317,25.52233]]],[[[-103.36251,25.52249],[-103.36158,25.52224],[-103.36163,25.52268],[-103.36251,25.52249]]],[[[-103.36151,25.52247],[-103.36038,25.52234],[-103.36042,25.52279],[-103.36151,25.52247]]],[[[-103.36019,25.5226],[-103.35957,25.52242],[-103.35961,25.52287],[-103.36019,25.5226]]],[[[-103.35952,25.52271],[-103.35858,25.5225],[-103.35863,25.52295],[-103.35952,25.52271]]],[[[-103.35853,25.52269],[-103.35762,25.52259],[-103.35765,25.52304],[-103.35853,25.52269]]],[[[-103.36244,25.52184],[-103.36152,25.5217],[-103.36157,25.52215],[-103.36244,25.52184]]],[[[-103.36145,25.52193],[-103.36034,25.5218],[-103.36038,25.52225],[-103.36145,25.52193]]],[[[-103.35947,25.52226],[-103.35852,25.52197],[-103.35857,25.52241],[-103.35947,25.52226]]],[[[-103.35849,25.52231],[-103.35757,25.52205],[-103.35761,25.5225],[-103.35849,25.52231]]],[[[-103.36332,25.52122],[-103.36246,25.52107],[-103.36251,25.52152],[-103.36332,25.52122]]],[[[-103.36239,25.5213],[-103.36146,25.52116],[-103.36151,25.52161],[-103.36239,25.5213]]],[[[-103.3614,25.52139],[-103.36031,25.52126],[-103.36034,25.52171],[-103.3614,25.52139]]],[[[-103.35422,25.5238],[-103.3532,25.5239],[-103.35309,25.52257],[-103.35307,25.52402],[-103.35422,25.5238]]],[[[-103.35534,25.51494],[-103.356,25.51443],[-103.35639,25.51495],[-103.3564,25.51429],[-103.35426,25.51427],[-103.35426,25.51493],[-103.35488,25.51442],[-103.35534,25.51494]]],[[[-103.34855,25.52318],[-103.34873,25.52227],[-103.34809,25.52227],[-103.34855,25.52318]]],[[[-103.35053,25.52756],[-103.34951,25.52772],[-103.35332,25.52775],[-103.35053,25.52756]]],[[[-103.34239,25.52748],[-103.34079,25.52747],[-103.3409,25.52878],[-103.34101,25.52765],[-103.34239,25.52748]]],[[[-103.34261,25.52607],[-103.34324,25.52648],[-103.34325,25.52596],[-103.34261,25.52607]]],[[[-103.34546,25.52499],[-103.34482,25.52525],[-103.3461,25.52523],[-103.34611,25.52464],[-103.34483,25.52463],[-103.34546,25.52499]]],[[[-103.35255,25.52515],[-103.35183,25.52531],[-103.35346,25.52532],[-103.35255,25.52515]]],[[[-103.35293,25.52475],[-103.35184,25.52502],[-103.35343,25.52504],[-103.35293,25.52475]]],[[[-103.35068,25.52501],[-103.35164,25.52502],[-103.35166,25.52444],[-103.35061,25.5245],[-103.35068,25.52501]]],[[[-103.34057,25.52581],[-103.33958,25.52569],[-103.33888,25.52744],[-103.33965,25.52599],[-103.34057,25.52581]]],[[[-103.33996,25.52524],[-103.34062,25.52525],[-103.34019,25.52507],[-103.34058,25.52392],[-103.33996,25.52524]]],[[[-103.36474,25.51159],[-103.36338,25.5122],[-103.36566,25.51223],[-103.36567,25.51161],[-103.36474,25.51159]]],[[[-103.32829,25.52766],[-103.32262,25.52774],[-103.32303,25.53118],[-103.32598,25.5312],[-103.32579,25.53027],[-103.32828,25.53028],[-103.32829,25.52766]]],[[[-103.32064,25.52646],[-103.32034,25.52764],[-103.32235,25.52745],[-103.32231,25.52547],[-103.32064,25.52646]]],[[[-103.31734,25.5221],[-103.31667,25.5247],[-103.31747,25.52225],[-103.31923,25.52123],[-103.31763,25.5209],[-103.31734,25.5221]]],[[[-103.32202,25.52161],[-103.32113,25.52168],[-103.32745,25.5223],[-103.32202,25.52161]]],[[[-103.32438,25.52356],[-103.32494,25.5234],[-103.32302,25.52332],[-103.32438,25.52356]]],[[[-103.32048,25.52343],[-103.31929,25.52387],[-103.31862,25.5251],[-103.32048,25.52343]]],[[[-103.31862,25.53206],[-103.31717,25.53201],[-103.31689,25.53097],[-103.31667,25.53198],[-103.31525,25.5319],[-103.31534,25.53073],[-103.31682,25.53083],[-103.31547,25.53032],[-103.31577,25.52911],[-103.31889,25.53001],[-103.31938,25.52881],[-103.31874,25.52967],[-103.31765,25.52927],[-103.31765,25.52814],[-103.31733,25.52918],[-103.31583,25.52879],[-103.3161,25.52751],[-103.31984,25.52837],[-103.31617,25.52728],[-103.31614,25.52678],[-103.3151,25.53213],[-103.31874,25.53223],[-103.31895,25.53118],[-103.31738,25.53091],[-103.31878,25.53129],[-103.31862,25.53206]]],[[[-103.31827,25.53193],[-103.3186,25.53138],[-103.31726,25.5316],[-103.31827,25.53193]]],[[[-103.31662,25.53173],[-103.31568,25.53154],[-103.31542,25.53082],[-103.31536,25.53184],[-103.31662,25.53173]]],[[[-103.3189,25.53074],[-103.31871,25.53009],[-103.31852,25.5307],[-103.31744,25.53062],[-103.3189,25.53074]]],[[[-103.31711,25.52973],[-103.31598,25.52924],[-103.3156,25.53026],[-103.31615,25.52958],[-103.31711,25.52973]]],[[[-103.32323,25.52475],[-103.32215,25.52352],[-103.32078,25.52337],[-103.32323,25.52475]]],[[[-103.32283,25.52488],[-103.322,25.52389],[-103.32076,25.52363],[-103.32283,25.52488]]],[[[-103.31849,25.52267],[-103.31895,25.52247],[-103.31753,25.5225],[-103.31849,25.52267]]],[[[-103.31871,25.52922],[-103.31807,25.52832],[-103.31782,25.52923],[-103.31871,25.52922]]],[[[-103.31726,25.52871],[-103.31634,25.52844],[-103.31622,25.52765],[-103.31597,25.52869],[-103.31726,25.52871]]],[[[-103.33598,25.52553],[-103.33665,25.52514],[-103.33526,25.52389],[-103.33449,25.52437],[-103.33523,25.52405],[-103.33643,25.52513],[-103.33598,25.52553]]],[[[-103.33445,25.5244],[-103.33356,25.52395],[-103.33246,25.52444],[-103.33447,25.52542],[-103.33445,25.5244]]],[[[-103.336,25.524],[-103.33537,25.52344],[-103.33457,25.52384],[-103.336,25.524]]],[[[-103.33518,25.52054],[-103.33542,25.52115],[-103.33504,25.52053],[-103.33499,25.52123],[-103.33464,25.52068],[-103.33456,25.5213],[-103.33396,25.52091],[-103.33448,25.52145],[-103.33568,25.52125],[-103.33611,25.52198],[-103.33518,25.52054]]],[[[-103.33765,25.52426],[-103.33726,25.52526],[-103.33841,25.52522],[-103.33758,25.52288],[-103.33632,25.52245],[-103.33688,25.52346],[-103.33745,25.52306],[-103.33765,25.52426]]],[[[-103.34899,25.52047],[-103.3494,25.52113],[-103.34934,25.52021],[-103.34759,25.52082],[-103.34899,25.52047]]],[[[-103.34733,25.52089],[-103.3466,25.52102],[-103.34687,25.52153],[-103.34757,25.52138],[-103.34733,25.52089]]],[[[-103.34898,25.51981],[-103.34751,25.5207],[-103.3493,25.52006],[-103.34833,25.51774],[-103.34641,25.51823],[-103.3481,25.51793],[-103.34861,25.51879],[-103.34787,25.51933],[-103.34852,25.51896],[-103.34898,25.51981]]],[[[-103.34509,25.52054],[-103.34672,25.51975],[-103.3451,25.52026],[-103.34455,25.51916],[-103.34617,25.51842],[-103.34421,25.51912],[-103.34569,25.52137],[-103.34509,25.52054]]],[[[-103.34812,25.51763],[-103.34765,25.5161],[-103.34575,25.51677],[-103.34743,25.51633],[-103.34796,25.51722],[-103.34634,25.51811],[-103.34812,25.51763]]],[[[-103.34596,25.5183],[-103.34436,25.51877],[-103.34381,25.51768],[-103.34555,25.51682],[-103.34356,25.51751],[-103.34333,25.51664],[-103.34409,25.51729],[-103.34367,25.51645],[-103.34422,25.51608],[-103.3452,25.51684],[-103.34482,25.51583],[-103.343,25.51671],[-103.34414,25.51899],[-103.34596,25.5183]]],[[[-103.34757,25.5159],[-103.34683,25.51488],[-103.34736,25.51579],[-103.34555,25.51643],[-103.34757,25.5159]]],[[[-103.34584,25.51521],[-103.34675,25.51501],[-103.34505,25.51564],[-103.34584,25.51521]]],[[[-103.36509,25.50868],[-103.3637,25.50924],[-103.36254,25.51178],[-103.36163,25.51237],[-103.3647,25.51186],[-103.36509,25.50868]]],[[[-103.36481,25.50821],[-103.3608,25.50832],[-103.36058,25.50493],[-103.35711,25.50634],[-103.35906,25.50555],[-103.35675,25.50569],[-103.35702,25.5062],[-103.35653,25.50623],[-103.35719,25.50652],[-103.35778,25.50827],[-103.35782,25.50734],[-103.35944,25.50662],[-103.36001,25.50749],[-103.35864,25.50825],[-103.36021,25.50786],[-103.36063,25.50879],[-103.35907,25.50951],[-103.35843,25.50872],[-103.35889,25.50985],[-103.36081,25.50879],[-103.35955,25.5065],[-103.35765,25.50735],[-103.35789,25.50777],[-103.35765,25.50734],[-103.35955,25.50649],[-103.36151,25.51039],[-103.36072,25.51059],[-103.36166,25.51032],[-103.36222,25.51132],[-103.36309,25.5091],[-103.36481,25.50821]]],[[[-103.36515,25.50233],[-103.36514,25.49995],[-103.36363,25.49996],[-103.36514,25.49959],[-103.35655,25.4999],[-103.36053,25.5],[-103.36046,25.50192],[-103.36166,25.50143],[-103.36112,25.50034],[-103.36284,25.50385],[-103.36516,25.50371],[-103.36515,25.50233]]],[[[-103.35602,25.50005],[-103.35361,25.49993],[-103.35169,25.50096],[-103.35353,25.50015],[-103.35415,25.50105],[-103.35296,25.50159],[-103.3533,25.50219],[-103.35315,25.50157],[-103.35431,25.50135],[-103.35475,25.50237],[-103.35383,25.50279],[-103.35337,25.50232],[-103.3537,25.50292],[-103.35478,25.50242],[-103.35539,25.50332],[-103.35504,25.50359],[-103.35466,25.50291],[-103.35472,25.50374],[-103.35324,25.50406],[-103.35595,25.50323],[-103.35602,25.50005]]],[[[-103.36308,25.49734],[-103.36186,25.49723],[-103.36158,25.49931],[-103.36326,25.49956],[-103.36451,25.49921],[-103.36481,25.49837],[-103.36584,25.49836],[-103.3656,25.49763],[-103.36308,25.49734]]],[[[-103.34632,25.50043],[-103.3445,25.50112],[-103.34515,25.50234],[-103.34624,25.50172],[-103.34531,25.50202],[-103.3449,25.50124],[-103.34632,25.50043]]],[[[-103.34492,25.50249],[-103.34439,25.50117],[-103.34459,25.50187],[-103.34322,25.50236],[-103.34452,25.50205],[-103.34492,25.50249]]],[[[-103.34456,25.50256],[-103.3436,25.50322],[-103.34315,25.50285],[-103.343,25.50165],[-103.34429,25.50105],[-103.34297,25.50137],[-103.34279,25.49987],[-103.34364,25.49948],[-103.34444,25.50099],[-103.34589,25.50031],[-103.34457,25.50062],[-103.3439,25.49936],[-103.34427,25.49903],[-103.34275,25.49959],[-103.34251,25.49884],[-103.34301,25.50291],[-103.34359,25.5034],[-103.34456,25.50256]]],[[[-103.34278,25.49881],[-103.34354,25.49865],[-103.34259,25.49798],[-103.34278,25.49881]]],[[[-103.34629,25.4996],[-103.34535,25.49786],[-103.34394,25.49811],[-103.34526,25.49802],[-103.34629,25.4996]]],[[[-103.36048,25.51194],[-103.35994,25.51135],[-103.36069,25.51079],[-103.36004,25.51111],[-103.3595,25.51018],[-103.35645,25.51037],[-103.35777,25.51053],[-103.35778,25.51136],[-103.35813,25.51054],[-103.35949,25.51056],[-103.36048,25.51194]]],[[[-103.35928,25.51222],[-103.36002,25.51209],[-103.3598,25.5117],[-103.35928,25.51222]]],[[[-103.3584,25.51205],[-103.35977,25.51158],[-103.35831,25.5116],[-103.3584,25.51205]]],[[[-103.35645,25.51271],[-103.3566,25.512],[-103.35802,25.51221],[-103.35793,25.51174],[-103.35643,25.51184],[-103.35645,25.51271]]],[[[-103.35206,25.50989],[-103.35106,25.50804],[-103.35121,25.50898],[-103.34876,25.51007],[-103.34935,25.51115],[-103.34918,25.5102],[-103.35135,25.50924],[-103.35206,25.50989]]],[[[-103.35095,25.50784],[-103.34972,25.50547],[-103.34959,25.50624],[-103.34897,25.50579],[-103.34918,25.50643],[-103.34856,25.50598],[-103.34876,25.50662],[-103.34815,25.50615],[-103.34834,25.5068],[-103.34772,25.50634],[-103.34793,25.50699],[-103.34746,25.50646],[-103.34799,25.50756],[-103.34752,25.50777],[-103.34872,25.50891],[-103.34809,25.50708],[-103.34976,25.50633],[-103.35095,25.50784]]],[[[-103.36509,25.50868],[-103.36489,25.51032],[-103.36561,25.51032],[-103.36563,25.5087],[-103.36509,25.50868]]],[[[-103.36071,25.49927],[-103.36145,25.49913],[-103.36003,25.49897],[-103.36071,25.49927]]],[[[-103.36058,25.4987],[-103.36004,25.49886],[-103.36147,25.49901],[-103.36058,25.4987]]],[[[-103.36084,25.49811],[-103.3616,25.49797],[-103.36018,25.49782],[-103.36084,25.49811]]],[[[-103.35931,25.49794],[-103.36005,25.49781],[-103.35863,25.49765],[-103.35931,25.49794]]],[[[-103.35903,25.49848],[-103.35849,25.49869],[-103.35991,25.49884],[-103.35903,25.49848]]],[[[-103.35915,25.4991],[-103.3599,25.49896],[-103.35848,25.49881],[-103.35915,25.4991]]],[[[-103.35851,25.49964],[-103.35985,25.49934],[-103.35842,25.49919],[-103.35851,25.49964]]],[[[-103.35761,25.49891],[-103.35832,25.49879],[-103.35695,25.49864],[-103.35761,25.49891]]],[[[-103.35747,25.49838],[-103.35697,25.49853],[-103.35833,25.49867],[-103.35747,25.49838]]],[[[-103.35776,25.49776],[-103.35847,25.49763],[-103.3571,25.49749],[-103.35776,25.49776]]],[[[-103.356,25.49961],[-103.35594,25.49734],[-103.35585,25.49961],[-103.355,25.49976],[-103.356,25.49961]]],[[[-103.35818,25.49647],[-103.35671,25.4965],[-103.35872,25.49672],[-103.35818,25.49647]]],[[[-103.34848,25.50195],[-103.34755,25.50134],[-103.34773,25.50225],[-103.34671,25.5027],[-103.34773,25.50225],[-103.34724,25.50132],[-103.34553,25.50248],[-103.34584,25.50308],[-103.34656,25.50276],[-103.34584,25.50308],[-103.3465,25.50436],[-103.34539,25.5025],[-103.34648,25.50454],[-103.34872,25.50357],[-103.34913,25.50237],[-103.34671,25.50409],[-103.34699,25.50321],[-103.34614,25.50321],[-103.348,25.50273],[-103.34764,25.5017],[-103.34819,25.5025],[-103.34848,25.50195]]],[[[-103.3493,25.50176],[-103.34981,25.50207],[-103.35164,25.50082],[-103.35137,25.50032],[-103.3496,25.50118],[-103.34921,25.50044],[-103.34938,25.50145],[-103.35141,25.50074],[-103.3493,25.50176]]],[[[-103.34913,25.50331],[-103.34979,25.50348],[-103.34966,25.50288],[-103.35051,25.50327],[-103.3495,25.5026],[-103.34887,25.50342],[-103.35023,25.50617],[-103.35127,25.50568],[-103.35052,25.5058],[-103.35091,25.50488],[-103.3501,25.50525],[-103.3499,25.50483],[-103.3509,25.50439],[-103.35105,25.50489],[-103.35157,25.50466],[-103.35098,25.50435],[-103.35194,25.50415],[-103.35068,25.50338],[-103.35137,25.504],[-103.35041,25.50376],[-103.34977,25.50453],[-103.34952,25.50403],[-103.35051,25.50359],[-103.34939,25.50378],[-103.34913,25.50331]]],[[[-103.35157,25.50542],[-103.35223,25.50462],[-103.35112,25.50502],[-103.35157,25.50542]]],[[[-103.35233,25.50205],[-103.35113,25.50259],[-103.35299,25.50197],[-103.35233,25.50205]]],[[[-103.35205,25.50352],[-103.35356,25.50298],[-103.35302,25.50199],[-103.35342,25.50287],[-103.35205,25.50352]]],[[[-103.34925,25.50462],[-103.34876,25.50368],[-103.349,25.50481],[-103.34835,25.50385],[-103.34858,25.50499],[-103.34793,25.50404],[-103.34815,25.50517],[-103.34751,25.50422],[-103.34773,25.50535],[-103.3468,25.50453],[-103.34751,25.50545],[-103.34716,25.50585],[-103.34909,25.50477],[-103.34939,25.50533],[-103.34723,25.50599],[-103.34741,25.50635],[-103.34966,25.50537],[-103.34925,25.50462]]],[[[-103.35601,25.48941],[-103.35504,25.48975],[-103.35601,25.4897],[-103.35599,25.49103],[-103.35519,25.49131],[-103.35402,25.49041],[-103.35489,25.48981],[-103.35349,25.49033],[-103.355,25.49152],[-103.35614,25.49112],[-103.35601,25.48941]]],[[[-103.3542,25.4915],[-103.35307,25.49046],[-103.35181,25.49091],[-103.35235,25.49216],[-103.35217,25.49106],[-103.35302,25.49076],[-103.3542,25.4915]]],[[[-103.35217,25.49208],[-103.35143,25.49105],[-103.35192,25.49217],[-103.35152,25.49246],[-103.35217,25.49208]]],[[[-103.35025,25.49276],[-103.3495,25.49173],[-103.34999,25.49286],[-103.34959,25.49314],[-103.35025,25.49276]]],[[[-103.34911,25.49317],[-103.34862,25.49204],[-103.34791,25.4923],[-103.34911,25.49317]]],[[[-103.34797,25.49357],[-103.34723,25.49254],[-103.34772,25.49367],[-103.34732,25.49396],[-103.34797,25.49357]]],[[[-103.34496,25.49465],[-103.34447,25.49352],[-103.3433,25.49394],[-103.34282,25.49548],[-103.3434,25.49419],[-103.34432,25.49386],[-103.34496,25.49465]]],[[[-103.34295,25.49376],[-103.3403,25.49471],[-103.34261,25.49402],[-103.34251,25.49566],[-103.34295,25.49376]]],[[[-103.35083,25.51039],[-103.35048,25.50975],[-103.34976,25.51008],[-103.35083,25.51039]]],[[[-103.34971,25.50864],[-103.34951,25.5096],[-103.35023,25.50928],[-103.34971,25.50864]]],[[[-103.34635,25.50724],[-103.34572,25.50673],[-103.34623,25.50767],[-103.34635,25.50724]]],[[[-103.3468,25.50661],[-103.34708,25.50615],[-103.34612,25.50656],[-103.3468,25.50661]]],[[[-103.34745,25.51472],[-103.34844,25.5146],[-103.34666,25.51461],[-103.34745,25.51472]]],[[[-103.3592,25.50772],[-103.35943,25.50686],[-103.35887,25.50709],[-103.3592,25.50772]]],[[[-103.34668,25.49651],[-103.34658,25.49583],[-103.34586,25.49588],[-103.34593,25.49658],[-103.34668,25.49651]]],[[[-103.32575,25.50109],[-103.32311,25.50312],[-103.32514,25.50519],[-103.32367,25.50628],[-103.32234,25.50492],[-103.32245,25.50392],[-103.32218,25.50496],[-103.32365,25.50647],[-103.32535,25.50521],[-103.32332,25.50313],[-103.32575,25.50109]]],[[[-103.36247,25.48714],[-103.35955,25.48776],[-103.36353,25.4903],[-103.3643,25.4898],[-103.36215,25.48844],[-103.36308,25.48752],[-103.36247,25.48714]]],[[[-103.36311,25.4905],[-103.36055,25.49166],[-103.36106,25.49198],[-103.36311,25.4905]]],[[[-103.36038,25.49096],[-103.3594,25.49072],[-103.36014,25.49133],[-103.36038,25.49096]]],[[[-103.35933,25.49296],[-103.35815,25.49374],[-103.36026,25.4925],[-103.35933,25.49296]]],[[[-103.36368,25.49664],[-103.36367,25.49711],[-103.36493,25.49725],[-103.36496,25.49665],[-103.36368,25.49664]]],[[[-103.3488,25.51681],[-103.34921,25.51612],[-103.34842,25.51612],[-103.3488,25.51681]]],[[[-103.34725,25.51405],[-103.34858,25.51306],[-103.34714,25.51413],[-103.34883,25.51355],[-103.34725,25.51405]]],[[[-103.35586,25.52286],[-103.35645,25.52285],[-103.35637,25.52207],[-103.35573,25.52206],[-103.35621,25.52221],[-103.35586,25.52286]]],[[[-103.3361,25.52178],[-103.33722,25.52244],[-103.33692,25.5216],[-103.3361,25.52178]]],[[[-103.3542,25.49432],[-103.35427,25.49351],[-103.35502,25.49567],[-103.3561,25.49526],[-103.35614,25.49215],[-103.35269,25.49282],[-103.35246,25.49459],[-103.35379,25.49489],[-103.3542,25.49432]]],[[[-103.36561,25.51032],[-103.36489,25.51032],[-103.36474,25.51159],[-103.36559,25.51161],[-103.36561,25.51032]]],[[[-103.36242,25.49665],[-103.36367,25.49711],[-103.36368,25.49664],[-103.36242,25.49665]]],[[[-103.34267,25.49635],[-103.34258,25.4969],[-103.34715,25.49649],[-103.34705,25.49481],[-103.34267,25.49635]]],[[[-103.31874,25.53223],[-103.31505,25.53214],[-103.31536,25.53278],[-103.31881,25.5329],[-103.31874,25.53223]]],[[[-103.35682,25.4916],[-103.3579,25.49202],[-103.35683,25.49112],[-103.35682,25.4916]]],[[[-103.35852,25.49335],[-103.35772,25.49236],[-103.35738,25.49268],[-103.35813,25.49361],[-103.35852,25.49335]]],[[[-103.35681,25.49225],[-103.35755,25.49233],[-103.35682,25.49173],[-103.35681,25.49225]]],[[[-103.3568,25.49332],[-103.35679,25.49382],[-103.35757,25.49302],[-103.3568,25.49332]]],[[[-103.35678,25.49426],[-103.35806,25.49365],[-103.35783,25.49327],[-103.35678,25.49426]]],[[[-103.3507,25.49352],[-103.3508,25.49415],[-103.35163,25.49427],[-103.35184,25.49312],[-103.3507,25.49352]]],[[[-103.36283,25.50385],[-103.36166,25.50143],[-103.36046,25.50192],[-103.36049,25.50396],[-103.36283,25.50385]]],[[[-103.34254,25.49723],[-103.34394,25.49811],[-103.34761,25.49739],[-103.34707,25.49667],[-103.34254,25.49723]]],[[[-103.34729,25.49472],[-103.34778,25.49563],[-103.34986,25.49533],[-103.34994,25.49434],[-103.35072,25.494],[-103.35057,25.49357],[-103.34729,25.49472]]],[[[-103.34174,25.49668],[-103.34233,25.49691],[-103.3424,25.49644],[-103.34174,25.49668]]],[[[-103.34452,25.50302],[-103.34366,25.50352],[-103.34406,25.50424],[-103.34468,25.50389],[-103.34452,25.50302]]],[[[-103.35754,25.50228],[-103.35725,25.5018],[-103.35748,25.50283],[-103.35754,25.50228]]],[[[-103.35923,25.5037],[-103.35972,25.50339],[-103.35874,25.50345],[-103.35923,25.5037]]],[[[-103.35865,25.50283],[-103.35887,25.50166],[-103.35844,25.50255],[-103.35643,25.50356],[-103.35848,25.50272],[-103.35846,25.50399],[-103.36025,25.50394],[-103.35869,25.5038],[-103.35865,25.50283]]],[[[-103.36023,25.50251],[-103.36001,25.5018],[-103.35904,25.5017],[-103.36023,25.50251]]],[[[-103.34812,25.49889],[-103.34822,25.49845],[-103.34717,25.49901],[-103.34812,25.49889]]],[[[-103.34773,25.49787],[-103.34641,25.49768],[-103.34765,25.49801],[-103.34698,25.49867],[-103.34773,25.49787]]],[[[-103.34594,25.49895],[-103.34664,25.49855],[-103.34581,25.49863],[-103.34565,25.49808],[-103.34614,25.49932],[-103.34685,25.49892],[-103.34594,25.49895]]],[[[-103.34823,25.50021],[-103.34903,25.49944],[-103.34743,25.50026],[-103.34823,25.50021]]],[[[-103.35681,25.49238],[-103.3568,25.49313],[-103.35721,25.4927],[-103.35681,25.49238]]],[[[-103.3523,25.59136],[-103.3544,25.59168],[-103.35454,25.5908],[-103.35383,25.59019],[-103.3546,25.59063],[-103.35333,25.58964],[-103.35355,25.58999],[-103.35231,25.58969],[-103.3523,25.59136]]],[[[-103.33792,25.59157],[-103.3332,25.59115],[-103.33312,25.59184],[-103.33385,25.59324],[-103.33682,25.59351],[-103.3376,25.59537],[-103.3393,25.59547],[-103.33929,25.59163],[-103.33792,25.59157]]],[[[-103.34808,25.55014],[-103.34808,25.55077],[-103.34808,25.55014],[-103.34732,25.55016],[-103.34738,25.55371],[-103.35052,25.55398],[-103.35054,25.55241],[-103.34978,25.55237],[-103.34978,25.55163],[-103.34956,25.55301],[-103.34961,25.55012],[-103.34808,25.55014]]],[[[-103.34569,25.55298],[-103.34564,25.54998],[-103.34442,25.54998],[-103.3455,25.55004],[-103.34551,25.55065],[-103.34443,25.55039],[-103.34438,25.55092],[-103.34551,25.55076],[-103.34552,25.55127],[-103.34437,25.55108],[-103.34441,25.55162],[-103.34552,25.55137],[-103.34553,25.55198],[-103.34441,25.55178],[-103.3445,25.55246],[-103.34554,25.55209],[-103.34555,25.55301],[-103.34451,25.55261],[-103.34455,25.55329],[-103.34564,25.55353],[-103.34451,25.55372],[-103.3467,25.55374],[-103.34665,25.55015],[-103.34565,25.55014],[-103.34569,25.55298]]],[[[-103.37533,25.56838],[-103.37356,25.56903],[-103.37299,25.56816],[-103.3734,25.5695],[-103.37533,25.56838]]],[[[-103.3547,25.5613],[-103.35285,25.5616],[-103.35287,25.56038],[-103.35457,25.55912],[-103.35272,25.5603],[-103.35269,25.5629],[-103.35485,25.56292],[-103.35485,25.56241],[-103.35284,25.56277],[-103.35285,25.56188],[-103.35485,25.56227],[-103.3547,25.5613]]],[[[-103.35442,25.56072],[-103.35457,25.55943],[-103.35427,25.56045],[-103.353,25.56044],[-103.35442,25.56072]]],[[[-103.35475,25.5631],[-103.35269,25.56308],[-103.35265,25.56716],[-103.35281,25.56555],[-103.35483,25.56557],[-103.35282,25.56528],[-103.35284,25.56322],[-103.35475,25.5631]]],[[[-103.34484,25.55842],[-103.34483,25.55958],[-103.3458,25.55959],[-103.34576,25.55834],[-103.34484,25.55842]]],[[[-103.34555,25.56157],[-103.34463,25.56007],[-103.34336,25.55947],[-103.34357,25.55822],[-103.3432,25.55954],[-103.34555,25.56157]]],[[[-103.34548,25.56048],[-103.34505,25.56048],[-103.34551,25.56126],[-103.34548,25.56048]]],[[[-103.35313,25.57865],[-103.35221,25.57966],[-103.35297,25.58032],[-103.35396,25.57888],[-103.35313,25.57865]]],[[[-103.36614,25.57639],[-103.36641,25.57681],[-103.36627,25.57529],[-103.36576,25.57533],[-103.36614,25.57639]]],[[[-103.36556,25.57534],[-103.36444,25.57541],[-103.36736,25.57563],[-103.36432,25.57503],[-103.36436,25.5756],[-103.36556,25.57534]]],[[[-103.36441,25.57469],[-103.36635,25.57489],[-103.36573,25.57417],[-103.36564,25.57461],[-103.36344,25.57471],[-103.36441,25.57469]]],[[[-103.36345,25.57471],[-103.36271,25.57666],[-103.3631,25.57731],[-103.36345,25.57471]]],[[[-103.36355,25.57709],[-103.36316,25.57728],[-103.36364,25.57837],[-103.36591,25.57725],[-103.36386,25.57805],[-103.36347,25.5774],[-103.36592,25.57689],[-103.36463,25.5764],[-103.36355,25.57709]]],[[[-103.36374,25.57656],[-103.36341,25.57579],[-103.36335,25.57682],[-103.36374,25.57656]]],[[[-103.37502,25.58271],[-103.37642,25.58294],[-103.37765,25.58234],[-103.3753,25.58238],[-103.37349,25.58099],[-103.37442,25.58136],[-103.37433,25.58028],[-103.37286,25.58054],[-103.37281,25.57942],[-103.37287,25.58038],[-103.37433,25.58028],[-103.37398,25.57798],[-103.37306,25.57866],[-103.37401,25.57824],[-103.37409,25.57998],[-103.37312,25.58012],[-103.37258,25.57877],[-103.37271,25.58065],[-103.37502,25.58271]]],[[[-103.37744,25.58318],[-103.37623,25.58315],[-103.3775,25.5836],[-103.37744,25.58318]]],[[[-103.37825,25.58764],[-103.37882,25.58781],[-103.37886,25.58715],[-103.38012,25.58742],[-103.37832,25.58646],[-103.37884,25.58682],[-103.37829,25.58681],[-103.37881,25.58712],[-103.37825,25.58764]]],[[[-103.37785,25.58748],[-103.37698,25.5874],[-103.37684,25.58678],[-103.37686,25.58758],[-103.37785,25.58748]]],[[[-103.37796,25.58701],[-103.37802,25.5865],[-103.37716,25.58642],[-103.3771,25.58698],[-103.37796,25.58701]]],[[[-103.37668,25.58653],[-103.37804,25.58632],[-103.37687,25.58569],[-103.37668,25.58653]]],[[[-103.37067,25.57641],[-103.36833,25.57659],[-103.36904,25.57758],[-103.36861,25.57672],[-103.37046,25.5766],[-103.3692,25.57725],[-103.37007,25.57846],[-103.36942,25.57721],[-103.37055,25.57711],[-103.37038,25.57859],[-103.37106,25.57868],[-103.37069,25.57661],[-103.3714,25.57648],[-103.37168,25.57707],[-103.37161,25.57637],[-103.37067,25.57641]]],[[[-103.37147,25.57716],[-103.37137,25.57864],[-103.3727,25.57847],[-103.37196,25.57844],[-103.37197,25.57764],[-103.37365,25.57769],[-103.37291,25.57835],[-103.37385,25.57777],[-103.37147,25.57716]]],[[[-103.3714,25.57777],[-103.37087,25.57683],[-103.37099,25.57797],[-103.3714,25.57777]]],[[[-103.37021,25.57908],[-103.37151,25.57912],[-103.37184,25.5799],[-103.37177,25.57888],[-103.37021,25.57908]]],[[[-103.37164,25.57991],[-103.37073,25.58095],[-103.37335,25.58252],[-103.37151,25.58049],[-103.372,25.57934],[-103.37164,25.57991]]],[[[-103.36768,25.57746],[-103.36759,25.57789],[-103.3684,25.57728],[-103.36768,25.57746]]],[[[-103.36791,25.57628],[-103.3676,25.57591],[-103.36803,25.57676],[-103.36791,25.57628]]],[[[-103.36639,25.58078],[-103.36663,25.58148],[-103.36761,25.58099],[-103.36723,25.58036],[-103.36639,25.58078]]],[[[-103.36707,25.58014],[-103.36637,25.57895],[-103.36453,25.57992],[-103.36499,25.58057],[-103.36379,25.58116],[-103.36525,25.58094],[-103.36417,25.58178],[-103.36707,25.58014]]],[[[-103.36314,25.57965],[-103.36256,25.57906],[-103.36317,25.57992],[-103.36495,25.57904],[-103.36314,25.57965]]],[[[-103.36937,25.58469],[-103.36909,25.58353],[-103.36848,25.58384],[-103.36937,25.58469]]],[[[-103.36196,25.57901],[-103.36193,25.57979],[-103.36255,25.57948],[-103.36196,25.57901]]],[[[-103.36104,25.58301],[-103.35927,25.58389],[-103.36055,25.58602],[-103.36082,25.58526],[-103.35993,25.58423],[-103.36108,25.58395],[-103.36104,25.58301]]],[[[-103.35489,25.57981],[-103.3531,25.58025],[-103.35354,25.58063],[-103.35489,25.57981]]],[[[-103.35445,25.57914],[-103.35493,25.57705],[-103.35447,25.57794],[-103.35345,25.57788],[-103.35355,25.57697],[-103.35459,25.57644],[-103.35305,25.57686],[-103.35323,25.57828],[-103.35264,25.57728],[-103.35224,25.57843],[-103.3521,25.5771],[-103.35229,25.5786],[-103.35189,25.57719],[-103.35058,25.57823],[-103.35221,25.57966],[-103.35313,25.57865],[-103.35438,25.57902],[-103.3534,25.57982],[-103.35445,25.57914]]],[[[-103.36824,25.57524],[-103.36816,25.57409],[-103.36671,25.57434],[-103.36643,25.57295],[-103.36556,25.57271],[-103.36622,25.57313],[-103.3664,25.57462],[-103.36809,25.5743],[-103.36813,25.57506],[-103.36705,25.57508],[-103.36824,25.57524]]],[[[-103.36512,25.57372],[-103.36522,25.57271],[-103.36504,25.57373],[-103.36511,25.57308],[-103.36354,25.57441],[-103.36512,25.57372]]],[[[-103.35525,25.58287],[-103.35296,25.5809],[-103.35275,25.58308],[-103.35731,25.58465],[-103.35525,25.58287]]],[[[-103.35896,25.59152],[-103.358,25.59144],[-103.36119,25.59201],[-103.35983,25.59172],[-103.36033,25.59045],[-103.35927,25.59082],[-103.35992,25.59151],[-103.35904,25.59131],[-103.3591,25.59048],[-103.35896,25.59152]]],[[[-103.35672,25.58947],[-103.35813,25.58927],[-103.35507,25.58911],[-103.35672,25.58947]]],[[[-103.35682,25.58817],[-103.35819,25.58838],[-103.35513,25.58822],[-103.35682,25.58817]]],[[[-103.35328,25.58825],[-103.35499,25.58794],[-103.35205,25.58778],[-103.35328,25.58825]]],[[[-103.36369,25.58977],[-103.36368,25.58918],[-103.36212,25.58915],[-103.36209,25.58975],[-103.36369,25.58977]]],[[[-103.36356,25.5906],[-103.36358,25.59162],[-103.362,25.59188],[-103.36374,25.5919],[-103.36356,25.5906]]],[[[-103.36119,25.59095],[-103.36062,25.59047],[-103.36044,25.59093],[-103.36119,25.59095]]],[[[-103.3599,25.58808],[-103.36138,25.58789],[-103.35844,25.588],[-103.3599,25.58808]]],[[[-103.35968,25.58936],[-103.35827,25.58955],[-103.36127,25.58958],[-103.35968,25.58936]]],[[[-103.3566,25.58685],[-103.35693,25.58646],[-103.35525,25.58637],[-103.3566,25.58685]]],[[[-103.35724,25.5862],[-103.35526,25.58623],[-103.357,25.58632],[-103.35694,25.58792],[-103.35777,25.58795],[-103.35855,25.58573],[-103.35248,25.58363],[-103.35734,25.58549],[-103.35724,25.5862]]],[[[-103.35338,25.58668],[-103.35509,25.58636],[-103.35334,25.58627],[-103.35338,25.58668]]],[[[-103.35511,25.58608],[-103.35345,25.58572],[-103.35342,25.58613],[-103.35511,25.58608]]],[[[-103.35349,25.5851],[-103.35519,25.58486],[-103.35338,25.58469],[-103.35349,25.5851]]],[[[-103.35519,25.5897],[-103.35483,25.58997],[-103.356,25.59],[-103.35519,25.5897]]],[[[-103.37635,25.5819],[-103.3761,25.58242],[-103.37686,25.58191],[-103.37635,25.5819]]],[[[-103.37539,25.58189],[-103.37569,25.58237],[-103.37604,25.58161],[-103.37539,25.58189]]],[[[-103.37445,25.58165],[-103.37479,25.58202],[-103.37515,25.58124],[-103.37474,25.58101],[-103.37445,25.58165]]],[[[-103.37271,25.57808],[-103.373,25.57777],[-103.37207,25.57781],[-103.37271,25.57808]]],[[[-103.33825,25.53528],[-103.33661,25.53527],[-103.33662,25.53589],[-103.33926,25.53587],[-103.33927,25.53527],[-103.33825,25.53528]]],[[[-103.35816,25.53547],[-103.35791,25.53588],[-103.3606,25.53549],[-103.35816,25.53547]]],[[[-103.332,25.53731],[-103.3349,25.53687],[-103.33185,25.53693],[-103.33189,25.53912],[-103.332,25.53731]]],[[[-103.36693,25.54869],[-103.36642,25.54773],[-103.36516,25.54856],[-103.36579,25.54936],[-103.36693,25.54869]]],[[[-103.356,25.55263],[-103.35549,25.55146],[-103.35486,25.55169],[-103.356,25.55263]]],[[[-103.35537,25.55195],[-103.35502,25.55324],[-103.35578,25.55287],[-103.35537,25.55195]]],[[[-103.35536,25.55136],[-103.35512,25.55037],[-103.35387,25.55045],[-103.35536,25.55136]]],[[[-103.35864,25.55084],[-103.3571,25.54957],[-103.35621,25.5499],[-103.3571,25.54975],[-103.35864,25.55084]]],[[[-103.35806,25.55091],[-103.35772,25.55156],[-103.35847,25.55104],[-103.35806,25.55091]]],[[[-103.35724,25.55149],[-103.35673,25.55184],[-103.35627,25.55119],[-103.35674,25.55225],[-103.35724,25.55149]]],[[[-103.35653,25.55035],[-103.3581,25.55074],[-103.35705,25.54987],[-103.35653,25.55035]]],[[[-103.36204,25.54828],[-103.36295,25.54762],[-103.36191,25.54739],[-103.36204,25.54828]]],[[[-103.36611,25.54753],[-103.36489,25.54817],[-103.36394,25.54721],[-103.36485,25.54852],[-103.36611,25.54753]]],[[[-103.36528,25.54616],[-103.36755,25.54564],[-103.36611,25.54527],[-103.36528,25.54616]]],[[[-103.36795,25.54574],[-103.36812,25.54638],[-103.36864,25.54603],[-103.36795,25.54574]]],[[[-103.36371,25.54541],[-103.36443,25.54631],[-103.36493,25.54597],[-103.36437,25.54599],[-103.36408,25.54507],[-103.36547,25.54527],[-103.36509,25.54587],[-103.3659,25.54522],[-103.36392,25.54478],[-103.36371,25.54541]]],[[[-103.35473,25.54776],[-103.35376,25.54761],[-103.3544,25.5468],[-103.35347,25.54679],[-103.35346,25.54789],[-103.35473,25.54776]]],[[[-103.36647,25.5511],[-103.36574,25.55029],[-103.36631,25.55156],[-103.36586,25.55114],[-103.36596,25.55178],[-103.36556,25.55134],[-103.36565,25.55198],[-103.36501,25.55169],[-103.36542,25.5522],[-103.36647,25.5511]]],[[[-103.36558,25.55033],[-103.36503,25.55053],[-103.36533,25.55105],[-103.36496,25.55057],[-103.36373,25.55148],[-103.3629,25.55124],[-103.36239,25.55175],[-103.36323,25.55156],[-103.36172,25.552],[-103.36188,25.55244],[-103.36234,25.55307],[-103.36279,25.55278],[-103.36222,25.55238],[-103.36269,25.55205],[-103.36289,25.55272],[-103.36282,25.55199],[-103.36322,25.55251],[-103.36325,25.55179],[-103.36383,25.55212],[-103.36354,25.55158],[-103.36393,25.55207],[-103.36391,25.5516],[-103.36446,25.55172],[-103.3642,25.55123],[-103.36502,25.55147],[-103.36479,25.55093],[-103.36558,25.55112],[-103.36558,25.55033]]],[[[-103.36523,25.55217],[-103.36385,25.55268],[-103.36412,25.55302],[-103.36523,25.55217]]],[[[-103.36139,25.55177],[-103.36091,25.55097],[-103.36021,25.55151],[-103.36105,25.55144],[-103.36057,25.55203],[-103.36122,25.55166],[-103.36062,25.5521],[-103.36135,25.55202],[-103.3608,25.5524],[-103.36139,25.55235],[-103.3611,25.55282],[-103.36156,25.55273],[-103.36139,25.55177]]],[[[-103.36133,25.55084],[-103.36181,25.55147],[-103.36239,25.5511],[-103.36079,25.55082],[-103.36133,25.55084]]],[[[-103.35889,25.5527],[-103.35881,25.55186],[-103.35955,25.55236],[-103.35911,25.55164],[-103.35993,25.55225],[-103.35941,25.55145],[-103.36008,25.55208],[-103.3595,25.55133],[-103.35681,25.5532],[-103.35737,25.55393],[-103.35727,25.55294],[-103.35777,25.5535],[-103.35762,25.55272],[-103.35832,25.55315],[-103.35793,25.55251],[-103.35909,25.55403],[-103.35852,25.55355],[-103.3587,25.55437],[-103.35821,25.55374],[-103.35825,25.55456],[-103.35741,25.55408],[-103.35857,25.55566],[-103.35899,25.55538],[-103.35844,25.55468],[-103.35906,25.55534],[-103.35874,25.55458],[-103.35947,25.55482],[-103.35905,25.55428],[-103.35955,25.55478],[-103.35944,25.55404],[-103.35986,25.55458],[-103.35986,25.55387],[-103.36041,25.55424],[-103.35999,25.5537],[-103.36048,25.5542],[-103.36047,25.55348],[-103.36079,25.554],[-103.36074,25.55334],[-103.3614,25.55364],[-103.3605,25.55326],[-103.36021,25.55228],[-103.35983,25.55271],[-103.36032,25.55335],[-103.35976,25.55276],[-103.35983,25.55356],[-103.35921,25.5531],[-103.35971,25.55374],[-103.35902,25.55323],[-103.35932,25.55399],[-103.35847,25.55298],[-103.35889,25.5527]]],[[[-103.36049,25.5552],[-103.35926,25.55536],[-103.35953,25.55587],[-103.35892,25.55557],[-103.35921,25.55616],[-103.36049,25.5552]]],[[[-103.3605,25.55489],[-103.36178,25.55452],[-103.36152,25.55417],[-103.3605,25.55489]]],[[[-103.35981,25.54975],[-103.35866,25.54878],[-103.35888,25.54821],[-103.35829,25.54861],[-103.35927,25.5495],[-103.35791,25.5493],[-103.35952,25.55015],[-103.35981,25.54975]]],[[[-103.36075,25.54913],[-103.3608,25.54707],[-103.36063,25.54789],[-103.35984,25.54796],[-103.35947,25.5471],[-103.35937,25.54778],[-103.36045,25.5482],[-103.36075,25.54913]]],[[[-103.36021,25.54901],[-103.35901,25.54812],[-103.35998,25.549],[-103.35962,25.54945],[-103.36021,25.54901]]],[[[-103.35771,25.54698],[-103.35859,25.54803],[-103.35789,25.54863],[-103.35921,25.5478],[-103.35931,25.54708],[-103.35887,25.54783],[-103.35808,25.54684],[-103.35918,25.54676],[-103.35771,25.54698]]],[[[-103.36661,25.54391],[-103.36419,25.54419],[-103.36673,25.54449],[-103.36661,25.54391]]],[[[-103.35461,25.53619],[-103.35336,25.53596],[-103.35335,25.53641],[-103.35461,25.53619]]],[[[-103.3546,25.53676],[-103.35335,25.53653],[-103.35335,25.53698],[-103.3546,25.53676]]],[[[-103.3546,25.53733],[-103.35334,25.5371],[-103.35334,25.53755],[-103.3546,25.53733]]],[[[-103.35421,25.53833],[-103.35362,25.53767],[-103.35372,25.53841],[-103.35421,25.53833]]],[[[-103.3548,25.53876],[-103.35332,25.53852],[-103.35331,25.53897],[-103.3548,25.53876]]],[[[-103.3559,25.53621],[-103.35493,25.53597],[-103.35493,25.53642],[-103.3559,25.53621]]],[[[-103.35589,25.53677],[-103.35492,25.53654],[-103.35492,25.53699],[-103.35589,25.53677]]],[[[-103.35589,25.53734],[-103.35499,25.53711],[-103.35498,25.53756],[-103.35589,25.53734]]],[[[-103.35651,25.53878],[-103.35533,25.53854],[-103.35518,25.53899],[-103.35651,25.53878]]],[[[-103.3595,25.53623],[-103.35858,25.536],[-103.35858,25.53645],[-103.3595,25.53623]]],[[[-103.35949,25.5368],[-103.35857,25.53657],[-103.35857,25.53702],[-103.35949,25.5368]]],[[[-103.35845,25.53622],[-103.35789,25.53599],[-103.35789,25.53644],[-103.35845,25.53622]]],[[[-103.36285,25.53683],[-103.36185,25.53659],[-103.36185,25.53704],[-103.36285,25.53683]]],[[[-103.36284,25.53626],[-103.36185,25.53602],[-103.36184,25.53648],[-103.36284,25.53626]]],[[[-103.36172,25.53625],[-103.36074,25.53601],[-103.36073,25.53647],[-103.36172,25.53625]]],[[[-103.36056,25.53624],[-103.35963,25.53601],[-103.35963,25.53645],[-103.36056,25.53624]]],[[[-103.36055,25.53681],[-103.35962,25.53657],[-103.35962,25.53703],[-103.36055,25.53681]]],[[[-103.36171,25.53682],[-103.36073,25.53658],[-103.36072,25.53703],[-103.36171,25.53682]]],[[[-103.35844,25.53679],[-103.35789,25.53656],[-103.35788,25.53701],[-103.35844,25.53679]]],[[[-103.3685,25.5402],[-103.36927,25.54034],[-103.36858,25.53999],[-103.36908,25.53914],[-103.36859,25.53903],[-103.37006,25.53898],[-103.36782,25.539],[-103.36859,25.5392],[-103.36803,25.53928],[-103.3685,25.5402]]],[[[-103.36273,25.54429],[-103.36135,25.54444],[-103.36204,25.54477],[-103.36046,25.54607],[-103.3597,25.54541],[-103.35959,25.54616],[-103.36079,25.54626],[-103.36273,25.54429]]],[[[-103.35942,25.54465],[-103.35869,25.54472],[-103.35926,25.54481],[-103.35872,25.54487],[-103.35853,25.54599],[-103.35942,25.54612],[-103.35857,25.54576],[-103.35942,25.54465]]],[[[-103.36277,25.54488],[-103.36123,25.54615],[-103.36264,25.54533],[-103.36236,25.54633],[-103.36164,25.54637],[-103.36316,25.5466],[-103.36277,25.54488]]],[[[-103.36293,25.54267],[-103.36291,25.54131],[-103.36284,25.54252],[-103.36211,25.54255],[-103.36259,25.5417],[-103.36172,25.54263],[-103.36173,25.54384],[-103.36203,25.54271],[-103.36218,25.54379],[-103.36248,25.54269],[-103.36294,25.54371],[-103.36293,25.54267]]],[[[-103.35939,25.54547],[-103.35873,25.54574],[-103.35947,25.54587],[-103.3595,25.54504],[-103.35939,25.54547]]],[[[-103.35106,25.55732],[-103.35245,25.55743],[-103.35141,25.55721],[-103.35243,25.55716],[-103.35142,25.55678],[-103.35244,25.55674],[-103.35143,25.55636],[-103.35244,25.55631],[-103.35144,25.55594],[-103.35245,25.55589],[-103.35144,25.55551],[-103.35246,25.55515],[-103.35062,25.55526],[-103.35127,25.55558],[-103.35125,25.55668],[-103.35059,25.55668],[-103.35138,25.557],[-103.35106,25.55732]]],[[[-103.34996,25.55164],[-103.35253,25.55189],[-103.3515,25.5516],[-103.35166,25.55101],[-103.34996,25.55164]]],[[[-103.35069,25.5496],[-103.35253,25.54976],[-103.35153,25.54956],[-103.35257,25.54924],[-103.35154,25.54917],[-103.35258,25.54885],[-103.35155,25.54878],[-103.35258,25.54846],[-103.3514,25.54831],[-103.35139,25.54909],[-103.35069,25.54936],[-103.35154,25.54939],[-103.35069,25.5496]]],[[[-103.35051,25.54946],[-103.34965,25.54949],[-103.35058,25.54908],[-103.34962,25.54899],[-103.35058,25.54879],[-103.34962,25.54875],[-103.35144,25.54821],[-103.3506,25.5479],[-103.35144,25.54783],[-103.35061,25.54752],[-103.35145,25.54718],[-103.35047,25.54695],[-103.35044,25.5486],[-103.34976,25.54859],[-103.34949,25.54701],[-103.34947,25.54864],[-103.34877,25.54863],[-103.3485,25.54701],[-103.34862,25.54865],[-103.34711,25.54865],[-103.34807,25.54879],[-103.34807,25.54961],[-103.35051,25.54946]]],[[[-103.3349,25.55627],[-103.33574,25.55674],[-103.33487,25.55708],[-103.33602,25.5571],[-103.33604,25.55604],[-103.3349,25.55627]]],[[[-103.35257,25.55253],[-103.35149,25.55232],[-103.35149,25.55274],[-103.35257,25.55253]]],[[[-103.34121,25.55359],[-103.34249,25.55361],[-103.34249,25.55004],[-103.34051,25.55021],[-103.34121,25.55359]]],[[[-103.35283,25.54575],[-103.35281,25.54488],[-103.35204,25.54488],[-103.35204,25.54544],[-103.35041,25.5453],[-103.35045,25.5465],[-103.35283,25.54575]]],[[[-103.33641,25.53963],[-103.33641,25.53908],[-103.33426,25.53937],[-103.33483,25.53942],[-103.33488,25.54025],[-103.33384,25.5403],[-103.33319,25.53966],[-103.33406,25.5394],[-103.3315,25.53977],[-103.33289,25.53971],[-103.33299,25.5403],[-103.33083,25.54034],[-103.33122,25.53981],[-103.3306,25.53989],[-103.33078,25.5411],[-103.33095,25.54062],[-103.33382,25.5409],[-103.33381,25.54044],[-103.33093,25.54049],[-103.33644,25.54031],[-103.33641,25.53963]]],[[[-103.33913,25.53766],[-103.33927,25.5364],[-103.33874,25.53654],[-103.33915,25.53682],[-103.33664,25.53666],[-103.33713,25.53706],[-103.33665,25.53708],[-103.33662,25.53789],[-103.33913,25.53766]]],[[[-103.32374,25.53564],[-103.32375,25.53629],[-103.32474,25.53577],[-103.32374,25.53564]]],[[[-103.31878,25.53586],[-103.31779,25.53686],[-103.31867,25.53969],[-103.31998,25.5396],[-103.31876,25.53952],[-103.31851,25.53875],[-103.31979,25.53872],[-103.31837,25.5384],[-103.31815,25.53764],[-103.31957,25.53762],[-103.31931,25.53687],[-103.31934,25.53735],[-103.31803,25.53734],[-103.31833,25.53599],[-103.32023,25.53662],[-103.31993,25.53549],[-103.32101,25.53551],[-103.32111,25.53645],[-103.32043,25.53662],[-103.3216,25.5366],[-103.32139,25.53553],[-103.32245,25.5355],[-103.32256,25.53644],[-103.3218,25.53659],[-103.32272,25.53658],[-103.32261,25.53537],[-103.31886,25.53533],[-103.31878,25.53586]]],[[[-103.35112,25.54505],[-103.35104,25.54286],[-103.34958,25.54349],[-103.34989,25.54513],[-103.35112,25.54505]]],[[[-103.32201,25.54166],[-103.32074,25.54168],[-103.32197,25.54195],[-103.32173,25.54293],[-103.32067,25.54311],[-103.322,25.54315],[-103.32201,25.54166]]],[[[-103.31929,25.54184],[-103.31952,25.54313],[-103.32047,25.54312],[-103.31963,25.54294],[-103.31948,25.54205],[-103.32054,25.54168],[-103.31929,25.54184]]],[[[-103.32062,25.54025],[-103.32181,25.54039],[-103.32191,25.54116],[-103.32072,25.5415],[-103.32225,25.54147],[-103.32209,25.54015],[-103.32062,25.54025]]],[[[-103.31954,25.54027],[-103.31887,25.54028],[-103.31923,25.54152],[-103.32054,25.54151],[-103.31936,25.54123],[-103.3191,25.54044],[-103.31954,25.54027]]],[[[-103.3206,25.53966],[-103.32204,25.53971],[-103.32187,25.53838],[-103.31994,25.53844],[-103.32161,25.53874],[-103.32169,25.53948],[-103.3206,25.53966]]],[[[-103.32139,25.53938],[-103.32147,25.53881],[-103.3201,25.53911],[-103.32139,25.53938]]],[[[-103.3208,25.5383],[-103.32085,25.53772],[-103.31985,25.53803],[-103.3208,25.5383]]],[[[-103.32137,25.53745],[-103.32159,25.53677],[-103.31968,25.53698],[-103.3214,25.53705],[-103.31977,25.53762],[-103.32137,25.53745]]],[[[-103.31962,25.53789],[-103.31831,25.53776],[-103.31851,25.53833],[-103.31962,25.53789]]],[[[-103.33887,25.53589],[-103.33663,25.53628],[-103.33748,25.53596],[-103.33779,25.53646],[-103.33795,25.53596],[-103.3386,25.53645],[-103.33926,25.53607],[-103.33887,25.53589]]],[[[-103.3235,25.53836],[-103.32283,25.53817],[-103.32348,25.5378],[-103.32203,25.53838],[-103.3235,25.53836]]],[[[-103.32925,25.54035],[-103.32772,25.54004],[-103.3278,25.54052],[-103.32925,25.54035]]],[[[-103.32805,25.54453],[-103.32775,25.54363],[-103.32775,25.54448],[-103.32684,25.54463],[-103.32805,25.54453]]],[[[-103.32838,25.5459],[-103.3297,25.54573],[-103.32964,25.54438],[-103.32822,25.5444],[-103.32938,25.54466],[-103.3294,25.54563],[-103.32853,25.54575],[-103.32821,25.54482],[-103.32838,25.5459]]],[[[-103.32859,25.54863],[-103.32964,25.54862],[-103.32955,25.54812],[-103.32803,25.54828],[-103.32931,25.54837],[-103.32859,25.54863]]],[[[-103.32844,25.54996],[-103.32843,25.54913],[-103.32755,25.54914],[-103.32821,25.54932],[-103.3277,25.54995],[-103.32844,25.54996]]],[[[-103.32942,25.5496],[-103.32982,25.54937],[-103.32864,25.54937],[-103.32942,25.5496]]],[[[-103.32866,25.55113],[-103.3277,25.5507],[-103.32865,25.55043],[-103.32646,25.54994],[-103.3273,25.55013],[-103.32754,25.55139],[-103.32866,25.55113]]],[[[-103.3297,25.55014],[-103.32885,25.55066],[-103.32992,25.55113],[-103.32892,25.55138],[-103.32995,25.55138],[-103.33003,25.55189],[-103.32893,25.55198],[-103.3302,25.55205],[-103.3297,25.55014]]],[[[-103.3257,25.54762],[-103.32457,25.54764],[-103.32471,25.54674],[-103.32556,25.54671],[-103.32456,25.54646],[-103.32402,25.54857],[-103.32565,25.54791],[-103.32565,25.54848],[-103.32454,25.54863],[-103.32581,25.54862],[-103.3257,25.54762]]],[[[-103.32425,25.54766],[-103.32405,25.54725],[-103.32283,25.54757],[-103.32282,25.54678],[-103.32437,25.54711],[-103.3244,25.54646],[-103.32267,25.54652],[-103.32268,25.54758],[-103.32122,25.54759],[-103.32121,25.54684],[-103.32246,25.54653],[-103.32091,25.54653],[-103.32092,25.54874],[-103.32156,25.54868],[-103.32121,25.54786],[-103.32175,25.54786],[-103.3219,25.54867],[-103.3219,25.54786],[-103.32404,25.54783],[-103.32307,25.54852],[-103.32377,25.5487],[-103.32425,25.54766]]],[[[-103.3254,25.54917],[-103.3257,25.55026],[-103.32484,25.55023],[-103.32521,25.54917],[-103.32433,25.54918],[-103.32453,25.55023],[-103.32356,25.55017],[-103.32413,25.54918],[-103.32362,25.54924],[-103.32305,25.55089],[-103.32441,25.55049],[-103.32438,25.55139],[-103.32303,25.55108],[-103.32299,25.55189],[-103.32587,25.55179],[-103.32588,25.5511],[-103.32468,25.5514],[-103.32471,25.55051],[-103.32588,25.55092],[-103.32588,25.54917],[-103.3254,25.54917]]],[[[-103.32307,25.55014],[-103.3233,25.54919],[-103.32278,25.55004],[-103.3212,25.55007],[-103.32118,25.54936],[-103.32268,25.5492],[-103.32107,25.54922],[-103.32109,25.55158],[-103.32284,25.55185],[-103.32292,25.55077],[-103.32255,25.55134],[-103.32124,25.5513],[-103.32123,25.55034],[-103.32295,25.55059],[-103.32307,25.55014]]],[[[-103.34087,25.55733],[-103.34076,25.55405],[-103.34075,25.55536],[-103.3386,25.55561],[-103.34075,25.55561],[-103.34075,25.55613],[-103.33899,25.55612],[-103.34075,25.55639],[-103.34073,25.5573],[-103.33853,25.55742],[-103.34087,25.55733]]],[[[-103.32879,25.55308],[-103.32864,25.55246],[-103.32684,25.55238],[-103.32863,25.55259],[-103.32879,25.55308]]],[[[-103.328,25.5395],[-103.32766,25.53813],[-103.32585,25.53815],[-103.32736,25.53833],[-103.328,25.5395]]],[[[-103.32923,25.53775],[-103.329,25.53699],[-103.32562,25.53705],[-103.32583,25.538],[-103.32646,25.53797],[-103.32589,25.53719],[-103.32874,25.53714],[-103.32824,25.53794],[-103.32923,25.53775]]],[[[-103.32592,25.54609],[-103.32633,25.54479],[-103.32582,25.54595],[-103.32472,25.54598],[-103.32454,25.54525],[-103.32456,25.54628],[-103.32592,25.54609]]],[[[-103.32567,25.54586],[-103.3258,25.5448],[-103.32454,25.54482],[-103.32554,25.5451],[-103.32567,25.54586]]],[[[-103.32314,25.54499],[-103.32318,25.54603],[-103.32177,25.54622],[-103.32205,25.54515],[-103.323,25.54512],[-103.32176,25.54486],[-103.32141,25.54633],[-103.32442,25.54628],[-103.32334,25.54594],[-103.32347,25.54498],[-103.32407,25.54497],[-103.3244,25.54585],[-103.32438,25.54483],[-103.32314,25.54499]]],[[[-103.32275,25.54577],[-103.32304,25.54524],[-103.32241,25.54525],[-103.32275,25.54577]]],[[[-103.32128,25.5462],[-103.32159,25.54487],[-103.32053,25.54489],[-103.32121,25.54515],[-103.32063,25.54629],[-103.32128,25.5462]]],[[[-103.32165,25.54462],[-103.3219,25.54359],[-103.32058,25.54361],[-103.32155,25.54373],[-103.32053,25.54473],[-103.32165,25.54462]]],[[[-103.32301,25.54469],[-103.324,25.54468],[-103.32398,25.54377],[-103.3237,25.54454],[-103.32179,25.54471],[-103.32301,25.54469]]],[[[-103.32295,25.54351],[-103.32207,25.54359],[-103.32189,25.5443],[-103.32237,25.54367],[-103.32312,25.54429],[-103.32295,25.54364],[-103.32398,25.54363],[-103.32295,25.54351]]],[[[-103.32475,25.54351],[-103.32478,25.54467],[-103.32631,25.54464],[-103.32617,25.54369],[-103.32613,25.54437],[-103.32507,25.54439],[-103.32506,25.54357],[-103.32607,25.54342],[-103.32475,25.54351]]],[[[-103.34206,25.54457],[-103.34209,25.54515],[-103.33928,25.54591],[-103.34283,25.54536],[-103.34274,25.54441],[-103.34206,25.54457]]],[[[-103.33927,25.54541],[-103.33935,25.54377],[-103.342,25.54356],[-103.34204,25.54422],[-103.34273,25.54419],[-103.34278,25.54327],[-103.341,25.54336],[-103.3413,25.54204],[-103.34071,25.54223],[-103.34084,25.54342],[-103.33938,25.54361],[-103.34068,25.54268],[-103.33936,25.54289],[-103.33923,25.54172],[-103.33927,25.54541]]],[[[-103.34484,25.54493],[-103.34688,25.54438],[-103.34677,25.54386],[-103.34484,25.54493]]],[[[-103.34446,25.54521],[-103.34327,25.54542],[-103.34628,25.54534],[-103.34371,25.5454],[-103.34542,25.54663],[-103.34686,25.54662],[-103.34424,25.54556],[-103.34655,25.54548],[-103.3467,25.54634],[-103.34629,25.54534],[-103.34685,25.54517],[-103.34446,25.54521]]],[[[-103.3518,25.53804],[-103.35283,25.53806],[-103.35171,25.53804],[-103.3527,25.53822],[-103.35169,25.53878],[-103.35268,25.539],[-103.35168,25.53921],[-103.35289,25.53924],[-103.35291,25.5379],[-103.3518,25.53804]]],[[[-103.34934,25.54365],[-103.34967,25.54499],[-103.34856,25.54499],[-103.34916,25.54364],[-103.34734,25.54387],[-103.34729,25.54516],[-103.34974,25.54512],[-103.34934,25.54365]]],[[[-103.33923,25.54146],[-103.34059,25.54211],[-103.34088,25.54165],[-103.3404,25.54034],[-103.33947,25.54033],[-103.33945,25.5395],[-103.33923,25.54146]]],[[[-103.33949,25.53909],[-103.33992,25.53872],[-103.33931,25.53872],[-103.33949,25.53909]]],[[[-103.35137,25.53898],[-103.35038,25.53889],[-103.35145,25.53871],[-103.3504,25.53837],[-103.35147,25.53812],[-103.35039,25.53777],[-103.35149,25.53753],[-103.35041,25.53718],[-103.3515,25.53695],[-103.35043,25.5366],[-103.35152,25.53636],[-103.35044,25.53601],[-103.3512,25.53561],[-103.34765,25.53559],[-103.3503,25.53574],[-103.34918,25.53588],[-103.35029,25.53618],[-103.34917,25.53627],[-103.35027,25.53668],[-103.34915,25.53693],[-103.35026,25.53713],[-103.34914,25.53732],[-103.35025,25.53746],[-103.34914,25.53743],[-103.35024,25.53784],[-103.34912,25.53782],[-103.35023,25.53823],[-103.3491,25.53852],[-103.35021,25.53871],[-103.3491,25.53879],[-103.35137,25.53898]]],[[[-103.34913,25.54324],[-103.34719,25.54364],[-103.35028,25.54297],[-103.3509,25.54115],[-103.35266,25.54118],[-103.35269,25.53997],[-103.35189,25.53996],[-103.35251,25.54011],[-103.35252,25.54106],[-103.3511,25.54104],[-103.35114,25.54009],[-103.35171,25.53996],[-103.34984,25.53994],[-103.34961,25.54083],[-103.35082,25.54045],[-103.35082,25.54111],[-103.34931,25.54112],[-103.34877,25.54178],[-103.35072,25.54128],[-103.35048,25.54192],[-103.34889,25.54203],[-103.35043,25.54206],[-103.3502,25.54271],[-103.34871,25.54289],[-103.34847,25.54228],[-103.34843,25.54298],[-103.34746,25.54284],[-103.34734,25.54214],[-103.34832,25.54218],[-103.34731,25.54198],[-103.34721,25.54126],[-103.3486,25.54132],[-103.34838,25.54178],[-103.34906,25.54088],[-103.3472,25.54078],[-103.34831,25.54099],[-103.34947,25.5399],[-103.34729,25.53954],[-103.34729,25.54301],[-103.34816,25.54302],[-103.34716,25.54316],[-103.34913,25.54324]]],[[[-103.34261,25.53632],[-103.34146,25.5361],[-103.34145,25.53655],[-103.34261,25.53632]]],[[[-103.34386,25.54498],[-103.34346,25.54416],[-103.34344,25.5451],[-103.34399,25.54501],[-103.34689,25.54364],[-103.34685,25.54308],[-103.34386,25.54498]]],[[[-103.34386,25.5438],[-103.34371,25.54311],[-103.34677,25.54266],[-103.34317,25.54285],[-103.34344,25.54391],[-103.34386,25.5438]]],[[[-103.3503,25.54649],[-103.35024,25.54527],[-103.34715,25.54532],[-103.34995,25.5454],[-103.3503,25.54649]]],[[[-103.34974,25.54648],[-103.34897,25.54648],[-103.34867,25.54554],[-103.34868,25.54648],[-103.34745,25.54649],[-103.3473,25.5456],[-103.3473,25.54663],[-103.34974,25.54648]]],[[[-103.31943,25.53628],[-103.31843,25.53611],[-103.31811,25.53684],[-103.31943,25.53628]]],[[[-103.3208,25.53636],[-103.32094,25.53565],[-103.32006,25.53561],[-103.3208,25.53636]]],[[[-103.32225,25.53634],[-103.32235,25.53564],[-103.32152,25.53565],[-103.32225,25.53634]]],[[[-103.32001,25.54475],[-103.31978,25.54376],[-103.32037,25.54361],[-103.3196,25.54363],[-103.32001,25.54475]]],[[[-103.34448,25.5564],[-103.34575,25.55664],[-103.34573,25.5554],[-103.34577,25.55762],[-103.3467,25.55762],[-103.34669,25.55433],[-103.34463,25.55421],[-103.34557,25.5543],[-103.34559,25.55519],[-103.34446,25.55481],[-103.3445,25.5555],[-103.34559,25.5553],[-103.3456,25.55586],[-103.3445,25.55566],[-103.34448,25.55618],[-103.3456,25.55596],[-103.34561,25.55657],[-103.34448,25.5564]]],[[[-103.34402,25.55068],[-103.34306,25.55099],[-103.34306,25.55231],[-103.34427,25.55245],[-103.34315,25.55205],[-103.34313,25.55125],[-103.34418,25.55125],[-103.34402,25.55068]]],[[[-103.34418,25.55043],[-103.3442,25.54998],[-103.34305,25.55003],[-103.34418,25.55043]]],[[[-103.34414,25.55274],[-103.34307,25.55306],[-103.34429,25.55321],[-103.34414,25.55274]]],[[[-103.34406,25.55469],[-103.34307,25.55482],[-103.34308,25.55605],[-103.34423,25.5562],[-103.34424,25.55548],[-103.34316,25.55579],[-103.34315,25.55509],[-103.34423,25.55534],[-103.34406,25.55469]]],[[[-103.34408,25.55638],[-103.34308,25.55681],[-103.34426,25.557],[-103.34408,25.55638]]],[[[-103.3452,25.53749],[-103.34383,25.53732],[-103.34369,25.53692],[-103.34547,25.53713],[-103.34524,25.53661],[-103.34369,25.53663],[-103.34372,25.5357],[-103.34553,25.53572],[-103.34578,25.53652],[-103.34569,25.53572],[-103.34729,25.53573],[-103.34735,25.53654],[-103.34737,25.53558],[-103.34364,25.53556],[-103.34361,25.5374],[-103.34523,25.53792],[-103.3452,25.53749]]],[[[-103.34728,25.53666],[-103.34597,25.53662],[-103.34568,25.53731],[-103.34728,25.53695],[-103.34723,25.53809],[-103.34728,25.53666]]],[[[-103.34715,25.53828],[-103.34561,25.53754],[-103.34557,25.53801],[-103.34715,25.53828]]],[[[-103.3467,25.54865],[-103.34563,25.54865],[-103.34564,25.54962],[-103.34664,25.54962],[-103.3467,25.54865]]],[[[-103.33147,25.55063],[-103.33223,25.55065],[-103.33233,25.55129],[-103.33145,25.5514],[-103.3325,25.55143],[-103.33236,25.55052],[-103.33147,25.55063]]],[[[-103.33283,25.55002],[-103.33231,25.54908],[-103.33143,25.5491],[-103.33283,25.55002]]],[[[-103.33161,25.55008],[-103.33143,25.54935],[-103.33147,25.55035],[-103.33263,25.55022],[-103.33161,25.55008]]],[[[-103.33803,25.5397],[-103.33915,25.53986],[-103.33916,25.53944],[-103.33803,25.5397]]],[[[-103.33804,25.54013],[-103.33914,25.54029],[-103.33915,25.53986],[-103.33804,25.54013]]],[[[-103.33779,25.53999],[-103.33666,25.53998],[-103.33667,25.54041],[-103.33779,25.53999]]],[[[-103.33778,25.53956],[-103.33665,25.53956],[-103.33666,25.53998],[-103.33778,25.53956]]],[[[-103.34161,25.54774],[-103.34162,25.54906],[-103.34033,25.54947],[-103.34177,25.54933],[-103.34161,25.54774]]],[[[-103.34107,25.5471],[-103.34229,25.54737],[-103.34246,25.54839],[-103.34217,25.54707],[-103.34107,25.5471]]],[[[-103.34219,25.5483],[-103.34207,25.54734],[-103.34112,25.54736],[-103.34204,25.54761],[-103.34219,25.5483]]],[[[-103.34138,25.5464],[-103.34219,25.54653],[-103.34266,25.5455],[-103.34209,25.54639],[-103.34138,25.5464]]],[[[-103.34112,25.54629],[-103.34204,25.54628],[-103.34238,25.54555],[-103.34112,25.54629]]],[[[-103.34047,25.54651],[-103.34039,25.54585],[-103.33921,25.54617],[-103.34047,25.54651]]],[[[-103.33766,25.54743],[-103.33733,25.54678],[-103.33885,25.54705],[-103.33879,25.5465],[-103.33694,25.54667],[-103.33766,25.54743]]],[[[-103.33648,25.54729],[-103.3361,25.54786],[-103.33682,25.54763],[-103.33603,25.54673],[-103.33648,25.54729]]],[[[-103.33444,25.54816],[-103.33594,25.5479],[-103.33587,25.54697],[-103.33558,25.54783],[-103.33444,25.54816]]],[[[-103.33474,25.5474],[-103.33544,25.54718],[-103.33408,25.54708],[-103.33422,25.54779],[-103.33474,25.5474]]],[[[-103.33527,25.54691],[-103.33396,25.54682],[-103.33386,25.54619],[-103.33381,25.54695],[-103.33527,25.54691]]],[[[-103.33868,25.5493],[-103.33779,25.54931],[-103.33743,25.54815],[-103.33762,25.54944],[-103.33868,25.5493]]],[[[-103.33736,25.54929],[-103.33647,25.54863],[-103.33729,25.5482],[-103.33626,25.54852],[-103.33656,25.54945],[-103.33736,25.54929]]],[[[-103.33872,25.55295],[-103.34072,25.55296],[-103.34076,25.55347],[-103.33868,25.55374],[-103.34091,25.55359],[-103.34015,25.55029],[-103.33883,25.55063],[-103.34005,25.55046],[-103.34032,25.55132],[-103.33876,25.5521],[-103.34041,25.55158],[-103.34068,25.55269],[-103.33872,25.55295]]],[[[-103.33141,25.55359],[-103.33031,25.5535],[-103.33026,25.55299],[-103.33136,25.55251],[-103.33009,25.55277],[-103.33023,25.55441],[-103.33144,25.55437],[-103.33037,25.55427],[-103.33033,25.55377],[-103.33141,25.55359]]],[[[-103.33264,25.55341],[-103.33186,25.55344],[-103.33183,25.5526],[-103.33266,25.5524],[-103.33152,25.55249],[-103.33158,25.55372],[-103.33248,25.55369],[-103.3325,25.55419],[-103.3316,25.55436],[-103.33281,25.55432],[-103.33264,25.55341]]],[[[-103.33429,25.55355],[-103.33414,25.55266],[-103.33323,25.55296],[-103.33403,25.5522],[-103.33281,25.55237],[-103.33296,25.5543],[-103.33433,25.55426],[-103.33431,25.55376],[-103.33329,25.55412],[-103.33327,25.55332],[-103.33429,25.55355]]],[[[-103.34135,25.53969],[-103.34004,25.53998],[-103.34159,25.54023],[-103.34209,25.54141],[-103.34127,25.54183],[-103.34227,25.5414],[-103.34135,25.53969]]],[[[-103.34179,25.54146],[-103.34167,25.54074],[-103.34057,25.5408],[-103.34179,25.54146]]],[[[-103.33974,25.54184],[-103.33952,25.5426],[-103.34036,25.54195],[-103.33974,25.54184]]],[[[-103.3419,25.54231],[-103.34203,25.54285],[-103.3413,25.54321],[-103.3424,25.54285],[-103.3419,25.54231]]],[[[-103.34168,25.54217],[-103.34231,25.54206],[-103.34277,25.54315],[-103.34244,25.54194],[-103.34168,25.54217]]],[[[-103.34349,25.54128],[-103.34249,25.54075],[-103.34283,25.5414],[-103.34349,25.54128]]],[[[-103.34448,25.54038],[-103.3445,25.54123],[-103.34375,25.54141],[-103.34494,25.54128],[-103.34448,25.54038]]],[[[-103.34607,25.5413],[-103.34602,25.54059],[-103.34498,25.54065],[-103.34607,25.5413]]],[[[-103.34496,25.54256],[-103.34498,25.54197],[-103.34416,25.54172],[-103.34496,25.54256]]],[[[-103.3439,25.54167],[-103.34296,25.5418],[-103.34314,25.54273],[-103.34313,25.54185],[-103.3439,25.54167]]],[[[-103.34439,25.54233],[-103.34329,25.54194],[-103.34378,25.54269],[-103.34439,25.54233]]],[[[-103.33457,25.55341],[-103.33463,25.55424],[-103.33647,25.55406],[-103.33554,25.55403],[-103.33548,25.55326],[-103.33631,25.55304],[-103.3354,25.553],[-103.33515,25.55212],[-103.33591,25.55177],[-103.33431,25.55215],[-103.33454,25.55316],[-103.33501,25.55217],[-103.33522,25.55403],[-103.33457,25.55341]]],[[[-103.33642,25.55286],[-103.33714,25.55274],[-103.33727,25.55327],[-103.33663,25.55404],[-103.33763,25.5539],[-103.33702,25.55139],[-103.33606,25.55173],[-103.33679,25.55162],[-103.33706,25.55248],[-103.33642,25.55286]]],[[[-103.34459,25.5489],[-103.34385,25.5489],[-103.34464,25.54909],[-103.34441,25.54979],[-103.34565,25.54979],[-103.34469,25.54958],[-103.34459,25.5489]]],[[[-103.34361,25.5489],[-103.3431,25.54895],[-103.34305,25.54978],[-103.34361,25.5489]]],[[[-103.34304,25.54751],[-103.34309,25.54861],[-103.34368,25.54868],[-103.34304,25.54751]]],[[[-103.34555,25.54755],[-103.34443,25.54754],[-103.34466,25.54843],[-103.34384,25.54868],[-103.34484,25.54868],[-103.34467,25.54773],[-103.34555,25.54755]]],[[[-103.34417,25.5484],[-103.34434,25.54781],[-103.34335,25.5478],[-103.34417,25.5484]]],[[[-103.3386,25.55202],[-103.33777,25.55221],[-103.33749,25.55133],[-103.33867,25.55069],[-103.33717,25.55132],[-103.33758,25.55259],[-103.3383,25.55214],[-103.33779,25.55388],[-103.33852,25.55376],[-103.3386,25.55202]]],[[[-103.34047,25.55523],[-103.34063,25.55416],[-103.33866,25.55432],[-103.34034,25.5543],[-103.34047,25.55523]]],[[[-103.33669,25.55548],[-103.3376,25.55537],[-103.33764,25.55448],[-103.33661,25.55462],[-103.33732,25.55476],[-103.33669,25.55548]]],[[[-103.33681,25.55676],[-103.33754,25.55676],[-103.3369,25.55585],[-103.33759,25.55549],[-103.3366,25.55561],[-103.33681,25.55676]]],[[[-103.33632,25.5557],[-103.33631,25.55739],[-103.33837,25.55741],[-103.33846,25.55539],[-103.33772,25.55548],[-103.33808,25.55728],[-103.33645,25.55726],[-103.33632,25.5557]]],[[[-103.33665,25.55713],[-103.33795,25.55715],[-103.33801,25.55583],[-103.33766,25.55688],[-103.33665,25.55713]]],[[[-103.31842,25.5421],[-103.31788,25.54261],[-103.31862,25.54238],[-103.31865,25.54299],[-103.31789,25.54275],[-103.31792,25.54328],[-103.31894,25.54322],[-103.31842,25.5421]]],[[[-103.31759,25.54283],[-103.31675,25.5431],[-103.31671,25.54241],[-103.31772,25.54261],[-103.3177,25.54215],[-103.31525,25.54226],[-103.31527,25.54271],[-103.31642,25.54244],[-103.31645,25.54304],[-103.31526,25.54286],[-103.31528,25.54335],[-103.31776,25.54329],[-103.31759,25.54283]]],[[[-103.3151,25.54264],[-103.31487,25.54214],[-103.31293,25.54233],[-103.31368,25.54257],[-103.31362,25.54318],[-103.31305,25.54271],[-103.3118,25.54314],[-103.31201,25.54256],[-103.31278,25.5426],[-103.31193,25.54231],[-103.31164,25.54341],[-103.31511,25.54335],[-103.31505,25.54286],[-103.31391,25.54315],[-103.3138,25.54255],[-103.3151,25.54264]]],[[[-103.31374,25.54194],[-103.31502,25.54186],[-103.3149,25.54121],[-103.31385,25.54187],[-103.31382,25.54123],[-103.31463,25.54128],[-103.31382,25.54108],[-103.31379,25.54043],[-103.31472,25.54039],[-103.31502,25.54105],[-103.315,25.54027],[-103.31245,25.54039],[-103.31219,25.54135],[-103.31294,25.54133],[-103.31232,25.54109],[-103.31257,25.54049],[-103.3135,25.54043],[-103.31314,25.54213],[-103.31374,25.54194]]],[[[-103.31658,25.542],[-103.31797,25.54195],[-103.31793,25.5411],[-103.31768,25.5417],[-103.3167,25.54172],[-103.31667,25.54121],[-103.3175,25.54118],[-103.31667,25.54101],[-103.31664,25.54037],[-103.31769,25.54041],[-103.31764,25.54096],[-103.31826,25.5406],[-103.31835,25.54173],[-103.31832,25.54047],[-103.31517,25.54027],[-103.3152,25.54106],[-103.31545,25.5404],[-103.31636,25.54038],[-103.31638,25.54103],[-103.31562,25.54124],[-103.31639,25.54114],[-103.31641,25.54174],[-103.3152,25.5412],[-103.31523,25.54179],[-103.31658,25.542]]],[[[-103.31795,25.53985],[-103.31732,25.53786],[-103.31548,25.5379],[-103.31732,25.53786],[-103.31665,25.53525],[-103.31383,25.53511],[-103.31256,25.53998],[-103.31795,25.53985]]],[[[-103.31939,25.54579],[-103.31921,25.54496],[-103.3184,25.54494],[-103.31939,25.54579]]],[[[-103.31848,25.54472],[-103.31915,25.5446],[-103.31899,25.54364],[-103.31757,25.54354],[-103.31885,25.54372],[-103.319,25.54452],[-103.31848,25.54472]]],[[[-103.31438,25.5462],[-103.31552,25.54499],[-103.31699,25.54498],[-103.31552,25.54474],[-103.31544,25.54381],[-103.31699,25.54355],[-103.31515,25.54358],[-103.31519,25.54549],[-103.31438,25.5462]]],[[[-103.33124,25.55686],[-103.3323,25.55722],[-103.33142,25.55705],[-103.33068,25.55477],[-103.33124,25.55686]]],[[[-103.33064,25.5553],[-103.32924,25.55518],[-103.32936,25.55607],[-103.32938,25.55532],[-103.33064,25.5553]]],[[[-103.33138,25.55932],[-103.33157,25.5588],[-103.32935,25.55842],[-103.33138,25.55932]]],[[[-103.32827,25.55914],[-103.32678,25.55799],[-103.32918,25.55975],[-103.32917,25.55919],[-103.32827,25.55914]]],[[[-103.32916,25.5585],[-103.32915,25.5575],[-103.32673,25.55633],[-103.32684,25.55729],[-103.32916,25.5585]]],[[[-103.31702,25.54572],[-103.3161,25.54512],[-103.31611,25.54588],[-103.31702,25.54572]]],[[[-103.31064,25.54801],[-103.31297,25.54802],[-103.31061,25.54786],[-103.31057,25.54744],[-103.31064,25.54801]]],[[[-103.31309,25.54661],[-103.31083,25.54646],[-103.3106,25.54733],[-103.31094,25.54663],[-103.31309,25.54661]]],[[[-103.31966,25.54752],[-103.31952,25.54657],[-103.31782,25.54641],[-103.3194,25.54667],[-103.31966,25.54752]]],[[[-103.31561,25.5471],[-103.3176,25.54641],[-103.31618,25.54638],[-103.31561,25.5471]]],[[[-103.32613,25.5544],[-103.32563,25.55367],[-103.3247,25.55424],[-103.32471,25.55354],[-103.32606,25.55356],[-103.32602,25.55296],[-103.32551,25.5534],[-103.32524,25.55267],[-103.32537,25.5534],[-103.32455,25.55338],[-103.32458,25.55241],[-103.32342,25.55239],[-103.32443,25.55254],[-103.32441,25.55339],[-103.32322,25.55337],[-103.32299,25.5523],[-103.32254,25.55395],[-103.32441,25.55364],[-103.32438,25.55447],[-103.32235,25.5543],[-103.32574,25.55558],[-103.32619,25.55492],[-103.32572,25.55533],[-103.32451,25.55486],[-103.32547,25.55452],[-103.32559,25.55515],[-103.32613,25.5544]]],[[[-103.32458,25.55241],[-103.32455,25.55339],[-103.32537,25.5534],[-103.32469,25.55326],[-103.32458,25.55241]]],[[[-103.32111,25.55383],[-103.32221,25.55425],[-103.32248,25.55371],[-103.32125,25.55361],[-103.32126,25.55317],[-103.32254,25.55357],[-103.32282,25.55227],[-103.32242,25.55293],[-103.32124,25.55291],[-103.32125,25.55243],[-103.32237,25.55232],[-103.32109,25.55229],[-103.32111,25.55383]]],[[[-103.31994,25.54987],[-103.3187,25.54995],[-103.31874,25.54926],[-103.31789,25.54902],[-103.31859,25.54937],[-103.3184,25.54993],[-103.3171,25.54984],[-103.31715,25.54922],[-103.31681,25.54982],[-103.31387,25.54965],[-103.31362,25.54901],[-103.31357,25.54963],[-103.31227,25.54954],[-103.31201,25.5489],[-103.31197,25.54952],[-103.31098,25.54947],[-103.3109,25.54859],[-103.30972,25.55076],[-103.31064,25.55089],[-103.3099,25.55058],[-103.31017,25.54955],[-103.31147,25.54963],[-103.31139,25.55066],[-103.3108,25.5509],[-103.31225,25.55097],[-103.31165,25.55068],[-103.31182,25.54966],[-103.31305,25.54971],[-103.31256,25.55095],[-103.31386,25.55095],[-103.31328,25.55065],[-103.31334,25.54974],[-103.31469,25.54982],[-103.31463,25.55074],[-103.31401,25.55097],[-103.31571,25.5514],[-103.31606,25.55078],[-103.31488,25.55078],[-103.31494,25.54984],[-103.31629,25.54992],[-103.31636,25.55092],[-103.31713,25.55096],[-103.31657,25.54994],[-103.31792,25.55001],[-103.31729,25.55097],[-103.3187,25.55105],[-103.3182,25.55005],[-103.31957,25.55013],[-103.31888,25.55108],[-103.31964,25.55113],[-103.31994,25.54987]]],[[[-103.31899,25.55143],[-103.31961,25.55159],[-103.31954,25.55294],[-103.31838,25.55251],[-103.31846,25.55127],[-103.31774,25.55123],[-103.31846,25.55169],[-103.31814,25.55239],[-103.3169,25.55174],[-103.31758,25.55122],[-103.31664,25.55189],[-103.31949,25.5532],[-103.31976,25.55135],[-103.31899,25.55143]]],[[[-103.31923,25.55244],[-103.31876,25.55199],[-103.31855,25.55246],[-103.31923,25.55244]]],[[[-103.31567,25.5508],[-103.31615,25.55003],[-103.31504,25.55046],[-103.31567,25.5508]]],[[[-103.31069,25.55008],[-103.31027,25.54968],[-103.31007,25.55044],[-103.31069,25.55008]]],[[[-103.37686,25.57003],[-103.37615,25.56993],[-103.37675,25.57013],[-103.37617,25.57034],[-103.37678,25.57112],[-103.3762,25.57124],[-103.3769,25.57122],[-103.37686,25.57003]]],[[[-103.37603,25.57085],[-103.37532,25.57077],[-103.37601,25.57035],[-103.3753,25.57037],[-103.37599,25.56995],[-103.37529,25.56997],[-103.37598,25.56955],[-103.37527,25.56939],[-103.37597,25.56926],[-103.37444,25.56931],[-103.37502,25.56939],[-103.37445,25.5696],[-103.37504,25.56979],[-103.37447,25.57021],[-103.37505,25.57019],[-103.3745,25.571],[-103.37509,25.57117],[-103.37451,25.57129],[-103.37603,25.57085]]],[[[-103.37432,25.57051],[-103.3738,25.57042],[-103.37429,25.56971],[-103.37364,25.56973],[-103.37379,25.57104],[-103.37432,25.57051]]],[[[-103.37835,25.59506],[-103.37941,25.59539],[-103.37887,25.59475],[-103.37978,25.59468],[-103.37983,25.59531],[-103.38026,25.59431],[-103.379,25.59431],[-103.3791,25.59385],[-103.38036,25.59392],[-103.37902,25.59365],[-103.37887,25.59489],[-103.37803,25.59488],[-103.37802,25.59639],[-103.37995,25.59626],[-103.37905,25.59616],[-103.37985,25.59551],[-103.37819,25.59622],[-103.37835,25.59506]]],[[[-103.34346,25.54691],[-103.34325,25.54752],[-103.34564,25.54754],[-103.34564,25.54693],[-103.34346,25.54691]]],[[[-103.36633,25.5858],[-103.3669,25.58671],[-103.3691,25.58599],[-103.36942,25.58501],[-103.36633,25.5858]]],[[[-103.34103,25.55858],[-103.34233,25.55874],[-103.34114,25.55911],[-103.34235,25.55954],[-103.34235,25.55857],[-103.34256,25.55962],[-103.34249,25.55817],[-103.34103,25.55858]]],[[[-103.34086,25.55816],[-103.33735,25.55843],[-103.33618,25.56074],[-103.34055,25.55932],[-103.33851,25.55993],[-103.33839,25.55858],[-103.34086,25.55816]]],[[[-103.32842,25.597],[-103.32793,25.59684],[-103.32777,25.59836],[-103.33049,25.59927],[-103.33066,25.59773],[-103.32842,25.597]]],[[[-103.3331,25.59938],[-103.33302,25.59981],[-103.33918,25.60038],[-103.33924,25.59748],[-103.33585,25.59727],[-103.33569,25.59867],[-103.33904,25.59895],[-103.33343,25.59846],[-103.3331,25.59938]]],[[[-103.35267,25.59279],[-103.35427,25.59289],[-103.35425,25.59201],[-103.3523,25.59141],[-103.35267,25.59279]]],[[[-103.34948,25.55764],[-103.35046,25.55764],[-103.35051,25.55456],[-103.34741,25.55433],[-103.34745,25.55763],[-103.34948,25.55764]]],[[[-103.33066,25.59773],[-103.33046,25.59926],[-103.33189,25.59965],[-103.33251,25.59833],[-103.33066,25.59773]]],[[[-103.32869,25.59085],[-103.32846,25.59222],[-103.33233,25.59253],[-103.33232,25.59113],[-103.32869,25.59085]]],[[[-103.37709,25.56615],[-103.37769,25.5661],[-103.37741,25.56563],[-103.37709,25.56615]]],[[[-103.37486,25.56333],[-103.37499,25.56396],[-103.37527,25.56326],[-103.37486,25.56333]]],[[[-103.37312,25.56439],[-103.37398,25.56518],[-103.37387,25.5637],[-103.37312,25.56439]]],[[[-103.37123,25.56607],[-103.37214,25.56607],[-103.37093,25.56564],[-103.37123,25.56607]]],[[[-103.37054,25.56117],[-103.37065,25.56226],[-103.37112,25.56149],[-103.37054,25.56117]]],[[[-103.37012,25.5614],[-103.37025,25.56207],[-103.37058,25.56151],[-103.37012,25.5614]]],[[[-103.36947,25.56175],[-103.36936,25.56263],[-103.37003,25.56145],[-103.36947,25.56175]]],[[[-103.35379,25.56749],[-103.34986,25.56797],[-103.35092,25.56962],[-103.35428,25.56875],[-103.35379,25.56749]]],[[[-103.3655,25.56402],[-103.36592,25.56458],[-103.36617,25.5642],[-103.3655,25.56402]]],[[[-103.36306,25.56907],[-103.36344,25.56871],[-103.36217,25.56826],[-103.36306,25.56907]]],[[[-103.36355,25.56855],[-103.36389,25.56892],[-103.36442,25.56775],[-103.36355,25.56855]]],[[[-103.36181,25.56767],[-103.36185,25.56846],[-103.36229,25.56777],[-103.36181,25.56767]]],[[[-103.36005,25.56862],[-103.35959,25.56958],[-103.36055,25.56854],[-103.36005,25.56862]]],[[[-103.34085,25.5595],[-103.34088,25.55859],[-103.34068,25.55937],[-103.33915,25.56004],[-103.34085,25.5595]]],[[[-103.34337,25.5454],[-103.34332,25.54645],[-103.3452,25.54646],[-103.34337,25.5454]]],[[[-103.36192,25.57989],[-103.3619,25.58029],[-103.36278,25.57985],[-103.36192,25.57989]]],[[[-103.35616,25.57663],[-103.35562,25.57654],[-103.35519,25.57745],[-103.35582,25.57673],[-103.35708,25.577],[-103.35689,25.57785],[-103.35556,25.57764],[-103.35687,25.57824],[-103.35626,25.57918],[-103.35501,25.57795],[-103.3563,25.57943],[-103.35731,25.57682],[-103.35616,25.57663]]],[[[-103.32654,25.53932],[-103.32746,25.53919],[-103.3265,25.53887],[-103.3273,25.53854],[-103.32641,25.53853],[-103.32654,25.53932]]],[[[-103.34734,25.54879],[-103.34733,25.5496],[-103.34808,25.54961],[-103.34807,25.54879],[-103.34734,25.54879]]],[[[-103.38074,25.59378],[-103.38056,25.5943],[-103.3811,25.59443],[-103.38153,25.59304],[-103.38074,25.59378]]],[[[-103.33297,25.59342],[-103.33037,25.59338],[-103.33,25.59559],[-103.33294,25.59673],[-103.33297,25.59342]]],[[[-103.32581,25.55631],[-103.32643,25.5579],[-103.32635,25.55629],[-103.32581,25.55631]]],[[[-103.35383,25.57627],[-103.35336,25.57659],[-103.3545,25.57622],[-103.35383,25.57627]]],[[[-103.35322,25.57538],[-103.35054,25.57522],[-103.35147,25.5755],[-103.35182,25.57697],[-103.35242,25.57675],[-103.35168,25.57548],[-103.3526,25.57671],[-103.35319,25.57661],[-103.35238,25.57556],[-103.35496,25.57584],[-103.35578,25.57485],[-103.35372,25.5753],[-103.35371,25.57466],[-103.35567,25.57462],[-103.3535,25.57452],[-103.35367,25.57542],[-103.35322,25.57538]]],[[[-103.33341,25.55506],[-103.33332,25.55569],[-103.33396,25.55567],[-103.33341,25.55506]]],[[[-103.33221,25.55651],[-103.33272,25.55622],[-103.3318,25.55625],[-103.33194,25.55695],[-103.33221,25.55651]]],[[[-103.332,25.55545],[-103.33126,25.55576],[-103.33231,25.55573],[-103.33232,25.5551],[-103.332,25.55545]]],[[[-103.333,25.5571],[-103.33421,25.5573],[-103.33423,25.55679],[-103.33318,25.55711],[-103.33306,25.55611],[-103.33404,25.55606],[-103.33423,25.55664],[-103.33427,25.55541],[-103.33323,25.55581],[-103.33292,25.55481],[-103.333,25.5571]]],[[[-103.32805,25.59543],[-103.33014,25.59606],[-103.32966,25.59389],[-103.32828,25.59367],[-103.32805,25.59543]]],[[[-103.33378,25.59684],[-103.33731,25.59701],[-103.33718,25.59403],[-103.33391,25.59355],[-103.33378,25.59684]]],[[[-103.33233,25.59253],[-103.32846,25.59223],[-103.32827,25.59367],[-103.32966,25.59389],[-103.32979,25.59296],[-103.33262,25.59311],[-103.33233,25.59253]]],[[[-103.33926,25.5957],[-103.33775,25.59571],[-103.33771,25.59715],[-103.33924,25.59726],[-103.33926,25.5957]]],[[[-103.34295,25.49376],[-103.34273,25.49331],[-103.33939,25.49475],[-103.34295,25.49376]]],[[[-103.35636,25.57873],[-103.35615,25.57824],[-103.35587,25.57866],[-103.35636,25.57873]]],[[[-103.37211,25.58655],[-103.3718,25.58628],[-103.37179,25.58729],[-103.37211,25.58655]]],[[[-103.37123,25.58671],[-103.37089,25.58627],[-103.37087,25.58728],[-103.37123,25.58671]]],[[[-103.35145,25.57583],[-103.35104,25.57571],[-103.35131,25.57655],[-103.35145,25.57583]]],[[[-103.37304,25.58175],[-103.3727,25.58096],[-103.37234,25.58121],[-103.37304,25.58175]]],[[[-103.37216,25.57982],[-103.37254,25.58004],[-103.37238,25.57913],[-103.37216,25.57982]]],[[[-103.37937,25.5933],[-103.38051,25.59281],[-103.37804,25.59226],[-103.37959,25.59274],[-103.37937,25.5933]]],[[[-103.37821,25.59352],[-103.37903,25.59347],[-103.37823,25.59339],[-103.37804,25.59256],[-103.37803,25.59488],[-103.37887,25.59489],[-103.37888,25.59373],[-103.3787,25.59475],[-103.37818,25.59473],[-103.37821,25.59352]]],[[[-103.33616,25.55717],[-103.33457,25.55733],[-103.33458,25.55681],[-103.33457,25.55733],[-103.3362,25.55754],[-103.33632,25.55561],[-103.33461,25.55577],[-103.33615,25.55593],[-103.33616,25.55717]]],[[[-103.33548,25.55487],[-103.33613,25.55482],[-103.3363,25.55552],[-103.33631,25.55465],[-103.33461,25.5548],[-103.33459,25.55565],[-103.33477,25.55493],[-103.33548,25.55487]]],[[[-103.33145,25.55667],[-103.33272,25.5561],[-103.33276,25.55483],[-103.33108,25.55489],[-103.33245,25.55509],[-103.33243,25.55582],[-103.33129,25.55588],[-103.33145,25.55667]]],[[[-103.35072,25.57772],[-103.35075,25.5765],[-103.34991,25.57765],[-103.35072,25.57772]]],[[[-103.35064,25.57602],[-103.35031,25.57566],[-103.35056,25.57642],[-103.35064,25.57602]]],[[[-103.34979,25.57687],[-103.35026,25.57594],[-103.34946,25.57663],[-103.34979,25.57687]]],[[[-103.34905,25.57632],[-103.34975,25.57757],[-103.3491,25.57653],[-103.35015,25.57565],[-103.34905,25.57632]]],[[[-103.34918,25.57578],[-103.35018,25.57549],[-103.34864,25.57585],[-103.34918,25.57578]]],[[[-103.34873,25.57506],[-103.34777,25.57465],[-103.34882,25.57529],[-103.35345,25.5754],[-103.35366,25.57174],[-103.3513,25.57206],[-103.34683,25.57409],[-103.34738,25.57488],[-103.34773,25.57441],[-103.34873,25.57506]]],[[[-103.34827,25.57562],[-103.34747,25.57498],[-103.34871,25.57639],[-103.34827,25.57562]]],[[[-103.32255,25.52542],[-103.32261,25.52739],[-103.32819,25.52734],[-103.32772,25.52403],[-103.32255,25.52542]]],[[[-103.32684,25.49768],[-103.32589,25.49781],[-103.32595,25.49837],[-103.32684,25.49768]]],[[[-103.32827,25.49749],[-103.32722,25.49796],[-103.3277,25.49844],[-103.32827,25.49749]]],[[[-103.33149,25.49857],[-103.33307,25.4974],[-103.33298,25.49685],[-103.33154,25.49819],[-103.33033,25.49721],[-103.33149,25.49857]]],[[[-103.3331,25.49658],[-103.3356,25.49638],[-103.3367,25.4976],[-103.33618,25.49824],[-103.33702,25.49774],[-103.33567,25.49623],[-103.3331,25.49658]]],[[[-103.33171,25.49856],[-103.33243,25.4982],[-103.33308,25.49871],[-103.33245,25.49801],[-103.33171,25.49856]]],[[[-103.33158,25.50048],[-103.33218,25.5012],[-103.33292,25.50065],[-103.3322,25.50101],[-103.33158,25.50048]]],[[[-103.33003,25.49765],[-103.33095,25.49862],[-103.33057,25.49925],[-103.33137,25.49866],[-103.33003,25.49765]]],[[[-103.33131,25.49886],[-103.33065,25.49935],[-103.33124,25.50006],[-103.33085,25.49937],[-103.33131,25.49886]]],[[[-103.33359,25.5034],[-103.33458,25.50224],[-103.33363,25.50301],[-103.33281,25.50253],[-103.33359,25.5034]]],[[[-103.33196,25.50159],[-103.33271,25.50242],[-103.33238,25.50163],[-103.33337,25.5009],[-103.33196,25.50159]]],[[[-103.34233,25.50064],[-103.34017,25.50086],[-103.3404,25.50195],[-103.34193,25.50144],[-103.3426,25.50237],[-103.34233,25.50064]]],[[[-103.33987,25.49589],[-103.33968,25.49509],[-103.3402,25.4949],[-103.3408,25.49627],[-103.34163,25.49598],[-103.34146,25.49547],[-103.34072,25.49573],[-103.34028,25.49473],[-103.33949,25.49501],[-103.33987,25.49589]]],[[[-103.33365,25.5037],[-103.33417,25.50431],[-103.33615,25.50165],[-103.33365,25.5037]]],[[[-103.34558,25.49256],[-103.34693,25.49208],[-103.34495,25.49254],[-103.34558,25.49256]]],[[[-103.36483,25.50491],[-103.36491,25.50821],[-103.36561,25.50822],[-103.36566,25.5049],[-103.36483,25.50491]]],[[[-103.35788,25.56878],[-103.35689,25.56868],[-103.35715,25.57013],[-103.35802,25.57005],[-103.35782,25.56895],[-103.35814,25.57003],[-103.35951,25.56988],[-103.35788,25.56878]]],[[[-103.35947,25.56879],[-103.35949,25.56936],[-103.35987,25.56867],[-103.35947,25.56879]]],[[[-103.35643,25.57021],[-103.35702,25.57014],[-103.35676,25.56867],[-103.35614,25.56865],[-103.35643,25.57021]]],[[[-103.35222,25.62186],[-103.3527,25.62196],[-103.35318,25.62053],[-103.34878,25.61996],[-103.34841,25.62091],[-103.34932,25.62101],[-103.34841,25.62091],[-103.34772,25.62266],[-103.34964,25.62297],[-103.34772,25.62266],[-103.34746,25.62333],[-103.35121,25.62396],[-103.35202,25.62189],[-103.35009,25.62168],[-103.35024,25.62122],[-103.35222,25.62186]]],[[[-103.35361,25.61904],[-103.35581,25.61945],[-103.35591,25.61868],[-103.35382,25.61824],[-103.35591,25.61868],[-103.35602,25.61787],[-103.35405,25.61746],[-103.35602,25.61787],[-103.35614,25.61694],[-103.35429,25.61659],[-103.35614,25.61694],[-103.35626,25.61604],[-103.35453,25.6157],[-103.35483,25.61463],[-103.35259,25.61437],[-103.35232,25.61526],[-103.35259,25.61437],[-103.351,25.61419],[-103.34992,25.61693],[-103.3515,25.61755],[-103.34992,25.61693],[-103.34913,25.61892],[-103.35577,25.61976],[-103.35361,25.61904]]],[[[-103.34535,25.61242],[-103.35652,25.61378],[-103.35734,25.6083],[-103.3479,25.60782],[-103.34535,25.61242]]],[[[-103.35838,25.61422],[-103.36144,25.61554],[-103.36173,25.615],[-103.36144,25.61554],[-103.36204,25.61575],[-103.36395,25.61212],[-103.36125,25.61097],[-103.36395,25.61212],[-103.36433,25.61007],[-103.36225,25.60919],[-103.36188,25.6099],[-103.36349,25.61059],[-103.36188,25.60989],[-103.36225,25.60919],[-103.36042,25.60844],[-103.35777,25.61397],[-103.35838,25.61422]]],[[[-103.35835,25.6122],[-103.35768,25.6119],[-103.35736,25.61389],[-103.35835,25.6122]]],[[[-103.35885,25.61116],[-103.36042,25.60844],[-103.35827,25.60828],[-103.35801,25.60989],[-103.35904,25.60999],[-103.35847,25.61099],[-103.35787,25.61074],[-103.35768,25.6119],[-103.35858,25.61228],[-103.35885,25.61116]]],[[[-103.35888,25.61026],[-103.35801,25.60989],[-103.35787,25.61074],[-103.35847,25.61099],[-103.35888,25.61026]]],[[[-103.36319,25.62005],[-103.36274,25.61991],[-103.3621,25.62115],[-103.36463,25.62225],[-103.36532,25.62096],[-103.36319,25.62005]]],[[[-103.36523,25.61546],[-103.3645,25.61688],[-103.36524,25.61717],[-103.36599,25.61576],[-103.36523,25.61546]]],[[[-103.3602,25.61834],[-103.36063,25.61851],[-103.36109,25.61761],[-103.36047,25.61735],[-103.36109,25.61761],[-103.36155,25.61671],[-103.3573,25.61494],[-103.35699,25.61749],[-103.36041,25.61895],[-103.3602,25.61834]]],[[[-103.37562,25.60261],[-103.37625,25.60132],[-103.37485,25.60096],[-103.37604,25.60141],[-103.37469,25.60408],[-103.37339,25.60361],[-103.37651,25.6051],[-103.37751,25.60319],[-103.37824,25.60348],[-103.37965,25.60205],[-103.37907,25.60274],[-103.37934,25.60197],[-103.37858,25.60248],[-103.37899,25.60162],[-103.37819,25.60221],[-103.37791,25.60137],[-103.37746,25.6021],[-103.37812,25.60238],[-103.37616,25.60156],[-103.37562,25.60261]]],[[[-103.37224,25.60165],[-103.37359,25.60231],[-103.37424,25.60113],[-103.37274,25.60062],[-103.37224,25.60165]]],[[[-103.37474,25.60636],[-103.37568,25.60533],[-103.37501,25.60481],[-103.3733,25.60868],[-103.37563,25.60896],[-103.37636,25.60733],[-103.37474,25.60636]],[[-103.375,25.6069],[-103.37456,25.60665],[-103.37399,25.60757],[-103.37457,25.60664],[-103.375,25.6069]]],[[[-103.36907,25.6229],[-103.36546,25.62102],[-103.36477,25.62232],[-103.36642,25.62314],[-103.36733,25.62481],[-103.36907,25.6229]]],[[[-103.36609,25.61381],[-103.36523,25.61546],[-103.36601,25.61576],[-103.36526,25.61754],[-103.36702,25.6142],[-103.36854,25.61446],[-103.36609,25.61381]]],[[[-103.36841,25.59954],[-103.36774,25.59957],[-103.36781,25.60101],[-103.36473,25.6013],[-103.36822,25.60112],[-103.36851,25.59991],[-103.36792,25.60084],[-103.36786,25.59973],[-103.36841,25.59954]]],[[[-103.36702,25.6071],[-103.36574,25.60624],[-103.36619,25.60703],[-103.36797,25.60774],[-103.36702,25.6071]]],[[[-103.36855,25.60177],[-103.36976,25.60117],[-103.36862,25.60121],[-103.36855,25.60177]]],[[[-103.3799,25.6015],[-103.38034,25.60054],[-103.3783,25.5999],[-103.37799,25.60078],[-103.37875,25.60006],[-103.37868,25.60117],[-103.37919,25.60022],[-103.37913,25.60132],[-103.37967,25.60039],[-103.37934,25.60117],[-103.38013,25.60058],[-103.3799,25.6015]]],[[[-103.37784,25.59979],[-103.37715,25.59962],[-103.37615,25.60155],[-103.3773,25.60204],[-103.37744,25.60109],[-103.37693,25.60175],[-103.37685,25.60084],[-103.37634,25.60148],[-103.37729,25.59985],[-103.37763,25.60072],[-103.37784,25.59979]]],[[[-103.36993,25.62173],[-103.36973,25.62223],[-103.37068,25.62151],[-103.36993,25.62173]]],[[[-103.36863,25.62021],[-103.3697,25.62018],[-103.3687,25.61975],[-103.36863,25.62021]]],[[[-103.36913,25.61813],[-103.36684,25.61694],[-103.36616,25.61791],[-103.36663,25.61747],[-103.36632,25.61798],[-103.36696,25.61825],[-103.36735,25.61751],[-103.36896,25.61812],[-103.36853,25.61893],[-103.36906,25.61826],[-103.37077,25.61899],[-103.36913,25.61813]]],[[[-103.36607,25.61992],[-103.36652,25.62049],[-103.36672,25.62009],[-103.36607,25.61992]]],[[[-103.37189,25.62489],[-103.37201,25.62593],[-103.37245,25.62577],[-103.37189,25.62489]]],[[[-103.37262,25.62509],[-103.37304,25.62544],[-103.37226,25.62396],[-103.37172,25.62412],[-103.37262,25.62509]]],[[[-103.37889,25.62009],[-103.3779,25.62083],[-103.37879,25.62187],[-103.37781,25.62247],[-103.37709,25.6217],[-103.37778,25.62093],[-103.37645,25.62194],[-103.3776,25.62276],[-103.37621,25.62374],[-103.37585,25.6232],[-103.37645,25.62217],[-103.37577,25.62245],[-103.37606,25.6241],[-103.37712,25.62391],[-103.37698,25.62349],[-103.37756,25.62382],[-103.3771,25.62332],[-103.37911,25.6218],[-103.38035,25.62182],[-103.38065,25.62136],[-103.3795,25.62172],[-103.38134,25.62024],[-103.38029,25.6209],[-103.37945,25.61999],[-103.38005,25.62088],[-103.3791,25.6216],[-103.3783,25.62074],[-103.37889,25.62009]]],[[[-103.37798,25.6204],[-103.37639,25.61892],[-103.37407,25.62044],[-103.37505,25.62225],[-103.37564,25.62231],[-103.37604,25.622],[-103.37514,25.622],[-103.37434,25.62053],[-103.37522,25.6201],[-103.37645,25.62143],[-103.37616,25.62191],[-103.37737,25.62097],[-103.3767,25.62125],[-103.37548,25.6198],[-103.37637,25.61916],[-103.37758,25.6208],[-103.37798,25.6204]]],[[[-103.37683,25.61882],[-103.37739,25.61804],[-103.37897,25.61947],[-103.37751,25.61789],[-103.37683,25.61882]]],[[[-103.37753,25.6242],[-103.37795,25.62509],[-103.38036,25.6246],[-103.37789,25.62399],[-103.37808,25.62453],[-103.37924,25.62454],[-103.37923,25.62498],[-103.37814,25.62491],[-103.37753,25.6242]]],[[[-103.37892,25.62327],[-103.37942,25.62408],[-103.37834,25.62383],[-103.37902,25.62363],[-103.37873,25.6233],[-103.37845,25.62416],[-103.37994,25.62423],[-103.37973,25.62362],[-103.38057,25.62362],[-103.3801,25.62423],[-103.38101,25.62425],[-103.38098,25.62331],[-103.38238,25.62334],[-103.38227,25.6242],[-103.38112,25.62405],[-103.38134,25.62479],[-103.38242,25.62457],[-103.3821,25.62187],[-103.38022,25.62217],[-103.38187,25.62204],[-103.38176,25.62297],[-103.3801,25.62226],[-103.38063,25.62338],[-103.37929,25.62317],[-103.37996,25.62292],[-103.37967,25.62258],[-103.37892,25.62327]]],[[[-103.38048,25.62496],[-103.38129,25.62587],[-103.38251,25.6259],[-103.38272,25.62457],[-103.38234,25.62571],[-103.38142,25.62569],[-103.381,25.62443],[-103.38048,25.62496]]],[[[-103.38217,25.62468],[-103.3815,25.62557],[-103.38222,25.62559],[-103.38217,25.62468]]],[[[-103.36859,25.65894],[-103.36935,25.66023],[-103.36912,25.65871],[-103.36859,25.65894]]],[[[-103.36794,25.66032],[-103.36775,25.65917],[-103.36771,25.66007],[-103.36698,25.66016],[-103.36794,25.66032]]],[[[-103.36887,25.66113],[-103.36821,25.6593],[-103.36852,25.66134],[-103.36887,25.66113]]],[[[-103.3672,25.66176],[-103.36678,25.65988],[-103.36832,25.65892],[-103.36802,25.65852],[-103.36658,25.65982],[-103.3672,25.66176]]],[[[-103.3596,25.6186],[-103.35699,25.61749],[-103.3567,25.61983],[-103.35979,25.62015],[-103.36041,25.61895],[-103.3596,25.6186]]],[[[-103.36514,25.61048],[-103.36204,25.61575],[-103.36363,25.61646],[-103.36619,25.61137],[-103.36514,25.61048]]],[[[-103.4227,25.59547],[-103.42305,25.59581],[-103.42345,25.59509],[-103.4227,25.59547]]],[[[-103.36667,25.61876],[-103.36613,25.61976],[-103.36789,25.62004],[-103.36818,25.6194],[-103.36667,25.61876]]],[[[-103.34414,25.62278],[-103.3466,25.62319],[-103.34695,25.62227],[-103.3447,25.62147],[-103.34695,25.62227],[-103.3475,25.62082],[-103.34662,25.62052],[-103.3475,25.62082],[-103.34784,25.61992],[-103.34165,25.61908],[-103.34067,25.62093],[-103.34216,25.62123],[-103.34156,25.62239],[-103.34414,25.62278]]],[[[-103.34417,25.61733],[-103.34612,25.61358],[-103.34479,25.61342],[-103.34298,25.61682],[-103.34409,25.61746],[-103.34298,25.61682],[-103.34233,25.61803],[-103.34824,25.61881],[-103.3485,25.61816],[-103.34639,25.61742],[-103.3485,25.61816],[-103.34886,25.61726],[-103.34674,25.61657],[-103.34886,25.61726],[-103.34932,25.61612],[-103.34844,25.61557],[-103.34932,25.61612],[-103.35013,25.61409],[-103.34773,25.61421],[-103.3479,25.61381],[-103.34612,25.61358],[-103.34417,25.61733]]],[[[-103.35469,25.61513],[-103.35453,25.6157],[-103.35626,25.61604],[-103.3564,25.61495],[-103.35483,25.61463],[-103.35642,25.61485],[-103.35482,25.61463],[-103.35469,25.61513]]],[[[-103.34067,25.62093],[-103.34003,25.62212],[-103.34156,25.62239],[-103.34215,25.62124],[-103.34067,25.62093]]],[[[-103.3664,25.60754],[-103.36591,25.60718],[-103.36498,25.60948],[-103.36663,25.61053],[-103.36797,25.60792],[-103.3664,25.60754]]],[[[-103.35611,25.62209],[-103.35769,25.62239],[-103.35611,25.62209],[-103.35584,25.62444],[-103.3572,25.62461],[-103.35787,25.62329],[-103.35691,25.62252],[-103.35751,25.62274],[-103.35904,25.62097],[-103.35626,25.62078],[-103.35611,25.62209]]],[[[-103.35862,25.62258],[-103.3572,25.62461],[-103.35882,25.62482],[-103.36046,25.62158],[-103.35904,25.62097],[-103.35862,25.62258]]],[[[-103.36189,25.61686],[-103.35979,25.62015],[-103.36117,25.62076],[-103.36295,25.61733],[-103.36189,25.61686]]],[[[-103.36074,25.61957],[-103.36075,25.62035],[-103.36127,25.61932],[-103.36074,25.61957]]],[[[-103.36347,25.6187],[-103.36443,25.61913],[-103.36498,25.61805],[-103.36406,25.61767],[-103.36347,25.6187]]],[[[-103.35696,25.60728],[-103.3488,25.60613],[-103.34837,25.60694],[-103.35696,25.60728]]],[[[-103.34531,25.61997],[-103.34548,25.61955],[-103.34387,25.61935],[-103.34531,25.61997]]],[[[-103.35696,25.60728],[-103.35742,25.60737],[-103.35852,25.60015],[-103.35729,25.59976],[-103.3518,25.60052],[-103.3488,25.60613],[-103.35696,25.60728]]],[[[-103.37523,25.60601],[-103.37474,25.60636],[-103.37636,25.60733],[-103.37682,25.60635],[-103.37523,25.60601]]],[[[-103.36419,25.60916],[-103.36494,25.6089],[-103.36498,25.60948],[-103.36575,25.60692],[-103.36091,25.6078],[-103.36419,25.60916]]],[[[-103.36021,25.62499],[-103.36296,25.62536],[-103.36411,25.62321],[-103.36169,25.62213],[-103.36021,25.62499]]],[[[-103.36425,25.62327],[-103.36313,25.62538],[-103.36576,25.62601],[-103.36641,25.62552],[-103.36565,25.62397],[-103.36425,25.62327]]],[[[-103.3691,25.60814],[-103.36882,25.60848],[-103.36995,25.60849],[-103.3691,25.60814]]],[[[-103.36984,25.60748],[-103.37045,25.60714],[-103.36947,25.60712],[-103.36984,25.60748]]],[[[-103.36941,25.60944],[-103.36969,25.60912],[-103.36835,25.6093],[-103.36941,25.60944]]],[[[-103.36908,25.60896],[-103.36958,25.60864],[-103.36866,25.60863],[-103.36908,25.60896]]],[[[-103.3701,25.60961],[-103.36807,25.60991],[-103.37026,25.61001],[-103.3701,25.60961]]],[[[-103.37201,25.60767],[-103.36982,25.60572],[-103.37327,25.60874],[-103.37201,25.60767]]],[[[-103.3685,25.60823],[-103.36777,25.60964],[-103.36978,25.60622],[-103.3685,25.60823]]],[[[-103.36936,25.61056],[-103.36744,25.61117],[-103.36891,25.61115],[-103.36936,25.61056]]],[[[-103.36957,25.61139],[-103.37209,25.61073],[-103.37044,25.61071],[-103.36957,25.61139]]],[[[-103.3716,25.61498],[-103.37042,25.61487],[-103.37178,25.61541],[-103.3716,25.61498]]],[[[-103.37146,25.61336],[-103.37099,25.61352],[-103.37228,25.61404],[-103.37146,25.61336]]],[[[-103.37247,25.61359],[-103.37287,25.61358],[-103.37124,25.6131],[-103.37247,25.61359]]],[[[-103.37132,25.61202],[-103.37109,25.61263],[-103.37227,25.61112],[-103.37132,25.61202]]],[[[-103.3689,25.61338],[-103.36912,25.61488],[-103.36911,25.61279],[-103.3689,25.61338]]],[[[-103.36677,25.61157],[-103.36645,25.61257],[-103.36698,25.6116],[-103.3684,25.61142],[-103.36677,25.61157]]],[[[-103.36752,25.61205],[-103.36802,25.61174],[-103.36695,25.61191],[-103.36752,25.61205]]],[[[-103.36812,25.61734],[-103.36904,25.61738],[-103.36802,25.61693],[-103.36812,25.61734]]],[[[-103.37071,25.61704],[-103.36998,25.61709],[-103.37094,25.6175],[-103.37071,25.61704]]],[[[-103.37035,25.61742],[-103.36975,25.61752],[-103.37077,25.61796],[-103.37035,25.61742]]],[[[-103.37035,25.6183],[-103.37075,25.61813],[-103.36967,25.61766],[-103.37035,25.6183]]],[[[-103.36697,25.61647],[-103.36605,25.61644],[-103.3672,25.61693],[-103.36697,25.61647]]],[[[-103.36628,25.61671],[-103.36581,25.61687],[-103.36646,25.61713],[-103.36628,25.61671]]],[[[-103.36759,25.61655],[-103.36767,25.61717],[-103.36801,25.61667],[-103.36759,25.61655]]],[[[-103.37056,25.60796],[-103.37078,25.60716],[-103.37016,25.60784],[-103.37056,25.60796]]],[[[-103.37169,25.60919],[-103.37277,25.60902],[-103.37121,25.6092],[-103.37169,25.60919]]],[[[-103.36394,25.61079],[-103.36452,25.61104],[-103.36488,25.61034],[-103.36433,25.61007],[-103.36394,25.61079]]]]},"properties":{"SIMBOLOGIA":"Habitacional densidad Alta (H6)"}},{"type":"Feature","geometry":{"type":"MultiPolygon","coordinates":[[[[-103.41355,25.55744],[-103.41269,25.55831],[-103.41352,25.55831],[-103.41355,25.55744]]],[[[-103.41465,25.55832],[-103.41558,25.5583],[-103.41514,25.55786],[-103.41465,25.55832]]],[[[-103.42225,25.55882],[-103.42274,25.55855],[-103.4218,25.55854],[-103.42225,25.55882]]],[[[-103.42161,25.55939],[-103.42162,25.55854],[-103.42046,25.55854],[-103.42045,25.56102],[-103.42161,25.55939]]],[[[-103.43137,25.55887],[-103.43276,25.55906],[-103.433,25.55861],[-103.43137,25.55887]]],[[[-103.41923,25.55907],[-103.42024,25.55907],[-103.42024,25.55852],[-103.41839,25.55853],[-103.41839,25.55906],[-103.41923,25.55907]]],[[[-103.41628,25.55879],[-103.41817,25.55907],[-103.41819,25.55852],[-103.41628,25.55879]]],[[[-103.39522,25.56337],[-103.39442,25.56333],[-103.39432,25.56421],[-103.39623,25.56489],[-103.39613,25.56601],[-103.39779,25.56246],[-103.39592,25.56183],[-103.39522,25.56337]]],[[[-103.39661,25.56049],[-103.39638,25.56101],[-103.39817,25.56162],[-103.39693,25.55983],[-103.39661,25.56049]]],[[[-103.39577,25.55974],[-103.39538,25.56068],[-103.39624,25.56097],[-103.39682,25.55974],[-103.39607,25.55904],[-103.39577,25.55974]]],[[[-103.39169,25.55757],[-103.39119,25.55815],[-103.39211,25.55814],[-103.39345,25.55675],[-103.39203,25.55559],[-103.39169,25.55757]]],[[[-103.39392,25.57049],[-103.3935,25.57178],[-103.39455,25.56947],[-103.39358,25.56975],[-103.39392,25.57049]]],[[[-103.38804,25.55851],[-103.38802,25.55892],[-103.39091,25.55916],[-103.39124,25.55863],[-103.38804,25.55851]]],[[[-103.38387,25.55891],[-103.38365,25.55832],[-103.3821,25.55829],[-103.38209,25.55913],[-103.38387,25.55891]]],[[[-103.38194,25.55912],[-103.38195,25.55829],[-103.38096,25.55827],[-103.38108,25.55911],[-103.38194,25.55912]]],[[[-103.38082,25.55843],[-103.38053,25.55906],[-103.38101,25.559],[-103.38082,25.55843]]],[[[-103.39165,25.5584],[-103.39129,25.55928],[-103.39234,25.55964],[-103.39284,25.55842],[-103.39165,25.5584]]],[[[-103.39274,25.57346],[-103.3929,25.57233],[-103.39153,25.57516],[-103.39274,25.57346]]],[[[-103.39397,25.55718],[-103.39348,25.55677],[-103.39215,25.55814],[-103.39518,25.55817],[-103.39397,25.55718]]],[[[-103.38041,25.5578],[-103.37989,25.55806],[-103.38071,25.55807],[-103.38041,25.5578]]],[[[-103.3836,25.5577],[-103.38247,25.55791],[-103.38428,25.55736],[-103.3836,25.5577]]],[[[-103.38515,25.55783],[-103.38503,25.55586],[-103.38453,25.55748],[-103.38515,25.55783]]],[[[-103.39082,25.55513],[-103.39164,25.55528],[-103.39083,25.55448],[-103.39082,25.55513]]],[[[-103.3774,25.55791],[-103.37726,25.55648],[-103.3769,25.55695],[-103.3774,25.55791]]],[[[-103.37685,25.55791],[-103.37671,25.55678],[-103.37642,25.55802],[-103.37685,25.55791]]],[[[-103.37579,25.55731],[-103.3745,25.55806],[-103.37637,25.55802],[-103.37635,25.55699],[-103.37579,25.55731]]],[[[-103.36915,25.5583],[-103.36873,25.55829],[-103.37003,25.56044],[-103.37331,25.5583],[-103.36915,25.5583]]],[[[-103.4356,25.54071],[-103.43545,25.54031],[-103.43544,25.54107],[-103.43614,25.54108],[-103.4356,25.54071]]],[[[-103.43438,25.54235],[-103.43439,25.54299],[-103.43521,25.54299],[-103.43522,25.54222],[-103.43438,25.54235]]],[[[-103.43438,25.54157],[-103.43522,25.54202],[-103.43523,25.54126],[-103.43438,25.54157]]],[[[-103.4344,25.54048],[-103.43441,25.54107],[-103.43522,25.54107],[-103.43523,25.54031],[-103.4344,25.54048]]],[[[-103.4344,25.53951],[-103.43439,25.54009],[-103.43523,25.54013],[-103.43524,25.53936],[-103.4344,25.53951]]],[[[-103.43472,25.54394],[-103.43522,25.54394],[-103.43523,25.54316],[-103.43436,25.54318],[-103.43472,25.54394]]],[[[-103.43483,25.53838],[-103.43441,25.53913],[-103.43524,25.53914],[-103.43483,25.53838]]],[[[-103.43561,25.53838],[-103.43544,25.53915],[-103.43615,25.53914],[-103.4363,25.53839],[-103.43561,25.53838]]],[[[-103.43674,25.53837],[-103.4365,25.53876],[-103.43738,25.53877],[-103.43674,25.53837]]],[[[-103.43436,25.54425],[-103.43435,25.5449],[-103.4352,25.5449],[-103.43521,25.54412],[-103.43436,25.54425]]],[[[-103.43521,25.53758],[-103.43443,25.5374],[-103.43441,25.53809],[-103.43529,25.53817],[-103.43521,25.53758]]],[[[-103.43547,25.53765],[-103.43547,25.53818],[-103.43636,25.53819],[-103.43547,25.53765]]],[[[-103.44186,25.53785],[-103.44072,25.53822],[-103.44218,25.53823],[-103.44186,25.53785]]],[[[-103.44281,25.53804],[-103.44238,25.53823],[-103.44323,25.53823],[-103.44281,25.53804]]],[[[-103.43434,25.54622],[-103.43434,25.5468],[-103.43518,25.5468],[-103.43519,25.54604],[-103.43434,25.54622]]],[[[-103.43539,25.54735],[-103.43579,25.54776],[-103.43581,25.547],[-103.43539,25.54735]]],[[[-103.43433,25.54724],[-103.43433,25.54775],[-103.43517,25.54776],[-103.43518,25.547],[-103.43433,25.54724]]],[[[-103.4337,25.54738],[-103.43406,25.54775],[-103.43412,25.547],[-103.4337,25.54738]]],[[[-103.421,25.53909],[-103.42148,25.53909],[-103.42149,25.53831],[-103.42064,25.53833],[-103.421,25.53909]]],[[[-103.4217,25.5385],[-103.42217,25.5391],[-103.42254,25.53834],[-103.4217,25.5385]]],[[[-103.425,25.53859],[-103.42569,25.53886],[-103.4257,25.53835],[-103.425,25.53859]]],[[[-103.42633,25.53838],[-103.42591,25.53911],[-103.42675,25.53912],[-103.42633,25.53838]]],[[[-103.42696,25.53874],[-103.42757,25.53912],[-103.42757,25.53839],[-103.42696,25.53874]]],[[[-103.41959,25.53907],[-103.42043,25.53908],[-103.42043,25.53833],[-103.41959,25.53832],[-103.41959,25.53907]]],[[[-103.4202,25.538],[-103.42044,25.53732],[-103.4196,25.53731],[-103.41959,25.538],[-103.4202,25.538]]],[[[-103.42065,25.5377],[-103.42148,25.53802],[-103.42149,25.53733],[-103.42065,25.5377]]],[[[-103.42212,25.53734],[-103.42169,25.53798],[-103.42254,25.53799],[-103.42212,25.53734]]],[[[-103.42316,25.53736],[-103.42276,25.53801],[-103.42359,25.53803],[-103.42316,25.53736]]],[[[-103.42422,25.53739],[-103.42381,25.53799],[-103.42465,25.53801],[-103.42422,25.53739]]],[[[-103.42634,25.53766],[-103.42593,25.53801],[-103.42676,25.53802],[-103.42634,25.53766]]],[[[-103.42717,25.53766],[-103.42697,25.53802],[-103.4278,25.53802],[-103.42781,25.5374],[-103.42717,25.53766]]],[[[-103.41896,25.53851],[-103.41938,25.5383],[-103.41854,25.53831],[-103.41896,25.53851]]],[[[-103.41853,25.53774],[-103.41938,25.53797],[-103.41939,25.5373],[-103.41853,25.53774]]],[[[-103.42803,25.53678],[-103.42886,25.53721],[-103.42889,25.53633],[-103.42803,25.53678]]],[[[-103.42945,25.53657],[-103.42921,25.53721],[-103.42998,25.53722],[-103.42999,25.53657],[-103.42945,25.53657]]],[[[-103.41686,25.53763],[-103.41642,25.53778],[-103.4173,25.53798],[-103.41731,25.53728],[-103.41686,25.53763]]],[[[-103.44386,25.53787],[-103.44344,25.53751],[-103.44345,25.53824],[-103.44428,25.53787],[-103.44386,25.53787]]],[[[-103.43482,25.55215],[-103.4343,25.55177],[-103.43432,25.55253],[-103.43515,25.55254],[-103.43515,25.55177],[-103.43482,25.55215]]],[[[-103.43536,25.55095],[-103.43572,25.55158],[-103.43581,25.55082],[-103.43536,25.55095]]],[[[-103.43324,25.55278],[-103.43408,25.55346],[-103.43407,25.55273],[-103.43324,25.55278]]],[[[-103.43364,25.55012],[-103.43411,25.54985],[-103.43328,25.54985],[-103.43364,25.55012]]],[[[-103.43432,25.55026],[-103.43516,25.55062],[-103.43516,25.54986],[-103.43432,25.55026]]],[[[-103.43384,25.54966],[-103.43411,25.54891],[-103.4336,25.5489],[-103.43384,25.54966]]],[[[-103.43446,25.54889],[-103.43433,25.54966],[-103.43517,25.54967],[-103.43516,25.54891],[-103.43446,25.54889]]],[[[-103.43503,25.5548],[-103.43433,25.55463],[-103.43428,25.5554],[-103.43512,25.55532],[-103.43503,25.5548]]],[[[-103.43323,25.55487],[-103.43322,25.55539],[-103.43406,25.55539],[-103.43399,25.55463],[-103.43323,25.55487]]],[[[-103.43328,25.54868],[-103.43409,25.54871],[-103.43407,25.54795],[-103.43328,25.54795],[-103.43328,25.54868]]],[[[-103.43453,25.54795],[-103.43432,25.54872],[-103.43517,25.54871],[-103.43517,25.54795],[-103.43453,25.54795]]],[[[-103.43428,25.55579],[-103.43427,25.55635],[-103.43511,25.55635],[-103.4347,25.55554],[-103.43428,25.55579]]],[[[-103.43322,25.55588],[-103.43321,25.55635],[-103.43406,25.55635],[-103.43406,25.55559],[-103.43322,25.55588]]],[[[-103.43426,25.55663],[-103.43426,25.55731],[-103.4351,25.55732],[-103.43426,25.55663]]],[[[-103.43321,25.55703],[-103.43405,25.55704],[-103.43405,25.55654],[-103.43321,25.55654],[-103.43321,25.55703]]],[[[-103.43425,25.55797],[-103.4351,25.55808],[-103.43511,25.55751],[-103.43426,25.5575],[-103.43425,25.55797]]],[[[-103.4223,25.55795],[-103.42191,25.55835],[-103.42277,25.55833],[-103.4223,25.55795]]],[[[-103.42546,25.55823],[-103.42489,25.55838],[-103.42649,25.55836],[-103.42585,25.55785],[-103.42546,25.55823]]],[[[-103.42901,25.55792],[-103.42814,25.55839],[-103.42946,25.55788],[-103.42901,25.55792]]],[[[-103.41637,25.5503],[-103.41657,25.55096],[-103.41695,25.55058],[-103.41637,25.5503]]],[[[-103.41853,25.55016],[-103.41779,25.55091],[-103.41825,25.55128],[-103.419,25.55053],[-103.41853,25.55016]]],[[[-103.41141,25.54537],[-103.41194,25.54613],[-103.41195,25.54537],[-103.41141,25.54537]]],[[[-103.41143,25.53754],[-103.41011,25.53792],[-103.41172,25.53792],[-103.41143,25.53754]]],[[[-103.41378,25.53744],[-103.41222,25.53793],[-103.41394,25.53794],[-103.41378,25.53744]]],[[[-103.41489,25.53767],[-103.41432,25.53725],[-103.4143,25.53793],[-103.41489,25.53767]]],[[[-103.43416,25.5325],[-103.43354,25.5336],[-103.43398,25.53373],[-103.43416,25.5325]]],[[[-103.43482,25.5298],[-103.43491,25.53096],[-103.43529,25.52985],[-103.43482,25.5298]]],[[[-103.43219,25.51195],[-103.43178,25.51202],[-103.43243,25.51244],[-103.43219,25.51195]]],[[[-103.43711,25.51834],[-103.43654,25.51845],[-103.43721,25.51884],[-103.43711,25.51834]]],[[[-103.42921,25.51064],[-103.42877,25.5112],[-103.42943,25.51162],[-103.42988,25.51103],[-103.42921,25.51064]]],[[[-103.42996,25.50997],[-103.42936,25.51044],[-103.42998,25.51086],[-103.42996,25.50997]]],[[[-103.42795,25.51067],[-103.4286,25.51109],[-103.42906,25.5105],[-103.42841,25.51009],[-103.42795,25.51067]]],[[[-103.42796,25.5098],[-103.42732,25.50959],[-103.42807,25.51021],[-103.42796,25.5098]]],[[[-103.42833,25.50937],[-103.42745,25.50925],[-103.42836,25.50984],[-103.42833,25.50937]]],[[[-103.40864,25.49851],[-103.40849,25.49895],[-103.40946,25.49774],[-103.40864,25.49851]]],[[[-103.40768,25.49551],[-103.40826,25.495],[-103.40718,25.49417],[-103.40768,25.49551]]],[[[-103.40563,25.49231],[-103.40745,25.49373],[-103.40804,25.49311],[-103.4056,25.49121],[-103.40502,25.49184],[-103.40563,25.49231]]],[[[-103.39663,25.50075],[-103.39663,25.5],[-103.3961,25.5007],[-103.39663,25.50075]]],[[[-103.40365,25.49083],[-103.40487,25.49182],[-103.40519,25.49149],[-103.40394,25.49052],[-103.40365,25.49083]]],[[[-103.40366,25.50347],[-103.40413,25.504],[-103.40458,25.50361],[-103.40366,25.50347]]],[[[-103.38778,25.51652],[-103.38786,25.51718],[-103.38881,25.51722],[-103.38778,25.51652]]],[[[-103.39963,25.50672],[-103.39899,25.50698],[-103.39988,25.5075],[-103.40054,25.50696],[-103.39963,25.50672]]],[[[-103.39468,25.50447],[-103.3939,25.50392],[-103.39466,25.5026],[-103.39364,25.50397],[-103.39468,25.50447]]],[[[-103.40272,25.50722],[-103.40143,25.50662],[-103.40034,25.50777],[-103.40182,25.50861],[-103.40272,25.50722]]],[[[-103.40321,25.50513],[-103.40181,25.50634],[-103.40301,25.50715],[-103.40408,25.50549],[-103.40321,25.50513]]],[[[-103.40347,25.5033],[-103.40225,25.50393],[-103.40329,25.50461],[-103.40405,25.50397],[-103.40347,25.5033]]],[[[-103.39468,25.49533],[-103.39613,25.49408],[-103.39274,25.49462],[-103.39468,25.49533]]],[[[-103.39807,25.49296],[-103.39698,25.49373],[-103.39717,25.49418],[-103.39807,25.49296]]],[[[-103.39011,25.50196],[-103.39067,25.50171],[-103.38982,25.50123],[-103.38941,25.50174],[-103.39011,25.50196]]],[[[-103.38852,25.50116],[-103.38931,25.50171],[-103.38974,25.50119],[-103.38889,25.50072],[-103.38852,25.50116]]],[[[-103.38778,25.50042],[-103.38844,25.50112],[-103.38879,25.50069],[-103.38778,25.50042]]],[[[-103.38688,25.49984],[-103.38659,25.50022],[-103.38742,25.50068],[-103.38787,25.50015],[-103.38688,25.49984]]],[[[-103.38619,25.49918],[-103.38581,25.49964],[-103.38666,25.49997],[-103.38693,25.49961],[-103.38619,25.49918]]],[[[-103.38259,25.49775],[-103.38087,25.49702],[-103.38568,25.49956],[-103.38259,25.49775]]],[[[-103.37535,25.50955],[-103.37545,25.51008],[-103.37602,25.50992],[-103.37535,25.50955]]],[[[-103.37502,25.49673],[-103.37457,25.49702],[-103.37555,25.49687],[-103.37502,25.49673]]],[[[-103.38954,25.49512],[-103.3891,25.49519],[-103.38996,25.49533],[-103.38954,25.49512]]],[[[-103.36971,25.49854],[-103.37043,25.49787],[-103.3695,25.49783],[-103.36971,25.49854]]],[[[-103.37974,25.49658],[-103.37943,25.49693],[-103.3801,25.49685],[-103.37974,25.49658]]],[[[-103.46615,25.53444],[-103.46569,25.5345],[-103.46725,25.5346],[-103.46615,25.53444]]],[[[-103.46771,25.53491],[-103.46762,25.53545],[-103.46854,25.53555],[-103.46864,25.53499],[-103.46771,25.53491]]],[[[-103.46891,25.53634],[-103.47018,25.53519],[-103.46945,25.53508],[-103.46891,25.53634]]],[[[-103.47493,25.53416],[-103.47491,25.53524],[-103.47564,25.53548],[-103.47493,25.53416]]],[[[-103.47445,25.53514],[-103.47405,25.5353],[-103.47481,25.53538],[-103.47445,25.53514]]],[[[-103.45447,25.54569],[-103.45468,25.54527],[-103.454,25.5457],[-103.45447,25.54569]]],[[[-103.45741,25.54362],[-103.45698,25.54393],[-103.45785,25.54347],[-103.45741,25.54362]]],[[[-103.44885,25.55055],[-103.44909,25.55111],[-103.44935,25.5505],[-103.44885,25.55055]]],[[[-103.4487,25.54978],[-103.44879,25.5502],[-103.44957,25.54929],[-103.4487,25.54978]]],[[[-103.45093,25.54737],[-103.45167,25.54715],[-103.45113,25.54687],[-103.45093,25.54737]]],[[[-103.45287,25.54662],[-103.45338,25.54684],[-103.45363,25.54613],[-103.45287,25.54662]]],[[[-103.44726,25.55629],[-103.44794,25.55663],[-103.44786,25.55608],[-103.44726,25.55629]]],[[[-103.4477,25.55245],[-103.44772,25.55369],[-103.44816,25.55156],[-103.4477,25.55245]]],[[[-103.47911,25.54048],[-103.47803,25.54102],[-103.47904,25.54103],[-103.47911,25.54048]]],[[[-103.42431,25.5721],[-103.42359,25.57257],[-103.42502,25.57214],[-103.42431,25.5721]]],[[[-103.43538,25.56617],[-103.43499,25.56695],[-103.43583,25.56617],[-103.43538,25.56617]]],[[[-103.43386,25.56802],[-103.4348,25.56692],[-103.43341,25.56781],[-103.43386,25.56802]]],[[[-103.43179,25.56897],[-103.43126,25.56829],[-103.42864,25.56998],[-103.43179,25.56897]]],[[[-103.4449,25.56249],[-103.44328,25.56341],[-103.44417,25.56344],[-103.4449,25.56249]]],[[[-103.4476,25.55944],[-103.44718,25.55985],[-103.44808,25.55838],[-103.4476,25.55944]]],[[[-103.44094,25.5641],[-103.43705,25.56548],[-103.44039,25.5644],[-103.4421,25.56579],[-103.44324,25.56442],[-103.44219,25.56373],[-103.44094,25.5641]]],[[[-103.42889,25.57022],[-103.42795,25.57066],[-103.4293,25.57028],[-103.42889,25.57022]]],[[[-103.42469,25.57265],[-103.42187,25.57379],[-103.42515,25.57286],[-103.42469,25.57265]]],[[[-103.41643,25.57987],[-103.41669,25.58018],[-103.41656,25.57939],[-103.41643,25.57987]]],[[[-103.41745,25.578],[-103.41726,25.57851],[-103.41801,25.57775],[-103.41745,25.578]]],[[[-103.41677,25.57904],[-103.41698,25.57842],[-103.41645,25.57937],[-103.41677,25.57904]]],[[[-103.42034,25.57526],[-103.42129,25.57471],[-103.42077,25.57421],[-103.42034,25.57526]]],[[[-103.41926,25.5757],[-103.41882,25.57637],[-103.41967,25.57559],[-103.41926,25.5757]]],[[[-103.41751,25.57721],[-103.41574,25.57908],[-103.4153,25.58265],[-103.41626,25.57886],[-103.41751,25.57721]]],[[[-103.41563,25.5861],[-103.41518,25.58586],[-103.41543,25.58655],[-103.41563,25.5861]]],[[[-103.41582,25.58651],[-103.41432,25.58719],[-103.41389,25.58602],[-103.41427,25.58855],[-103.41618,25.587],[-103.41582,25.58651]]],[[[-103.42051,25.59128],[-103.41709,25.58882],[-103.4183,25.59066],[-103.42045,25.59218],[-103.42048,25.59284],[-103.42098,25.59268],[-103.42051,25.59128]]],[[[-103.41712,25.5883],[-103.41666,25.58817],[-103.41709,25.58882],[-103.41712,25.5883]]],[[[-103.4064,25.59456],[-103.40511,25.59502],[-103.40653,25.59571],[-103.4064,25.59456]]],[[[-103.40623,25.59727],[-103.40419,25.59722],[-103.40808,25.59758],[-103.40623,25.59727]]],[[[-103.41776,25.58726],[-103.41685,25.58739],[-103.41843,25.58752],[-103.41776,25.58726]]],[[[-103.41654,25.58704],[-103.41699,25.58676],[-103.41628,25.58558],[-103.41588,25.58607],[-103.41654,25.58704]]],[[[-103.42862,25.5961],[-103.42817,25.59684],[-103.42914,25.59728],[-103.43193,25.59676],[-103.42991,25.59588],[-103.42954,25.59653],[-103.42862,25.5961]]],[[[-103.41578,25.58479],[-103.41579,25.58565],[-103.41611,25.58444],[-103.41578,25.58479]]],[[[-103.42097,25.59133],[-103.42141,25.59262],[-103.42189,25.5909],[-103.42097,25.59133]]],[[[-103.41991,25.59019],[-103.4188,25.58959],[-103.41867,25.58884],[-103.41783,25.58893],[-103.41991,25.59019]]],[[[-103.42221,25.59414],[-103.42625,25.59597],[-103.42658,25.59538],[-103.42406,25.5942],[-103.42372,25.59477],[-103.42409,25.59414],[-103.4226,25.59348],[-103.42226,25.59406],[-103.4222,25.59331],[-103.42221,25.59414]]],[[[-103.42747,25.59579],[-103.42719,25.59634],[-103.42756,25.59566],[-103.42676,25.59529],[-103.42635,25.59602],[-103.42795,25.59674],[-103.42829,25.5962],[-103.42747,25.59579]]],[[[-103.42527,25.50813],[-103.42397,25.50737],[-103.42681,25.50998],[-103.42677,25.50914],[-103.42527,25.50813]]],[[[-103.39657,25.52575],[-103.39626,25.52537],[-103.39621,25.52613],[-103.39657,25.52575]]],[[[-103.40079,25.52282],[-103.40058,25.52349],[-103.40136,25.52369],[-103.40158,25.52297],[-103.40079,25.52282]]],[[[-103.39879,25.52191],[-103.39799,25.52186],[-103.39971,25.5223],[-103.39879,25.52191]]],[[[-103.40033,25.52293],[-103.40069,25.52275],[-103.39985,25.52253],[-103.40033,25.52293]]],[[[-103.39632,25.53318],[-103.39697,25.53109],[-103.39621,25.53089],[-103.39618,25.53362],[-103.39632,25.53318]]],[[[-103.39941,25.51932],[-103.39995,25.51965],[-103.3989,25.51898],[-103.39941,25.51932]]],[[[-103.39621,25.52891],[-103.39684,25.52832],[-103.39622,25.52816],[-103.39621,25.52891]]],[[[-103.39622,25.52798],[-103.39689,25.52815],[-103.39711,25.52746],[-103.39623,25.52723],[-103.39622,25.52798]]],[[[-103.39381,25.53025],[-103.39381,25.53066],[-103.39385,25.52979],[-103.39381,25.53025]]],[[[-103.41719,25.5011],[-103.41667,25.50093],[-103.41743,25.50152],[-103.41719,25.5011]]],[[[-103.40996,25.4976],[-103.40783,25.50026],[-103.40822,25.5005],[-103.41094,25.49697],[-103.40996,25.4976]]],[[[-103.40585,25.50248],[-103.40545,25.50299],[-103.40642,25.50318],[-103.40585,25.50248]]],[[[-103.39415,25.51794],[-103.39565,25.51795],[-103.39561,25.51928],[-103.39609,25.51928],[-103.3961,25.51773],[-103.39415,25.51794]]],[[[-103.39585,25.51986],[-103.39608,25.52027],[-103.39609,25.51939],[-103.39585,25.51986]]],[[[-103.39295,25.51793],[-103.39394,25.51816],[-103.39395,25.51771],[-103.39232,25.51771],[-103.39295,25.51793]]],[[[-103.39381,25.51872],[-103.39346,25.51955],[-103.39393,25.51973],[-103.39381,25.51872]]],[[[-103.39525,25.52476],[-103.39604,25.52477],[-103.39605,25.52428],[-103.39525,25.52427],[-103.39525,25.52476]]],[[[-103.39602,25.51503],[-103.39417,25.51483],[-103.39415,25.51667],[-103.39611,25.51667],[-103.39602,25.51503]]],[[[-103.39644,25.52036],[-103.39647,25.51813],[-103.39731,25.51826],[-103.3963,25.51781],[-103.39644,25.52036]]],[[[-103.41289,25.59622],[-103.41537,25.59614],[-103.41525,25.59525],[-103.41289,25.59622]]],[[[-103.43388,25.59207],[-103.4346,25.59425],[-103.43622,25.5952],[-103.4368,25.59468],[-103.43313,25.59104],[-103.43388,25.59207]]],[[[-103.35926,25.51295],[-103.35642,25.51323],[-103.35709,25.51429],[-103.3567,25.5134],[-103.35926,25.51295]]],[[[-103.36284,25.50385],[-103.36309,25.50441],[-103.36516,25.50424],[-103.36516,25.50371],[-103.36284,25.50385]]],[[[-103.35906,25.50555],[-103.35868,25.5048],[-103.35645,25.50515],[-103.35675,25.50569],[-103.35906,25.50555]]],[[[-103.34356,25.49849],[-103.34249,25.49783],[-103.34251,25.49884],[-103.34259,25.49798],[-103.34356,25.49849]]],[[[-103.35135,25.50382],[-103.35206,25.50396],[-103.35083,25.5032],[-103.35135,25.50382]]],[[[-103.35838,25.50276],[-103.35643,25.50356],[-103.35637,25.50465],[-103.36023,25.50425],[-103.35844,25.50399],[-103.35847,25.50448],[-103.35838,25.50276]]],[[[-103.35611,25.50369],[-103.35612,25.50314],[-103.35365,25.50429],[-103.35592,25.50463],[-103.35611,25.50369]]],[[[-103.35799,25.52124],[-103.35977,25.52104],[-103.35953,25.52057],[-103.35799,25.52124]]],[[[-103.344,25.52209],[-103.34341,25.52224],[-103.34613,25.52229],[-103.344,25.52209]]],[[[-103.36283,25.50385],[-103.36047,25.50416],[-103.36311,25.50445],[-103.36283,25.50385]]],[[[-103.35469,25.51375],[-103.35591,25.51354],[-103.35647,25.51429],[-103.35606,25.5133],[-103.35469,25.51375]]],[[[-103.33813,25.51922],[-103.33858,25.51936],[-103.33835,25.51889],[-103.33493,25.51953],[-103.33813,25.51922]]],[[[-103.3302,25.50799],[-103.33167,25.50741],[-103.33374,25.50458],[-103.3302,25.50799]]],[[[-103.36153,25.5122],[-103.36011,25.51265],[-103.36235,25.51196],[-103.36355,25.50942],[-103.36511,25.5085],[-103.3635,25.50916],[-103.36153,25.5122]]],[[[-103.39767,25.59675],[-103.39635,25.59681],[-103.39636,25.59724],[-103.39818,25.59716],[-103.39767,25.59675]]],[[[-103.39973,25.5969],[-103.39843,25.59673],[-103.39847,25.59715],[-103.40208,25.59709],[-103.39973,25.5969]]],[[[-103.37619,25.57561],[-103.3767,25.5757],[-103.37552,25.57515],[-103.37619,25.57561]]],[[[-103.35665,25.55839],[-103.35607,25.55875],[-103.35735,25.55875],[-103.35735,25.55823],[-103.35665,25.55839]]],[[[-103.38469,25.59729],[-103.38201,25.59766],[-103.39611,25.59725],[-103.3961,25.59682],[-103.38469,25.59729]]],[[[-103.36914,25.5965],[-103.36912,25.59831],[-103.37077,25.59825],[-103.37077,25.59773],[-103.36963,25.59772],[-103.36964,25.5965],[-103.36914,25.5965]]],[[[-103.3744,25.59777],[-103.37302,25.59781],[-103.37604,25.59805],[-103.3744,25.59777]]],[[[-103.30167,25.58855],[-103.30206,25.58795],[-103.30097,25.58708],[-103.30167,25.58855]]],[[[-103.30032,25.5867],[-103.29965,25.58678],[-103.30092,25.58706],[-103.30032,25.5867]]],[[[-103.29716,25.58615],[-103.29663,25.58607],[-103.29812,25.58647],[-103.29818,25.58602],[-103.29725,25.58568],[-103.29716,25.58615]]],[[[-103.30265,25.58963],[-103.30206,25.58935],[-103.30276,25.59032],[-103.30265,25.58963]]],[[[-103.29585,25.58565],[-103.29517,25.58593],[-103.2964,25.58612],[-103.29585,25.58565]]],[[[-103.30456,25.59091],[-103.30726,25.59201],[-103.30709,25.59136],[-103.30456,25.59091]]],[[[-103.30389,25.59027],[-103.30323,25.59008],[-103.30307,25.59058],[-103.30384,25.59082],[-103.30389,25.59027]]],[[[-103.30844,25.59229],[-103.30838,25.59179],[-103.30737,25.59183],[-103.3087,25.59246],[-103.30881,25.59205],[-103.30844,25.59229]]],[[[-103.30921,25.59219],[-103.30873,25.59248],[-103.30944,25.59271],[-103.30921,25.59219]]],[[[-103.30826,25.59265],[-103.30871,25.59266],[-103.30773,25.59234],[-103.30826,25.59265]]],[[[-103.30248,25.5906],[-103.30037,25.58723],[-103.30196,25.58968],[-103.30184,25.59045],[-103.30248,25.5906]]],[[[-103.36126,25.55764],[-103.35998,25.55782],[-103.36231,25.55784],[-103.36126,25.55764]]],[[[-103.34259,25.53745],[-103.34189,25.53744],[-103.34103,25.53584],[-103.3412,25.5375],[-103.34259,25.53745]]],[[[-103.34076,25.53914],[-103.3413,25.53913],[-103.341,25.53838],[-103.33979,25.53816],[-103.34076,25.53914]]],[[[-103.32863,25.55628],[-103.32831,25.55481],[-103.32661,25.55482],[-103.32668,25.55578],[-103.32863,25.55628]]],[[[-103.33092,25.55713],[-103.32966,25.55712],[-103.33137,25.55747],[-103.33092,25.55713]]],[[[-103.31949,25.5532],[-103.32033,25.5532],[-103.3202,25.55137],[-103.31976,25.55135],[-103.31949,25.5532]]],[[[-103.31964,25.55111],[-103.32025,25.55109],[-103.32015,25.55004],[-103.31964,25.55111]]],[[[-103.33936,25.53726],[-103.33933,25.53789],[-103.34076,25.5376],[-103.33936,25.53726]]],[[[-103.32661,25.5986],[-103.32268,25.59735],[-103.32231,25.59826],[-103.32822,25.59909],[-103.32661,25.5986]]],[[[-103.32206,25.59817],[-103.32246,25.5972],[-103.32153,25.59689],[-103.3211,25.59786],[-103.32206,25.59817]]],[[[-103.34249,25.55817],[-103.34277,25.5597],[-103.34269,25.55803],[-103.34098,25.55801],[-103.34249,25.55817]]],[[[-103.34007,25.60047],[-103.34213,25.60105],[-103.34474,25.60074],[-103.34007,25.60047]]],[[[-103.34092,25.59023],[-103.34015,25.59174],[-103.3401,25.5973],[-103.34092,25.59023]]],[[[-103.35099,25.58895],[-103.35146,25.589],[-103.35159,25.58732],[-103.35117,25.58725],[-103.35099,25.58895]]],[[[-103.38814,25.58237],[-103.38854,25.58252],[-103.38997,25.57929],[-103.38954,25.57915],[-103.38814,25.58237]]],[[[-103.34464,25.55819],[-103.3431,25.55804],[-103.34309,25.55858],[-103.34464,25.55819]]],[[[-103.3365,25.58807],[-103.33544,25.58828],[-103.33943,25.58855],[-103.3404,25.58836],[-103.34057,25.5876],[-103.33936,25.58823],[-103.3365,25.58807]]],[[[-103.35137,25.58524],[-103.35117,25.58722],[-103.3516,25.5873],[-103.35194,25.58351],[-103.35153,25.58338],[-103.35137,25.58524]]],[[[-103.35273,25.58465],[-103.35229,25.58452],[-103.35219,25.58568],[-103.35275,25.58582],[-103.35273,25.58465]]],[[[-103.34962,25.596],[-103.35144,25.59285],[-103.35145,25.59126],[-103.35097,25.59118],[-103.35097,25.59284],[-103.34962,25.596]]],[[[-103.34962,25.59961],[-103.34999,25.59631],[-103.34955,25.59621],[-103.34962,25.59961]]],[[[-103.35228,25.59276],[-103.3519,25.59134],[-103.35189,25.59288],[-103.35048,25.59613],[-103.35228,25.59276]]],[[[-103.36117,25.59812],[-103.36123,25.59862],[-103.36688,25.59833],[-103.36117,25.59812]]],[[[-103.3488,25.58831],[-103.34672,25.58831],[-103.35099,25.58895],[-103.3488,25.58831]]],[[[-103.38198,25.57697],[-103.38131,25.57691],[-103.38113,25.57752],[-103.38198,25.57697]]],[[[-103.3671,25.59788],[-103.36909,25.59832],[-103.36909,25.59781],[-103.3671,25.59788]]],[[[-103.38357,25.57706],[-103.38488,25.57741],[-103.38347,25.57666],[-103.38357,25.57706]]],[[[-103.35369,25.57152],[-103.35053,25.57209],[-103.34675,25.57392],[-103.35369,25.57152]]],[[[-103.3431,25.54625],[-103.34338,25.54658],[-103.34337,25.5454],[-103.3431,25.54625]]],[[[-103.34152,25.58774],[-103.34093,25.58825],[-103.34266,25.58791],[-103.34152,25.58774]]],[[[-103.33929,25.59163],[-103.33963,25.59548],[-103.34,25.59015],[-103.33929,25.59163]]],[[[-103.34251,25.58871],[-103.34388,25.58828],[-103.34083,25.58869],[-103.34051,25.59015],[-103.34116,25.58898],[-103.34251,25.58871]]],[[[-103.34169,25.58081],[-103.34189,25.58159],[-103.34223,25.58003],[-103.34169,25.58081]]],[[[-103.33961,25.59901],[-103.33924,25.59748],[-103.33918,25.60038],[-103.3396,25.60042],[-103.33961,25.59901]]],[[[-103.3419,25.5798],[-103.3431,25.57567],[-103.33763,25.5763],[-103.3427,25.57604],[-103.3419,25.5798]]],[[[-103.32833,25.52161],[-103.33489,25.5191],[-103.33818,25.51852],[-103.33596,25.51556],[-103.3377,25.51838],[-103.33468,25.51893],[-103.32833,25.52161]]],[[[-103.38807,25.58252],[-103.38678,25.58527],[-103.38724,25.58545],[-103.38847,25.58268],[-103.38807,25.58252]]],[[[-103.38673,25.58547],[-103.38645,25.58604],[-103.38701,25.58602],[-103.38673,25.58547]]],[[[-103.35603,25.57093],[-103.35248,25.57102],[-103.35089,25.57171],[-103.35638,25.57119],[-103.35603,25.57093]]],[[[-103.35231,25.58969],[-103.3519,25.58969],[-103.3523,25.59136],[-103.35231,25.58969]]],[[[-103.35097,25.59114],[-103.35145,25.59122],[-103.35146,25.58958],[-103.35098,25.58951],[-103.35097,25.59114]]],[[[-103.35173,25.58146],[-103.35212,25.5816],[-103.35188,25.57996],[-103.35173,25.58146]]],[[[-103.35156,25.58306],[-103.35197,25.58319],[-103.35165,25.58221],[-103.35156,25.58306]]],[[[-103.33504,25.57596],[-103.33414,25.57638],[-103.33547,25.57623],[-103.33504,25.57596]]],[[[-103.35244,25.58297],[-103.35271,25.58343],[-103.35266,25.58063],[-103.35244,25.58297]]],[[[-103.35086,25.59649],[-103.35043,25.59642],[-103.35046,25.59948],[-103.3509,25.59942],[-103.35086,25.59649]]],[[[-103.3331,25.59938],[-103.33343,25.59846],[-103.33278,25.59978],[-103.3331,25.59938]]],[[[-103.33625,25.55817],[-103.33521,25.56074],[-103.33658,25.55796],[-103.33145,25.55786],[-103.33625,25.55817]]],[[[-103.34086,25.55816],[-103.33735,25.55819],[-103.33591,25.5608],[-103.33754,25.55833],[-103.34086,25.55816]]],[[[-103.32565,25.49731],[-103.32391,25.49787],[-103.32331,25.49946],[-103.32434,25.49964],[-103.32584,25.4985],[-103.32569,25.49758],[-103.32696,25.49741],[-103.32565,25.49731]]],[[[-103.33615,25.50165],[-103.33418,25.50455],[-103.33652,25.50095],[-103.33615,25.50165]]],[[[-103.35007,25.57189],[-103.34635,25.57367],[-103.35063,25.57162],[-103.35007,25.57189]]],[[[-103.36222,25.51132],[-103.36357,25.50893],[-103.36561,25.50822],[-103.36339,25.50877],[-103.36222,25.51132]]],[[[-103.37902,25.5976],[-103.37797,25.59797],[-103.38168,25.59751],[-103.37902,25.5976]]],[[[-103.34659,25.56469],[-103.34559,25.5654],[-103.34539,25.56742],[-103.34659,25.56469]]],[[[-103.34476,25.57203],[-103.34372,25.57526],[-103.34487,25.57511],[-103.34622,25.57395],[-103.34407,25.57496],[-103.34476,25.57203]]],[[[-103.34429,25.57148],[-103.34295,25.57508],[-103.33769,25.57599],[-103.34321,25.57532],[-103.34429,25.57148]]],[[[-103.34606,25.57458],[-103.34635,25.57412],[-103.34367,25.57559],[-103.34316,25.57807],[-103.34394,25.57578],[-103.34606,25.57458]]],[[[-103.3926,25.63193],[-103.39428,25.63233],[-103.39351,25.63153],[-103.3926,25.63193]]],[[[-103.42725,25.60035],[-103.42669,25.6028],[-103.42718,25.60502],[-103.427,25.60216],[-103.42772,25.59998],[-103.42725,25.60035]]],[[[-103.3318,25.60092],[-103.33368,25.601],[-103.33374,25.60053],[-103.33224,25.60036],[-103.3318,25.60092]]],[[[-103.32932,25.59946],[-103.32814,25.59947],[-103.33189,25.60029],[-103.32932,25.59946]]],[[[-103.37636,25.60733],[-103.3771,25.60777],[-103.37793,25.60597],[-103.3765,25.60539],[-103.37636,25.60733]]],[[[-103.37685,25.60438],[-103.3765,25.60511],[-103.37805,25.60572],[-103.37846,25.60482],[-103.37685,25.60438]]],[[[-103.37194,25.62086],[-103.3734,25.61989],[-103.3716,25.62035],[-103.37194,25.62086]]],[[[-103.37253,25.61734],[-103.37224,25.61796],[-103.37273,25.61809],[-103.37253,25.61734]]],[[[-103.37293,25.61902],[-103.37222,25.61796],[-103.37278,25.61707],[-103.37188,25.61664],[-103.37065,25.61984],[-103.37239,25.61987],[-103.37311,25.6195],[-103.37293,25.61902]],[[-103.37168,25.61922],[-103.37183,25.6188],[-103.37281,25.61915],[-103.37185,25.6188],[-103.37168,25.61922]]],[[[-103.3792,25.60284],[-103.37862,25.60259],[-103.37824,25.60348],[-103.37897,25.60377],[-103.3792,25.60284]]],[[[-103.37699,25.60419],[-103.37846,25.60482],[-103.37897,25.60377],[-103.37751,25.60319],[-103.37699,25.60419]]],[[[-103.39004,25.59779],[-103.38996,25.59838],[-103.39065,25.59835],[-103.39004,25.59779]]],[[[-103.38565,25.59851],[-103.38584,25.59803],[-103.38522,25.59805],[-103.38565,25.59851]]],[[[-103.37932,25.60399],[-103.37882,25.6049],[-103.37972,25.60524],[-103.38021,25.6042],[-103.37932,25.60399]]],[[[-103.37639,25.62571],[-103.37601,25.62496],[-103.37477,25.62547],[-103.37554,25.62702],[-103.37681,25.62651],[-103.37639,25.62571]]],[[[-103.37469,25.6253],[-103.37602,25.62492],[-103.37542,25.62371],[-103.37413,25.62425],[-103.37469,25.6253]]],[[[-103.37735,25.62758],[-103.37689,25.62667],[-103.37562,25.62718],[-103.377,25.63001],[-103.37842,25.6295],[-103.37735,25.62758]]],[[[-103.37739,25.63058],[-103.3779,25.63005],[-103.37709,25.63014],[-103.37739,25.63058]]],[[[-103.37483,25.62256],[-103.37353,25.62305],[-103.37404,25.62408],[-103.37535,25.62354],[-103.37483,25.62256]]],[[[-103.38823,25.61992],[-103.38682,25.61988],[-103.38682,25.6205],[-103.38887,25.62059],[-103.3889,25.61994],[-103.38823,25.61992]]],[[[-103.38823,25.61912],[-103.38702,25.61912],[-103.38888,25.61967],[-103.38888,25.61912],[-103.38823,25.61912]]],[[[-103.38723,25.61977],[-103.38673,25.61923],[-103.38606,25.61976],[-103.38723,25.61977]]],[[[-103.38585,25.61891],[-103.38552,25.61975],[-103.38663,25.61907],[-103.38585,25.61891]]],[[[-103.38652,25.61891],[-103.38586,25.61816],[-103.38585,25.6189],[-103.38652,25.61891]]],[[[-103.39234,25.60736],[-103.39163,25.60771],[-103.39319,25.60849],[-103.39328,25.60788],[-103.39234,25.60736]]],[[[-103.39611,25.60935],[-103.39561,25.60965],[-103.39802,25.61092],[-103.39813,25.61034],[-103.39611,25.60935]]],[[[-103.37687,25.62577],[-103.37745,25.62695],[-103.37897,25.62676],[-103.37843,25.62562],[-103.37687,25.62577]]],[[[-103.40669,25.60937],[-103.407,25.61028],[-103.40754,25.61004],[-103.40755,25.60915],[-103.40669,25.60937]]],[[[-103.40898,25.60598],[-103.40893,25.60716],[-103.40979,25.60581],[-103.40898,25.60598]]],[[[-103.41293,25.60538],[-103.41017,25.606],[-103.41074,25.60806],[-103.41303,25.60648],[-103.41359,25.6057],[-103.41293,25.60538]]],[[[-103.4096,25.60526],[-103.40925,25.60446],[-103.40869,25.6046],[-103.40928,25.60588],[-103.40983,25.60575],[-103.4096,25.60526]]],[[[-103.41956,25.59438],[-103.41953,25.59489],[-103.4202,25.59405],[-103.41956,25.59438]]],[[[-103.41818,25.59982],[-103.41872,25.59937],[-103.4184,25.59903],[-103.41818,25.59982]]],[[[-103.41935,25.59826],[-103.41983,25.59736],[-103.4193,25.59708],[-103.41886,25.59811],[-103.41935,25.59826]]],[[[-103.41179,25.59787],[-103.41399,25.59802],[-103.41417,25.59717],[-103.41351,25.59645],[-103.40998,25.59786],[-103.41179,25.59787]]],[[[-103.42009,25.59628],[-103.41935,25.59701],[-103.41986,25.59727],[-103.42009,25.59628]]],[[[-103.41659,25.60065],[-103.41642,25.60161],[-103.4171,25.6007],[-103.41659,25.60065]]],[[[-103.41438,25.60306],[-103.41323,25.60516],[-103.4138,25.60538],[-103.41621,25.60172],[-103.41454,25.60201],[-103.41438,25.60306]]],[[[-103.40685,25.6423],[-103.40679,25.64325],[-103.40763,25.64049],[-103.40643,25.63848],[-103.40567,25.63869],[-103.40684,25.64036],[-103.40685,25.6423]]],[[[-103.40498,25.64097],[-103.40404,25.63951],[-103.40358,25.63981],[-103.40517,25.6414],[-103.40498,25.64097]]],[[[-103.40578,25.63758],[-103.40238,25.63356],[-103.40184,25.63384],[-103.40313,25.6351],[-103.40151,25.63537],[-103.40181,25.63587],[-103.40358,25.63555],[-103.40586,25.63864],[-103.40643,25.63848],[-103.40578,25.63758]]],[[[-103.4038,25.63912],[-103.40139,25.63685],[-103.4009,25.63714],[-103.40358,25.63981],[-103.4038,25.63912]]],[[[-103.40222,25.6331],[-103.40123,25.6315],[-103.4004,25.63207],[-103.40184,25.63384],[-103.40222,25.6331]]],[[[-103.39035,25.63176],[-103.39254,25.63192],[-103.39202,25.63133],[-103.39035,25.63176]]],[[[-103.38896,25.63154],[-103.38417,25.63141],[-103.38758,25.63233],[-103.38781,25.63196],[-103.38529,25.63138],[-103.39017,25.63176],[-103.38896,25.63154]]],[[[-103.38507,25.63095],[-103.38171,25.63168],[-103.3804,25.63302],[-103.38165,25.63192],[-103.38427,25.63116],[-103.38947,25.63144],[-103.39353,25.63012],[-103.38945,25.63125],[-103.38507,25.63095]]],[[[-103.39367,25.63038],[-103.39397,25.6312],[-103.39449,25.63101],[-103.39367,25.63038]]],[[[-103.39848,25.63359],[-103.39741,25.63373],[-103.39922,25.6355],[-103.39969,25.63517],[-103.39848,25.63359]]],[[[-103.41125,25.60806],[-103.41102,25.60846],[-103.41361,25.61179],[-103.41479,25.61159],[-103.41507,25.61109],[-103.41354,25.6105],[-103.41395,25.61102],[-103.4116,25.60859],[-103.41342,25.60738],[-103.41283,25.60695],[-103.41125,25.60806]]],[[[-103.41962,25.5994],[-103.42106,25.59695],[-103.42052,25.5965],[-103.4192,25.59946],[-103.41962,25.5994]]],[[[-103.42118,25.59653],[-103.42147,25.5951],[-103.42086,25.59482],[-103.42059,25.59635],[-103.42118,25.59653]]],[[[-103.42137,25.59465],[-103.42112,25.59395],[-103.42089,25.59474],[-103.42137,25.59465]]],[[[-103.42655,25.59938],[-103.42733,25.59971],[-103.4286,25.59734],[-103.42799,25.59706],[-103.42655,25.59938]]],[[[-103.42314,25.61152],[-103.41972,25.61136],[-103.4194,25.61208],[-103.42511,25.61185],[-103.42616,25.61058],[-103.42314,25.61152]]],[[[-103.41361,25.59799],[-103.41371,25.5971],[-103.41113,25.59732],[-103.4111,25.59782],[-103.41361,25.59799]]],[[[-103.37015,25.62543],[-103.37065,25.625],[-103.37004,25.62479],[-103.37028,25.62435],[-103.36959,25.62465],[-103.37015,25.62543]]],[[[-103.39324,25.63038],[-103.39242,25.63109],[-103.39392,25.63119],[-103.39324,25.63038]]],[[[-103.39178,25.63105],[-103.3923,25.63075],[-103.39128,25.63105],[-103.39178,25.63105]]],[[[-103.39438,25.6311],[-103.39407,25.63139],[-103.39531,25.63185],[-103.39438,25.6311]]],[[[-103.39448,25.6324],[-103.39686,25.63445],[-103.39708,25.6338],[-103.39558,25.63229],[-103.39403,25.63167],[-103.39448,25.6324]]],[[[-103.39881,25.63583],[-103.39728,25.634],[-103.39701,25.6346],[-103.39881,25.63583]]],[[[-103.40078,25.63625],[-103.39969,25.63517],[-103.39922,25.6355],[-103.40083,25.63697],[-103.40125,25.63671],[-103.40078,25.63625]]],[[[-103.40474,25.64218],[-103.40519,25.64182],[-103.40335,25.63999],[-103.4029,25.64036],[-103.40474,25.64218]]],[[[-103.40067,25.63814],[-103.40291,25.64035],[-103.40334,25.63999],[-103.40077,25.63743],[-103.40067,25.63814]]],[[[-103.40049,25.63797],[-103.40059,25.63724],[-103.39899,25.63568],[-103.39875,25.63625],[-103.40049,25.63797]]],[[[-103.40485,25.64343],[-103.40545,25.64311],[-103.40524,25.64187],[-103.40485,25.64343]]],[[[-103.41279,25.61202],[-103.41337,25.61187],[-103.41224,25.61057],[-103.41279,25.61202]]],[[[-103.41376,25.60582],[-103.41293,25.60684],[-103.41354,25.60729],[-103.41452,25.60595],[-103.41376,25.60582]]],[[[-103.42647,25.61064],[-103.42677,25.61014],[-103.42597,25.60999],[-103.42603,25.61119],[-103.42647,25.61064]]],[[[-103.41585,25.60396],[-103.41457,25.6046],[-103.41566,25.60478],[-103.41585,25.60396]]],[[[-103.41695,25.60141],[-103.41619,25.60223],[-103.41676,25.60234],[-103.41695,25.60141]]],[[[-103.39336,25.6091],[-103.39518,25.61043],[-103.3952,25.60978],[-103.39336,25.6091]]],[[[-103.39148,25.60987],[-103.39315,25.60902],[-103.3919,25.60912],[-103.39148,25.60987]]],[[[-103.39562,25.61065],[-103.39748,25.61161],[-103.3978,25.61107],[-103.39557,25.61],[-103.39562,25.61065]]],[[[-103.39688,25.59756],[-103.39693,25.59861],[-103.39827,25.59857],[-103.39824,25.59754],[-103.39688,25.59756]]],[[[-103.37325,25.61373],[-103.37197,25.61642],[-103.37257,25.61668],[-103.37417,25.6141],[-103.37325,25.61373]]],[[[-103.37564,25.60896],[-103.37663,25.60879],[-103.3771,25.60777],[-103.37636,25.60733],[-103.37564,25.60896]]],[[[-103.3935,25.60802],[-103.39346,25.60859],[-103.39388,25.60825],[-103.3935,25.60802]]],[[[-103.42619,25.60966],[-103.42682,25.61001],[-103.42715,25.6094],[-103.42731,25.60696],[-103.42619,25.60966]]],[[[-103.41743,25.61099],[-103.41543,25.61084],[-103.41501,25.6116],[-103.4192,25.61205],[-103.41951,25.61134],[-103.41743,25.61099]]],[[[-103.39407,25.60836],[-103.39364,25.60869],[-103.39541,25.60948],[-103.39407,25.60836]]],[[[-103.3923,25.60826],[-103.39122,25.60795],[-103.39127,25.60931],[-103.39291,25.60865],[-103.3923,25.60826]]],[[[-103.37652,25.61086],[-103.37691,25.61],[-103.37877,25.61067],[-103.37528,25.61359],[-103.37933,25.61062],[-103.37672,25.60957],[-103.37469,25.61402],[-103.37652,25.61086]]],[[[-103.42806,25.59861],[-103.42775,25.59989],[-103.42919,25.59767],[-103.42878,25.59742],[-103.42806,25.59861]]],[[[-103.37732,25.60904],[-103.37955,25.61026],[-103.38219,25.60902],[-103.37963,25.60992],[-103.37732,25.60904]]],[[[-103.40818,25.60824],[-103.40803,25.60981],[-103.41048,25.60823],[-103.40991,25.60662],[-103.40818,25.60824]]],[[[-103.38777,25.60883],[-103.38976,25.60763],[-103.38594,25.60678],[-103.3893,25.60766],[-103.38777,25.60883]]],[[[-103.38219,25.61309],[-103.38033,25.61082],[-103.38248,25.60933],[-103.37988,25.61071],[-103.38217,25.61348],[-103.3846,25.6116],[-103.38219,25.61309]]],[[[-103.37375,25.61911],[-103.37349,25.61742],[-103.37477,25.6146],[-103.37606,25.61328],[-103.37447,25.61451],[-103.37318,25.61729],[-103.37363,25.61942],[-103.37864,25.61613],[-103.37375,25.61911]]],[[[-103.37872,25.61575],[-103.38194,25.61363],[-103.37948,25.6108],[-103.37635,25.61307],[-103.37942,25.61124],[-103.3815,25.61363],[-103.37872,25.61575]]]]},"properties":{"SIMBOLOGIA":"Corredor Urbano, habitacional, comercio y servicios (CU1.1)"}},{"type":"Feature","geometry":{"type":"MultiPolygon","coordinates":[[[[-103.40728,25.55732],[-103.40781,25.55776],[-103.40919,25.55636],[-103.40866,25.55592],[-103.40728,25.55732]]],[[[-103.41934,25.56415],[-103.42006,25.56405],[-103.42009,25.56328],[-103.41934,25.56415]]],[[[-103.41887,25.56367],[-103.42016,25.56309],[-103.41971,25.56273],[-103.41887,25.56367]]],[[[-103.41973,25.56661],[-103.42021,25.56671],[-103.41998,25.56616],[-103.41973,25.56661]]],[[[-103.41874,25.56559],[-103.42005,25.56502],[-103.41965,25.56461],[-103.41874,25.56559]]],[[[-103.41822,25.56507],[-103.41952,25.56449],[-103.41913,25.56409],[-103.41822,25.56507]]],[[[-103.41768,25.56452],[-103.41802,25.56485],[-103.41904,25.56401],[-103.41864,25.56361],[-103.41768,25.56452]]],[[[-103.41716,25.564],[-103.41754,25.56429],[-103.41853,25.56348],[-103.41811,25.56309],[-103.41716,25.564]]],[[[-103.41831,25.56311],[-103.41961,25.56253],[-103.41924,25.56216],[-103.41831,25.56311]]],[[[-103.41995,25.56195],[-103.41938,25.56206],[-103.41974,25.56242],[-103.41995,25.56195]]],[[[-103.41914,25.56773],[-103.41932,25.56831],[-103.42016,25.56726],[-103.41914,25.56773]]],[[[-103.41849,25.56738],[-103.41884,25.56783],[-103.41988,25.56698],[-103.41942,25.56662],[-103.41849,25.56738]]],[[[-103.41844,25.56648],[-103.41793,25.5669],[-103.41832,25.5673],[-103.41931,25.56641],[-103.41844,25.56648]]],[[[-103.41758,25.56655],[-103.41888,25.56597],[-103.41844,25.5656],[-103.41758,25.56655]]],[[[-103.41823,25.56531],[-103.41692,25.56589],[-103.41732,25.5663],[-103.41823,25.56531]]],[[[-103.41681,25.56416],[-103.41632,25.56529],[-103.41731,25.56449],[-103.41681,25.56416]]],[[[-103.41625,25.56374],[-103.41625,25.56448],[-103.41688,25.56396],[-103.41625,25.56374]]],[[[-103.41675,25.56359],[-103.41805,25.563],[-103.41764,25.5626],[-103.41675,25.56359]]],[[[-103.41789,25.56241],[-103.41813,25.56293],[-103.41917,25.56209],[-103.41871,25.56173],[-103.41789,25.56241]]],[[[-103.41905,25.56145],[-103.4193,25.56197],[-103.42013,25.56093],[-103.41905,25.56145]]],[[[-103.41923,25.56942],[-103.41911,25.57014],[-103.4201,25.56925],[-103.41923,25.56942]]],[[[-103.41856,25.56909],[-103.41869,25.56972],[-103.41972,25.56887],[-103.41929,25.56849],[-103.41856,25.56909]]],[[[-103.41817,25.56853],[-103.4182,25.56923],[-103.41924,25.56838],[-103.41883,25.56798],[-103.41817,25.56853]]],[[[-103.41754,25.56816],[-103.41772,25.56875],[-103.41876,25.56789],[-103.41835,25.5675],[-103.41754,25.56816]]],[[[-103.41702,25.56764],[-103.41725,25.56818],[-103.41824,25.56738],[-103.41783,25.56698],[-103.41702,25.56764]]],[[[-103.41645,25.56747],[-103.41776,25.5669],[-103.41735,25.56649],[-103.41645,25.56747]]],[[[-103.4171,25.56623],[-103.41624,25.56646],[-103.41622,25.56721],[-103.4171,25.56623]]],[[[-103.41642,25.56555],[-103.41626,25.56629],[-103.41676,25.56588],[-103.41642,25.56555]]],[[[-103.41628,25.56277],[-103.41649,25.56333],[-103.41753,25.56249],[-103.41713,25.56208],[-103.41628,25.56277]]],[[[-103.41735,25.56215],[-103.41859,25.5615],[-103.41825,25.56116],[-103.41735,25.56215]]],[[[-103.41858,25.56125],[-103.41977,25.56064],[-103.41937,25.56024],[-103.41858,25.56125]]],[[[-103.419,25.57054],[-103.41811,25.57127],[-103.41851,25.57167],[-103.41955,25.57082],[-103.419,25.57054]]],[[[-103.41775,25.57062],[-103.41799,25.57115],[-103.41898,25.57025],[-103.41863,25.5699],[-103.41775,25.57062]]],[[[-103.41825,25.57006],[-103.41815,25.56941],[-103.41712,25.57027],[-103.41752,25.57066],[-103.41825,25.57006]]],[[[-103.41677,25.56992],[-103.41807,25.56934],[-103.41768,25.56894],[-103.41677,25.56992]]],[[[-103.4163,25.56918],[-103.41654,25.56971],[-103.4176,25.56885],[-103.41714,25.56849],[-103.4163,25.56918]]],[[[-103.41622,25.5683],[-103.41621,25.56904],[-103.41707,25.56833],[-103.41622,25.5683]]],[[[-103.41642,25.56178],[-103.41625,25.56265],[-103.41705,25.562],[-103.41642,25.56178]]],[[[-103.41885,25.55979],[-103.4179,25.56057],[-103.41828,25.56099],[-103.41934,25.56013],[-103.41885,25.55979]]],[[[-103.41988,25.55931],[-103.41902,25.55965],[-103.41942,25.56006],[-103.41988,25.55931]]],[[[-103.41744,25.57183],[-103.41783,25.57223],[-103.41842,25.57174],[-103.41802,25.57134],[-103.41744,25.57183]]],[[[-103.41746,25.57158],[-103.4179,25.57122],[-103.41751,25.57082],[-103.41693,25.57131],[-103.41746,25.57158]]],[[[-103.41645,25.57081],[-103.41684,25.57122],[-103.41743,25.57074],[-103.41703,25.57034],[-103.41645,25.57081]]],[[[-103.41625,25.5701],[-103.41637,25.57073],[-103.41695,25.57026],[-103.41625,25.5701]]],[[[-103.41639,25.56118],[-103.4177,25.5606],[-103.41722,25.56025],[-103.41639,25.56118]]],[[[-103.4187,25.55976],[-103.41845,25.55924],[-103.41748,25.56016],[-103.41781,25.5605],[-103.4187,25.55976]]],[[[-103.41658,25.5599],[-103.41627,25.56088],[-103.41715,25.56016],[-103.41658,25.5599]]],[[[-103.41738,25.55925],[-103.41694,25.55961],[-103.4174,25.55996],[-103.41817,25.55932],[-103.41738,25.55925]]],[[[-103.41628,25.55946],[-103.41627,25.56001],[-103.41672,25.55963],[-103.41628,25.55946]]],[[[-103.40401,25.53598],[-103.40406,25.53721],[-103.40574,25.53742],[-103.40576,25.5358],[-103.40401,25.53598]]],[[[-103.395,25.56664],[-103.39525,25.56703],[-103.39572,25.56603],[-103.395,25.56664]]],[[[-103.39481,25.56659],[-103.39515,25.56583],[-103.3944,25.56557],[-103.39393,25.56659],[-103.39481,25.56659]]],[[[-103.39429,25.56773],[-103.39463,25.56698],[-103.39388,25.56673],[-103.39342,25.56773],[-103.39429,25.56773]]],[[[-103.39484,25.56792],[-103.39482,25.56704],[-103.39436,25.56804],[-103.39484,25.56792]]],[[[-103.39434,25.56908],[-103.39431,25.56818],[-103.39385,25.56919],[-103.39434,25.56908]]],[[[-103.39378,25.56888],[-103.39413,25.56812],[-103.39338,25.56787],[-103.39292,25.56887],[-103.39378,25.56888]]],[[[-103.39325,25.5699],[-103.39365,25.56916],[-103.3929,25.56891],[-103.39265,25.56941],[-103.39325,25.5699]]],[[[-103.39589,25.56564],[-103.39587,25.56476],[-103.39541,25.56575],[-103.39589,25.56564]]],[[[-103.3953,25.56456],[-103.39447,25.56544],[-103.39522,25.56569],[-103.3953,25.56456]]],[[[-103.39442,25.56515],[-103.39449,25.56426],[-103.39367,25.56508],[-103.39442,25.56515]]],[[[-103.3937,25.56676],[-103.39317,25.56648],[-103.39273,25.56749],[-103.39327,25.56706],[-103.39328,25.56768],[-103.3937,25.56676]]],[[[-103.39259,25.56925],[-103.39324,25.56783],[-103.3922,25.56747],[-103.39259,25.56925]]],[[[-103.39179,25.57466],[-103.3929,25.57233],[-103.39223,25.57185],[-103.39221,25.57243],[-103.39109,25.57214],[-103.39034,25.57118],[-103.3908,25.57091],[-103.38739,25.56725],[-103.38699,25.56745],[-103.39007,25.57379],[-103.39128,25.5744],[-103.39102,25.57497],[-103.39179,25.57466]]],[[[-103.39229,25.56576],[-103.39378,25.56653],[-103.39426,25.56552],[-103.39372,25.56621],[-103.39229,25.56576]]],[[[-103.39313,25.57183],[-103.39203,25.57152],[-103.39293,25.57227],[-103.39313,25.57183]]],[[[-103.41875,25.54439],[-103.41823,25.54421],[-103.41907,25.5448],[-103.41875,25.54439]]],[[[-103.41747,25.54384],[-103.41709,25.54401],[-103.41853,25.5447],[-103.41747,25.54384]]],[[[-103.43226,25.55558],[-103.433,25.55628],[-103.43301,25.55559],[-103.43226,25.55558]]],[[[-103.42993,25.55377],[-103.43093,25.55443],[-103.43076,25.55365],[-103.42993,25.55377]]],[[[-103.42312,25.54808],[-103.42274,25.5479],[-103.42352,25.54854],[-103.42312,25.54808]]],[[[-103.42328,25.5568],[-103.42385,25.55622],[-103.4234,25.55585],[-103.42193,25.55733],[-103.42239,25.5577],[-103.42328,25.5568]]],[[[-103.42224,25.55642],[-103.42146,25.55694],[-103.42183,25.55725],[-103.42329,25.55576],[-103.42295,25.55548],[-103.42224,25.55642]]],[[[-103.42404,25.55637],[-103.42248,25.55778],[-103.42294,25.55816],[-103.4244,25.55668],[-103.42404,25.55637]]],[[[-103.42172,25.55728],[-103.42137,25.55699],[-103.42111,25.55756],[-103.42172,25.55728]]],[[[-103.42661,25.55506],[-103.42796,25.55411],[-103.4274,25.55383],[-103.42661,25.55506]]],[[[-103.42625,25.55583],[-103.42616,25.55519],[-103.42471,25.55655],[-103.42516,25.55693],[-103.42625,25.55583]]],[[[-103.42436,25.55773],[-103.42496,25.55713],[-103.4245,25.55675],[-103.42341,25.55786],[-103.42387,25.55823],[-103.42436,25.55773]]],[[[-103.42806,25.55502],[-103.42831,25.55435],[-103.42693,25.55532],[-103.42739,25.5557],[-103.42806,25.55502]]],[[[-103.4266,25.55565],[-103.42526,25.55701],[-103.42572,25.55738],[-103.42711,25.55596],[-103.4266,25.55565]]],[[[-103.4249,25.55737],[-103.42412,25.55815],[-103.42552,25.55758],[-103.4249,25.55737]]],[[[-103.42623,25.55747],[-103.42581,25.55746],[-103.42627,25.55784],[-103.42766,25.55642],[-103.42721,25.55605],[-103.42623,25.55747]]],[[[-103.42702,25.55725],[-103.42637,25.55792],[-103.42675,25.55823],[-103.42823,25.55687],[-103.42778,25.5565],[-103.42702,25.55725]]],[[[-103.42922,25.55669],[-103.42872,25.55679],[-103.42919,25.55717],[-103.42922,25.55669]]],[[[-103.42884,25.5575],[-103.42845,25.55706],[-103.4273,25.55822],[-103.42799,25.55836],[-103.42884,25.5575]]],[[[-103.4116,25.53935],[-103.41274,25.54049],[-103.41304,25.5402],[-103.4116,25.53935]]],[[[-103.36437,25.49002],[-103.36435,25.49056],[-103.3651,25.49056],[-103.36513,25.48955],[-103.36437,25.49002]]],[[[-103.36508,25.49099],[-103.36436,25.49058],[-103.36433,25.49153],[-103.36506,25.49153],[-103.36508,25.49099]]],[[[-103.36399,25.49303],[-103.36418,25.49254],[-103.36269,25.49257],[-103.36269,25.49302],[-103.36399,25.49303]]],[[[-103.36345,25.49096],[-103.36106,25.49217],[-103.36226,25.4931],[-103.3626,25.49256],[-103.36162,25.49251],[-103.36419,25.49248],[-103.36421,25.49141],[-103.36376,25.49139],[-103.36421,25.49141],[-103.36424,25.49005],[-103.3621,25.49217],[-103.36345,25.49096]]],[[[-103.36488,25.49247],[-103.36426,25.49248],[-103.36426,25.49322],[-103.36508,25.49323],[-103.36488,25.49247]]],[[[-103.36379,25.49656],[-103.36495,25.49655],[-103.36496,25.49556],[-103.36429,25.49505],[-103.36424,25.49592],[-103.36249,25.4959],[-103.36248,25.49654],[-103.36379,25.49656]]],[[[-103.36399,25.49335],[-103.36268,25.49311],[-103.36286,25.49357],[-103.36399,25.49335]]],[[[-103.36423,25.49456],[-103.36525,25.49568],[-103.36507,25.49415],[-103.36423,25.49456]]],[[[-103.42779,25.57426],[-103.42724,25.57403],[-103.42708,25.57454],[-103.42785,25.57474],[-103.42779,25.57426]]],[[[-103.42883,25.57475],[-103.42815,25.57425],[-103.428,25.57477],[-103.42883,25.57475]]],[[[-103.42948,25.57514],[-103.4298,25.57475],[-103.42904,25.57456],[-103.42948,25.57514]]],[[[-103.43065,25.57519],[-103.42995,25.57479],[-103.42982,25.57522],[-103.43065,25.57519]]],[[[-103.4309,25.57549],[-103.43181,25.57515],[-103.43089,25.57492],[-103.4309,25.57549]]],[[[-103.42699,25.57486],[-103.4277,25.57526],[-103.42781,25.57484],[-103.42699,25.57486]]],[[[-103.42946,25.57523],[-103.42875,25.57552],[-103.42952,25.57571],[-103.42946,25.57523]]],[[[-103.43024,25.57584],[-103.43085,25.57557],[-103.4297,25.57528],[-103.43024,25.57584]]],[[[-103.42647,25.57505],[-103.42693,25.57451],[-103.42551,25.57547],[-103.42589,25.57593],[-103.42647,25.57608],[-103.4266,25.57564],[-103.42581,25.57545],[-103.42663,25.57556],[-103.42647,25.57505]]],[[[-103.427,25.57519],[-103.42678,25.57559],[-103.42754,25.57577],[-103.427,25.57519]]],[[[-103.42849,25.5759],[-103.42782,25.57539],[-103.42768,25.57581],[-103.42849,25.5759]]],[[[-103.42939,25.57577],[-103.4286,25.57604],[-103.43005,25.57593],[-103.42939,25.57577]]],[[[-103.42745,25.57609],[-103.42674,25.57568],[-103.42662,25.57613],[-103.42745,25.57609]]],[[[-103.42759,25.57612],[-103.42779,25.57706],[-103.42905,25.57626],[-103.42759,25.57612]]],[[[-103.4291,25.57834],[-103.42841,25.5783],[-103.4286,25.57877],[-103.4291,25.57834]]],[[[-103.42845,25.57866],[-103.42746,25.57861],[-103.42769,25.57903],[-103.42845,25.57866]]],[[[-103.42911,25.57785],[-103.4281,25.57774],[-103.42835,25.5782],[-103.42911,25.57785]]],[[[-103.42815,25.57808],[-103.42715,25.57804],[-103.42742,25.57851],[-103.42815,25.57808]]],[[[-103.42712,25.57823],[-103.42622,25.57835],[-103.42643,25.57882],[-103.42712,25.57823]]],[[[-103.42922,25.57713],[-103.42925,25.57649],[-103.42875,25.57682],[-103.42922,25.57713]]],[[[-103.42882,25.57728],[-103.42779,25.57715],[-103.42803,25.57762],[-103.42882,25.57728]]],[[[-103.42788,25.57758],[-103.42683,25.57747],[-103.42711,25.57794],[-103.42788,25.57758]]],[[[-103.42695,25.57789],[-103.42592,25.57782],[-103.42618,25.57828],[-103.42695,25.57789]]],[[[-103.42381,25.58762],[-103.42388,25.58719],[-103.42304,25.58727],[-103.42381,25.58762],[-103.42299,25.58804],[-103.42381,25.58762]]],[[[-103.42313,25.58878],[-103.42376,25.58877],[-103.42294,25.58816],[-103.42294,25.58724],[-103.42222,25.58727],[-103.42313,25.58878]]],[[[-103.42024,25.5886],[-103.4191,25.58834],[-103.41939,25.58888],[-103.42024,25.5886]]],[[[-103.41976,25.58823],[-103.42021,25.58819],[-103.41861,25.58802],[-103.41976,25.58823]]],[[[-103.41956,25.58784],[-103.41978,25.58748],[-103.41856,25.58762],[-103.41956,25.58784]]],[[[-103.41804,25.58659],[-103.41889,25.58714],[-103.4187,25.58644],[-103.41804,25.58659]]],[[[-103.42246,25.58643],[-103.42206,25.58618],[-103.42221,25.58719],[-103.42294,25.58718],[-103.42278,25.58609],[-103.42258,25.58697],[-103.42246,25.58643]]],[[[-103.41933,25.5863],[-103.41887,25.58677],[-103.41972,25.58658],[-103.41933,25.5863]]],[[[-103.42058,25.58541],[-103.42104,25.58622],[-103.42089,25.58508],[-103.42058,25.58541]]],[[[-103.42015,25.58573],[-103.42056,25.58627],[-103.42042,25.58511],[-103.42015,25.58573]]],[[[-103.42003,25.58544],[-103.41963,25.58531],[-103.41976,25.58636],[-103.42003,25.58544]]],[[[-103.42056,25.5877],[-103.41985,25.58747],[-103.42014,25.58795],[-103.42121,25.58781],[-103.42104,25.58631],[-103.42056,25.5877]]],[[[-103.41927,25.58431],[-103.41987,25.5851],[-103.41958,25.58394],[-103.41927,25.58431]]],[[[-103.42321,25.5842],[-103.42286,25.58447],[-103.42345,25.58458],[-103.42321,25.5842]]],[[[-103.42493,25.58287],[-103.4256,25.58385],[-103.42536,25.58277],[-103.42493,25.58287]]],[[[-103.42747,25.5823],[-103.42697,25.58242],[-103.42718,25.58322],[-103.42747,25.5823]]],[[[-103.42978,25.58181],[-103.42958,25.58223],[-103.4308,25.58159],[-103.42978,25.58181]]],[[[-103.43102,25.58013],[-103.43098,25.58151],[-103.43146,25.58047],[-103.43102,25.58013]]],[[[-103.42276,25.58206],[-103.42275,25.58277],[-103.42322,25.58197],[-103.42276,25.58206]]],[[[-103.42223,25.58299],[-103.42168,25.58229],[-103.42193,25.58328],[-103.42223,25.58299]]],[[[-103.41921,25.58397],[-103.41936,25.5831],[-103.41841,25.58286],[-103.41918,25.58318],[-103.41873,25.58338],[-103.41921,25.58397]]],[[[-103.41642,25.58495],[-103.41579,25.58481],[-103.4162,25.58545],[-103.41642,25.58495]]],[[[-103.42504,25.58155],[-103.42415,25.58285],[-103.42536,25.58259],[-103.42504,25.58155]]],[[[-103.42566,25.58499],[-103.425,25.58436],[-103.42515,25.58542],[-103.42599,25.58519],[-103.42567,25.58389],[-103.42566,25.58499]]],[[[-103.39951,25.53352],[-103.40029,25.53372],[-103.40051,25.53302],[-103.39974,25.53282],[-103.39951,25.53352]]],[[[-103.40059,25.53342],[-103.4002,25.53468],[-103.40095,25.53489],[-103.40147,25.53326],[-103.40059,25.53342]]],[[[-103.39917,25.53267],[-103.39856,25.53327],[-103.39933,25.53347],[-103.39917,25.53267]]],[[[-103.39956,25.53456],[-103.40001,25.53468],[-103.40021,25.53388],[-103.3995,25.53364],[-103.39956,25.53456]]],[[[-103.39828,25.53414],[-103.39907,25.53434],[-103.3993,25.53361],[-103.3985,25.53343],[-103.39828,25.53414]]],[[[-103.3974,25.53371],[-103.39816,25.53392],[-103.39838,25.53322],[-103.39761,25.53302],[-103.3974,25.53371]]],[[[-103.39622,25.53417],[-103.39699,25.53436],[-103.39766,25.53227],[-103.39687,25.53207],[-103.39622,25.53417]]],[[[-103.39993,25.53222],[-103.40057,25.53284],[-103.40078,25.53216],[-103.39993,25.53222]]],[[[-103.36374,25.49411],[-103.36417,25.49365],[-103.36285,25.49363],[-103.36374,25.49411]]],[[[-103.36356,25.49443],[-103.36191,25.49309],[-103.36187,25.49573],[-103.36406,25.49574],[-103.36356,25.49443]]],[[[-103.36046,25.4926],[-103.35857,25.49383],[-103.3609,25.4957],[-103.36173,25.49572],[-103.36178,25.49299],[-103.3609,25.49231],[-103.36046,25.4926]]],[[[-103.35892,25.4957],[-103.36037,25.4957],[-103.35828,25.49402],[-103.35658,25.49514],[-103.35656,25.4957],[-103.35892,25.4957]]],[[[-103.42434,25.58437],[-103.42386,25.58377],[-103.42433,25.58352],[-103.4236,25.58317],[-103.42366,25.58413],[-103.42434,25.58437]]],[[[-103.42241,25.58607],[-103.423,25.58324],[-103.42237,25.58431],[-103.42241,25.58607]]],[[[-103.36138,25.49686],[-103.36067,25.49584],[-103.35657,25.49584],[-103.35656,25.49627],[-103.36138,25.49686]]],[[[-103.3652,25.49165],[-103.3643,25.49164],[-103.36435,25.49226],[-103.36523,25.49234],[-103.3652,25.49165]]],[[[-103.36211,25.49588],[-103.36185,25.49645],[-103.36239,25.49642],[-103.36211,25.49588]]],[[[-103.36173,25.49587],[-103.36094,25.49585],[-103.36172,25.49644],[-103.36173,25.49587]]],[[[-103.35459,25.66166],[-103.35736,25.66203],[-103.35777,25.66019],[-103.35245,25.65951],[-103.35059,25.65986],[-103.35055,25.6611],[-103.35459,25.66166]]],[[[-103.35871,25.65587],[-103.35859,25.65481],[-103.35539,25.65594],[-103.35871,25.65587]]],[[[-103.34989,25.65789],[-103.35045,25.65799],[-103.35043,25.65876],[-103.35047,25.65768],[-103.34989,25.65789]]],[[[-103.35708,25.65983],[-103.35783,25.65992],[-103.35834,25.65765],[-103.35741,25.65753],[-103.35766,25.65627],[-103.3587,25.65604],[-103.35494,25.6561],[-103.35067,25.65761],[-103.35063,25.65873],[-103.35235,25.6586],[-103.35256,25.65925],[-103.35708,25.65983]]],[[[-103.34989,25.66101],[-103.35035,25.66108],[-103.35027,25.65985],[-103.34989,25.66101]]],[[[-103.35928,25.65778],[-103.35854,25.65768],[-103.35803,25.65994],[-103.36159,25.66027],[-103.36223,25.65816],[-103.35928,25.65778]]],[[[-103.35781,25.66094],[-103.35756,25.66205],[-103.35807,25.66212],[-103.3584,25.66026],[-103.35781,25.66094]]],[[[-103.35995,25.65433],[-103.35878,25.65474],[-103.35891,25.6559],[-103.35939,25.65596],[-103.35995,25.65433]]]]},"properties":{"SIMBOLOGIA":"MIXTO 3 Habitacional con comercio, servicios e industria ligera (M3)"}},{"type":"Feature","geometry":{"type":"MultiPolygon","coordinates":[[[[-103.41317,25.55134],[-103.41364,25.55086],[-103.41319,25.55049],[-103.41181,25.55187],[-103.41227,25.55225],[-103.41317,25.55134]]],[[[-103.40866,25.55592],[-103.40942,25.55613],[-103.40841,25.5553],[-103.40866,25.55592]]],[[[-103.4197,25.56815],[-103.41995,25.56867],[-103.42021,25.56773],[-103.4197,25.56815]]],[[[-103.4166,25.56528],[-103.41684,25.56581],[-103.41787,25.56497],[-103.41739,25.56464],[-103.4166,25.56528]]],[[[-103.40423,25.54599],[-103.40447,25.54655],[-103.4048,25.54622],[-103.40423,25.54599]]],[[[-103.40436,25.5457],[-103.40491,25.54594],[-103.40497,25.54489],[-103.40361,25.54488],[-103.40436,25.5457]]],[[[-103.40263,25.55153],[-103.40301,25.55196],[-103.40361,25.55136],[-103.40317,25.551],[-103.40263,25.55153]]],[[[-103.40301,25.53726],[-103.4038,25.53726],[-103.40378,25.53639],[-103.40302,25.53638],[-103.40301,25.53726]]],[[[-103.40543,25.5444],[-103.40571,25.54351],[-103.40499,25.5435],[-103.40543,25.5444]]],[[[-103.38,25.55997],[-103.37849,25.5583],[-103.37958,25.56018],[-103.38,25.55997]]],[[[-103.3988,25.57607],[-103.40021,25.5764],[-103.40021,25.57596],[-103.3988,25.57607]]],[[[-103.40173,25.54339],[-103.40232,25.54282],[-103.40197,25.54253],[-103.40173,25.54339]]],[[[-103.39747,25.54001],[-103.39816,25.53961],[-103.39717,25.53961],[-103.39747,25.54001]]],[[[-103.39615,25.54078],[-103.3972,25.54082],[-103.39667,25.5398],[-103.39615,25.54078]]],[[[-103.39267,25.54103],[-103.39175,25.54102],[-103.39174,25.54157],[-103.39313,25.5415],[-103.39267,25.54103]]],[[[-103.47411,25.53332],[-103.47446,25.53419],[-103.47509,25.53398],[-103.47475,25.53309],[-103.47411,25.53332]]],[[[-103.42019,25.5468],[-103.42108,25.54703],[-103.4206,25.54639],[-103.42019,25.5468]]],[[[-103.42798,25.55218],[-103.42876,25.55251],[-103.42876,25.55173],[-103.42744,25.55172],[-103.42798,25.55218]]],[[[-103.41875,25.54732],[-103.41964,25.54683],[-103.41919,25.54646],[-103.41875,25.54732]]],[[[-103.41961,25.54807],[-103.42006,25.54844],[-103.42076,25.54774],[-103.4203,25.54736],[-103.41961,25.54807]]],[[[-103.42128,25.52547],[-103.42128,25.52601],[-103.42183,25.5252],[-103.42128,25.52547]]],[[[-103.43143,25.5337],[-103.43212,25.5333],[-103.43151,25.53312],[-103.43143,25.5337]]],[[[-103.39773,25.50955],[-103.39692,25.50885],[-103.39653,25.50947],[-103.39773,25.50955]]],[[[-103.40182,25.50861],[-103.40234,25.5089],[-103.40305,25.50728],[-103.40182,25.50861]]],[[[-103.361,25.52043],[-103.36196,25.52037],[-103.3612,25.5193],[-103.361,25.52043]]],[[[-103.46527,25.53341],[-103.46479,25.53304],[-103.46622,25.53396],[-103.4657,25.53317],[-103.46527,25.53341]]],[[[-103.46341,25.53098],[-103.46373,25.53146],[-103.46431,25.53113],[-103.46399,25.53066],[-103.46341,25.53098]]],[[[-103.46665,25.54035],[-103.46687,25.54114],[-103.46773,25.54108],[-103.46747,25.54016],[-103.46665,25.54035]]],[[[-103.47399,25.53207],[-103.47413,25.53322],[-103.47475,25.53303],[-103.47399,25.53207]]],[[[-103.41829,25.50698],[-103.42341,25.51021],[-103.42367,25.50987],[-103.41855,25.50665],[-103.41829,25.50698]]],[[[-103.4006,25.50989],[-103.40145,25.51015],[-103.40184,25.50893],[-103.40104,25.50848],[-103.4006,25.50989]]],[[[-103.37643,25.56289],[-103.37591,25.56316],[-103.37721,25.56359],[-103.37643,25.56289]]],[[[-103.37663,25.5593],[-103.37614,25.56028],[-103.37677,25.56042],[-103.37708,25.55929],[-103.37663,25.5593]]],[[[-103.37465,25.55927],[-103.37409,25.55955],[-103.37484,25.55984],[-103.37465,25.55927]]],[[[-103.36505,25.52418],[-103.36501,25.52324],[-103.36344,25.52326],[-103.36345,25.52421],[-103.36505,25.52418]]],[[[-103.34032,25.50159],[-103.33948,25.49903],[-103.33094,25.50834],[-103.33882,25.51871],[-103.34491,25.51527],[-103.34278,25.51087],[-103.34386,25.50882],[-103.34373,25.504],[-103.34193,25.50144],[-103.34032,25.50159]]],[[[-103.34369,25.50892],[-103.34248,25.51093],[-103.34325,25.51245],[-103.34248,25.51093],[-103.34369,25.50892]]],[[[-103.36321,25.50457],[-103.36058,25.50493],[-103.3608,25.50832],[-103.36491,25.50821],[-103.36483,25.50491],[-103.36427,25.5049],[-103.36509,25.50453],[-103.36321,25.50457]]],[[[-103.38642,25.47613],[-103.38427,25.47723],[-103.38415,25.47818],[-103.39101,25.48492],[-103.39334,25.48314],[-103.38642,25.47613]]],[[[-103.39101,25.48492],[-103.3928,25.48627],[-103.39504,25.48446],[-103.38954,25.47842],[-103.38647,25.47614],[-103.39334,25.48314],[-103.39101,25.48492]]],[[[-103.36126,25.50465],[-103.35868,25.5048],[-103.35906,25.50555],[-103.36126,25.50465]]],[[[-103.31438,25.59305],[-103.31547,25.59254],[-103.31437,25.59241],[-103.31438,25.59305]]],[[[-103.31414,25.5938],[-103.31438,25.5942],[-103.31481,25.59311],[-103.31414,25.5938]]],[[[-103.31216,25.5936],[-103.31392,25.59418],[-103.31428,25.59323],[-103.31238,25.59259],[-103.31216,25.5936]]],[[[-103.33695,25.56545],[-103.33981,25.5656],[-103.34431,25.57118],[-103.34481,25.57106],[-103.3451,25.5656],[-103.34622,25.56378],[-103.3441,25.56038],[-103.34149,25.55963],[-103.33705,25.56104],[-103.33695,25.56545]]],[[[-103.36389,25.54541],[-103.36392,25.54478],[-103.36316,25.54477],[-103.36326,25.54541],[-103.36389,25.54541]]],[[[-103.33641,25.53823],[-103.33494,25.53843],[-103.33497,25.53903],[-103.33641,25.53869],[-103.33641,25.53823]]],[[[-103.35162,25.54134],[-103.35104,25.54133],[-103.35055,25.54286],[-103.35161,25.54228],[-103.35162,25.54134]]],[[[-103.32156,25.5373],[-103.32273,25.53736],[-103.32268,25.53675],[-103.32159,25.53677],[-103.32156,25.5373]]],[[[-103.34738,25.54758],[-103.34792,25.54815],[-103.34793,25.54758],[-103.34738,25.54758]]],[[[-103.33125,25.55986],[-103.3311,25.56032],[-103.32899,25.55964],[-103.33193,25.56052],[-103.33125,25.55986]]],[[[-103.31702,25.55119],[-103.31595,25.55152],[-103.31664,25.55189],[-103.31702,25.55119]]],[[[-103.32261,25.53537],[-103.32272,25.53658],[-103.32345,25.53657],[-103.32342,25.53538],[-103.32261,25.53537]]],[[[-103.32899,25.55977],[-103.33126,25.56044],[-103.33125,25.55986],[-103.3311,25.56032],[-103.32899,25.55977]]],[[[-103.36084,25.58594],[-103.36123,25.58392],[-103.35993,25.58423],[-103.36084,25.58594]]],[[[-103.32148,25.59658],[-103.32275,25.59701],[-103.3233,25.59538],[-103.32189,25.59528],[-103.32148,25.59658]]],[[[-103.37274,25.56528],[-103.37385,25.56533],[-103.37306,25.56453],[-103.37274,25.56528]]],[[[-103.37369,25.56438],[-103.37415,25.56478],[-103.37451,25.56392],[-103.37369,25.56438]]],[[[-103.37326,25.56325],[-103.37271,25.56346],[-103.373,25.56409],[-103.37326,25.56325]]],[[[-103.37186,25.56451],[-103.3727,25.56478],[-103.3729,25.56433],[-103.37268,25.56393],[-103.37186,25.56451]]],[[[-103.37285,25.56213],[-103.37298,25.56256],[-103.37379,25.56228],[-103.37285,25.56213]]],[[[-103.37067,25.56326],[-103.37195,25.56305],[-103.37148,25.56201],[-103.37067,25.56326]]],[[[-103.36643,25.56655],[-103.36568,25.56787],[-103.36621,25.56857],[-103.37142,25.56772],[-103.37008,25.5657],[-103.36856,25.56736],[-103.36643,25.56655]]],[[[-103.36785,25.56693],[-103.36911,25.56659],[-103.36831,25.56615],[-103.36785,25.56693]]],[[[-103.36431,25.56572],[-103.3633,25.56647],[-103.3644,25.56701],[-103.36508,25.56588],[-103.36431,25.56572]]],[[[-103.36267,25.56547],[-103.36319,25.56596],[-103.3638,25.5654],[-103.36267,25.56547]]],[[[-103.36566,25.56393],[-103.36617,25.5642],[-103.36651,25.56369],[-103.36566,25.56393]]],[[[-103.36448,25.56494],[-103.36541,25.56444],[-103.36372,25.56501],[-103.36448,25.56494]]],[[[-103.3622,25.56708],[-103.36257,25.56684],[-103.36189,25.56637],[-103.3622,25.56708]]],[[[-103.29911,25.61276],[-103.3042,25.61343],[-103.30494,25.61023],[-103.29996,25.60942],[-103.29911,25.61276]]],[[[-103.32675,25.49042],[-103.32518,25.49011],[-103.32467,25.49211],[-103.33026,25.49324],[-103.33079,25.49122],[-103.32675,25.49042]]],[[[-103.31467,25.5937],[-103.31446,25.59423],[-103.3156,25.59465],[-103.31591,25.59302],[-103.31519,25.59294],[-103.31467,25.5937]]],[[[-103.38065,25.59921],[-103.38141,25.59823],[-103.38067,25.5983],[-103.38065,25.59921]]],[[[-103.42125,25.59967],[-103.42218,25.59983],[-103.42242,25.59894],[-103.42154,25.59866],[-103.42125,25.59967]]],[[[-103.40978,25.61398],[-103.41188,25.61404],[-103.41279,25.61202],[-103.41224,25.61057],[-103.40969,25.61252],[-103.41018,25.61328],[-103.40978,25.61398]]]]},"properties":{"SIMBOLOGIA":"Equipamiento Infraestructura (EI)"}},{"type":"Feature","geometry":{"type":"MultiPolygon","coordinates":[[[[-103.41107,25.55566],[-103.41153,25.55604],[-103.41215,25.55542],[-103.41168,25.55504],[-103.41107,25.55566]]],[[[-103.39658,25.54864],[-103.39618,25.54895],[-103.39662,25.54932],[-103.39658,25.54864]]],[[[-103.39151,25.53758],[-103.39252,25.53781],[-103.39253,25.53701],[-103.39161,25.537],[-103.39151,25.53758]]],[[[-103.38024,25.54127],[-103.37992,25.54198],[-103.38117,25.54201],[-103.38119,25.54129],[-103.38024,25.54127]]],[[[-103.43578,25.54451],[-103.43626,25.54413],[-103.43542,25.54413],[-103.43578,25.54451]]],[[[-103.43158,25.53679],[-103.43182,25.53634],[-103.43126,25.53634],[-103.43158,25.53679]]],[[[-103.41749,25.53764],[-103.41834,25.53795],[-103.41834,25.5373],[-103.41749,25.53764]]],[[[-103.4493,25.5402],[-103.44976,25.5402],[-103.44969,25.53945],[-103.4493,25.5402]]],[[[-103.43358,25.55241],[-103.43409,25.5518],[-103.43326,25.55176],[-103.43358,25.55241]]],[[[-103.43202,25.53067],[-103.43155,25.53173],[-103.43241,25.5315],[-103.43202,25.53067]]],[[[-103.44766,25.53397],[-103.44836,25.53412],[-103.4485,25.53352],[-103.44783,25.53334],[-103.44766,25.53397]]],[[[-103.45156,25.53212],[-103.45196,25.53188],[-103.45118,25.53155],[-103.45156,25.53212]]],[[[-103.4335,25.51367],[-103.43367,25.51435],[-103.43414,25.51375],[-103.4335,25.51367]]],[[[-103.40814,25.49586],[-103.40864,25.4953],[-103.40826,25.495],[-103.40773,25.49555],[-103.40814,25.49586]]],[[[-103.38705,25.51899],[-103.38737,25.51936],[-103.38784,25.51869],[-103.38705,25.51899]]],[[[-103.38329,25.51895],[-103.38285,25.51952],[-103.38354,25.51996],[-103.38415,25.51917],[-103.38329,25.51895]]],[[[-103.399,25.50607],[-103.39855,25.50582],[-103.3981,25.50647],[-103.39856,25.50672],[-103.399,25.50607]]],[[[-103.39079,25.50924],[-103.39077,25.50978],[-103.39155,25.5088],[-103.39079,25.50924]]],[[[-103.4634,25.53096],[-103.46399,25.53066],[-103.46308,25.53049],[-103.4634,25.53096]]],[[[-103.46142,25.53531],[-103.46203,25.53495],[-103.46136,25.53488],[-103.46142,25.53531]]],[[[-103.46177,25.53736],[-103.46171,25.53813],[-103.46249,25.53798],[-103.46177,25.53736]]],[[[-103.45746,25.53834],[-103.45788,25.53835],[-103.45766,25.53773],[-103.45746,25.53834]]],[[[-103.46742,25.53413],[-103.46822,25.53386],[-103.46751,25.53333],[-103.46742,25.53413]]],[[[-103.45553,25.55162],[-103.45595,25.55191],[-103.45629,25.55135],[-103.45553,25.55162]]],[[[-103.44623,25.56704],[-103.44703,25.56628],[-103.44568,25.5656],[-103.44514,25.5664],[-103.44623,25.56704]]],[[[-103.45017,25.55807],[-103.45154,25.55886],[-103.45221,25.55799],[-103.45058,25.55756],[-103.45017,25.55807]]],[[[-103.44722,25.57155],[-103.44768,25.57159],[-103.4475,25.5708],[-103.44722,25.57155]]],[[[-103.4351,25.57676],[-103.43633,25.57613],[-103.43549,25.57594],[-103.4351,25.57676]]],[[[-103.41863,25.57928],[-103.41906,25.57937],[-103.41889,25.57876],[-103.41863,25.57928]]],[[[-103.41472,25.5124],[-103.41526,25.5122],[-103.41477,25.51192],[-103.41472,25.5124]]],[[[-103.4047,25.51185],[-103.40527,25.51222],[-103.40524,25.51164],[-103.4047,25.51185]]],[[[-103.40048,25.50986],[-103.40104,25.50848],[-103.39992,25.50786],[-103.39838,25.50932],[-103.40048,25.50986]]],[[[-103.39285,25.52187],[-103.39343,25.52188],[-103.39344,25.52092],[-103.39285,25.52092],[-103.39285,25.52187]]],[[[-103.45245,25.53037],[-103.45321,25.53087],[-103.4536,25.53041],[-103.45279,25.52989],[-103.45245,25.53037]]],[[[-103.35495,25.52311],[-103.35545,25.52206],[-103.35492,25.52206],[-103.35495,25.52311]]],[[[-103.35872,25.52794],[-103.36013,25.52795],[-103.36013,25.52749],[-103.35872,25.52794]]],[[[-103.38031,25.56827],[-103.38141,25.56817],[-103.38064,25.56781],[-103.38031,25.56827]]],[[[-103.36693,25.5551],[-103.36747,25.55506],[-103.36709,25.55457],[-103.36693,25.5551]]],[[[-103.45633,25.52654],[-103.4568,25.52703],[-103.45756,25.52658],[-103.45652,25.52569],[-103.45671,25.52409],[-103.4556,25.52466],[-103.45633,25.52654]]]]},"properties":{"SIMBOLOGIA":"Equipamiento Cultural (ECL)"}},{"type":"Feature","geometry":{"type":"MultiPolygon","coordinates":[[[[-103.41714,25.55567],[-103.41764,25.55517],[-103.41718,25.5548],[-103.41638,25.5556],[-103.41714,25.55567]]],[[[-103.40875,25.55374],[-103.40794,25.55456],[-103.40835,25.55489],[-103.40971,25.55343],[-103.40875,25.55374]]],[[[-103.41107,25.55566],[-103.41027,25.55646],[-103.4106,25.55673],[-103.41153,25.55604],[-103.41107,25.55566]]],[[[-103.40585,25.55826],[-103.40781,25.55776],[-103.4068,25.55693],[-103.40585,25.55826]]],[[[-103.41091,25.5497],[-103.41158,25.54918],[-103.41085,25.54858],[-103.41026,25.54917],[-103.41091,25.5497]]],[[[-103.40747,25.55827],[-103.40956,25.55802],[-103.40854,25.55719],[-103.40747,25.55827]]],[[[-103.42504,25.56202],[-103.42424,25.56276],[-103.42555,25.56408],[-103.42593,25.56258],[-103.42504,25.56202]]],[[[-103.39618,25.54895],[-103.3953,25.54983],[-103.39575,25.55019],[-103.39662,25.54932],[-103.39618,25.54895]]],[[[-103.39184,25.54855],[-103.39264,25.54799],[-103.39154,25.5472],[-103.39121,25.54831],[-103.39184,25.54855]]],[[[-103.405,25.54224],[-103.40568,25.54224],[-103.40569,25.54154],[-103.40501,25.54152],[-103.405,25.54224]]],[[[-103.39262,25.5368],[-103.39351,25.53681],[-103.39354,25.5359],[-103.39244,25.5359],[-103.39262,25.5368]]],[[[-103.3806,25.55781],[-103.38073,25.55606],[-103.38031,25.556],[-103.37982,25.55778],[-103.3806,25.55781]]],[[[-103.38255,25.55272],[-103.38342,25.55277],[-103.38347,25.55205],[-103.38259,25.552],[-103.38255,25.55272]]],[[[-103.38053,25.55258],[-103.38006,25.5531],[-103.38074,25.55311],[-103.38053,25.55258]]],[[[-103.37961,25.55173],[-103.37871,25.5524],[-103.37912,25.55309],[-103.37999,25.55267],[-103.37961,25.55173]]],[[[-103.38678,25.55321],[-103.38724,25.55358],[-103.38765,25.55314],[-103.38678,25.55321]]],[[[-103.3988,25.57607],[-103.3965,25.57616],[-103.40175,25.57885],[-103.40359,25.57819],[-103.3988,25.57607]]],[[[-103.40029,25.54215],[-103.39953,25.54279],[-103.40039,25.54345],[-103.40089,25.54296],[-103.40029,25.54215]]],[[[-103.39747,25.54001],[-103.39818,25.54084],[-103.39819,25.54003],[-103.39924,25.54053],[-103.40015,25.53962],[-103.39747,25.54001]]],[[[-103.39721,25.54058],[-103.3976,25.54083],[-103.39716,25.53998],[-103.39665,25.54038],[-103.39721,25.54058]]],[[[-103.39176,25.54195],[-103.39099,25.54213],[-103.39154,25.54259],[-103.39176,25.54195]]],[[[-103.39175,25.54102],[-103.39116,25.54101],[-103.39115,25.5417],[-103.39346,25.54197],[-103.39348,25.54104],[-103.39204,25.54157],[-103.39175,25.54102]]],[[[-103.38704,25.5414],[-103.38703,25.54215],[-103.38754,25.54165],[-103.38704,25.5414]]],[[[-103.38512,25.54147],[-103.38583,25.54205],[-103.38595,25.54093],[-103.38511,25.54092],[-103.38512,25.54147]]],[[[-103.38015,25.54434],[-103.38115,25.54435],[-103.38116,25.54378],[-103.37989,25.54376],[-103.38015,25.54434]]],[[[-103.39253,25.57485],[-103.39345,25.57543],[-103.39384,25.57481],[-103.39288,25.57429],[-103.39253,25.57485]]],[[[-103.38074,25.56595],[-103.38034,25.56535],[-103.37965,25.56573],[-103.38002,25.5663],[-103.38074,25.56595]]],[[[-103.43777,25.53975],[-103.43754,25.54014],[-103.43839,25.54005],[-103.43841,25.53839],[-103.43758,25.53838],[-103.43777,25.53975]]],[[[-103.43039,25.54042],[-103.43039,25.54102],[-103.43101,25.54102],[-103.43102,25.54027],[-103.43039,25.54042]]],[[[-103.4304,25.53847],[-103.43039,25.53916],[-103.43102,25.53917],[-103.43103,25.53842],[-103.4304,25.53847]]],[[[-103.4319,25.53806],[-103.43418,25.53807],[-103.43419,25.53766],[-103.43191,25.5374],[-103.4319,25.53806]]],[[[-103.42525,25.54198],[-103.42568,25.54122],[-103.42483,25.5414],[-103.42525,25.54198]]],[[[-103.42925,25.53755],[-103.42925,25.53806],[-103.42997,25.53806],[-103.42997,25.53743],[-103.42925,25.53755]]],[[[-103.41701,25.53828],[-103.4164,25.5384],[-103.41641,25.53906],[-103.41701,25.53907],[-103.41701,25.53828]]],[[[-103.4555,25.54101],[-103.45576,25.54044],[-103.45492,25.54043],[-103.4555,25.54101]]],[[[-103.42186,25.55514],[-103.42079,25.55622],[-103.42125,25.55659],[-103.42231,25.55552],[-103.42186,25.55514]]],[[[-103.42028,25.55066],[-103.41903,25.55192],[-103.41981,25.55256],[-103.42121,25.55114],[-103.42028,25.55066]]],[[[-103.41502,25.55028],[-103.41572,25.54978],[-103.41537,25.5493],[-103.41502,25.55028]]],[[[-103.41482,25.54241],[-103.41581,25.54272],[-103.41523,25.542],[-103.41482,25.54241]]],[[[-103.41858,25.53251],[-103.41944,25.53254],[-103.41858,25.53206],[-103.41858,25.53251]]],[[[-103.4167,25.53249],[-103.41833,25.5325],[-103.41834,25.53204],[-103.4167,25.53204],[-103.4167,25.53249]]],[[[-103.43137,25.5292],[-103.4325,25.52888],[-103.4325,25.52825],[-103.43106,25.52755],[-103.43056,25.52828],[-103.43137,25.5292]]],[[[-103.43182,25.5305],[-103.4325,25.53008],[-103.43251,25.52903],[-103.43127,25.52949],[-103.43182,25.5305]]],[[[-103.43589,25.52876],[-103.43446,25.53298],[-103.43475,25.53555],[-103.43639,25.53555],[-103.43663,25.53431],[-103.43755,25.534],[-103.43687,25.53359],[-103.43812,25.52938],[-103.43589,25.52876]]],[[[-103.43301,25.53417],[-103.43352,25.53372],[-103.43282,25.53371],[-103.43301,25.53417]]],[[[-103.44028,25.53558],[-103.44223,25.53532],[-103.44273,25.53378],[-103.4403,25.53377],[-103.44028,25.53558]]],[[[-103.43709,25.52249],[-103.43756,25.52313],[-103.43781,25.52241],[-103.43709,25.52249]]],[[[-103.44606,25.52524],[-103.44508,25.52734],[-103.44735,25.52648],[-103.44936,25.53152],[-103.44858,25.53208],[-103.45088,25.53128],[-103.44887,25.527],[-103.44606,25.52524]]],[[[-103.4464,25.53547],[-103.44745,25.53548],[-103.44746,25.53453],[-103.44641,25.53453],[-103.4464,25.53547]]],[[[-103.44635,25.53403],[-103.44641,25.53334],[-103.44558,25.53333],[-103.44556,25.53402],[-103.44635,25.53403]]],[[[-103.44493,25.53556],[-103.44536,25.53559],[-103.44537,25.53452],[-103.44453,25.53451],[-103.44451,25.5356],[-103.44493,25.53556]]],[[[-103.45287,25.53194],[-103.45286,25.53265],[-103.45372,25.53269],[-103.45371,25.53194],[-103.45287,25.53194]]],[[[-103.44267,25.53473],[-103.44241,25.53558],[-103.44431,25.5356],[-103.44431,25.53451],[-103.44267,25.53473]]],[[[-103.41616,25.52305],[-103.41678,25.52306],[-103.4168,25.52025],[-103.41557,25.52024],[-103.41554,25.52214],[-103.41617,25.52215],[-103.41616,25.52305]]],[[[-103.4261,25.51825],[-103.42581,25.51867],[-103.4265,25.51903],[-103.4269,25.51843],[-103.4261,25.51825]]],[[[-103.43217,25.52478],[-103.43186,25.52523],[-103.4341,25.52676],[-103.43465,25.52596],[-103.43217,25.52478]]],[[[-103.43285,25.52797],[-103.43352,25.52858],[-103.43397,25.52792],[-103.43286,25.52729],[-103.43285,25.52797]]],[[[-103.42297,25.51597],[-103.42362,25.51638],[-103.42404,25.51576],[-103.42336,25.51538],[-103.42297,25.51597]]],[[[-103.42137,25.52112],[-103.42203,25.52149],[-103.42253,25.52074],[-103.42188,25.52038],[-103.42137,25.52112]]],[[[-103.44025,25.51441],[-103.43981,25.51406],[-103.43941,25.51472],[-103.43976,25.51503],[-103.44025,25.51441]]],[[[-103.4302,25.51093],[-103.4308,25.5114],[-103.43111,25.511],[-103.43061,25.51039],[-103.4302,25.51093]]],[[[-103.44993,25.52171],[-103.45134,25.52097],[-103.44939,25.52123],[-103.44993,25.52171]]],[[[-103.45114,25.51799],[-103.45145,25.51965],[-103.45064,25.5205],[-103.45225,25.51925],[-103.45114,25.51799]]],[[[-103.44305,25.51515],[-103.44299,25.51695],[-103.44386,25.51561],[-103.44305,25.51515]]],[[[-103.40855,25.49271],[-103.40921,25.49323],[-103.4098,25.49261],[-103.40915,25.4921],[-103.40855,25.49271]]],[[[-103.40566,25.49717],[-103.40524,25.49761],[-103.40675,25.49817],[-103.40566,25.49717]]],[[[-103.40806,25.49819],[-103.40819,25.49866],[-103.40858,25.49816],[-103.40806,25.49819]]],[[[-103.40462,25.50228],[-103.40545,25.50189],[-103.40472,25.50143],[-103.40423,25.50205],[-103.40462,25.50228]]],[[[-103.40277,25.49399],[-103.40215,25.49339],[-103.40144,25.49401],[-103.40205,25.4946],[-103.40277,25.49399]]],[[[-103.38539,25.52059],[-103.38544,25.5212],[-103.3861,25.52058],[-103.38539,25.52059]]],[[[-103.37944,25.52514],[-103.3804,25.52597],[-103.38095,25.52545],[-103.37999,25.52462],[-103.37944,25.52514]]],[[[-103.37486,25.53048],[-103.37398,25.53047],[-103.37397,25.53124],[-103.37577,25.53125],[-103.3757,25.53049],[-103.37486,25.53048]]],[[[-103.38049,25.51617],[-103.37954,25.5174],[-103.37994,25.51766],[-103.38124,25.51599],[-103.38049,25.51617]]],[[[-103.38202,25.51497],[-103.38267,25.51414],[-103.38226,25.51388],[-103.38097,25.51555],[-103.38137,25.51581],[-103.38202,25.51497]]],[[[-103.39439,25.50597],[-103.39495,25.50665],[-103.39499,25.50564],[-103.39446,25.50535],[-103.39439,25.50597]]],[[[-103.38865,25.50766],[-103.38875,25.50701],[-103.38761,25.50776],[-103.38825,25.50817],[-103.38865,25.50766]]],[[[-103.38849,25.51058],[-103.38972,25.51137],[-103.39071,25.51007],[-103.38953,25.50929],[-103.38849,25.51058]]],[[[-103.39406,25.51232],[-103.39084,25.51015],[-103.3892,25.51228],[-103.39406,25.51232]]],[[[-103.39508,25.49891],[-103.39586,25.49873],[-103.39466,25.49794],[-103.39429,25.49839],[-103.39508,25.49891]]],[[[-103.3996,25.49661],[-103.40084,25.49628],[-103.40036,25.49583],[-103.3996,25.49661]]],[[[-103.37248,25.51127],[-103.37444,25.51187],[-103.37286,25.5108],[-103.37248,25.51127]]],[[[-103.37337,25.49596],[-103.37424,25.49594],[-103.37405,25.49495],[-103.37337,25.49596]]],[[[-103.37739,25.49422],[-103.37806,25.4946],[-103.37841,25.49407],[-103.3778,25.49371],[-103.37739,25.49422]]],[[[-103.37724,25.49322],[-103.37673,25.49385],[-103.37727,25.49416],[-103.37806,25.4932],[-103.37724,25.49322]]],[[[-103.3682,25.49247],[-103.3682,25.49312],[-103.36874,25.49312],[-103.36876,25.49246],[-103.3682,25.49247]]],[[[-103.37814,25.52626],[-103.37946,25.52534],[-103.3787,25.52467],[-103.37814,25.52626]]],[[[-103.38116,25.50123],[-103.3818,25.50164],[-103.38238,25.5009],[-103.38174,25.50048],[-103.38116,25.50123]]],[[[-103.38104,25.50498],[-103.38058,25.50433],[-103.3801,25.50522],[-103.3806,25.50554],[-103.38104,25.50498]]],[[[-103.4641,25.52664],[-103.46474,25.52713],[-103.46455,25.52641],[-103.4641,25.52664]]],[[[-103.46119,25.5309],[-103.46136,25.5303],[-103.46023,25.53074],[-103.46119,25.5309]]],[[[-103.45725,25.53109],[-103.45838,25.53235],[-103.45995,25.53075],[-103.45725,25.53109]]],[[[-103.45705,25.53505],[-103.45704,25.53567],[-103.45797,25.53568],[-103.45797,25.53515],[-103.45705,25.53505]]],[[[-103.45743,25.54178],[-103.45785,25.54141],[-103.45701,25.5414],[-103.45743,25.54178]]],[[[-103.47199,25.53774],[-103.47257,25.5376],[-103.47242,25.53685],[-103.47165,25.53703],[-103.47199,25.53774]]],[[[-103.45919,25.54898],[-103.45807,25.55032],[-103.45902,25.54999],[-103.45958,25.54923],[-103.45919,25.54898]]],[[[-103.45907,25.54487],[-103.45994,25.54488],[-103.45994,25.5443],[-103.45908,25.54429],[-103.45907,25.54487]]],[[[-103.46701,25.54276],[-103.46673,25.54325],[-103.46724,25.54325],[-103.46701,25.54276]]],[[[-103.45622,25.55208],[-103.45543,25.55173],[-103.45453,25.55288],[-103.45543,25.55343],[-103.45622,25.55208]]],[[[-103.45758,25.54718],[-103.45806,25.54751],[-103.45848,25.54701],[-103.458,25.54668],[-103.45758,25.54718]]],[[[-103.44811,25.56387],[-103.44879,25.56366],[-103.44794,25.56323],[-103.44811,25.56387]]],[[[-103.45074,25.55965],[-103.45154,25.55886],[-103.45017,25.55807],[-103.45074,25.55965]]],[[[-103.4444,25.57263],[-103.44427,25.57325],[-103.44496,25.57337],[-103.44562,25.57264],[-103.4444,25.57263]]],[[[-103.44493,25.57009],[-103.44566,25.57032],[-103.44596,25.56954],[-103.4452,25.56926],[-103.44493,25.57009]]],[[[-103.44245,25.56924],[-103.44331,25.56892],[-103.44311,25.56836],[-103.44222,25.56838],[-103.44245,25.56924]]],[[[-103.44373,25.57441],[-103.44244,25.57402],[-103.44224,25.57496],[-103.44373,25.57441]]],[[[-103.44031,25.57551],[-103.44151,25.57523],[-103.44041,25.57504],[-103.44031,25.57551]]],[[[-103.44054,25.57149],[-103.44106,25.57099],[-103.44051,25.5709],[-103.44054,25.57149]]],[[[-103.44654,25.57002],[-103.44653,25.57088],[-103.44701,25.57017],[-103.44654,25.57002]]],[[[-103.43482,25.57142],[-103.43563,25.57193],[-103.4357,25.57113],[-103.43482,25.57142]]],[[[-103.43575,25.57315],[-103.43583,25.57216],[-103.435,25.57215],[-103.43492,25.57311],[-103.43575,25.57315]]],[[[-103.43942,25.56532],[-103.43839,25.56627],[-103.43908,25.56668],[-103.43986,25.56559],[-103.43942,25.56532]]],[[[-103.43723,25.5686],[-103.43722,25.56918],[-103.43804,25.56923],[-103.43812,25.56826],[-103.43723,25.5686]]],[[[-103.42912,25.57117],[-103.42832,25.57174],[-103.42969,25.57255],[-103.43041,25.57154],[-103.42912,25.57117]]],[[[-103.43431,25.5775],[-103.43319,25.57888],[-103.43473,25.57855],[-103.43431,25.5775]]],[[[-103.45009,25.57585],[-103.4486,25.57851],[-103.44973,25.57813],[-103.45009,25.57585]]],[[[-103.44637,25.57911],[-103.44847,25.57837],[-103.44939,25.576],[-103.44578,25.57684],[-103.44637,25.57911]]],[[[-103.44507,25.5756],[-103.44521,25.57612],[-103.44715,25.57569],[-103.44691,25.57483],[-103.44507,25.5756]]],[[[-103.42917,25.57886],[-103.4291,25.57978],[-103.43294,25.57892],[-103.4353,25.5759],[-103.43263,25.5757],[-103.43188,25.57512],[-103.42936,25.57623],[-103.42917,25.57886]]],[[[-103.41024,25.58718],[-103.40969,25.58809],[-103.41084,25.58783],[-103.41024,25.58718]]],[[[-103.41628,25.59102],[-103.41495,25.59127],[-103.41514,25.59255],[-103.41687,25.59189],[-103.41628,25.59102]]],[[[-103.41664,25.5876],[-103.41624,25.58708],[-103.41437,25.58898],[-103.41452,25.58983],[-103.41664,25.5876]]],[[[-103.40677,25.59111],[-103.40742,25.5916],[-103.4072,25.59077],[-103.40677,25.59111]]],[[[-103.42991,25.59588],[-103.43101,25.59639],[-103.43208,25.59427],[-103.42983,25.59398],[-103.429,25.59546],[-103.42991,25.59588]]],[[[-103.41557,25.50755],[-103.41649,25.50811],[-103.41681,25.50765],[-103.41589,25.50706],[-103.41557,25.50755]]],[[[-103.41708,25.5119],[-103.41814,25.51249],[-103.41845,25.5121],[-103.41736,25.51148],[-103.41708,25.5119]]],[[[-103.41897,25.51395],[-103.41997,25.51391],[-103.41934,25.5135],[-103.41897,25.51395]]],[[[-103.39778,25.5253],[-103.39794,25.52479],[-103.3971,25.52457],[-103.39687,25.52532],[-103.39778,25.5253]]],[[[-103.39765,25.52954],[-103.39747,25.53017],[-103.39823,25.53036],[-103.39843,25.52977],[-103.39765,25.52954]]],[[[-103.39784,25.52637],[-103.39839,25.52652],[-103.39857,25.52595],[-103.39784,25.52637]]],[[[-103.39627,25.52153],[-103.39691,25.52168],[-103.39718,25.52081],[-103.3963,25.52063],[-103.39627,25.52153]]],[[[-103.39625,25.52389],[-103.39693,25.52441],[-103.39724,25.52368],[-103.39625,25.52342],[-103.39625,25.52389]]],[[[-103.39584,25.53222],[-103.39415,25.5322],[-103.39404,25.53104],[-103.39397,25.5332],[-103.39599,25.5332],[-103.39585,25.53139],[-103.39584,25.53222]]],[[[-103.39406,25.52959],[-103.39407,25.53087],[-103.396,25.53126],[-103.39601,25.5296],[-103.39406,25.52959]]],[[[-103.39416,25.53175],[-103.39415,25.5322],[-103.39584,25.53221],[-103.39584,25.53139],[-103.39419,25.53106],[-103.39416,25.53175]]],[[[-103.40387,25.51816],[-103.40426,25.51728],[-103.40333,25.5172],[-103.40314,25.51816],[-103.40387,25.51816]]],[[[-103.40178,25.50969],[-103.40126,25.51143],[-103.40198,25.5118],[-103.4029,25.50953],[-103.40201,25.50903],[-103.40178,25.50969]]],[[[-103.40331,25.5112],[-103.40422,25.51164],[-103.40442,25.51124],[-103.40352,25.51075],[-103.40331,25.5112]]],[[[-103.40471,25.52595],[-103.40403,25.52575],[-103.4038,25.52643],[-103.40459,25.52664],[-103.40471,25.52595]]],[[[-103.38778,25.52672],[-103.38599,25.52671],[-103.38599,25.52736],[-103.38727,25.52797],[-103.38837,25.52774],[-103.38838,25.52636],[-103.38778,25.52672]]],[[[-103.38201,25.53402],[-103.382,25.53493],[-103.38294,25.53493],[-103.38292,25.53403],[-103.38201,25.53402]]],[[[-103.41315,25.49976],[-103.41327,25.50038],[-103.41434,25.49961],[-103.41367,25.49909],[-103.41315,25.49976]]],[[[-103.418,25.50009],[-103.41846,25.50043],[-103.41904,25.49982],[-103.41829,25.49923],[-103.418,25.50009]]],[[[-103.41865,25.50045],[-103.41932,25.50114],[-103.41992,25.50051],[-103.41916,25.4999],[-103.41865,25.50045]]],[[[-103.39851,25.51845],[-103.40017,25.51423],[-103.39632,25.51422],[-103.3963,25.51755],[-103.39851,25.51845]]],[[[-103.40008,25.51115],[-103.40109,25.51139],[-103.40145,25.51015],[-103.40048,25.50986],[-103.40008,25.51115]]],[[[-103.39218,25.51748],[-103.39395,25.5175],[-103.39396,25.51584],[-103.39219,25.5158],[-103.39218,25.51748]]],[[[-103.39525,25.52416],[-103.39605,25.52416],[-103.39606,25.52247],[-103.39527,25.52247],[-103.39525,25.52416]]],[[[-103.40802,25.5114],[-103.40734,25.51037],[-103.40683,25.51065],[-103.40749,25.51166],[-103.40802,25.5114]]],[[[-103.39299,25.53303],[-103.39378,25.53303],[-103.39383,25.53229],[-103.39299,25.53228],[-103.39299,25.53303]]],[[[-103.39229,25.52037],[-103.39229,25.52091],[-103.39344,25.52092],[-103.39344,25.52038],[-103.39229,25.52037]]],[[[-103.35513,25.52518],[-103.35519,25.52595],[-103.35639,25.52588],[-103.35639,25.52507],[-103.35513,25.52518]]],[[[-103.36163,25.52814],[-103.36163,25.5275],[-103.36032,25.52754],[-103.36031,25.52857],[-103.36163,25.52858],[-103.36163,25.52814]]],[[[-103.35578,25.52399],[-103.35644,25.52285],[-103.35555,25.52287],[-103.35578,25.52399]]],[[[-103.36345,25.52201],[-103.36348,25.52314],[-103.3651,25.52312],[-103.36503,25.52201],[-103.36345,25.52201]]],[[[-103.34921,25.51682],[-103.35032,25.51683],[-103.35053,25.51613],[-103.34921,25.51612],[-103.34921,25.51682]]],[[[-103.34769,25.52197],[-103.34768,25.52408],[-103.34894,25.5241],[-103.34769,25.52197]]],[[[-103.33938,25.53216],[-103.33997,25.53202],[-103.33938,25.53129],[-103.33938,25.53216]]],[[[-103.33393,25.53008],[-103.3288,25.53013],[-103.32884,25.53304],[-103.33494,25.53308],[-103.33393,25.53008]]],[[[-103.33309,25.52765],[-103.32875,25.52762],[-103.32877,25.52835],[-103.33337,25.52841],[-103.33309,25.52765]]],[[[-103.32244,25.52937],[-103.32236,25.52776],[-103.32026,25.52795],[-103.319,25.5329],[-103.32304,25.53298],[-103.32244,25.52937]]],[[[-103.33393,25.53008],[-103.33335,25.52842],[-103.32875,25.52836],[-103.32878,25.53014],[-103.33393,25.53008]]],[[[-103.31907,25.52251],[-103.3193,25.52336],[-103.32055,25.52274],[-103.31907,25.52251]]],[[[-103.35573,25.51173],[-103.35526,25.51194],[-103.35558,25.51255],[-103.35573,25.51173]]],[[[-103.35274,25.50729],[-103.35306,25.50788],[-103.3541,25.50742],[-103.35378,25.50683],[-103.35274,25.50729]]],[[[-103.3538,25.49879],[-103.35489,25.49852],[-103.35473,25.49779],[-103.3538,25.49879]]],[[[-103.34552,25.49314],[-103.3446,25.49351],[-103.34496,25.49433],[-103.34593,25.49398],[-103.34552,25.49314]]],[[[-103.34142,25.49536],[-103.34118,25.49482],[-103.34045,25.49508],[-103.34073,25.49572],[-103.34142,25.49536]]],[[[-103.34677,25.51251],[-103.34613,25.51281],[-103.34646,25.5134],[-103.34711,25.51311],[-103.34677,25.51251]]],[[[-103.34577,25.51125],[-103.34604,25.51174],[-103.34707,25.51128],[-103.34681,25.51079],[-103.34577,25.51125]]],[[[-103.35103,25.49864],[-103.35144,25.49958],[-103.35208,25.49921],[-103.35142,25.49837],[-103.35103,25.49864]]],[[[-103.35212,25.49899],[-103.35264,25.49889],[-103.35225,25.49837],[-103.35212,25.49899]]],[[[-103.32795,25.50262],[-103.32868,25.5025],[-103.32813,25.50193],[-103.3275,25.50244],[-103.32795,25.50262]]],[[[-103.35172,25.52042],[-103.35171,25.52094],[-103.35263,25.52095],[-103.35264,25.52042],[-103.35172,25.52042]]],[[[-103.34496,25.5218],[-103.34538,25.52178],[-103.34481,25.52065],[-103.34496,25.5218]]],[[[-103.35613,25.52435],[-103.35567,25.52484],[-103.35644,25.52478],[-103.35613,25.52435]]],[[[-103.35955,25.48845],[-103.35899,25.48878],[-103.36003,25.48813],[-103.35957,25.48785],[-103.35955,25.48845]]],[[[-103.32634,25.53289],[-103.32816,25.53293],[-103.32739,25.53028],[-103.3258,25.53027],[-103.32634,25.53289]]],[[[-103.33188,25.52626],[-103.32858,25.52623],[-103.32867,25.52698],[-103.33189,25.52708],[-103.33188,25.52626]]],[[[-103.32872,25.52744],[-103.33304,25.52747],[-103.32867,25.52698],[-103.32872,25.52744]]],[[[-103.35673,25.50004],[-103.35647,25.50135],[-103.3569,25.50127],[-103.35673,25.50004]]],[[[-103.37903,25.56952],[-103.37909,25.56876],[-103.37832,25.56859],[-103.37828,25.56944],[-103.37903,25.56952]]],[[[-103.3792,25.56995],[-103.37833,25.56994],[-103.37844,25.57356],[-103.38062,25.57224],[-103.38118,25.56856],[-103.3801,25.56857],[-103.3792,25.56995]]],[[[-103.37597,25.56926],[-103.37594,25.56855],[-103.37443,25.56923],[-103.37597,25.56926]]],[[[-103.38064,25.56781],[-103.38141,25.56817],[-103.38263,25.56653],[-103.3819,25.56619],[-103.38064,25.56781]]],[[[-103.37351,25.58521],[-103.37417,25.58566],[-103.37414,25.58495],[-103.37351,25.58521]]],[[[-103.38586,25.58762],[-103.38702,25.58602],[-103.38502,25.58609],[-103.38457,25.58713],[-103.38586,25.58762]]],[[[-103.36297,25.58205],[-103.36236,25.58235],[-103.36314,25.58362],[-103.36374,25.58332],[-103.36297,25.58205]]],[[[-103.33111,25.56728],[-103.33195,25.56751],[-103.33219,25.56679],[-103.33141,25.56639],[-103.33111,25.56728]]],[[[-103.32295,25.60722],[-103.32365,25.60756],[-103.32405,25.60692],[-103.32295,25.60722]]],[[[-103.35635,25.5949],[-103.35722,25.5952],[-103.35746,25.59414],[-103.35656,25.59399],[-103.35635,25.5949]]],[[[-103.30035,25.59002],[-103.3016,25.59003],[-103.30133,25.58949],[-103.30035,25.59002]]],[[[-103.30114,25.59228],[-103.30098,25.59282],[-103.30175,25.59297],[-103.30202,25.59222],[-103.30114,25.59228]]],[[[-103.26771,25.58673],[-103.26864,25.58685],[-103.26872,25.58637],[-103.26782,25.58625],[-103.26771,25.58673]]],[[[-103.37848,25.57388],[-103.37865,25.57567],[-103.37998,25.57605],[-103.37983,25.57305],[-103.37848,25.57388]]],[[[-103.33502,25.53697],[-103.33494,25.53843],[-103.33641,25.53823],[-103.33636,25.53495],[-103.33492,25.53512],[-103.33502,25.53697]]],[[[-103.36533,25.55357],[-103.36478,25.55388],[-103.36522,25.55445],[-103.36575,25.55412],[-103.36533,25.55357]]],[[[-103.3709,25.55289],[-103.37041,25.55241],[-103.36986,25.55275],[-103.3705,25.55381],[-103.3713,25.55354],[-103.3709,25.55289]]],[[[-103.3699,25.55126],[-103.36964,25.55084],[-103.36894,25.55125],[-103.36967,25.55244],[-103.37037,25.55202],[-103.3699,25.55126]]],[[[-103.36526,25.55785],[-103.3745,25.55806],[-103.37726,25.55648],[-103.37489,25.55259],[-103.36392,25.55635],[-103.36413,25.55784],[-103.36526,25.55785]]],[[[-103.36276,25.54993],[-103.36225,25.55029],[-103.36371,25.55049],[-103.36276,25.54993]]],[[[-103.35511,25.54789],[-103.35553,25.54815],[-103.35554,25.54762],[-103.35511,25.54789]]],[[[-103.35683,25.53757],[-103.35726,25.53707],[-103.35606,25.53705],[-103.35605,25.53757],[-103.35683,25.53757]]],[[[-103.35702,25.53907],[-103.35752,25.53907],[-103.35729,25.53813],[-103.35666,25.53818],[-103.35702,25.53907]]],[[[-103.35702,25.54061],[-103.35701,25.54164],[-103.35769,25.54168],[-103.35702,25.54061]]],[[[-103.3593,25.53883],[-103.36012,25.53896],[-103.36013,25.53846],[-103.3593,25.53883]]],[[[-103.3532,25.54104],[-103.35429,25.54122],[-103.35431,25.54058],[-103.35325,25.54058],[-103.3532,25.54104]]],[[[-103.36757,25.54145],[-103.36824,25.54146],[-103.36826,25.5406],[-103.36759,25.54059],[-103.36757,25.54145]]],[[[-103.33557,25.54141],[-103.33555,25.54226],[-103.33644,25.54226],[-103.33636,25.54094],[-103.33557,25.54141]]],[[[-103.32648,25.54748],[-103.32633,25.54833],[-103.32695,25.54845],[-103.32698,25.54714],[-103.32648,25.54748]]],[[[-103.32554,25.53656],[-103.32562,25.53705],[-103.32742,25.53702],[-103.32735,25.53653],[-103.32554,25.53656]]],[[[-103.32386,25.54064],[-103.32483,25.54004],[-103.3234,25.54006],[-103.32386,25.54064]]],[[[-103.32662,25.54365],[-103.32672,25.54439],[-103.3276,25.54437],[-103.3276,25.54365],[-103.32662,25.54365]]],[[[-103.32411,25.54352],[-103.32413,25.54452],[-103.32465,25.54451],[-103.32463,25.54347],[-103.32411,25.54352]]],[[[-103.34232,25.54035],[-103.34665,25.54028],[-103.34691,25.53935],[-103.34156,25.53808],[-103.34232,25.54035]]],[[[-103.33083,25.54671],[-103.33169,25.54673],[-103.33157,25.54627],[-103.33083,25.54671]]],[[[-103.33518,25.55005],[-103.3345,25.55033],[-103.33475,25.55081],[-103.33557,25.55063],[-103.33518,25.55005]]],[[[-103.31244,25.54146],[-103.31226,25.54213],[-103.31298,25.54214],[-103.31295,25.54144],[-103.31244,25.54146]]],[[[-103.31485,25.54945],[-103.31584,25.54951],[-103.31589,25.54878],[-103.31491,25.5487],[-103.31485,25.54945]]],[[[-103.31078,25.54946],[-103.31091,25.54842],[-103.31032,25.54838],[-103.31006,25.54942],[-103.31078,25.54946]]],[[[-103.3555,25.59628],[-103.35653,25.59605],[-103.3558,25.59562],[-103.3555,25.59628]]],[[[-103.35595,25.57174],[-103.35582,25.57393],[-103.35638,25.57433],[-103.35653,25.57156],[-103.35595,25.57174]]],[[[-103.39564,25.50941],[-103.39424,25.50932],[-103.39424,25.50974],[-103.3956,25.51054],[-103.39564,25.50941]]],[[[-103.33237,25.49865],[-103.33134,25.49944],[-103.33229,25.50055],[-103.33336,25.49972],[-103.33237,25.49865]]],[[[-103.34486,25.60214],[-103.34565,25.60146],[-103.34492,25.60141],[-103.34486,25.60214]]],[[[-103.35437,25.62408],[-103.35448,25.62348],[-103.35365,25.62337],[-103.35355,25.62399],[-103.35437,25.62408]]],[[[-103.37366,25.60933],[-103.37095,25.6128],[-103.37419,25.6141],[-103.37621,25.60961],[-103.37366,25.60933]]],[[[-103.35916,25.6003],[-103.35892,25.60089],[-103.35987,25.60071],[-103.35978,25.60017],[-103.35916,25.6003]]],[[[-103.36511,25.60461],[-103.36585,25.60582],[-103.36625,25.60505],[-103.36511,25.60461]]],[[[-103.3663,25.60134],[-103.36548,25.60139],[-103.36634,25.60176],[-103.3663,25.60134]]],[[[-103.37125,25.62311],[-103.37207,25.62305],[-103.37149,25.62241],[-103.37125,25.62311]]],[[[-103.38185,25.60003],[-103.38108,25.60038],[-103.38167,25.6006],[-103.38185,25.60003]]],[[[-103.3815,25.59942],[-103.38202,25.59988],[-103.38225,25.59939],[-103.3815,25.59942]]],[[[-103.37646,25.63187],[-103.37444,25.6339],[-103.37605,25.63524],[-103.378,25.6332],[-103.37646,25.63187]]],[[[-103.39088,25.6153],[-103.39151,25.61658],[-103.39217,25.61637],[-103.39153,25.61494],[-103.39088,25.6153]]],[[[-103.37631,25.62469],[-103.37687,25.62577],[-103.37822,25.62565],[-103.37765,25.62446],[-103.37631,25.62469]]],[[[-103.40543,25.61063],[-103.40701,25.61029],[-103.40669,25.60937],[-103.40513,25.60978],[-103.40422,25.60709],[-103.40033,25.60795],[-103.39981,25.61102],[-103.40021,25.61158],[-103.40543,25.61063]]],[[[-103.40924,25.60323],[-103.41012,25.6057],[-103.41179,25.60534],[-103.41067,25.6029],[-103.40924,25.60323]]],[[[-103.40869,25.60338],[-103.40404,25.60441],[-103.40427,25.60565],[-103.40352,25.60582],[-103.40325,25.60459],[-103.40081,25.6051],[-103.40034,25.60783],[-103.40928,25.60588],[-103.40869,25.60338]]],[[[-103.41015,25.59923],[-103.41075,25.5992],[-103.41063,25.59835],[-103.4093,25.59875],[-103.41015,25.59923]]],[[[-103.41315,25.59997],[-103.41348,25.59938],[-103.4128,25.59944],[-103.41315,25.59997]]],[[[-103.41251,25.59862],[-103.41257,25.59933],[-103.41347,25.59925],[-103.41339,25.59853],[-103.41251,25.59862]]],[[[-103.3617,25.66661],[-103.36108,25.66656],[-103.36103,25.66729],[-103.36196,25.66736],[-103.3617,25.66661]]],[[[-103.37808,25.63373],[-103.37847,25.63405],[-103.37845,25.63338],[-103.37808,25.63373]]],[[[-103.37938,25.63246],[-103.37859,25.63317],[-103.3792,25.63372],[-103.38019,25.63316],[-103.37938,25.63246]]],[[[-103.38928,25.61364],[-103.38853,25.61423],[-103.38913,25.61455],[-103.38928,25.61364]]]]},"properties":{"SIMBOLOGIA":"Equipamiento Educación (EE)"}},{"type":"Feature","geometry":{"type":"MultiPolygon","coordinates":[[[[-103.41392,25.55832],[-103.41505,25.55778],[-103.41459,25.55741],[-103.41392,25.55832]]],[[[-103.39055,25.54128],[-103.39087,25.54203],[-103.391,25.54099],[-103.39055,25.54128]]],[[[-103.43565,25.54388],[-103.43627,25.54332],[-103.43554,25.54319],[-103.43565,25.54388]]],[[[-103.43965,25.54068],[-103.44048,25.54109],[-103.44049,25.54033],[-103.43965,25.54068]]],[[[-103.42903,25.5443],[-103.42902,25.54487],[-103.42993,25.54488],[-103.42993,25.54411],[-103.42903,25.5443]]],[[[-103.44472,25.54185],[-103.44532,25.54134],[-103.44448,25.54131],[-103.44472,25.54185]]],[[[-103.4387,25.55253],[-103.43935,25.55254],[-103.43935,25.55181],[-103.43871,25.5518],[-103.4387,25.55253]]],[[[-103.42278,25.53449],[-103.42277,25.53546],[-103.42352,25.53547],[-103.42352,25.53472],[-103.42278,25.53449]]],[[[-103.42129,25.53542],[-103.42257,25.53547],[-103.42257,25.53394],[-103.41935,25.53387],[-103.41933,25.53538],[-103.42129,25.53542]]],[[[-103.44769,25.53261],[-103.44769,25.53318],[-103.44851,25.53319],[-103.44852,25.53262],[-103.44769,25.53261]]],[[[-103.44641,25.53453],[-103.44557,25.53452],[-103.44557,25.5356],[-103.4464,25.53561],[-103.44641,25.53453]]],[[[-103.38471,25.52123],[-103.38377,25.52063],[-103.38286,25.52181],[-103.38477,25.52183],[-103.38471,25.52123]]],[[[-103.46861,25.53612],[-103.46945,25.53508],[-103.46864,25.53499],[-103.46861,25.53612]]],[[[-103.40157,25.52757],[-103.40183,25.52679],[-103.40066,25.5266],[-103.40046,25.52722],[-103.40157,25.52757]]],[[[-103.39415,25.51667],[-103.39435,25.51748],[-103.3961,25.51751],[-103.39611,25.51667],[-103.39415,25.51667]]],[[[-103.32599,25.5312],[-103.32307,25.53118],[-103.32328,25.53296],[-103.32634,25.53289],[-103.32599,25.5312]]],[[[-103.33936,25.53726],[-103.3407,25.5373],[-103.34058,25.53583],[-103.33939,25.53581],[-103.33936,25.53726]]],[[[-103.39802,25.60463],[-103.39712,25.60393],[-103.39612,25.60438],[-103.39699,25.60427],[-103.39774,25.60511],[-103.39802,25.60463]]]]},"properties":{"SIMBOLOGIA":"Equipamiento Salud (ES)"}},{"type":"Feature","geometry":{"type":"MultiPolygon","coordinates":[[[[-103.40188,25.5553],[-103.40314,25.55635],[-103.40456,25.55491],[-103.40286,25.55353],[-103.40169,25.55471],[-103.40188,25.5553]]],[[[-103.41174,25.55799],[-103.41145,25.55833],[-103.41214,25.55834],[-103.41174,25.55799]]],[[[-103.41725,25.56109],[-103.41673,25.56152],[-103.41714,25.56193],[-103.41817,25.56108],[-103.41776,25.56067],[-103.41725,25.56109]]],[[[-103.39787,25.54966],[-103.39831,25.5496],[-103.39724,25.54887],[-103.39787,25.54966]]],[[[-103.39232,25.53957],[-103.39344,25.53958],[-103.39346,25.53854],[-103.39232,25.53853],[-103.39232,25.53957]]],[[[-103.38151,25.55943],[-103.38163,25.5601],[-103.38279,25.55949],[-103.38151,25.55943]]],[[[-103.39182,25.57132],[-103.39107,25.57078],[-103.39223,25.57185],[-103.39182,25.57132]]],[[[-103.39061,25.565],[-103.39112,25.56533],[-103.39111,25.56448],[-103.39061,25.565]]],[[[-103.38538,25.56172],[-103.38463,25.56125],[-103.385,25.56212],[-103.38538,25.56172]]],[[[-103.37851,25.55267],[-103.37809,25.5536],[-103.37899,25.55316],[-103.37851,25.55267]]],[[[-103.3859,25.5514],[-103.38899,25.5518],[-103.38827,25.55044],[-103.3873,25.55041],[-103.38729,25.55144],[-103.3859,25.5514]]],[[[-103.38798,25.54823],[-103.38611,25.54906],[-103.38595,25.5504],[-103.38791,25.55042],[-103.38798,25.54823]]],[[[-103.38256,25.55308],[-103.38253,25.55364],[-103.3834,25.55364],[-103.38342,25.55293],[-103.38256,25.55308]]],[[[-103.40374,25.57361],[-103.40389,25.57317],[-103.40248,25.573],[-103.40374,25.57361]]],[[[-103.40145,25.57322],[-103.40057,25.57311],[-103.40027,25.57433],[-103.40145,25.57322]]],[[[-103.40167,25.57389],[-103.40241,25.57385],[-103.40234,25.573],[-103.4016,25.57291],[-103.40167,25.57389]]],[[[-103.40869,25.57664],[-103.40887,25.57702],[-103.41212,25.57578],[-103.41178,25.57507],[-103.40921,25.57528],[-103.40771,25.57459],[-103.40776,25.57599],[-103.4083,25.57577],[-103.40869,25.57664]]],[[[-103.39774,25.57503],[-103.39779,25.57554],[-103.39825,25.57512],[-103.39774,25.57503]]],[[[-103.39774,25.57287],[-103.39835,25.57342],[-103.39831,25.57284],[-103.39774,25.57287]]],[[[-103.39818,25.54084],[-103.3987,25.54084],[-103.3987,25.54004],[-103.39819,25.54003],[-103.39818,25.54084]]],[[[-103.39776,25.54111],[-103.39814,25.54164],[-103.39868,25.5411],[-103.39776,25.54111]]],[[[-103.38705,25.54095],[-103.38614,25.54094],[-103.38613,25.542],[-103.38682,25.54237],[-103.38704,25.5414],[-103.38754,25.5414],[-103.38705,25.54095]]],[[[-103.38511,25.54092],[-103.38445,25.54092],[-103.3851,25.54145],[-103.38511,25.54092]]],[[[-103.38069,25.56429],[-103.38008,25.56464],[-103.38039,25.5651],[-103.38102,25.56477],[-103.38069,25.56429]]],[[[-103.40089,25.54296],[-103.40161,25.54289],[-103.4005,25.54194],[-103.40089,25.54296]]],[[[-103.41135,25.55856],[-103.41134,25.55959],[-103.4161,25.56369],[-103.41612,25.559],[-103.41135,25.55856]]],[[[-103.42773,25.54032],[-103.42773,25.54097],[-103.43019,25.54098],[-103.43018,25.53842],[-103.42776,25.53836],[-103.42773,25.54032]]],[[[-103.41008,25.54124],[-103.41008,25.54188],[-103.41092,25.54188],[-103.41093,25.54112],[-103.41008,25.54124]]],[[[-103.41551,25.52268],[-103.41617,25.52269],[-103.41617,25.52215],[-103.41552,25.52214],[-103.41551,25.52268]]],[[[-103.39986,25.49343],[-103.40297,25.49077],[-103.40115,25.49043],[-103.39878,25.4924],[-103.39986,25.49343]]],[[[-103.37137,25.52081],[-103.37208,25.51721],[-103.37135,25.51621],[-103.37035,25.51552],[-103.36862,25.51546],[-103.36782,25.51691],[-103.36662,25.5171],[-103.36774,25.51842],[-103.36824,25.52078],[-103.37033,25.52004],[-103.37137,25.52081]]],[[[-103.37379,25.49934],[-103.37329,25.49957],[-103.37369,25.49983],[-103.37379,25.49934]]],[[[-103.36425,25.49404],[-103.36506,25.49399],[-103.36507,25.49331],[-103.36426,25.49331],[-103.36425,25.49404]]],[[[-103.38661,25.49556],[-103.38045,25.49651],[-103.38568,25.49944],[-103.38898,25.49555],[-103.38661,25.49556]]],[[[-103.38259,25.50767],[-103.38324,25.50807],[-103.3836,25.5076],[-103.38296,25.5072],[-103.38259,25.50767]]],[[[-103.37269,25.5208],[-103.3758,25.52045],[-103.37667,25.52001],[-103.37673,25.5191],[-103.3727,25.51902],[-103.37205,25.52061],[-103.37269,25.5208]]],[[[-103.37497,25.51852],[-103.37673,25.51795],[-103.37782,25.5149],[-103.37689,25.51442],[-103.37586,25.51702],[-103.37416,25.51748],[-103.37497,25.51852]]],[[[-103.3731,25.51528],[-103.3725,25.51647],[-103.37269,25.51887],[-103.37356,25.51895],[-103.3735,25.51729],[-103.37518,25.51645],[-103.37617,25.51405],[-103.37536,25.51363],[-103.37459,25.51486],[-103.37338,25.51428],[-103.3731,25.51528]]],[[[-103.36994,25.51517],[-103.37044,25.51524],[-103.37146,25.51367],[-103.3731,25.51426],[-103.37367,25.5135],[-103.37251,25.5129],[-103.37125,25.51076],[-103.37015,25.51151],[-103.36994,25.51517]]],[[[-103.36838,25.51509],[-103.36945,25.51514],[-103.36945,25.51197],[-103.36793,25.50999],[-103.36718,25.51038],[-103.3668,25.51401],[-103.36829,25.51307],[-103.36838,25.51509]]],[[[-103.36693,25.51656],[-103.36769,25.51658],[-103.36827,25.51532],[-103.36756,25.5146],[-103.36693,25.51656]]],[[[-103.4641,25.52664],[-103.46269,25.52758],[-103.46407,25.52967],[-103.46588,25.52855],[-103.4641,25.52664]]],[[[-103.46156,25.53076],[-103.46076,25.53339],[-103.46493,25.53338],[-103.46308,25.53049],[-103.46136,25.53029],[-103.46156,25.53076]]],[[[-103.46096,25.54487],[-103.46095,25.54544],[-103.46175,25.54546],[-103.46176,25.54445],[-103.46096,25.54432],[-103.46096,25.54487]]],[[[-103.43455,25.56458],[-103.43594,25.56607],[-103.43785,25.56459],[-103.43646,25.56246],[-103.43455,25.56458]]],[[[-103.44492,25.57504],[-103.44242,25.57559],[-103.44126,25.57702],[-103.44522,25.57617],[-103.44492,25.57504]]],[[[-103.42531,25.57659],[-103.42422,25.57706],[-103.42473,25.57805],[-103.42779,25.57706],[-103.42741,25.57634],[-103.42631,25.57661],[-103.42567,25.57557],[-103.42504,25.57598],[-103.42531,25.57659]]],[[[-103.42002,25.57724],[-103.42061,25.57798],[-103.4212,25.57754],[-103.42069,25.57684],[-103.42002,25.57724]]],[[[-103.41849,25.57634],[-103.41846,25.57563],[-103.41806,25.57594],[-103.41849,25.57634]]],[[[-103.4249,25.58766],[-103.42391,25.5878],[-103.42408,25.58915],[-103.42608,25.59009],[-103.42625,25.5882],[-103.42712,25.58809],[-103.42664,25.58505],[-103.42464,25.58554],[-103.4249,25.58766]]],[[[-103.40843,25.53079],[-103.40999,25.5297],[-103.41057,25.5282],[-103.4121,25.52811],[-103.41217,25.52376],[-103.41346,25.52223],[-103.41396,25.51965],[-103.41361,25.51719],[-103.41222,25.51618],[-103.41121,25.51652],[-103.41225,25.51833],[-103.41215,25.52058],[-103.41066,25.52265],[-103.41007,25.52275],[-103.41001,25.5222],[-103.41126,25.5206],[-103.41118,25.51836],[-103.4107,25.51829],[-103.40858,25.52182],[-103.40819,25.52144],[-103.40982,25.51753],[-103.40832,25.51798],[-103.407,25.52016],[-103.4071,25.52426],[-103.40804,25.52626],[-103.4091,25.52628],[-103.40807,25.5302],[-103.40843,25.53079]]],[[[-103.40749,25.5352],[-103.41501,25.53539],[-103.41511,25.53268],[-103.4075,25.53262],[-103.40749,25.5352]]],[[[-103.39205,25.53408],[-103.39204,25.53498],[-103.39298,25.53499],[-103.39298,25.53409],[-103.39205,25.53408]]],[[[-103.38994,25.5345],[-103.38995,25.53359],[-103.38807,25.53358],[-103.38806,25.53495],[-103.38994,25.53497],[-103.38994,25.5345]]],[[[-103.38608,25.52382],[-103.38613,25.52201],[-103.38499,25.522],[-103.3841,25.52285],[-103.38406,25.5267],[-103.38713,25.52672],[-103.38606,25.52635],[-103.38608,25.52382]]],[[[-103.38034,25.5264],[-103.3819,25.52773],[-103.38191,25.52595],[-103.38134,25.52546],[-103.38034,25.5264]]],[[[-103.36299,25.52018],[-103.36439,25.51955],[-103.36422,25.51429],[-103.36325,25.51456],[-103.36284,25.51681],[-103.3615,25.51778],[-103.36299,25.52018]]],[[[-103.36062,25.51391],[-103.36096,25.51761],[-103.3624,25.51494],[-103.36144,25.51356],[-103.36062,25.51391]]],[[[-103.36288,25.51288],[-103.36187,25.51335],[-103.36323,25.51441],[-103.36413,25.51408],[-103.36288,25.51288]]],[[[-103.46849,25.54124],[-103.46804,25.5415],[-103.46888,25.5415],[-103.46849,25.54124]]],[[[-103.46912,25.54297],[-103.46842,25.54304],[-103.46865,25.54385],[-103.46912,25.54297]]],[[[-103.403,25.53026],[-103.40343,25.52994],[-103.40274,25.52982],[-103.403,25.53026]]],[[[-103.46248,25.52769],[-103.46249,25.52937],[-103.46311,25.52896],[-103.46248,25.52769]]],[[[-103.35322,25.50994],[-103.35398,25.50985],[-103.35374,25.5094],[-103.35322,25.50994]]],[[[-103.35455,25.49742],[-103.35331,25.49725],[-103.35386,25.49809],[-103.35455,25.49742]]],[[[-103.35511,25.52098],[-103.35586,25.52098],[-103.35588,25.51987],[-103.35512,25.51985],[-103.35511,25.52098]]],[[[-103.39838,25.49171],[-103.40157,25.48947],[-103.39974,25.488],[-103.39848,25.48914],[-103.39968,25.49054],[-103.39838,25.49171]]],[[[-103.33877,25.49725],[-103.34124,25.497],[-103.33871,25.49606],[-103.33782,25.49737],[-103.33877,25.49725]]],[[[-103.39932,25.58139],[-103.39871,25.58236],[-103.39998,25.58488],[-103.4033,25.58722],[-103.40512,25.58392],[-103.39932,25.58139]]],[[[-103.37995,25.57951],[-103.38028,25.58147],[-103.37975,25.57765],[-103.37995,25.57951]]],[[[-103.29984,25.59157],[-103.30009,25.59111],[-103.29947,25.59098],[-103.29984,25.59157]]],[[[-103.33473,25.53617],[-103.3349,25.53566],[-103.33372,25.53548],[-103.33374,25.53616],[-103.33473,25.53617]]],[[[-103.35973,25.54958],[-103.36031,25.55029],[-103.36096,25.54983],[-103.36075,25.54913],[-103.35973,25.54958]]],[[[-103.35868,25.55011],[-103.35971,25.55037],[-103.35919,25.54976],[-103.35868,25.55011]]],[[[-103.37465,25.55181],[-103.37364,25.55077],[-103.37463,25.55247],[-103.37465,25.55181]]],[[[-103.35661,25.54441],[-103.35766,25.54402],[-103.35677,25.5437],[-103.35661,25.54441]]],[[[-103.36368,25.5369],[-103.36369,25.53517],[-103.36321,25.53517],[-103.36321,25.53691],[-103.36368,25.5369]]],[[[-103.33178,25.54529],[-103.33197,25.5461],[-103.33262,25.54595],[-103.33246,25.54511],[-103.33178,25.54529]]],[[[-103.33769,25.5417],[-103.33853,25.54171],[-103.33853,25.54103],[-103.33769,25.541],[-103.33769,25.5417]]],[[[-103.31886,25.53533],[-103.31719,25.53531],[-103.3177,25.53698],[-103.31886,25.53533]]],[[[-103.3306,25.53989],[-103.3301,25.53994],[-103.33078,25.5411],[-103.3306,25.53989]]],[[[-103.34334,25.55137],[-103.34334,25.55194],[-103.34423,25.55196],[-103.34419,25.55137],[-103.34334,25.55137]]],[[[-103.33777,25.55446],[-103.33773,25.55536],[-103.33846,25.55527],[-103.3385,25.55434],[-103.33777,25.55446]]],[[[-103.2681,25.58773],[-103.26801,25.58845],[-103.26911,25.58862],[-103.26936,25.58795],[-103.2681,25.58773]]],[[[-103.35789,25.57941],[-103.35793,25.58017],[-103.35692,25.58005],[-103.35748,25.58097],[-103.35997,25.57975],[-103.35992,25.57892],[-103.35789,25.57941]]],[[[-103.2993,25.59499],[-103.30028,25.5952],[-103.30073,25.59389],[-103.29869,25.59381],[-103.29853,25.59479],[-103.2993,25.59499]]],[[[-103.33702,25.49774],[-103.33728,25.49621],[-103.33562,25.49596],[-103.33702,25.49774]]],[[[-103.33344,25.49911],[-103.33385,25.49978],[-103.33332,25.50035],[-103.33406,25.4998],[-103.33344,25.49911]]],[[[-103.33656,25.49873],[-103.33594,25.49918],[-103.33633,25.49966],[-103.33656,25.49873]]],[[[-103.33958,25.49853],[-103.33741,25.49909],[-103.33694,25.50109],[-103.33958,25.49853]]],[[[-103.33939,25.49475],[-103.3385,25.49504],[-103.33987,25.49589],[-103.33939,25.49475]]],[[[-103.36145,25.57763],[-103.35789,25.57916],[-103.36091,25.5784],[-103.36178,25.57789],[-103.36145,25.57763]]],[[[-103.35467,25.6219],[-103.35575,25.62217],[-103.35591,25.62096],[-103.35502,25.62082],[-103.35467,25.6219]]],[[[-103.37523,25.60601],[-103.37594,25.60642],[-103.3765,25.60539],[-103.37576,25.60521],[-103.37523,25.60601]]],[[[-103.36301,25.60126],[-103.3641,25.60209],[-103.36441,25.6015],[-103.36301,25.60126]]],[[[-103.39261,25.60487],[-103.39255,25.60538],[-103.39578,25.60279],[-103.39261,25.60487]]],[[[-103.39862,25.60053],[-103.39833,25.60123],[-103.39955,25.60013],[-103.39862,25.60053]]],[[[-103.37972,25.60308],[-103.37932,25.60399],[-103.3803,25.60422],[-103.38066,25.60353],[-103.37972,25.60308]]],[[[-103.35465,25.64278],[-103.3549,25.64316],[-103.35481,25.64258],[-103.35866,25.64041],[-103.36011,25.64039],[-103.36166,25.64168],[-103.36219,25.63952],[-103.3617,25.63872],[-103.36207,25.63814],[-103.36296,25.63828],[-103.36333,25.63746],[-103.36115,25.63594],[-103.36007,25.63857],[-103.35981,25.63715],[-103.36033,25.63571],[-103.3643,25.63255],[-103.36403,25.62927],[-103.35707,25.63459],[-103.35661,25.63569],[-103.35706,25.6389],[-103.35499,25.63834],[-103.3526,25.63939],[-103.35336,25.64175],[-103.35465,25.64278]],[[-103.35475,25.64109],[-103.35414,25.6413],[-103.35317,25.64014],[-103.35427,25.64086],[-103.35633,25.63959],[-103.3533,25.63986],[-103.35514,25.63917],[-103.35692,25.63958],[-103.35475,25.64109]],[[-103.35393,25.64041],[-103.35521,25.63978],[-103.35428,25.64071],[-103.35393,25.64041]],[[-103.35795,25.63627],[-103.35742,25.63551],[-103.35773,25.636],[-103.35989,25.63496],[-103.35795,25.63627]],[[-103.35798,25.63568],[-103.35744,25.63549],[-103.35962,25.63465],[-103.35798,25.63568]],[[-103.35983,25.63451],[-103.35937,25.63433],[-103.36375,25.63073],[-103.36377,25.63149],[-103.36336,25.63108],[-103.35983,25.63451]],[[-103.36317,25.63172],[-103.36369,25.63162],[-103.36248,25.63336],[-103.3599,25.63495],[-103.36317,25.63172]]],[[[-103.36406,25.64301],[-103.36441,25.6438],[-103.36493,25.64305],[-103.36406,25.64301]]],[[[-103.36522,25.63521],[-103.36513,25.63597],[-103.3656,25.63552],[-103.36522,25.63521]]],[[[-103.36786,25.64013],[-103.3674,25.63974],[-103.36755,25.64057],[-103.36786,25.64013]]],[[[-103.3652,25.63412],[-103.36587,25.63367],[-103.36552,25.63337],[-103.3652,25.63412]]],[[[-103.3625,25.64178],[-103.36552,25.64205],[-103.3636,25.64073],[-103.36515,25.63842],[-103.36611,25.64062],[-103.36569,25.6421],[-103.36644,25.64215],[-103.3657,25.64182],[-103.36633,25.64211],[-103.36705,25.64128],[-103.36669,25.63882],[-103.36469,25.63718],[-103.36412,25.63756],[-103.3625,25.64178],[-103.36329,25.64182],[-103.3625,25.64178]]],[[[-103.37823,25.62564],[-103.37897,25.62676],[-103.37745,25.62695],[-103.37938,25.63077],[-103.38019,25.63093],[-103.38273,25.62834],[-103.38094,25.62515],[-103.37795,25.62509],[-103.37823,25.62564]]],[[[-103.39468,25.62441],[-103.39941,25.62301],[-103.39818,25.61957],[-103.39351,25.62115],[-103.39468,25.62441]]],[[[-103.36063,25.64553],[-103.36157,25.64617],[-103.36382,25.6458],[-103.36446,25.64488],[-103.36292,25.6424],[-103.36149,25.64234],[-103.35981,25.64075],[-103.36025,25.64362],[-103.36131,25.64415],[-103.36252,25.64328],[-103.36339,25.64535],[-103.36176,25.64533],[-103.35607,25.64305],[-103.35541,25.64336],[-103.35623,25.64419],[-103.3594,25.6446],[-103.36063,25.64553]]],[[[-103.34071,25.60201],[-103.34142,25.60314],[-103.34177,25.60211],[-103.34071,25.60201]]]]},"properties":{"SIMBOLOGIA":"Equipamiento Recreación y Deporte (ERD)"}},{"type":"Feature","geometry":{"type":"MultiPolygon","coordinates":[[[[-103.42365,25.56403],[-103.4239,25.56455],[-103.42494,25.56371],[-103.42454,25.5633],[-103.42365,25.56403]]],[[[-103.42314,25.56356],[-103.42342,25.56407],[-103.42445,25.56323],[-103.42401,25.56286],[-103.42314,25.56356]]],[[[-103.42267,25.56301],[-103.42295,25.56351],[-103.4239,25.56265],[-103.42354,25.5623],[-103.42267,25.56301]]],[[[-103.42374,25.56213],[-103.42412,25.56255],[-103.42509,25.56173],[-103.4247,25.56134],[-103.42374,25.56213]]],[[[-103.42412,25.56478],[-103.42542,25.56419],[-103.42502,25.56378],[-103.42412,25.56478]]],[[[-103.42316,25.5656],[-103.4243,25.56511],[-103.42389,25.56471],[-103.42316,25.5656]]],[[[-103.42272,25.56504],[-103.42381,25.56463],[-103.4234,25.56422],[-103.42272,25.56504]]],[[[-103.42216,25.56458],[-103.42333,25.56415],[-103.42293,25.56374],[-103.42216,25.56458]]],[[[-103.42162,25.56404],[-103.42282,25.56362],[-103.42241,25.56322],[-103.42162,25.56404]]],[[[-103.42188,25.56296],[-103.42136,25.56393],[-103.42233,25.56314],[-103.42188,25.56296]]],[[[-103.42444,25.56108],[-103.42324,25.56176],[-103.42359,25.56211],[-103.42444,25.56108]]],[[[-103.42551,25.56103],[-103.42479,25.56127],[-103.42519,25.56167],[-103.42551,25.56103]]],[[[-103.42538,25.56187],[-103.42586,25.56207],[-103.42565,25.56152],[-103.42538,25.56187]]],[[[-103.42637,25.56355],[-103.42633,25.56432],[-103.42706,25.5637],[-103.42637,25.56355]]],[[[-103.42461,25.56499],[-103.42486,25.56552],[-103.42565,25.56488],[-103.42524,25.56448],[-103.42461,25.56499]]],[[[-103.42429,25.56525],[-103.42348,25.56593],[-103.42381,25.56638],[-103.42477,25.56559],[-103.42429,25.56525]]],[[[-103.42324,25.56646],[-103.42218,25.56699],[-103.42256,25.56739],[-103.42324,25.56646]]],[[[-103.42276,25.56601],[-103.42169,25.56651],[-103.4221,25.56691],[-103.42276,25.56601]]],[[[-103.4223,25.5655],[-103.42121,25.56603],[-103.42161,25.56643],[-103.4223,25.5655]]],[[[-103.42094,25.56576],[-103.42203,25.56523],[-103.42161,25.56481],[-103.42094,25.56576]]],[[[-103.42047,25.56481],[-103.42061,25.56543],[-103.4215,25.56469],[-103.42111,25.56429],[-103.42047,25.56481]]],[[[-103.42184,25.56221],[-103.42286,25.56161],[-103.42254,25.56129],[-103.42184,25.56221]]],[[[-103.42356,25.56046],[-103.42286,25.56137],[-103.42399,25.56063],[-103.42356,25.56046]]],[[[-103.42644,25.56174],[-103.4264,25.56251],[-103.42711,25.56193],[-103.42644,25.56174]]],[[[-103.42639,25.56266],[-103.42669,25.56314],[-103.4275,25.56248],[-103.42719,25.562],[-103.42639,25.56266]]],[[[-103.42696,25.56344],[-103.42807,25.56289],[-103.42767,25.56249],[-103.42696,25.56344]]],[[[-103.42747,25.56396],[-103.42859,25.56341],[-103.42819,25.56301],[-103.42747,25.56396]]],[[[-103.42641,25.56447],[-103.42658,25.56506],[-103.42757,25.56423],[-103.42718,25.56384],[-103.42641,25.56447]]],[[[-103.42515,25.5658],[-103.4259,25.56562],[-103.42576,25.56499],[-103.42515,25.5658]]],[[[-103.42475,25.56583],[-103.42411,25.56636],[-103.42435,25.56689],[-103.4253,25.56612],[-103.42475,25.56583]]],[[[-103.4238,25.567],[-103.4227,25.56752],[-103.4231,25.56792],[-103.4238,25.567]]],[[[-103.42282,25.56781],[-103.4216,25.56849],[-103.42197,25.56885],[-103.42282,25.56781]]],[[[-103.42175,25.56735],[-103.42105,25.56792],[-103.42141,25.56829],[-103.42249,25.56747],[-103.42175,25.56735]]],[[[-103.42172,25.5667],[-103.42056,25.56744],[-103.42096,25.56784],[-103.42201,25.56699],[-103.42172,25.5667]]],[[[-103.42043,25.56667],[-103.42074,25.56714],[-103.42152,25.56649],[-103.42111,25.5661],[-103.42043,25.56667]]],[[[-103.42071,25.5621],[-103.42064,25.5627],[-103.42133,25.56213],[-103.42071,25.5621]]],[[[-103.42117,25.56154],[-103.42142,25.56206],[-103.42246,25.56121],[-103.42201,25.56085],[-103.42117,25.56154]]],[[[-103.42307,25.55998],[-103.42224,25.56066],[-103.42259,25.5611],[-103.42362,25.56026],[-103.42307,25.55998]]],[[[-103.42392,25.55929],[-103.42371,25.56018],[-103.42464,25.55942],[-103.42392,25.55929]]],[[[-103.42709,25.55939],[-103.42628,25.56006],[-103.42645,25.56064],[-103.4276,25.55971],[-103.42709,25.55939]]],[[[-103.42754,25.55997],[-103.4266,25.56074],[-103.427,25.56115],[-103.42812,25.56022],[-103.42754,25.55997]]],[[[-103.42809,25.56039],[-103.42708,25.56122],[-103.42748,25.56163],[-103.42861,25.5607],[-103.42809,25.56039]]],[[[-103.42785,25.56147],[-103.42796,25.56211],[-103.42909,25.56117],[-103.4287,25.56078],[-103.42785,25.56147]]],[[[-103.42903,25.56138],[-103.42807,25.56217],[-103.42846,25.56257],[-103.42956,25.56167],[-103.42903,25.56138]]],[[[-103.4294,25.56202],[-103.42864,25.56265],[-103.42907,25.56303],[-103.43009,25.56217],[-103.4294,25.56202]]],[[[-103.43003,25.56238],[-103.42927,25.56337],[-103.43044,25.56253],[-103.43003,25.56238]]],[[[-103.42132,25.56953],[-103.42108,25.57008],[-103.42226,25.56937],[-103.42132,25.56953]]],[[[-103.42129,25.56867],[-103.4204,25.5694],[-103.4208,25.56979],[-103.42185,25.56894],[-103.42129,25.56867]]],[[[-103.42067,25.56855],[-103.42127,25.56837],[-103.42093,25.56803],[-103.42067,25.56855]]],[[[-103.42146,25.56035],[-103.4205,25.56114],[-103.4209,25.56155],[-103.42188,25.56074],[-103.42146,25.56035]]],[[[-103.42256,25.55946],[-103.42167,25.56018],[-103.42201,25.56053],[-103.42299,25.55982],[-103.42256,25.55946]]],[[[-103.42429,25.55883],[-103.42343,25.55909],[-103.42464,25.5591],[-103.42429,25.55883]]],[[[-103.42791,25.55945],[-103.42819,25.55914],[-103.42732,25.5592],[-103.42791,25.55945]]],[[[-103.4283,25.55935],[-103.42785,25.55972],[-103.4282,25.56012],[-103.42924,25.55929],[-103.4283,25.55935]]],[[[-103.42919,25.55949],[-103.42833,25.5602],[-103.42869,25.56061],[-103.42973,25.55977],[-103.42919,25.55949]]],[[[-103.42989,25.55992],[-103.42881,25.56068],[-103.42919,25.5611],[-103.43021,25.56026],[-103.42989,25.55992]]],[[[-103.43061,25.56065],[-103.4303,25.56033],[-103.42926,25.56118],[-103.42967,25.5616],[-103.43061,25.56065]]],[[[-103.4218,25.55928],[-103.42182,25.55992],[-103.42262,25.55925],[-103.4218,25.55928]]],[[[-103.42962,25.55915],[-103.42987,25.55966],[-103.4305,25.55914],[-103.42962,25.55915]]],[[[-103.43106,25.55897],[-103.42994,25.55974],[-103.43035,25.56014],[-103.43139,25.5593],[-103.43106,25.55897]]],[[[-103.43132,25.5595],[-103.43043,25.56023],[-103.43077,25.56058],[-103.43187,25.55978],[-103.43132,25.5595]]],[[[-103.43184,25.56002],[-103.43102,25.56068],[-103.43136,25.56115],[-103.43238,25.5603],[-103.43184,25.56002]]],[[[-103.43232,25.5605],[-103.43208,25.56107],[-103.43281,25.56071],[-103.43232,25.5605]]],[[[-103.43227,25.5365],[-103.43266,25.53723],[-103.43267,25.53634],[-103.43227,25.5365]]],[[[-103.41671,25.53162],[-103.4184,25.5319],[-103.41841,25.53136],[-103.41671,25.53162]]],[[[-103.41671,25.53025],[-103.41841,25.53053],[-103.4184,25.52998],[-103.41671,25.53025]]],[[[-103.41671,25.53093],[-103.41839,25.53121],[-103.41841,25.53067],[-103.41671,25.53093]]],[[[-103.42967,25.52699],[-103.42918,25.52772],[-103.42961,25.52796],[-103.42986,25.52716],[-103.43071,25.52762],[-103.4299,25.52779],[-103.43052,25.52812],[-103.43077,25.52738],[-103.42967,25.52699]]],[[[-103.43059,25.52588],[-103.43186,25.52613],[-103.4307,25.52548],[-103.43059,25.52588]]],[[[-103.42953,25.52484],[-103.42919,25.5251],[-103.43035,25.52575],[-103.42953,25.52484]]],[[[-103.4263,25.52301],[-103.42598,25.5233],[-103.42778,25.52429],[-103.4263,25.52301]]],[[[-103.43158,25.52703],[-103.43273,25.52768],[-103.43168,25.52663],[-103.43158,25.52703]]],[[[-103.426,25.52345],[-103.42568,25.52372],[-103.42748,25.52473],[-103.426,25.52345]]],[[[-103.42507,25.52289],[-103.42467,25.52312],[-103.42555,25.52365],[-103.42507,25.52289]]],[[[-103.36561,25.51658],[-103.36563,25.51443],[-103.36445,25.51432],[-103.36455,25.51661],[-103.36526,25.51657],[-103.36524,25.51448],[-103.36548,25.51705],[-103.36561,25.51658]]],[[[-103.3649,25.51677],[-103.36485,25.52016],[-103.36358,25.52028],[-103.36389,25.52055],[-103.36543,25.52057],[-103.3649,25.51677]]],[[[-103.36199,25.51998],[-103.36129,25.51878],[-103.36024,25.51886],[-103.36114,25.51858],[-103.36024,25.5181],[-103.36023,25.51389],[-103.35949,25.51389],[-103.35952,25.51294],[-103.36001,25.51324],[-103.36112,25.51248],[-103.35928,25.51278],[-103.35926,25.51435],[-103.35998,25.51436],[-103.35998,25.51916],[-103.36102,25.51917],[-103.36175,25.52035],[-103.36199,25.51998]]],[[[-103.36526,25.51384],[-103.36447,25.51327],[-103.3646,25.514],[-103.36565,25.51405],[-103.36566,25.51234],[-103.3644,25.51221],[-103.36447,25.51305],[-103.36465,25.51247],[-103.36548,25.51246],[-103.36526,25.51384]]],[[[-103.36432,25.51555],[-103.36404,25.51798],[-103.36449,25.51792],[-103.36432,25.51555]]],[[[-103.36449,25.51792],[-103.36404,25.51798],[-103.36439,25.51955],[-103.3634,25.52014],[-103.36463,25.51994],[-103.36449,25.51792]]],[[[-103.36244,25.5195],[-103.36219,25.52022],[-103.36299,25.52018],[-103.36244,25.5195]]],[[[-103.36185,25.51876],[-103.36133,25.51756],[-103.36086,25.51787],[-103.36185,25.51876]]],[[[-103.36177,25.5176],[-103.36284,25.51681],[-103.36334,25.51482],[-103.36294,25.5146],[-103.36253,25.51613],[-103.36274,25.51464],[-103.36196,25.5141],[-103.36236,25.51528],[-103.36128,25.5174],[-103.36194,25.517],[-103.36137,25.51752],[-103.36177,25.5176]]],[[[-103.36082,25.51739],[-103.36114,25.51517],[-103.36062,25.51391],[-103.36144,25.51356],[-103.36116,25.51291],[-103.36013,25.51339],[-103.36082,25.51739]]],[[[-103.36428,25.51374],[-103.36399,25.51247],[-103.36139,25.5129],[-103.36159,25.51349],[-103.36295,25.51287],[-103.36428,25.51374]]],[[[-103.45938,25.54681],[-103.45994,25.5465],[-103.45906,25.54647],[-103.45938,25.54681]]],[[[-103.46032,25.54506],[-103.46012,25.54548],[-103.46075,25.54546],[-103.46032,25.54506]]],[[[-103.45949,25.54601],[-103.45994,25.54635],[-103.45994,25.54567],[-103.45906,25.54571],[-103.45949,25.54601]]],[[[-103.45906,25.54512],[-103.45994,25.54549],[-103.45994,25.54506],[-103.45906,25.54512]]],[[[-103.45802,25.54524],[-103.45889,25.54553],[-103.45878,25.54506],[-103.45802,25.54524]]],[[[-103.45803,25.54449],[-103.4589,25.54488],[-103.45889,25.54429],[-103.45803,25.54449]]],[[[-103.45754,25.54515],[-103.45697,25.54505],[-103.45697,25.5456],[-103.45784,25.54557],[-103.45754,25.54515]]],[[[-103.4572,25.54428],[-103.45697,25.54487],[-103.45784,25.54487],[-103.45785,25.54429],[-103.4572,25.54428]]],[[[-103.45592,25.54533],[-103.4568,25.5456],[-103.45679,25.54505],[-103.45592,25.54533]]],[[[-103.45654,25.54455],[-103.45593,25.54486],[-103.45679,25.54487],[-103.45654,25.54455]]],[[[-103.45506,25.54522],[-103.45486,25.54567],[-103.45574,25.54564],[-103.45575,25.54504],[-103.45506,25.54522]]],[[[-103.45923,25.54689],[-103.45993,25.54779],[-103.45994,25.54692],[-103.45923,25.54689]]],[[[-103.4512,25.55098],[-103.45088,25.55136],[-103.45148,25.55177],[-103.4519,25.55126],[-103.4512,25.55098]]],[[[-103.44958,25.55007],[-103.4504,25.55103],[-103.45091,25.55058],[-103.44958,25.55007]]],[[[-103.45011,25.54946],[-103.45104,25.5505],[-103.45149,25.55002],[-103.45011,25.54946]]],[[[-103.45176,25.55059],[-103.45275,25.55167],[-103.45317,25.55116],[-103.45176,25.55059]]],[[[-103.45073,25.55183],[-103.45141,25.55259],[-103.45178,25.55215],[-103.45073,25.55183]]],[[[-103.4509,25.54863],[-103.45048,25.54914],[-103.45159,25.5499],[-103.45201,25.5494],[-103.4509,25.54863]]],[[[-103.45225,25.54974],[-103.45192,25.55013],[-103.45326,25.55104],[-103.45368,25.55054],[-103.45225,25.54974]]],[[[-103.45391,25.5507],[-103.45341,25.55115],[-103.45478,25.55209],[-103.45519,25.55157],[-103.45391,25.5507]]],[[[-103.45322,25.55138],[-103.45291,25.55177],[-103.45409,25.55258],[-103.45443,25.55202],[-103.45322,25.55138]]],[[[-103.45335,25.55265],[-103.45375,25.5533],[-103.454,25.55269],[-103.45335,25.55265]]],[[[-103.45297,25.55297],[-103.45229,25.5532],[-103.45365,25.55343],[-103.45297,25.55297]]],[[[-103.4526,25.55409],[-103.45167,25.55324],[-103.45136,25.55363],[-103.4526,25.55409]]],[[[-103.45117,25.55311],[-103.44989,25.55263],[-103.45119,25.55353],[-103.45117,25.55311]]],[[[-103.4495,25.55197],[-103.44868,25.55121],[-103.44868,25.5518],[-103.4495,25.55197]]],[[[-103.4512,25.54826],[-103.45205,25.54924],[-103.45247,25.54874],[-103.4512,25.54826]]],[[[-103.45271,25.5493],[-103.45378,25.55043],[-103.45421,25.54992],[-103.45271,25.5493]]],[[[-103.45424,25.55014],[-103.45393,25.55052],[-103.45529,25.55145],[-103.45571,25.55094],[-103.45424,25.55014]]],[[[-103.45477,25.55336],[-103.45383,25.55388],[-103.45526,25.55484],[-103.45573,25.55354],[-103.45477,25.55336]]],[[[-103.45278,25.55507],[-103.45354,25.55609],[-103.45397,25.55559],[-103.45278,25.55507]]],[[[-103.45105,25.554],[-103.45216,25.55516],[-103.45257,25.55464],[-103.45105,25.554]]],[[[-103.4497,25.55307],[-103.4507,25.55415],[-103.45112,25.55365],[-103.4497,25.55307]]],[[[-103.44868,25.55211],[-103.44885,25.5529],[-103.4494,25.55247],[-103.44868,25.55211]]],[[[-103.44834,25.5515],[-103.448,25.55352],[-103.44848,25.55566],[-103.44834,25.5515]]],[[[-103.45203,25.54786],[-103.45151,25.5479],[-103.45262,25.54866],[-103.453,25.54813],[-103.45203,25.54786]]],[[[-103.45331,25.54873],[-103.4543,25.54981],[-103.45472,25.5493],[-103.45331,25.54873]]],[[[-103.45511,25.54956],[-103.45445,25.5499],[-103.45572,25.55078],[-103.45614,25.55027],[-103.45511,25.54956]]],[[[-103.45237,25.55587],[-103.45199,25.556],[-103.45295,25.55667],[-103.45342,25.55619],[-103.45237,25.55587]]],[[[-103.45064,25.55449],[-103.45032,25.55486],[-103.45164,25.55577],[-103.45206,25.55526],[-103.45064,25.55449]]],[[[-103.44956,25.55355],[-103.44914,25.55406],[-103.45019,25.55477],[-103.45062,25.55425],[-103.44956,25.55355]]],[[[-103.45256,25.54708],[-103.45218,25.54738],[-103.45306,25.54798],[-103.45347,25.54748],[-103.45256,25.54708]]],[[[-103.45379,25.54787],[-103.45345,25.54826],[-103.45481,25.54918],[-103.45522,25.54868],[-103.45379,25.54787]]],[[[-103.45522,25.54896],[-103.45495,25.54928],[-103.45624,25.55016],[-103.45666,25.54965],[-103.45522,25.54896]]],[[[-103.45697,25.55005],[-103.45679,25.55054],[-103.45778,25.55041],[-103.45697,25.55005]]],[[[-103.45183,25.55635],[-103.45148,25.55663],[-103.45228,25.55717],[-103.45285,25.55678],[-103.45183,25.55635]]],[[[-103.45011,25.5551],[-103.4498,25.55548],[-103.45114,25.55639],[-103.45152,25.55586],[-103.45011,25.5551]]],[[[-103.44883,25.55442],[-103.44967,25.5554],[-103.45008,25.5549],[-103.44883,25.55442]]],[[[-103.45338,25.54684],[-103.45286,25.54687],[-103.45349,25.54731],[-103.45404,25.5469],[-103.45363,25.54636],[-103.45338,25.54684]]],[[[-103.45432,25.54737],[-103.45532,25.54855],[-103.45574,25.54805],[-103.45432,25.54737]]],[[[-103.45577,25.5483],[-103.45547,25.54866],[-103.45675,25.54954],[-103.45723,25.54907],[-103.45577,25.5483]]],[[[-103.4574,25.54958],[-103.45786,25.5503],[-103.45828,25.54979],[-103.4574,25.54958]]],[[[-103.44957,25.55578],[-103.44929,25.5561],[-103.45049,25.55692],[-103.45099,25.55648],[-103.44957,25.55578]]],[[[-103.44866,25.55508],[-103.44914,25.556],[-103.44956,25.5555],[-103.44866,25.55508]]],[[[-103.45401,25.54599],[-103.45401,25.5465],[-103.45468,25.54581],[-103.45401,25.54599]]],[[[-103.45482,25.54664],[-103.45448,25.54702],[-103.45583,25.54794],[-103.45627,25.54743],[-103.45482,25.54664]]],[[[-103.45631,25.54766],[-103.45599,25.54805],[-103.45726,25.54892],[-103.45769,25.54841],[-103.45631,25.54766]]],[[[-103.44907,25.55636],[-103.44894,25.55684],[-103.45024,25.55693],[-103.44907,25.55636]]],[[[-103.45524,25.54617],[-103.45635,25.54732],[-103.45676,25.54681],[-103.45524,25.54617]]],[[[-103.4568,25.54706],[-103.45651,25.54743],[-103.45774,25.54827],[-103.45828,25.54784],[-103.4568,25.54706]]],[[[-103.45851,25.54825],[-103.45822,25.5486],[-103.45889,25.54906],[-103.45931,25.54855],[-103.45851,25.54825]]],[[[-103.45631,25.54632],[-103.45687,25.5467],[-103.45729,25.54619],[-103.45592,25.54582],[-103.45631,25.54632]]],[[[-103.4576,25.54641],[-103.45701,25.5468],[-103.45758,25.54718],[-103.458,25.54668],[-103.4576,25.54641]]],[[[-103.45827,25.54726],[-103.45837,25.54773],[-103.4588,25.54722],[-103.45827,25.54726]]],[[[-103.45938,25.54802],[-103.45877,25.548],[-103.45941,25.54843],[-103.45982,25.54793],[-103.45938,25.54802]]],[[[-103.45834,25.54573],[-103.45756,25.54616],[-103.45888,25.54706],[-103.45889,25.54571],[-103.45834,25.54573]]],[[[-103.44069,25.55899],[-103.44107,25.55946],[-103.4414,25.5589],[-103.44076,25.55858],[-103.44069,25.55899]]],[[[-103.4408,25.55985],[-103.4411,25.56037],[-103.44144,25.55981],[-103.44057,25.55937],[-103.4408,25.55985]]],[[[-103.44028,25.56047],[-103.44068,25.56102],[-103.44103,25.56048],[-103.44028,25.56047]]],[[[-103.44121,25.55865],[-103.44181,25.55821],[-103.44096,25.5578],[-103.44121,25.55865]]],[[[-103.44182,25.55843],[-103.44193,25.55899],[-103.44226,25.55844],[-103.44182,25.55843]]],[[[-103.44031,25.56141],[-103.44018,25.56095],[-103.43979,25.56148],[-103.44031,25.56141]]],[[[-103.43961,25.56172],[-103.43927,25.56209],[-103.43988,25.5624],[-103.44022,25.56184],[-103.43961,25.56172]]],[[[-103.43943,25.56234],[-103.43868,25.56269],[-103.4395,25.56311],[-103.43943,25.56234]]],[[[-103.44223,25.55775],[-103.44233,25.55831],[-103.44267,25.55776],[-103.44223,25.55775]]],[[[-103.44346,25.55917],[-103.44286,25.55946],[-103.44335,25.5597],[-103.44346,25.55917]]],[[[-103.44267,25.55979],[-103.44294,25.56039],[-103.44328,25.55982],[-103.44267,25.55979]]],[[[-103.44226,25.56047],[-103.44252,25.56107],[-103.44287,25.56049],[-103.44226,25.56047]]],[[[-103.44189,25.55648],[-103.44135,25.55623],[-103.44119,25.55687],[-103.44168,25.55711],[-103.44189,25.55648]]],[[[-103.44201,25.55675],[-103.4423,25.55742],[-103.44263,25.55686],[-103.44201,25.55675]]],[[[-103.44265,25.55707],[-103.44275,25.55764],[-103.44308,25.55708],[-103.44265,25.55707]]],[[[-103.44396,25.55765],[-103.44368,25.5581],[-103.44417,25.55834],[-103.4445,25.55778],[-103.44396,25.55765]]],[[[-103.44288,25.5607],[-103.44295,25.56128],[-103.44329,25.56071],[-103.44288,25.5607]]],[[[-103.44068,25.5631],[-103.4408,25.56374],[-103.44122,25.56322],[-103.44068,25.5631]]],[[[-103.44231,25.55493],[-103.44255,25.55566],[-103.44284,25.55518],[-103.44231,25.55493]]],[[[-103.44215,25.55594],[-103.44139,25.55607],[-103.44209,25.55642],[-103.44215,25.55594]]],[[[-103.44458,25.55714],[-103.4441,25.55742],[-103.44458,25.55766],[-103.44458,25.55714]]],[[[-103.44683,25.55716],[-103.44632,25.55754],[-103.44676,25.55775],[-103.44683,25.55716]]],[[[-103.44621,25.55819],[-103.44547,25.55898],[-103.44588,25.55919],[-103.44621,25.55819]]],[[[-103.44559,25.55922],[-103.44464,25.56034],[-103.44507,25.56055],[-103.44559,25.55922]]],[[[-103.4445,25.56057],[-103.44382,25.5617],[-103.44425,25.56192],[-103.44499,25.56068],[-103.4445,25.56057]]],[[[-103.44708,25.55837],[-103.44667,25.55811],[-103.44598,25.55925],[-103.44642,25.55946],[-103.44708,25.55837]]],[[[-103.44602,25.55942],[-103.44516,25.56061],[-103.44562,25.56079],[-103.44602,25.55942]]],[[[-103.44503,25.56083],[-103.44456,25.56207],[-103.44552,25.56094],[-103.44503,25.56083]]],[[[-103.42418,25.57169],[-103.42359,25.57257],[-103.42485,25.57197],[-103.42418,25.57169]]],[[[-103.42352,25.57088],[-103.42289,25.57187],[-103.42392,25.57104],[-103.42352,25.57088]]],[[[-103.42322,25.57047],[-103.42254,25.57152],[-103.42357,25.57068],[-103.42322,25.57047]]],[[[-103.42281,25.57017],[-103.42218,25.57117],[-103.42321,25.57032],[-103.42281,25.57017]]],[[[-103.42003,25.57293],[-103.41996,25.5725],[-103.41894,25.57334],[-103.42003,25.57293]]],[[[-103.42169,25.57108],[-103.42099,25.57214],[-103.42208,25.57125],[-103.42169,25.57108]]],[[[-103.44761,25.56255],[-103.4471,25.56336],[-103.44754,25.56358],[-103.44816,25.56258],[-103.44761,25.56255]]],[[[-103.4471,25.56214],[-103.44654,25.56307],[-103.44697,25.56329],[-103.44758,25.56229],[-103.4471,25.56214]]],[[[-103.44694,25.56164],[-103.44596,25.56279],[-103.4464,25.563],[-103.44694,25.56164]]],[[[-103.44777,25.56029],[-103.4468,25.56142],[-103.44723,25.56164],[-103.44777,25.56029]]],[[[-103.44808,25.56054],[-103.44752,25.56146],[-103.44796,25.56168],[-103.44857,25.56069],[-103.44808,25.56054]]],[[[-103.44892,25.56087],[-103.4481,25.56174],[-103.44853,25.56197],[-103.44892,25.56087]]],[[[-103.44892,25.56163],[-103.44916,25.56229],[-103.44947,25.56182],[-103.44892,25.56163]]],[[[-103.44878,25.56224],[-103.44836,25.56254],[-103.44892,25.56283],[-103.44878,25.56224]]],[[[-103.44815,25.56289],[-103.44861,25.56344],[-103.4489,25.56296],[-103.44815,25.56289]]],[[[-103.4475,25.56396],[-103.44827,25.5646],[-103.44852,25.56422],[-103.4475,25.56396]]],[[[-103.44719,25.56446],[-103.44794,25.5651],[-103.44819,25.56471],[-103.44719,25.56446]]],[[[-103.44709,25.56481],[-103.44677,25.56516],[-103.4476,25.56559],[-103.44787,25.5652],[-103.44709,25.56481]]],[[[-103.44697,25.56357],[-103.44618,25.56487],[-103.44662,25.56509],[-103.44748,25.56369],[-103.44697,25.56357]]],[[[-103.4464,25.56329],[-103.44561,25.56458],[-103.44605,25.5648],[-103.4469,25.5634],[-103.4464,25.56329]]],[[[-103.44611,25.563],[-103.44504,25.56429],[-103.44548,25.56451],[-103.44611,25.563]]],[[[-103.44525,25.56271],[-103.44446,25.564],[-103.44489,25.56422],[-103.44576,25.56282],[-103.44525,25.56271]]],[[[-103.44509,25.56249],[-103.44354,25.56354],[-103.44432,25.56393],[-103.44509,25.56249]]],[[[-103.44632,25.56143],[-103.44538,25.56248],[-103.44582,25.56272],[-103.44632,25.56143]]],[[[-103.44875,25.56756],[-103.4485,25.56656],[-103.44854,25.56747],[-103.44736,25.56864],[-103.44875,25.56756]]],[[[-103.44839,25.56667],[-103.44678,25.56831],[-103.44841,25.56743],[-103.44839,25.56667]]],[[[-103.44761,25.56668],[-103.44668,25.56825],[-103.44786,25.56721],[-103.44761,25.56668]]],[[[-103.44508,25.56597],[-103.44502,25.56554],[-103.44429,25.56685],[-103.44508,25.56597]]],[[[-103.44512,25.56678],[-103.44471,25.56708],[-103.44576,25.5677],[-103.44603,25.56731],[-103.44512,25.56678]]],[[[-103.45007,25.56049],[-103.44869,25.55954],[-103.44839,25.56004],[-103.44863,25.56057],[-103.44914,25.56003],[-103.44876,25.56065],[-103.44921,25.56086],[-103.44958,25.56025],[-103.45007,25.56049]]],[[[-103.45001,25.55891],[-103.44958,25.55929],[-103.45011,25.55967],[-103.44932,25.55973],[-103.45007,25.5601],[-103.45001,25.55891]]],[[[-103.4498,25.55769],[-103.44864,25.55739],[-103.44863,25.55802],[-103.44956,25.55781],[-103.44863,25.55823],[-103.44863,25.55938],[-103.4492,25.55966],[-103.44888,25.55893],[-103.44945,25.55921],[-103.44908,25.55845],[-103.44967,25.55869],[-103.4498,25.55769]]],[[[-103.44811,25.55827],[-103.44847,25.55929],[-103.44848,25.55725],[-103.44811,25.55827]]],[[[-103.44832,25.55935],[-103.44787,25.55914],[-103.44763,25.56006],[-103.44806,25.56028],[-103.44832,25.55935]]],[[[-103.44523,25.57128],[-103.4439,25.57116],[-103.44526,25.57169],[-103.44523,25.57128]]],[[[-103.44743,25.56888],[-103.44608,25.56954],[-103.44577,25.57035],[-103.44743,25.56888]]],[[[-103.42922,25.57059],[-103.42831,25.57106],[-103.42859,25.5714],[-103.42922,25.57059]]],[[[-103.42831,25.57133],[-103.42705,25.57192],[-103.42736,25.57229],[-103.42831,25.57133]]],[[[-103.4271,25.57219],[-103.42614,25.57254],[-103.42648,25.57293],[-103.4271,25.57219]]],[[[-103.41841,25.52887],[-103.41673,25.52869],[-103.41672,25.52917],[-103.41841,25.52887]]],[[[-103.41826,25.52984],[-103.41841,25.5293],[-103.41672,25.52926],[-103.41672,25.52983],[-103.41826,25.52984]]],[[[-103.41683,25.52748],[-103.41673,25.52794],[-103.41837,25.52795],[-103.41843,25.52748],[-103.41683,25.52748]]],[[[-103.41673,25.52832],[-103.41833,25.52855],[-103.41835,25.52809],[-103.41673,25.52832]]],[[[-103.40965,25.51135],[-103.40881,25.51068],[-103.40858,25.51105],[-103.40965,25.51135]]],[[[-103.41131,25.51325],[-103.41173,25.51294],[-103.41085,25.51245],[-103.41053,25.51292],[-103.41131,25.51325]]],[[[-103.41372,25.51065],[-103.41322,25.51092],[-103.41421,25.51147],[-103.41448,25.51106],[-103.41372,25.51065]]],[[[-103.41547,25.51185],[-103.41461,25.51113],[-103.41432,25.51155],[-103.41547,25.51185]]],[[[-103.41374,25.51439],[-103.41291,25.51369],[-103.41258,25.51409],[-103.41374,25.51439]]],[[[-103.4155,25.51197],[-103.41629,25.51264],[-103.41657,25.51223],[-103.4155,25.51197]]],[[[-103.41585,25.51304],[-103.41622,25.51274],[-103.41528,25.51231],[-103.41585,25.51304]]],[[[-103.41453,25.51489],[-103.41417,25.5144],[-103.41364,25.51469],[-103.41453,25.51489]]],[[[-103.41609,25.51387],[-103.41569,25.51407],[-103.41667,25.51455],[-103.41609,25.51387]]],[[[-103.41646,25.51632],[-103.4168,25.51603],[-103.416,25.51568],[-103.41646,25.51632]]],[[[-103.41744,25.51676],[-103.41692,25.5161],[-103.41668,25.51645],[-103.41744,25.51676]]],[[[-103.42028,25.51611],[-103.41971,25.5154],[-103.41947,25.51575],[-103.42028,25.51611]]],[[[-103.41759,25.51419],[-103.41698,25.51426],[-103.41771,25.51468],[-103.41759,25.51419]]],[[[-103.40409,25.51974],[-103.40418,25.51887],[-103.40372,25.51883],[-103.40354,25.51993],[-103.40409,25.51974]]],[[[-103.40345,25.5198],[-103.40358,25.51886],[-103.40311,25.51885],[-103.40287,25.51994],[-103.40345,25.5198]]],[[[-103.40107,25.51948],[-103.40147,25.51885],[-103.40097,25.51873],[-103.40049,25.51953],[-103.40107,25.51948]]],[[[-103.40049,25.51933],[-103.40086,25.5187],[-103.40038,25.51855],[-103.4,25.51921],[-103.40049,25.51933]]],[[[-103.40526,25.51921],[-103.40482,25.51835],[-103.40483,25.51938],[-103.40526,25.51921]]],[[[-103.40472,25.51928],[-103.40429,25.5183],[-103.40426,25.51941],[-103.40472,25.51928]]],[[[-103.40418,25.51853],[-103.40315,25.51829],[-103.40312,25.51874],[-103.40418,25.51853]]],[[[-103.40269,25.51951],[-103.40303,25.51829],[-103.40226,25.51924],[-103.40269,25.51951]]],[[[-103.40179,25.51936],[-103.40241,25.51829],[-103.40184,25.51826],[-103.40136,25.51926],[-103.40179,25.51936]]],[[[-103.40125,25.51869],[-103.40173,25.51826],[-103.40062,25.51803],[-103.40043,25.51845],[-103.40125,25.51869]]],[[[-103.40026,25.51852],[-103.40052,25.518],[-103.39996,25.51775],[-103.39969,25.51854],[-103.40026,25.51852]]],[[[-103.39966,25.51836],[-103.39953,25.51759],[-103.39923,25.51829],[-103.39966,25.51836]]],[[[-103.40294,25.51773],[-103.40187,25.51813],[-103.40303,25.51816],[-103.40294,25.51773]]],[[[-103.4018,25.51789],[-103.40079,25.51748],[-103.40067,25.51792],[-103.4018,25.51789]]],[[[-103.40058,25.51779],[-103.40023,25.51682],[-103.4,25.51763],[-103.40058,25.51779]]],[[[-103.40314,25.5174],[-103.40209,25.51703],[-103.40197,25.5176],[-103.40314,25.5174]]],[[[-103.40186,25.51746],[-103.40155,25.51682],[-103.40138,25.51749],[-103.40186,25.51746]]],[[[-103.40131,25.51713],[-103.40099,25.51658],[-103.40081,25.51736],[-103.40131,25.51713]]],[[[-103.4008,25.51674],[-103.39994,25.51603],[-103.3999,25.51654],[-103.4008,25.51674]]],[[[-103.40308,25.51707],[-103.40341,25.51668],[-103.40231,25.51647],[-103.40213,25.51691],[-103.40308,25.51707]]],[[[-103.40151,25.51655],[-103.40125,25.51591],[-103.40103,25.51645],[-103.40151,25.51655]]],[[[-103.40068,25.51625],[-103.40115,25.51585],[-103.40069,25.51554],[-103.40068,25.51625]]],[[[-103.40015,25.51588],[-103.40057,25.51547],[-103.40017,25.51522],[-103.40015,25.51588]]],[[[-103.40494,25.51679],[-103.40533,25.51652],[-103.40478,25.51638],[-103.40494,25.51679]]],[[[-103.40524,25.51485],[-103.4043,25.51423],[-103.40414,25.51467],[-103.40524,25.51485]]],[[[-103.4039,25.5146],[-103.40418,25.51421],[-103.40317,25.51393],[-103.40306,25.51437],[-103.4039,25.5146]]],[[[-103.40303,25.51401],[-103.40288,25.51318],[-103.4025,25.51416],[-103.40303,25.51401]]],[[[-103.40243,25.51399],[-103.4024,25.5129],[-103.40202,25.51389],[-103.40243,25.51399]]],[[[-103.4043,25.51395],[-103.40469,25.51337],[-103.40424,25.51313],[-103.40375,25.514],[-103.4043,25.51395]]],[[[-103.40368,25.51387],[-103.40413,25.51309],[-103.40365,25.51291],[-103.40321,25.51383],[-103.40368,25.51387]]],[[[-103.40337,25.51318],[-103.40268,25.51238],[-103.40245,25.5128],[-103.40337,25.51318]]],[[[-103.4052,25.51351],[-103.40536,25.51306],[-103.4045,25.51259],[-103.4043,25.51303],[-103.4052,25.51351]]],[[[-103.40533,25.51268],[-103.40478,25.51203],[-103.40456,25.5125],[-103.40533,25.51268]]],[[[-103.40421,25.51199],[-103.40372,25.5128],[-103.40419,25.51298],[-103.40468,25.51197],[-103.40421,25.51199]]],[[[-103.40363,25.51169],[-103.40316,25.51251],[-103.4036,25.51276],[-103.40418,25.51177],[-103.40363,25.51169]]],[[[-103.40304,25.51133],[-103.40247,25.51089],[-103.4023,25.51137],[-103.40304,25.51133]]],[[[-103.40438,25.51109],[-103.40467,25.51063],[-103.40387,25.51023],[-103.40357,25.51065],[-103.40438,25.51109]]],[[[-103.40324,25.5109],[-103.40268,25.51031],[-103.4025,25.51077],[-103.40324,25.5109]]],[[[-103.40323,25.51049],[-103.40376,25.51009],[-103.40292,25.50978],[-103.40323,25.51049]]],[[[-103.4035,25.51647],[-103.4026,25.51597],[-103.40236,25.51637],[-103.4035,25.51647]]],[[[-103.40215,25.51627],[-103.40248,25.51592],[-103.40157,25.51541],[-103.4013,25.5158],[-103.40215,25.51627]]],[[[-103.40133,25.51555],[-103.40036,25.51453],[-103.4003,25.51517],[-103.40133,25.51555]]],[[[-103.40535,25.51623],[-103.40493,25.5151],[-103.40483,25.51627],[-103.40535,25.51623]]],[[[-103.40477,25.51602],[-103.40395,25.51563],[-103.40381,25.51605],[-103.40477,25.51602]]],[[[-103.40376,25.51585],[-103.40349,25.51524],[-103.40322,25.516],[-103.40376,25.51585]]],[[[-103.40314,25.5159],[-103.40298,25.51509],[-103.40266,25.51585],[-103.40314,25.5159]]],[[[-103.40267,25.51562],[-103.40181,25.51491],[-103.40163,25.5153],[-103.40267,25.51562]]],[[[-103.40397,25.51498],[-103.40304,25.51452],[-103.40301,25.51499],[-103.40397,25.51498]]],[[[-103.4023,25.51484],[-103.40199,25.51402],[-103.40185,25.51481],[-103.4023,25.51484]]],[[[-103.38712,25.5203],[-103.38762,25.52028],[-103.38762,25.52149],[-103.38683,25.52149],[-103.38698,25.52043],[-103.38644,25.52164],[-103.38782,25.52167],[-103.38805,25.52012],[-103.38712,25.5203]]],[[[-103.39562,25.51818],[-103.39585,25.51884],[-103.39565,25.51795],[-103.3943,25.51794],[-103.39562,25.51818]]],[[[-103.3943,25.5185],[-103.39549,25.51873],[-103.3955,25.51828],[-103.3943,25.5185]]],[[[-103.3943,25.51906],[-103.39561,25.51928],[-103.39561,25.51884],[-103.3943,25.51906]]],[[[-103.39429,25.52039],[-103.3956,25.52067],[-103.39559,25.52121],[-103.39428,25.52147],[-103.39583,25.52148],[-103.39584,25.5204],[-103.39429,25.52039]]],[[[-103.39335,25.51794],[-103.39231,25.51815],[-103.3938,25.51816],[-103.39335,25.51794]]],[[[-103.3925,25.51826],[-103.3923,25.51871],[-103.39347,25.51872],[-103.3937,25.51937],[-103.3938,25.51827],[-103.3925,25.51826]]],[[[-103.3923,25.51905],[-103.39334,25.51926],[-103.39334,25.51883],[-103.3923,25.51905]]],[[[-103.39229,25.52004],[-103.39372,25.52026],[-103.39372,25.51984],[-103.39229,25.52004]]],[[[-103.39204,25.51793],[-103.38967,25.51792],[-103.38883,25.5187],[-103.39204,25.51793]]],[[[-103.38916,25.51887],[-103.38945,25.51925],[-103.39087,25.51826],[-103.38916,25.51887]]],[[[-103.39099,25.51848],[-103.39218,25.51871],[-103.39219,25.51826],[-103.39099,25.51848]]],[[[-103.39098,25.51904],[-103.39218,25.51926],[-103.39218,25.51882],[-103.39098,25.51904]]],[[[-103.39049,25.52014],[-103.39217,25.52025],[-103.39217,25.51983],[-103.39049,25.52014]]],[[[-103.39062,25.52168],[-103.39089,25.52065],[-103.39217,25.52037],[-103.3907,25.52036],[-103.39062,25.52168]]],[[[-103.38934,25.51951],[-103.38878,25.52142],[-103.38926,25.52143],[-103.38979,25.51971],[-103.38934,25.51951]]],[[[-103.38979,25.51986],[-103.38938,25.52143],[-103.39035,25.52144],[-103.38977,25.52111],[-103.38979,25.51986]]],[[[-103.39017,25.52018],[-103.3899,25.521],[-103.39036,25.52101],[-103.39017,25.52018]]],[[[-103.3956,25.51433],[-103.39521,25.51368],[-103.39521,25.51452],[-103.3956,25.51433]]],[[[-103.39508,25.51432],[-103.39467,25.51367],[-103.39469,25.51451],[-103.39508,25.51432]]],[[[-103.3979,25.5209],[-103.3987,25.51895],[-103.39754,25.51861],[-103.39841,25.51913],[-103.39753,25.51896],[-103.39827,25.51959],[-103.39728,25.51977],[-103.39813,25.52005],[-103.39714,25.52023],[-103.39798,25.52051],[-103.39682,25.52027],[-103.39651,25.51889],[-103.39719,25.51863],[-103.39651,25.5184],[-103.39728,25.51834],[-103.39647,25.51813],[-103.39639,25.52051],[-103.3979,25.5209]]],[[[-103.37795,25.57394],[-103.37685,25.57399],[-103.37671,25.57475],[-103.37563,25.57453],[-103.37666,25.57418],[-103.37594,25.57389],[-103.37543,25.57476],[-103.37819,25.57553],[-103.37733,25.57516],[-103.37717,25.57433],[-103.37795,25.57394]]],[[[-103.37542,25.57304],[-103.37538,25.57211],[-103.37409,25.57224],[-103.37395,25.57153],[-103.37667,25.57135],[-103.37693,25.57191],[-103.3769,25.57122],[-103.37382,25.57132],[-103.37407,25.57438],[-103.37519,25.57469],[-103.37545,25.57386],[-103.37523,25.57334],[-103.37501,25.57447],[-103.37425,25.57425],[-103.3741,25.57255],[-103.37515,25.57247],[-103.37542,25.57304]]],[[[-103.37683,25.57203],[-103.37558,25.5721],[-103.37589,25.57356],[-103.37666,25.57368],[-103.3759,25.57334],[-103.37579,25.57245],[-103.37695,25.57244],[-103.37683,25.57203]]],[[[-103.37616,25.57194],[-103.37655,25.57156],[-103.3759,25.57158],[-103.37616,25.57194]]],[[[-103.377,25.57377],[-103.37794,25.57371],[-103.37724,25.57368],[-103.37722,25.57296],[-103.37833,25.5736],[-103.37821,25.57288],[-103.37677,25.57254],[-103.377,25.57377]]],[[[-103.37655,25.57321],[-103.37593,25.5726],[-103.376,25.57327],[-103.37655,25.57321]]],[[[-103.37813,25.57476],[-103.37744,25.57457],[-103.37823,25.57521],[-103.37813,25.57476]]],[[[-103.38031,25.56827],[-103.38076,25.56762],[-103.38037,25.56746],[-103.3792,25.56995],[-103.37966,25.56996],[-103.3801,25.56857],[-103.37941,25.56915],[-103.3805,25.56762],[-103.38031,25.56827]]],[[[-103.3753,25.57522],[-103.37536,25.57587],[-103.37461,25.57595],[-103.37409,25.57491],[-103.37419,25.57598],[-103.37559,25.57605],[-103.3753,25.57522]]],[[[-103.37975,25.57919],[-103.37757,25.57761],[-103.37872,25.57923],[-103.37987,25.57967],[-103.37975,25.57919]]],[[[-103.37838,25.57766],[-103.37911,25.57763],[-103.37905,25.57647],[-103.37699,25.57606],[-103.37861,25.57648],[-103.37865,25.57729],[-103.37726,25.57713],[-103.37838,25.57766]]],[[[-103.37923,25.57743],[-103.37962,25.5776],[-103.37921,25.57651],[-103.37923,25.57743]]],[[[-103.37871,25.57781],[-103.3787,25.57826],[-103.37965,25.57822],[-103.37962,25.57777],[-103.37871,25.57781]]],[[[-103.37673,25.57626],[-103.3767,25.5757],[-103.37555,25.57543],[-103.37673,25.57626]]],[[[-103.37576,25.57583],[-103.37422,25.57621],[-103.37449,25.57752],[-103.37596,25.5789],[-103.3755,25.57818],[-103.37609,25.57843],[-103.37639,25.57765],[-103.37592,25.57806],[-103.37564,25.57707],[-103.37649,25.5775],[-103.37652,25.57693],[-103.37563,25.57655],[-103.37534,25.5782],[-103.37448,25.57629],[-103.37635,25.57624],[-103.37576,25.57583]]],[[[-103.37728,25.5798],[-103.37923,25.57956],[-103.37753,25.57951],[-103.37741,25.57746],[-103.37685,25.57743],[-103.37636,25.5785],[-103.37718,25.57771],[-103.37728,25.5798]]],[[[-103.37524,25.58089],[-103.37788,25.58193],[-103.37771,25.58093],[-103.37632,25.57961],[-103.37765,25.58175],[-103.37524,25.58089]]],[[[-103.37685,25.58064],[-103.37643,25.58103],[-103.37721,25.58087],[-103.37685,25.58064]]],[[[-103.37802,25.58089],[-103.37829,25.58175],[-103.38005,25.58168],[-103.37802,25.58089]]],[[[-103.3799,25.58045],[-103.37731,25.58012],[-103.37793,25.58074],[-103.3799,25.58045]]],[[[-103.3782,25.58205],[-103.3812,25.58318],[-103.38115,25.58244],[-103.38033,25.58242],[-103.38045,25.58089],[-103.3801,25.58253],[-103.3782,25.58205]]],[[[-103.38004,25.58292],[-103.37902,25.58255],[-103.38041,25.5838],[-103.38123,25.58376],[-103.38004,25.58292]]],[[[-103.38351,25.57135],[-103.38148,25.57194],[-103.38384,25.57165],[-103.38351,25.57135]]],[[[-103.38349,25.57123],[-103.38335,25.56968],[-103.38287,25.56978],[-103.38349,25.57123]]],[[[-103.38292,25.57052],[-103.38148,25.57055],[-103.38146,25.57102],[-103.38292,25.57052]]],[[[-103.38252,25.5689],[-103.38225,25.56843],[-103.38159,25.57031],[-103.38252,25.5689]]],[[[-103.38302,25.58516],[-103.3831,25.58592],[-103.38243,25.58617],[-103.38328,25.58615],[-103.38302,25.58516]]],[[[-103.3835,25.58515],[-103.38354,25.58614],[-103.38438,25.58611],[-103.3835,25.58515]]],[[[-103.38437,25.5857],[-103.38452,25.58444],[-103.38365,25.58381],[-103.38437,25.5857]]],[[[-103.38387,25.58613],[-103.38287,25.58836],[-103.38226,25.58811],[-103.38277,25.58653],[-103.38189,25.58791],[-103.38104,25.58644],[-103.38102,25.58769],[-103.38296,25.5887],[-103.3845,25.58611],[-103.38387,25.58613]]],[[[-103.38073,25.57425],[-103.38029,25.57401],[-103.38032,25.57455],[-103.38073,25.57425]]],[[[-103.38051,25.57289],[-103.37985,25.57325],[-103.37992,25.57445],[-103.38051,25.57289]]],[[[-103.38078,25.57493],[-103.38032,25.57468],[-103.38035,25.57523],[-103.38078,25.57493]]],[[[-103.38104,25.58016],[-103.38082,25.57964],[-103.38104,25.58036],[-103.38024,25.5804],[-103.38015,25.57875],[-103.3809,25.57866],[-103.38101,25.57945],[-103.38094,25.57816],[-103.38011,25.57837],[-103.38024,25.58059],[-103.38104,25.58016]]],[[[-103.38059,25.57758],[-103.37975,25.57633],[-103.37975,25.57765],[-103.38059,25.57758]]],[[[-103.38112,25.5814],[-103.38108,25.58056],[-103.38023,25.5806],[-103.38107,25.58073],[-103.38112,25.5814]]],[[[-103.38129,25.5849],[-103.38126,25.58442],[-103.3803,25.58495],[-103.38005,25.58442],[-103.38013,25.58513],[-103.38129,25.5849]]],[[[-103.38359,25.56834],[-103.38362,25.5695],[-103.38405,25.56941],[-103.38359,25.56834]]],[[[-103.38389,25.56957],[-103.38402,25.57113],[-103.38464,25.56964],[-103.38575,25.57118],[-103.38405,25.57125],[-103.38415,25.57164],[-103.38602,25.57136],[-103.3846,25.56922],[-103.38389,25.56957]]],[[[-103.38481,25.57127],[-103.38538,25.571],[-103.38435,25.57011],[-103.38481,25.57127]]],[[[-103.38174,25.58476],[-103.38209,25.58369],[-103.38224,25.58591],[-103.38176,25.58595],[-103.38153,25.58504],[-103.38158,25.58606],[-103.38243,25.58617],[-103.38232,25.58353],[-103.38151,25.58373],[-103.38174,25.58476]]],[[[-103.38348,25.5793],[-103.38484,25.57931],[-103.38515,25.57794],[-103.38376,25.57747],[-103.38501,25.57827],[-103.38325,25.57829],[-103.38327,25.57906],[-103.38346,25.57861],[-103.38482,25.57898],[-103.38348,25.5793]]],[[[-103.38127,25.57826],[-103.38131,25.57899],[-103.38154,25.57809],[-103.38291,25.57862],[-103.38279,25.57795],[-103.38162,25.57762],[-103.38127,25.57826]]],[[[-103.3834,25.57736],[-103.38198,25.57697],[-103.3814,25.57737],[-103.38303,25.57744],[-103.38314,25.57813],[-103.3834,25.57736]]],[[[-103.38144,25.57935],[-103.38279,25.57929],[-103.38291,25.5788],[-103.38144,25.57935]]],[[[-103.38213,25.57872],[-103.38167,25.5785],[-103.3817,25.57897],[-103.38213,25.57872]]],[[[-103.38273,25.58952],[-103.378,25.58783],[-103.37802,25.58904],[-103.37929,25.58858],[-103.38279,25.58992],[-103.38125,25.58933],[-103.38115,25.59077],[-103.38269,25.59088],[-103.38324,25.58973],[-103.38273,25.58952]]],[[[-103.3815,25.59157],[-103.3802,25.5915],[-103.38051,25.59263],[-103.37964,25.59242],[-103.38002,25.59149],[-103.37877,25.59143],[-103.37945,25.59164],[-103.37925,25.59236],[-103.37829,25.59213],[-103.37859,25.59145],[-103.37808,25.59139],[-103.37809,25.59227],[-103.38114,25.59296],[-103.38227,25.59162],[-103.38088,25.59272],[-103.38072,25.59164],[-103.3815,25.59157]]],[[[-103.38063,25.59074],[-103.38115,25.59077],[-103.38125,25.5894],[-103.37927,25.58862],[-103.37819,25.58907],[-103.38102,25.58953],[-103.38063,25.59074]]],[[[-103.37996,25.58923],[-103.37818,25.5894],[-103.37821,25.59063],[-103.37864,25.59066],[-103.37848,25.58979],[-103.3795,25.58992],[-103.37882,25.59067],[-103.38036,25.59072],[-103.37988,25.5905],[-103.37996,25.58923]]],[[[-103.34262,25.56992],[-103.34152,25.57524],[-103.34295,25.57508],[-103.34429,25.57148],[-103.34369,25.5707],[-103.34495,25.57227],[-103.33953,25.56577],[-103.34262,25.56992]]],[[[-103.37497,25.57838],[-103.37456,25.57824],[-103.37595,25.57927],[-103.37497,25.57838]]],[[[-103.37431,25.57983],[-103.37455,25.58046],[-103.37456,25.57824],[-103.37431,25.57983]]],[[[-103.37888,25.58392],[-103.37852,25.58342],[-103.3785,25.5844],[-103.37888,25.58392]]],[[[-103.37925,25.57982],[-103.37882,25.5802],[-103.37975,25.58016],[-103.37925,25.57982]]],[[[-103.33724,25.56736],[-103.33621,25.57374],[-103.33798,25.57399],[-103.3395,25.56577],[-103.33739,25.56569],[-103.33724,25.56736]]],[[[-103.38434,25.58476],[-103.38438,25.58611],[-103.38645,25.58604],[-103.38434,25.58476]]],[[[-103.38574,25.58316],[-103.3869,25.58312],[-103.38687,25.58243],[-103.38542,25.58221],[-103.38619,25.58221],[-103.38643,25.58289],[-103.38512,25.58259],[-103.38425,25.58387],[-103.38678,25.58527],[-103.3878,25.58309],[-103.38574,25.58316]]],[[[-103.33889,25.57353],[-103.33816,25.57368],[-103.33979,25.57469],[-103.33997,25.57347],[-103.33889,25.57353]]],[[[-103.33628,25.57117],[-103.3366,25.56912],[-103.33525,25.56884],[-103.33469,25.57275],[-103.33606,25.57262],[-103.33628,25.57117]]],[[[-103.33931,25.57351],[-103.34001,25.57347],[-103.34047,25.57024],[-103.33888,25.56919],[-103.33818,25.57358],[-103.33931,25.57351]]],[[[-103.3423,25.57161],[-103.34261,25.56997],[-103.34086,25.56783],[-103.34059,25.56965],[-103.34217,25.57219],[-103.3423,25.57161]]],[[[-103.34063,25.56911],[-103.34078,25.56795],[-103.33926,25.56694],[-103.33897,25.56864],[-103.34054,25.56968],[-103.34063,25.56911]]],[[[-103.3402,25.57227],[-103.3397,25.57544],[-103.34149,25.57525],[-103.34045,25.57353],[-103.34152,25.57524],[-103.3418,25.57398],[-103.3409,25.57339],[-103.3418,25.57398],[-103.34211,25.57247],[-103.34086,25.57247],[-103.34217,25.57219],[-103.34059,25.56965],[-103.3402,25.57227]]],[[[-103.33926,25.56694],[-103.34078,25.56795],[-103.33938,25.56608],[-103.33926,25.56694]]],[[[-103.33897,25.56864],[-103.33888,25.56919],[-103.34047,25.57024],[-103.34054,25.56968],[-103.33897,25.56864]]],[[[-103.33553,25.56689],[-103.33525,25.56884],[-103.3366,25.56912],[-103.33695,25.56716],[-103.33553,25.56689]]],[[[-103.3483,25.55889],[-103.34977,25.56012],[-103.34978,25.56731],[-103.35246,25.56698],[-103.35252,25.55833],[-103.34774,25.55833],[-103.3483,25.55889]]],[[[-103.38114,25.57269],[-103.38111,25.57577],[-103.38554,25.57735],[-103.38621,25.57519],[-103.38395,25.57219],[-103.38114,25.57269]]],[[[-103.38449,25.58026],[-103.38445,25.58159],[-103.38508,25.58159],[-103.38509,25.58015],[-103.38449,25.58026]]],[[[-103.38641,25.58049],[-103.3852,25.58047],[-103.38519,25.58104],[-103.38656,25.58106],[-103.38542,25.58076],[-103.38641,25.58049]]],[[[-103.38612,25.58124],[-103.38444,25.58171],[-103.38309,25.58119],[-103.38444,25.58198],[-103.38612,25.58124]]],[[[-103.38422,25.58075],[-103.38314,25.58045],[-103.38307,25.58102],[-103.38422,25.58075]]],[[[-103.3861,25.58029],[-103.38597,25.57976],[-103.38513,25.57976],[-103.3861,25.58029]]],[[[-103.38411,25.58354],[-103.38432,25.58248],[-103.38523,25.58224],[-103.38415,25.58231],[-103.38411,25.58354]]],[[[-103.38141,25.58117],[-103.38271,25.58111],[-103.38259,25.58035],[-103.38248,25.581],[-103.38162,25.58097],[-103.38255,25.57997],[-103.38134,25.57972],[-103.38141,25.58117]]],[[[-103.38312,25.57989],[-103.383,25.5793],[-103.38132,25.57935],[-103.38296,25.57955],[-103.3829,25.58025],[-103.38312,25.57989]]],[[[-103.3826,25.58324],[-103.38323,25.58331],[-103.38321,25.5823],[-103.3828,25.58199],[-103.3821,25.58302],[-103.38168,25.5824],[-103.38255,25.58207],[-103.38165,25.58164],[-103.38319,25.58181],[-103.38151,25.58137],[-103.38148,25.58254],[-103.3826,25.58324]]],[[[-103.38325,25.58201],[-103.38357,25.58338],[-103.38389,25.58226],[-103.38325,25.58201]]],[[[-103.38639,25.57821],[-103.38537,25.57919],[-103.38627,25.57962],[-103.38563,25.57905],[-103.38618,25.57839],[-103.38637,25.57926],[-103.38784,25.57923],[-103.38722,25.58075],[-103.38641,25.57974],[-103.38691,25.58074],[-103.38635,25.58177],[-103.3869,25.58311],[-103.3878,25.58309],[-103.38807,25.58252],[-103.38721,25.5822],[-103.38814,25.58237],[-103.38946,25.57932],[-103.38639,25.57821]]],[[[-103.33694,25.56719],[-103.33704,25.56571],[-103.33574,25.56566],[-103.33551,25.56689],[-103.33694,25.56719]]],[[[-103.35603,25.57094],[-103.35544,25.5691],[-103.35107,25.57031],[-103.35114,25.57137],[-103.35603,25.57094]]],[[[-103.36172,25.59796],[-103.3613,25.59786],[-103.36177,25.59697],[-103.36125,25.59709],[-103.36114,25.59812],[-103.36284,25.59805],[-103.36286,25.59664],[-103.36202,25.59694],[-103.3627,25.59693],[-103.36264,25.5979],[-103.36214,25.59721],[-103.36172,25.59796]]],[[[-103.3657,25.59704],[-103.36453,25.59646],[-103.36443,25.59705],[-103.36533,25.5968],[-103.36479,25.59738],[-103.36565,25.59779],[-103.3645,25.59786],[-103.36463,25.59727],[-103.36397,25.59723],[-103.36411,25.59782],[-103.36305,25.59789],[-103.36376,25.59708],[-103.36301,25.59703],[-103.36284,25.59805],[-103.36597,25.59794],[-103.3657,25.59704]]],[[[-103.36797,25.59736],[-103.36736,25.59767],[-103.3677,25.59672],[-103.3671,25.59788],[-103.36909,25.59781],[-103.36909,25.59526],[-103.36125,25.59559],[-103.36142,25.59674],[-103.36207,25.59656],[-103.36136,25.59653],[-103.36146,25.59572],[-103.36195,25.59629],[-103.36289,25.59573],[-103.36233,25.59652],[-103.36416,25.59603],[-103.36326,25.5961],[-103.36328,25.59564],[-103.36536,25.59555],[-103.36542,25.59613],[-103.36442,25.59604],[-103.36582,25.59654],[-103.36578,25.5956],[-103.36669,25.59551],[-103.36603,25.59625],[-103.36676,25.59629],[-103.36676,25.59689],[-103.36607,25.59668],[-103.3667,25.59713],[-103.36784,25.59627],[-103.36724,25.59639],[-103.36715,25.59552],[-103.36825,25.59596],[-103.36887,25.59548],[-103.36886,25.59626],[-103.36815,25.5961],[-103.36849,25.59649],[-103.36805,25.59667],[-103.36892,25.59674],[-103.36893,25.59757],[-103.36824,25.59694],[-103.36797,25.59736]]],[[[-103.36286,25.59669],[-103.36286,25.59711],[-103.36413,25.59697],[-103.36406,25.59646],[-103.36286,25.59669]]],[[[-103.33931,25.57549],[-103.33797,25.57457],[-103.33931,25.57549],[-103.33979,25.57469],[-103.33816,25.57368],[-103.33775,25.57566],[-103.33931,25.57549]]],[[[-103.3359,25.57586],[-103.33767,25.57567],[-103.33798,25.57399],[-103.33621,25.57374],[-103.3359,25.57586]]],[[[-103.33552,25.5759],[-103.33589,25.57377],[-103.3345,25.57387],[-103.33419,25.57605],[-103.33552,25.5759]]],[[[-103.3461,25.57376],[-103.34495,25.57227],[-103.34407,25.57496],[-103.3461,25.57376]]],[[[-103.35646,25.56026],[-103.35505,25.56045],[-103.35735,25.56044],[-103.35735,25.55973],[-103.35646,25.56026]]],[[[-103.35639,25.55979],[-103.35575,25.56015],[-103.35702,25.56015],[-103.35639,25.55979]]],[[[-103.35525,25.56008],[-103.35616,25.55894],[-103.35712,25.5589],[-103.35735,25.55948],[-103.35735,25.55875],[-103.35607,25.55875],[-103.35505,25.55941],[-103.35525,25.56008]]],[[[-103.34895,25.56693],[-103.34892,25.5603],[-103.3467,25.55833],[-103.34576,25.55834],[-103.34582,25.56179],[-103.34681,25.5644],[-103.34895,25.56693]]],[[[-103.33586,25.57377],[-103.336,25.57295],[-103.33463,25.57307],[-103.3345,25.57387],[-103.33586,25.57377]]],[[[-103.34695,25.57493],[-103.34648,25.57431],[-103.34539,25.57518],[-103.34695,25.57493]]],[[[-103.42367,25.60255],[-103.42556,25.60316],[-103.42267,25.60239],[-103.42248,25.60321],[-103.42429,25.6035],[-103.42393,25.60432],[-103.42229,25.60427],[-103.42695,25.605],[-103.42618,25.60327],[-103.42675,25.60173],[-103.42302,25.60098],[-103.42268,25.60237],[-103.42367,25.60255]]],[[[-103.38965,25.63477],[-103.38752,25.63523],[-103.38928,25.6369],[-103.39031,25.63681],[-103.39015,25.63471],[-103.38965,25.63477]]],[[[-103.38999,25.63701],[-103.38947,25.63706],[-103.39039,25.63783],[-103.38999,25.63701]]],[[[-103.39241,25.63786],[-103.3924,25.63851],[-103.39395,25.63968],[-103.39402,25.63815],[-103.3924,25.6369],[-103.39049,25.63698],[-103.39056,25.63797],[-103.39396,25.64058],[-103.39451,25.63999],[-103.39238,25.63849],[-103.39241,25.63786]]],[[[-103.39031,25.63457],[-103.39047,25.6368],[-103.39239,25.63671],[-103.39247,25.63274],[-103.39141,25.6328],[-103.39131,25.63623],[-103.39137,25.6328],[-103.39032,25.63287],[-103.39031,25.63457]]],[[[-103.39406,25.63575],[-103.39508,25.63463],[-103.39439,25.63264],[-103.39362,25.6327],[-103.39361,25.63579],[-103.39406,25.63575]]],[[[-103.39448,25.6324],[-103.39508,25.63463],[-103.39684,25.63449],[-103.39448,25.6324]]],[[[-103.39454,25.63995],[-103.39396,25.64058],[-103.39639,25.64226],[-103.39937,25.64117],[-103.3963,25.63808],[-103.39454,25.63995]]],[[[-103.39528,25.63893],[-103.39639,25.63799],[-103.39585,25.63699],[-103.39409,25.6383],[-103.39398,25.63964],[-103.39454,25.63995],[-103.39528,25.63893]]],[[[-103.38682,25.61988],[-103.38577,25.62045],[-103.38682,25.6205],[-103.38682,25.61988]]],[[[-103.38489,25.61986],[-103.38275,25.61984],[-103.38274,25.62031],[-103.38558,25.62044],[-103.3858,25.61987],[-103.38489,25.61986]]],[[[-103.38516,25.61911],[-103.38372,25.61911],[-103.38372,25.6196],[-103.38552,25.61975],[-103.38516,25.61911]]],[[[-103.38318,25.61921],[-103.38363,25.61982],[-103.38363,25.61911],[-103.38318,25.61921]]],[[[-103.38984,25.61495],[-103.38954,25.61532],[-103.3882,25.61463],[-103.3893,25.6156],[-103.3889,25.61608],[-103.38798,25.61496],[-103.38766,25.61565],[-103.3887,25.61636],[-103.38827,25.61688],[-103.38756,25.61587],[-103.38719,25.61652],[-103.38807,25.61713],[-103.38764,25.61765],[-103.38689,25.61713],[-103.38712,25.61669],[-103.38653,25.61725],[-103.38739,25.6179],[-103.38681,25.6186],[-103.38611,25.6178],[-103.38646,25.61748],[-103.38591,25.61771],[-103.38673,25.61881],[-103.38984,25.61495]]],[[[-103.38647,25.61704],[-103.3869,25.61658],[-103.38537,25.61606],[-103.38576,25.61559],[-103.38704,25.6164],[-103.38741,25.61573],[-103.386,25.6153],[-103.3864,25.61482],[-103.3875,25.6155],[-103.38824,25.61427],[-103.38747,25.61514],[-103.38661,25.61455],[-103.38736,25.61363],[-103.3882,25.61385],[-103.38759,25.61338],[-103.38881,25.61162],[-103.38639,25.61453],[-103.38434,25.61518],[-103.38589,25.61464],[-103.38461,25.61637],[-103.38563,25.61754],[-103.38614,25.61726],[-103.38513,25.61635],[-103.38647,25.61704]]],[[[-103.38459,25.6167],[-103.38368,25.61565],[-103.38334,25.61589],[-103.38434,25.61673],[-103.38344,25.61782],[-103.38238,25.61681],[-103.38319,25.616],[-103.38178,25.61701],[-103.38314,25.61816],[-103.38238,25.61904],[-103.38122,25.61782],[-103.38161,25.61718],[-103.38087,25.61798],[-103.38222,25.61943],[-103.38459,25.6167]]],[[[-103.38898,25.61257],[-103.38843,25.61408],[-103.3892,25.61349],[-103.38898,25.61257]]],[[[-103.38981,25.61272],[-103.38941,25.61229],[-103.38969,25.61292],[-103.39197,25.61238],[-103.39019,25.61263],[-103.38987,25.61158],[-103.38981,25.61272]]],[[[-103.3898,25.61134],[-103.39131,25.61105],[-103.39126,25.60947],[-103.39108,25.61085],[-103.38906,25.6115],[-103.3898,25.61134]]],[[[-103.38873,25.6213],[-103.38876,25.62065],[-103.38608,25.62056],[-103.38734,25.62098],[-103.38596,25.62116],[-103.38873,25.6213]]],[[[-103.38456,25.62078],[-103.38168,25.62032],[-103.38154,25.62073],[-103.38456,25.62078]]],[[[-103.38533,25.62096],[-103.38556,25.6205],[-103.38482,25.62046],[-103.38533,25.62096]]],[[[-103.39097,25.61067],[-103.39091,25.61004],[-103.39058,25.61087],[-103.39097,25.61067]]],[[[-103.38903,25.61036],[-103.38813,25.61042],[-103.38809,25.61124],[-103.38903,25.61036]]],[[[-103.38857,25.60994],[-103.38393,25.61315],[-103.38507,25.61447],[-103.38419,25.61313],[-103.38515,25.61247],[-103.3862,25.61369],[-103.38542,25.61434],[-103.38631,25.61389],[-103.38542,25.61223],[-103.38644,25.61161],[-103.38726,25.61258],[-103.38676,25.61348],[-103.3882,25.6115],[-103.38746,25.61233],[-103.38664,25.61132],[-103.38857,25.60994]]],[[[-103.38763,25.61172],[-103.38683,25.61138],[-103.38746,25.61209],[-103.38763,25.61172]]],[[[-103.38435,25.61493],[-103.38508,25.61448],[-103.38407,25.61332],[-103.38477,25.61439],[-103.38435,25.61493]]],[[[-103.38365,25.61337],[-103.38265,25.6141],[-103.38404,25.61328],[-103.38365,25.61337]]],[[[-103.38298,25.61422],[-103.38374,25.61536],[-103.38413,25.61509],[-103.38298,25.61422]]],[[[-103.38456,25.61432],[-103.38388,25.61354],[-103.38306,25.61413],[-103.38456,25.61432]]],[[[-103.38549,25.61484],[-103.3846,25.61536],[-103.38504,25.61566],[-103.38549,25.61484]]],[[[-103.38289,25.61597],[-103.38355,25.6155],[-103.3826,25.6144],[-103.38327,25.61548],[-103.38289,25.61597]]],[[[-103.38088,25.61539],[-103.38123,25.61585],[-103.38083,25.61542],[-103.37751,25.61789],[-103.37896,25.61946],[-103.37776,25.61793],[-103.37845,25.61754],[-103.37968,25.61888],[-103.37944,25.61938],[-103.38002,25.61873],[-103.37868,25.61721],[-103.37965,25.61659],[-103.38065,25.61768],[-103.38028,25.61834],[-103.38097,25.61752],[-103.37991,25.61629],[-103.38087,25.61567],[-103.38168,25.61662],[-103.3811,25.61738],[-103.38195,25.61663],[-103.38164,25.61629],[-103.38209,25.61654],[-103.38088,25.61539]]],[[[-103.38221,25.61599],[-103.3818,25.61553],[-103.3824,25.61462],[-103.38126,25.61546],[-103.38221,25.61599]]],[[[-103.38035,25.61759],[-103.3796,25.61734],[-103.38017,25.61796],[-103.38035,25.61759]]],[[[-103.38391,25.61653],[-103.38338,25.61716],[-103.38252,25.61682],[-103.38336,25.61773],[-103.38391,25.61653]]],[[[-103.38004,25.61903],[-103.38091,25.62023],[-103.3803,25.62067],[-103.37952,25.61983],[-103.37978,25.61933],[-103.37926,25.6198],[-103.38029,25.6209],[-103.38131,25.62012],[-103.38004,25.61903]]],[[[-103.38419,25.61769],[-103.38354,25.61859],[-103.3846,25.61779],[-103.38419,25.61769]]],[[[-103.38348,25.61804],[-103.38442,25.61721],[-103.38492,25.61753],[-103.3844,25.61693],[-103.38348,25.61804]]],[[[-103.38586,25.6184],[-103.38526,25.61818],[-103.38585,25.61891],[-103.38586,25.6184]]],[[[-103.40656,25.60814],[-103.40528,25.60951],[-103.40498,25.60868],[-103.40552,25.60803],[-103.40481,25.60817],[-103.4045,25.60724],[-103.40518,25.60707],[-103.40544,25.60781],[-103.40619,25.60791],[-103.40564,25.60697],[-103.40709,25.60663],[-103.4067,25.60768],[-103.40841,25.6063],[-103.40867,25.60712],[-103.40756,25.6072],[-103.40823,25.60768],[-103.40892,25.60716],[-103.40862,25.60606],[-103.40422,25.60709],[-103.40514,25.60976],[-103.40753,25.60915],[-103.40774,25.60802],[-103.40687,25.60798],[-103.40754,25.60818],[-103.40731,25.60896],[-103.40643,25.60923],[-103.40656,25.60814]]],[[[-103.40588,25.59892],[-103.40786,25.59969],[-103.4077,25.59801],[-103.40713,25.59803],[-103.40755,25.5996],[-103.40724,25.59881],[-103.40588,25.59892]]],[[[-103.4068,25.59842],[-103.40683,25.59783],[-103.4072,25.59856],[-103.4071,25.59779],[-103.40597,25.59771],[-103.40592,25.59856],[-103.40631,25.59779],[-103.4063,25.59858],[-103.4068,25.59842]]],[[[-103.36783,25.65581],[-103.36754,25.65632],[-103.36635,25.65619],[-103.36666,25.65454],[-103.36609,25.6564],[-103.36755,25.65653],[-103.36783,25.65581]]],[[[-103.3667,25.65441],[-103.36821,25.65567],[-103.36905,25.65509],[-103.3667,25.65441]]],[[[-103.3675,25.65611],[-103.36723,25.65501],[-103.36668,25.65555],[-103.3675,25.65611]]],[[[-103.36701,25.654],[-103.36895,25.6535],[-103.36955,25.65491],[-103.36898,25.65329],[-103.36701,25.654]]],[[[-103.36847,25.65506],[-103.36933,25.65432],[-103.36866,25.65362],[-103.36806,25.65489],[-103.36847,25.65506]]],[[[-103.36992,25.65471],[-103.37114,25.65625],[-103.37196,25.65542],[-103.37473,25.65521],[-103.37494,25.65678],[-103.37248,25.6565],[-103.37275,25.65713],[-103.37519,25.65694],[-103.37839,25.65578],[-103.37851,25.65343],[-103.3753,25.65203],[-103.37099,25.65115],[-103.37267,25.65164],[-103.37194,25.65192],[-103.37259,25.65303],[-103.36934,25.6528],[-103.36964,25.65347],[-103.37144,25.65355],[-103.37166,25.65518],[-103.37093,25.65593],[-103.36992,25.65471]]],[[[-103.37201,25.65608],[-103.37329,25.65544],[-103.37202,25.65553],[-103.37156,25.65601],[-103.37201,25.65608]]],[[[-103.37374,25.65675],[-103.37386,25.65587],[-103.3729,25.65594],[-103.37374,25.65675]]],[[[-103.37459,25.65669],[-103.37461,25.65534],[-103.37342,25.65543],[-103.37426,25.65572],[-103.37459,25.65669]]],[[[-103.36767,25.65807],[-103.36567,25.65961],[-103.36598,25.65671],[-103.36515,25.6594],[-103.36563,25.65991],[-103.36414,25.66124],[-103.36535,25.6627],[-103.36706,25.66198],[-103.36658,25.65982],[-103.36801,25.65852],[-103.36638,25.65976],[-103.36685,25.66189],[-103.3654,25.6625],[-103.36438,25.66126],[-103.36767,25.65807]]],[[[-103.36564,25.6603],[-103.36477,25.66154],[-103.36636,25.66073],[-103.36564,25.6603]]],[[[-103.36633,25.66092],[-103.3663,25.66164],[-103.36532,25.66166],[-103.36576,25.66081],[-103.36485,25.66163],[-103.36545,25.66236],[-103.36671,25.66182],[-103.36633,25.66092]]],[[[-103.36755,25.65753],[-103.36748,25.65683],[-103.36633,25.65671],[-103.36755,25.65753]]],[[[-103.36629,25.65749],[-103.36567,25.65945],[-103.36672,25.65851],[-103.36629,25.65749]]],[[[-103.36804,25.65666],[-103.36783,25.6574],[-103.36846,25.65695],[-103.36817,25.65617],[-103.36804,25.65666]]],[[[-103.36871,25.65641],[-103.36857,25.65761],[-103.37088,25.65669],[-103.37221,25.65701],[-103.3688,25.65828],[-103.36787,25.65765],[-103.36867,25.6585],[-103.37246,25.657],[-103.3706,25.65627],[-103.36923,25.65681],[-103.36871,25.65641]]],[[[-103.36869,25.65596],[-103.36927,25.65558],[-103.37042,25.65612],[-103.36935,25.65532],[-103.36869,25.65596]]],[[[-103.3692,25.65799],[-103.37104,25.65724],[-103.37087,25.65682],[-103.36886,25.65765],[-103.3692,25.65799]]],[[[-103.3683,25.65297],[-103.36731,25.65333],[-103.36687,25.65273],[-103.36752,25.65211],[-103.36658,25.65269],[-103.36724,25.65358],[-103.3683,25.65297]]],[[[-103.36881,25.65261],[-103.36852,25.65132],[-103.36597,25.65219],[-103.36631,25.65283],[-103.36819,25.65161],[-103.36881,25.65261]]],[[[-103.36929,25.65136],[-103.36965,25.65246],[-103.36971,25.65125],[-103.36929,25.65136]]],[[[-103.36983,25.65139],[-103.3702,25.65249],[-103.37026,25.65117],[-103.36983,25.65139]]],[[[-103.37039,25.6513],[-103.37075,25.65251],[-103.37081,25.65124],[-103.37039,25.6513]]],[[[-103.37097,25.65238],[-103.37176,25.65304],[-103.37099,25.6516],[-103.37097,25.65238]]],[[[-103.40552,25.63947],[-103.40542,25.63876],[-103.40411,25.63947],[-103.40539,25.6415],[-103.40552,25.63947]]],[[[-103.40489,25.63888],[-103.40532,25.63821],[-103.40412,25.63629],[-103.40222,25.63643],[-103.40411,25.63947],[-103.40489,25.63888]]],[[[-103.4039,25.63598],[-103.40358,25.63555],[-103.40181,25.63587],[-103.4039,25.63598]]],[[[-103.40224,25.63668],[-103.40139,25.63685],[-103.4038,25.63912],[-103.40224,25.63668]]],[[[-103.40179,25.63598],[-103.40078,25.63441],[-103.39969,25.63517],[-103.40125,25.63671],[-103.40179,25.63598]]],[[[-103.40034,25.63399],[-103.39951,25.63266],[-103.39829,25.63328],[-103.39968,25.63517],[-103.40054,25.63457],[-103.40034,25.63399]]],[[[-103.40262,25.63461],[-103.40184,25.63384],[-103.40103,25.63468],[-103.40151,25.63537],[-103.40313,25.6351],[-103.40262,25.63461]]],[[[-103.40157,25.63359],[-103.40068,25.63216],[-103.39972,25.63255],[-103.40084,25.63436],[-103.40157,25.63359]]],[[[-103.38778,25.63578],[-103.38635,25.63435],[-103.38914,25.63691],[-103.38778,25.63578]]],[[[-103.39541,25.63965],[-103.39603,25.64011],[-103.39695,25.63876],[-103.39653,25.63839],[-103.39541,25.63965]]],[[[-103.38871,25.63337],[-103.38822,25.63253],[-103.38679,25.6329],[-103.38746,25.6351],[-103.3896,25.63475],[-103.38941,25.63381],[-103.38965,25.63473],[-103.39015,25.63468],[-103.39017,25.63183],[-103.38781,25.63196],[-103.38871,25.63337]]],[[[-103.40084,25.64394],[-103.40198,25.64403],[-103.3995,25.64131],[-103.3966,25.6424],[-103.40245,25.64455],[-103.40084,25.64394]]],[[[-103.40478,25.64225],[-103.40203,25.64409],[-103.40245,25.64455],[-103.40414,25.64391],[-103.40485,25.64343],[-103.40478,25.64225]]],[[[-103.38416,25.63052],[-103.38516,25.63066],[-103.38455,25.63008],[-103.38557,25.62965],[-103.38465,25.62957],[-103.38576,25.62942],[-103.38555,25.63069],[-103.38637,25.63076],[-103.38572,25.63036],[-103.38654,25.63016],[-103.38584,25.62992],[-103.38657,25.63005],[-103.3867,25.62956],[-103.38594,25.62953],[-103.38698,25.62938],[-103.38667,25.63065],[-103.38749,25.63086],[-103.38698,25.63028],[-103.38779,25.63009],[-103.38709,25.62985],[-103.38794,25.62952],[-103.38719,25.62947],[-103.38812,25.62931],[-103.38776,25.63071],[-103.38841,25.63093],[-103.38799,25.63061],[-103.38871,25.63032],[-103.38819,25.62987],[-103.38889,25.62965],[-103.38833,25.62935],[-103.38911,25.62924],[-103.38873,25.63077],[-103.38939,25.63095],[-103.38897,25.6306],[-103.38969,25.6303],[-103.38918,25.62981],[-103.38988,25.62959],[-103.38932,25.62929],[-103.39011,25.6292],[-103.38989,25.63083],[-103.39036,25.62905],[-103.38271,25.62949],[-103.38433,25.62949],[-103.38416,25.63052]]],[[[-103.38397,25.63005],[-103.38273,25.62978],[-103.38277,25.63026],[-103.38397,25.63005]]],[[[-103.42069,25.60701],[-103.42094,25.60577],[-103.41784,25.60524],[-103.41725,25.60743],[-103.42048,25.60806],[-103.42069,25.60701]]],[[[-103.42206,25.60596],[-103.42095,25.60577],[-103.42067,25.6081],[-103.42655,25.60887],[-103.427,25.6068],[-103.42206,25.60596]]],[[[-103.41909,25.60378],[-103.42206,25.60403],[-103.42055,25.60382],[-103.42004,25.60315],[-103.42151,25.60308],[-103.4193,25.60274],[-103.41999,25.60312],[-103.41918,25.60347],[-103.41989,25.60364],[-103.41909,25.60378]]],[[[-103.41871,25.60351],[-103.41798,25.60342],[-103.41877,25.60299],[-103.41804,25.60281],[-103.41895,25.60269],[-103.41713,25.6024],[-103.41796,25.6028],[-103.41708,25.60314],[-103.41786,25.60332],[-103.4169,25.60344],[-103.41871,25.60351]]],[[[-103.4166,25.60318],[-103.416,25.60309],[-103.4166,25.60306],[-103.4163,25.60256],[-103.4158,25.60326],[-103.4166,25.60318]]],[[[-103.42005,25.61014],[-103.4202,25.60941],[-103.41668,25.60872],[-103.41543,25.61084],[-103.41951,25.61134],[-103.42005,25.61014]]],[[[-103.42314,25.61152],[-103.4257,25.61049],[-103.42125,25.60961],[-103.41972,25.61136],[-103.42314,25.61152]]],[[[-103.41709,25.62345],[-103.42176,25.62281],[-103.42277,25.62173],[-103.42227,25.62008],[-103.42087,25.61942],[-103.4202,25.62055],[-103.41765,25.6202],[-103.41709,25.62345]]],[[[-103.39139,25.63277],[-103.39269,25.63268],[-103.39254,25.63192],[-103.39033,25.63194],[-103.39032,25.63284],[-103.39139,25.63277]]],[[[-103.39511,25.6367],[-103.39246,25.63696],[-103.39409,25.63825],[-103.39562,25.63701],[-103.39511,25.6367]]],[[[-103.39761,25.63664],[-103.39644,25.63548],[-103.39585,25.63682],[-103.39639,25.63799],[-103.39761,25.63664]]],[[[-103.39358,25.63581],[-103.39247,25.63592],[-103.39246,25.63671],[-103.39398,25.6366],[-103.39427,25.63575],[-103.39358,25.63581]]],[[[-103.39358,25.63406],[-103.39359,25.63267],[-103.39254,25.63278],[-103.39247,25.63589],[-103.39357,25.63579],[-103.39358,25.63406]]],[[[-103.3926,25.63193],[-103.39274,25.63272],[-103.39437,25.63258],[-103.3926,25.63193]]],[[[-103.39855,25.63605],[-103.39777,25.6367],[-103.39858,25.63749],[-103.39855,25.63605]]],[[[-103.39701,25.6346],[-103.39647,25.63544],[-103.39777,25.6367],[-103.39855,25.63605],[-103.39701,25.6346]]],[[[-103.4029,25.64036],[-103.40032,25.64221],[-103.40198,25.64403],[-103.40474,25.64218],[-103.4029,25.64036]]],[[[-103.40067,25.63814],[-103.3995,25.64131],[-103.40032,25.64221],[-103.4029,25.64035],[-103.40067,25.63814]]],[[[-103.39541,25.63965],[-103.39603,25.64011],[-103.39695,25.63876],[-103.39653,25.63839],[-103.39541,25.63965]]],[[[-103.39875,25.63625],[-103.39855,25.63751],[-103.39726,25.63718],[-103.3963,25.63808],[-103.39937,25.64117],[-103.40049,25.63797],[-103.39875,25.63625]]],[[[-103.4129,25.6078],[-103.4116,25.60859],[-103.41277,25.61016],[-103.41507,25.61109],[-103.41647,25.60868],[-103.4129,25.6078]]],[[[-103.4204,25.60945],[-103.42025,25.61017],[-103.4211,25.61031],[-103.42125,25.60961],[-103.4204,25.60945]]],[[[-103.41395,25.60679],[-103.41705,25.60739],[-103.41731,25.60643],[-103.41452,25.60595],[-103.41395,25.60679]]],[[[-103.39531,25.63471],[-103.39584,25.63624],[-103.3968,25.63461],[-103.39531,25.63471]]],[[[-103.39449,25.63573],[-103.39417,25.63658],[-103.39584,25.63624],[-103.39554,25.63563],[-103.39449,25.63573]]],[[[-103.39508,25.63492],[-103.3945,25.63571],[-103.39553,25.6356],[-103.39508,25.63492]]]]},"properties":{"SIMBOLOGIA":"Habitacional densidad Media Baja (H2)"}},{"type":"Feature","geometry":{"type":"MultiPolygon","coordinates":[[[[-103.42098,25.56366],[-103.4213,25.56399],[-103.42203,25.56284],[-103.42098,25.56366]]],[[[-103.42464,25.56052],[-103.42453,25.561],[-103.42575,25.56034],[-103.42529,25.55999],[-103.42464,25.56052]]],[[[-103.42145,25.56252],[-103.42044,25.56313],[-103.42082,25.56342],[-103.42145,25.56252]]],[[[-103.42458,25.55962],[-103.42419,25.56067],[-103.42518,25.55986],[-103.42458,25.55962]]],[[[-103.40628,25.57689],[-103.40542,25.57747],[-103.40671,25.57698],[-103.40628,25.57689]]],[[[-103.40731,25.57693],[-103.40565,25.57792],[-103.40785,25.57688],[-103.40731,25.57693]]],[[[-103.44556,25.53687],[-103.44598,25.53722],[-103.4464,25.53643],[-103.44556,25.53687]]],[[[-103.45074,25.53674],[-103.45076,25.53734],[-103.45158,25.53735],[-103.45158,25.53659],[-103.45074,25.53674]]],[[[-103.45179,25.53669],[-103.45263,25.53722],[-103.45264,25.5366],[-103.45179,25.53669]]],[[[-103.45389,25.53666],[-103.45473,25.53711],[-103.45473,25.5366],[-103.45389,25.53666]]],[[[-103.45494,25.53686],[-103.45578,25.5372],[-103.45578,25.53661],[-103.45494,25.53686]]],[[[-103.45347,25.5361],[-103.45285,25.53645],[-103.45369,25.53646],[-103.45347,25.5361]]],[[[-103.4542,25.53602],[-103.45389,25.53645],[-103.45474,25.53646],[-103.4542,25.53602]]],[[[-103.46132,25.53675],[-103.46221,25.53681],[-103.46207,25.53631],[-103.46132,25.53675]]],[[[-103.46231,25.53642],[-103.46324,25.53665],[-103.46309,25.53608],[-103.46231,25.53642]]],[[[-103.46371,25.53594],[-103.46344,25.53656],[-103.46428,25.53641],[-103.46371,25.53594]]],[[[-103.45917,25.53688],[-103.46001,25.53715],[-103.46001,25.53663],[-103.45917,25.53688]]],[[[-103.46435,25.53592],[-103.46515,25.53641],[-103.46514,25.53562],[-103.46435,25.53592]]],[[[-103.45853,25.53712],[-103.45895,25.53663],[-103.45811,25.53663],[-103.4581,25.53728],[-103.45853,25.53712]]],[[[-103.46541,25.53583],[-103.46635,25.53613],[-103.46616,25.53539],[-103.46541,25.53583]]],[[[-103.46684,25.53954],[-103.46676,25.53997],[-103.46737,25.53984],[-103.46718,25.53909],[-103.46684,25.53954]]],[[[-103.45718,25.53662],[-103.45704,25.53716],[-103.45789,25.537],[-103.45718,25.53662]]],[[[-103.46684,25.53611],[-103.46716,25.53547],[-103.46636,25.53534],[-103.46684,25.53611]]],[[[-103.46793,25.54336],[-103.46851,25.54404],[-103.46826,25.54303],[-103.46793,25.54336]]],[[[-103.45355,25.55354],[-103.45224,25.55327],[-103.45332,25.554],[-103.45355,25.55354]]],[[[-103.45178,25.55341],[-103.4528,25.55461],[-103.45322,25.55411],[-103.45178,25.55341]]],[[[-103.44868,25.55121],[-103.44961,25.55244],[-103.45005,25.55192],[-103.44868,25.55121]]],[[[-103.45445,25.55452],[-103.45344,25.55409],[-103.4547,25.55494],[-103.45445,25.55452]]],[[[-103.4532,25.55437],[-103.45309,25.55482],[-103.45441,25.55493],[-103.4532,25.55437]]],[[[-103.45236,25.55586],[-103.45233,25.55544],[-103.45191,25.55595],[-103.45236,25.55586]]],[[[-103.44895,25.55353],[-103.44914,25.55406],[-103.44948,25.5535],[-103.44895,25.55353]]],[[[-103.4578,25.54888],[-103.45782,25.5493],[-103.45824,25.5488],[-103.4578,25.54888]]],[[[-103.43888,25.56332],[-103.43807,25.56328],[-103.43905,25.56377],[-103.43888,25.56332]]],[[[-103.43846,25.56363],[-103.43778,25.56359],[-103.43882,25.56418],[-103.43846,25.56363]]],[[[-103.44237,25.55557],[-103.44177,25.55467],[-103.44157,25.55535],[-103.44237,25.55557]]],[[[-103.443,25.55646],[-103.44334,25.55704],[-103.44368,25.5565],[-103.443,25.55646]]],[[[-103.44375,25.55673],[-103.4435,25.55713],[-103.44433,25.55681],[-103.44375,25.55673]]],[[[-103.44564,25.55759],[-103.44491,25.55871],[-103.44611,25.55769],[-103.44564,25.55759]]],[[[-103.44386,25.5558],[-103.44323,25.55611],[-103.44377,25.55638],[-103.44386,25.5558]]],[[[-103.44409,25.55617],[-103.44441,25.55669],[-103.44456,25.55604],[-103.44409,25.55617]]],[[[-103.3978,25.60561],[-103.39706,25.60582],[-103.39649,25.60771],[-103.39868,25.60776],[-103.39905,25.60568],[-103.3978,25.60561]]],[[[-103.39748,25.60492],[-103.39699,25.60427],[-103.39612,25.60438],[-103.39712,25.60393],[-103.39929,25.60488],[-103.39953,25.60344],[-103.39562,25.60443],[-103.39654,25.60533],[-103.39748,25.60492]]],[[[-103.39322,25.60655],[-103.39289,25.60618],[-103.39161,25.60707],[-103.39322,25.60655]]],[[[-103.39486,25.60489],[-103.39306,25.60607],[-103.39342,25.60648],[-103.39574,25.60588],[-103.39486,25.60489]]],[[[-103.39773,25.6028],[-103.39736,25.60321],[-103.39906,25.603],[-103.39773,25.6028]]],[[[-103.39162,25.61514],[-103.39275,25.61764],[-103.39388,25.61389],[-103.39069,25.61424],[-103.39162,25.61514]]],[[[-103.39461,25.61149],[-103.39364,25.61177],[-103.39336,25.61355],[-103.39394,25.61366],[-103.39461,25.61149]]],[[[-103.3966,25.60959],[-103.39813,25.61034],[-103.39836,25.60914],[-103.39611,25.60935],[-103.3966,25.60959]]],[[[-103.39602,25.60655],[-103.39468,25.60686],[-103.39407,25.60836],[-103.39523,25.60893],[-103.39558,25.6077],[-103.39447,25.60797],[-103.39558,25.6077],[-103.39602,25.60655]]],[[[-103.39274,25.61211],[-103.39217,25.61224],[-103.39243,25.61368],[-103.39314,25.61356],[-103.39327,25.612],[-103.39274,25.61211]]],[[[-103.41067,25.6029],[-103.41179,25.60534],[-103.41291,25.60513],[-103.41274,25.60243],[-103.41067,25.6029]]],[[[-103.40325,25.60459],[-103.40352,25.60582],[-103.40427,25.60565],[-103.40404,25.60441],[-103.40325,25.60459]]],[[[-103.40809,25.60301],[-103.40805,25.60244],[-103.40711,25.60257],[-103.40814,25.60244],[-103.40795,25.60189],[-103.40535,25.6022],[-103.40552,25.60357],[-103.40809,25.60301]]],[[[-103.40544,25.60359],[-103.40526,25.60221],[-103.40203,25.60203],[-103.40143,25.60445],[-103.40544,25.60359]]],[[[-103.40298,25.60226],[-103.40216,25.60223],[-103.40364,25.60228],[-103.40298,25.60226]]],[[[-103.38939,25.62685],[-103.386,25.62665],[-103.38556,25.62831],[-103.38442,25.62835],[-103.38423,25.62926],[-103.38886,25.62901],[-103.38905,25.62825],[-103.38695,25.62837],[-103.38905,25.62825],[-103.38939,25.62685]]],[[[-103.38945,25.62725],[-103.38921,25.62824],[-103.3906,25.62815],[-103.39146,25.62485],[-103.39006,25.6248],[-103.38945,25.62725]]],[[[-103.38839,25.62571],[-103.38716,25.6258],[-103.38698,25.62651],[-103.38948,25.6265],[-103.38989,25.62483],[-103.38863,25.62479],[-103.38839,25.62571]]],[[[-103.39062,25.62255],[-103.39007,25.62475],[-103.39147,25.62479],[-103.39205,25.62259],[-103.39062,25.62255]]],[[[-103.38871,25.62454],[-103.38993,25.62468],[-103.3902,25.62359],[-103.38903,25.6235],[-103.38871,25.62454]]],[[[-103.38921,25.62824],[-103.38898,25.62913],[-103.39036,25.62905],[-103.3906,25.62815],[-103.38921,25.62824]]],[[[-103.40646,25.60157],[-103.40537,25.60153],[-103.4053,25.60214],[-103.40793,25.60181],[-103.40646,25.60157]]],[[[-103.40049,25.60021],[-103.39893,25.60175],[-103.39994,25.60186],[-103.40049,25.60021]]],[[[-103.39792,25.60491],[-103.39905,25.60494],[-103.39857,25.60452],[-103.39792,25.60491]]],[[[-103.39605,25.60932],[-103.39848,25.60913],[-103.39866,25.60791],[-103.39645,25.60786],[-103.39605,25.60932]]],[[[-103.3913,25.60997],[-103.39135,25.61105],[-103.39302,25.61073],[-103.39312,25.60943],[-103.3913,25.60997]]],[[[-103.39488,25.6103],[-103.39333,25.60954],[-103.39322,25.61115],[-103.39463,25.61139],[-103.39488,25.6103]]],[[[-103.39283,25.61093],[-103.39002,25.61146],[-103.39029,25.61243],[-103.39318,25.61181],[-103.39283,25.61093]]],[[[-103.39323,25.61134],[-103.39349,25.61198],[-103.39391,25.61137],[-103.39323,25.61134]]],[[[-103.39352,25.60716],[-103.39388,25.60825],[-103.39447,25.6069],[-103.39352,25.60716]]],[[[-103.39816,25.60233],[-103.39779,25.60274],[-103.39901,25.60258],[-103.39816,25.60233]]],[[[-103.39994,25.60288],[-103.40055,25.60245],[-103.39911,25.60263],[-103.39994,25.60288]]],[[[-103.39863,25.60182],[-103.39823,25.60226],[-103.39897,25.60217],[-103.39863,25.60182]]],[[[-103.39985,25.60211],[-103.39909,25.60257],[-103.40068,25.60201],[-103.39985,25.60211]]],[[[-103.39262,25.60749],[-103.39328,25.60788],[-103.39329,25.60721],[-103.39262,25.60749]]],[[[-103.41454,25.60201],[-103.4129,25.60239],[-103.41307,25.60515],[-103.41454,25.60201]]]]},"properties":{"SIMBOLOGIA":"MIXTO 1 Habitacional con comercio (M1)"}},{"type":"Feature","geometry":{"type":"MultiPolygon","coordinates":[[[[-103.40554,25.5463],[-103.40523,25.54703],[-103.40569,25.54703],[-103.40554,25.5463]]],[[[-103.40552,25.54758],[-103.40509,25.54802],[-103.40567,25.54802],[-103.40552,25.54758]]],[[[-103.40574,25.53931],[-103.40501,25.53904],[-103.40502,25.53992],[-103.40574,25.53993],[-103.40574,25.53931]]],[[[-103.40513,25.54009],[-103.40502,25.5409],[-103.40574,25.5409],[-103.40574,25.54009],[-103.40513,25.54009]]],[[[-103.40518,25.54102],[-103.40503,25.54148],[-103.40573,25.54148],[-103.40518,25.54102]]],[[[-103.40543,25.5428],[-103.40573,25.54234],[-103.405,25.54233],[-103.40543,25.5428]]],[[[-103.40445,25.54119],[-103.40484,25.5419],[-103.40489,25.54102],[-103.40445,25.54119]]],[[[-103.40444,25.54034],[-103.4049,25.54089],[-103.40489,25.54009],[-103.40444,25.54034]]],[[[-103.39533,25.5608],[-103.39454,25.5627],[-103.39363,25.56239],[-103.39343,25.5629],[-103.39448,25.56326],[-103.39514,25.56167],[-103.39568,25.56185],[-103.39522,25.56337],[-103.39592,25.56183],[-103.39686,25.56214],[-103.39719,25.56141],[-103.39533,25.5608]]],[[[-103.39551,25.5585],[-103.39446,25.56037],[-103.39537,25.55859],[-103.39589,25.55905],[-103.39538,25.56068],[-103.39608,25.55901],[-103.39551,25.5585]]],[[[-103.38515,25.56292],[-103.38411,25.56224],[-103.3835,25.56401],[-103.38422,25.56242],[-103.38515,25.56292]]],[[[-103.38492,25.56461],[-103.38647,25.56393],[-103.38547,25.56317],[-103.38492,25.56461]]],[[[-103.38461,25.56313],[-103.38396,25.56408],[-103.385,25.56328],[-103.38461,25.56313]]],[[[-103.38509,25.56345],[-103.38451,25.56431],[-103.38548,25.5636],[-103.38509,25.56345]]],[[[-103.3911,25.56913],[-103.39112,25.56562],[-103.3891,25.56408],[-103.38824,25.565],[-103.38894,25.56582],[-103.38845,25.56502],[-103.38912,25.56428],[-103.39055,25.56537],[-103.38938,25.56668],[-103.38888,25.56619],[-103.38975,25.56766],[-103.38951,25.56694],[-103.39087,25.5656],[-103.3911,25.56913]]],[[[-103.37712,25.54997],[-103.37565,25.54967],[-103.37639,25.55034],[-103.37543,25.55082],[-103.37712,25.54997]]],[[[-103.37831,25.55174],[-103.37853,25.55211],[-103.37875,25.55162],[-103.37831,25.55174]]],[[[-103.41398,25.57473],[-103.41284,25.57514],[-103.41458,25.57473],[-103.41398,25.57473]]],[[[-103.41327,25.57301],[-103.40737,25.57241],[-103.40704,25.57399],[-103.40772,25.57414],[-103.40725,25.57391],[-103.40748,25.57304],[-103.40797,25.57309],[-103.40762,25.57258],[-103.40871,25.57278],[-103.40817,25.57279],[-103.40865,25.57321],[-103.40786,25.57418],[-103.40832,25.57455],[-103.40902,25.57273],[-103.41015,25.57285],[-103.41003,25.57387],[-103.40903,25.57394],[-103.40894,25.57483],[-103.40988,25.57494],[-103.40901,25.57468],[-103.40938,25.57409],[-103.41128,25.57464],[-103.41115,25.57397],[-103.41038,25.5739],[-103.41058,25.57287],[-103.41166,25.57302],[-103.41165,25.5747],[-103.413,25.57468],[-103.41182,25.57453],[-103.41207,25.57305],[-103.41304,25.57319],[-103.41342,25.5746],[-103.4143,25.57442],[-103.41352,25.57436],[-103.41327,25.57301]]],[[[-103.38229,25.53924],[-103.38141,25.53964],[-103.3824,25.53965],[-103.38229,25.53924]]],[[[-103.37973,25.5392],[-103.37869,25.5396],[-103.3798,25.53961],[-103.37973,25.5392]]],[[[-103.38229,25.53976],[-103.38141,25.54016],[-103.3824,25.54018],[-103.38229,25.53976]]],[[[-103.37973,25.53972],[-103.37869,25.54012],[-103.37981,25.54014],[-103.37973,25.53972]]],[[[-103.45098,25.5425],[-103.4507,25.54307],[-103.45133,25.54308],[-103.45154,25.54257],[-103.45098,25.5425]]],[[[-103.45037,25.54279],[-103.44974,25.54259],[-103.44974,25.54307],[-103.45037,25.54279]]],[[[-103.45245,25.54247],[-103.45175,25.54243],[-103.45175,25.54308],[-103.45259,25.54308],[-103.45245,25.54247]]],[[[-103.45217,25.54327],[-103.45175,25.54403],[-103.45259,25.54404],[-103.45217,25.54327]]],[[[-103.4507,25.54345],[-103.45069,25.54403],[-103.45153,25.54404],[-103.45153,25.54327],[-103.4507,25.54345]]],[[[-103.45016,25.54355],[-103.44973,25.54403],[-103.45048,25.54402],[-103.45049,25.54326],[-103.45016,25.54355]]],[[[-103.44914,25.54354],[-103.44901,25.54402],[-103.44957,25.54402],[-103.44958,25.54326],[-103.44914,25.54354]]],[[[-103.4528,25.54341],[-103.45279,25.54404],[-103.45363,25.54405],[-103.45311,25.54372],[-103.45364,25.54329],[-103.4528,25.54341]]],[[[-103.45173,25.54441],[-103.45174,25.54499],[-103.45258,25.54499],[-103.45258,25.54423],[-103.45173,25.54441]]],[[[-103.45068,25.5443],[-103.45069,25.54498],[-103.45153,25.545],[-103.45152,25.54423],[-103.45068,25.5443]]],[[[-103.45002,25.54498],[-103.45047,25.54465],[-103.44973,25.54465],[-103.45002,25.54498]]],[[[-103.45427,25.54273],[-103.45385,25.54311],[-103.45469,25.54311],[-103.45469,25.54253],[-103.45427,25.54273]]],[[[-103.45384,25.54349],[-103.45468,25.54377],[-103.45469,25.54329],[-103.45384,25.54349]]],[[[-103.45553,25.54253],[-103.4549,25.54242],[-103.4549,25.54311],[-103.45574,25.54312],[-103.45553,25.54253]]],[[[-103.41048,25.54207],[-103.41007,25.54239],[-103.41092,25.5424],[-103.41048,25.54207]]],[[[-103.40943,25.5417],[-103.40904,25.5411],[-103.40904,25.54188],[-103.40943,25.5417]]],[[[-103.40905,25.54033],[-103.40944,25.54091],[-103.40945,25.54015],[-103.40905,25.54033]]],[[[-103.41112,25.54335],[-103.41184,25.5438],[-103.41185,25.54301],[-103.41112,25.54335]]],[[[-103.40846,25.54223],[-103.40883,25.54282],[-103.40884,25.54205],[-103.40846,25.54223]]],[[[-103.408,25.54129],[-103.40839,25.54188],[-103.4084,25.54111],[-103.408,25.54129]]],[[[-103.40846,25.54129],[-103.40883,25.54187],[-103.40884,25.54112],[-103.40846,25.54129]]],[[[-103.408,25.54032],[-103.4084,25.54091],[-103.4084,25.54015],[-103.408,25.54032]]],[[[-103.40847,25.54033],[-103.40885,25.54091],[-103.40885,25.54015],[-103.40847,25.54033]]],[[[-103.4087,25.53946],[-103.40799,25.53915],[-103.40799,25.53959],[-103.4087,25.53946]]],[[[-103.41109,25.5441],[-103.41118,25.5446],[-103.41168,25.54399],[-103.41109,25.5441]]],[[[-103.40624,25.5396],[-103.40682,25.53917],[-103.40594,25.53917],[-103.40624,25.5396]]],[[[-103.40951,25.54033],[-103.4099,25.54092],[-103.40989,25.54015],[-103.40951,25.54033]]],[[[-103.40951,25.5413],[-103.40988,25.54188],[-103.40989,25.54111],[-103.40951,25.5413]]],[[[-103.40799,25.54222],[-103.40839,25.54281],[-103.40839,25.54205],[-103.40799,25.54222]]],[[[-103.45657,25.54265],[-103.45596,25.54251],[-103.45595,25.54312],[-103.45678,25.54312],[-103.45657,25.54265]]],[[[-103.43251,25.52903],[-103.43213,25.53048],[-103.43271,25.53029],[-103.43251,25.52903]]],[[[-103.43293,25.53294],[-103.43282,25.53335],[-103.43369,25.53267],[-103.43293,25.53294]]],[[[-103.43294,25.53243],[-103.43282,25.53286],[-103.4339,25.5321],[-103.43294,25.53243]]],[[[-103.43293,25.53089],[-103.43285,25.53134],[-103.43446,25.53036],[-103.43293,25.53089]]],[[[-103.43302,25.52931],[-103.43284,25.52976],[-103.43421,25.52929],[-103.43302,25.52931]]],[[[-103.40662,25.49487],[-103.40816,25.49606],[-103.40872,25.49546],[-103.40818,25.4959],[-103.40662,25.49487]]],[[[-103.40038,25.493],[-103.40018,25.49335],[-103.40121,25.49247],[-103.40038,25.493]]],[[[-103.38675,25.51737],[-103.38674,25.51831],[-103.38693,25.51665],[-103.38675,25.51737]]],[[[-103.3869,25.51838],[-103.38778,25.51846],[-103.38705,25.51899],[-103.38784,25.51869],[-103.38785,25.51802],[-103.3869,25.51838]]],[[[-103.38785,25.51792],[-103.38873,25.51775],[-103.38807,25.51792],[-103.3877,25.51666],[-103.38785,25.51792]]],[[[-103.38659,25.51898],[-103.38592,25.51921],[-103.3867,25.51989],[-103.38659,25.51898]]],[[[-103.38642,25.51856],[-103.38423,25.51773],[-103.38582,25.51912],[-103.38642,25.51856]]],[[[-103.38484,25.51568],[-103.38389,25.51744],[-103.38482,25.51676],[-103.38388,25.51719],[-103.38484,25.51568]]],[[[-103.39066,25.51303],[-103.38911,25.51469],[-103.39117,25.51303],[-103.39066,25.51303]]],[[[-103.39009,25.51335],[-103.39049,25.51302],[-103.38911,25.51301],[-103.39009,25.51335]]],[[[-103.39104,25.5129],[-103.39183,25.51258],[-103.38912,25.51255],[-103.39104,25.5129]]],[[[-103.38911,25.51361],[-103.38911,25.51432],[-103.39003,25.51346],[-103.38911,25.51361]]],[[[-103.38779,25.51616],[-103.38916,25.51689],[-103.38806,25.51592],[-103.38812,25.51523],[-103.39124,25.51489],[-103.38772,25.51478],[-103.38779,25.51616]]],[[[-103.38012,25.52038],[-103.37891,25.52016],[-103.37894,25.51963],[-103.37865,25.52],[-103.37902,25.52061],[-103.38,25.5207],[-103.3794,25.52007],[-103.38012,25.52038]]],[[[-103.37998,25.51999],[-103.37879,25.51939],[-103.38025,25.52033],[-103.37998,25.51999]]],[[[-103.38389,25.51443],[-103.38459,25.51472],[-103.38305,25.51389],[-103.38389,25.51443]]],[[[-103.38559,25.51335],[-103.38549,25.51289],[-103.38606,25.5129],[-103.3841,25.51255],[-103.38559,25.51335]]],[[[-103.38017,25.51616],[-103.3807,25.51564],[-103.37993,25.51516],[-103.38038,25.51566],[-103.37951,25.5157],[-103.38017,25.51616]]],[[[-103.3799,25.51372],[-103.37932,25.5145],[-103.38011,25.51386],[-103.37986,25.51484],[-103.3806,25.51407],[-103.38017,25.51505],[-103.38095,25.5143],[-103.38028,25.51511],[-103.38122,25.51447],[-103.38081,25.51545],[-103.38156,25.51453],[-103.3799,25.51372]]],[[[-103.38173,25.51289],[-103.38085,25.51249],[-103.38246,25.51336],[-103.38173,25.51289]]],[[[-103.37916,25.51595],[-103.37908,25.51518],[-103.37982,25.51509],[-103.37917,25.51466],[-103.37868,25.5154],[-103.37916,25.51595]]],[[[-103.37963,25.51345],[-103.37906,25.5127],[-103.37999,25.51298],[-103.37922,25.51249],[-103.38019,25.51272],[-103.37843,25.51222],[-103.37919,25.51249],[-103.37842,25.51248],[-103.37884,25.51278],[-103.37841,25.51318],[-103.37963,25.51345]]],[[[-103.38279,25.51319],[-103.38319,25.51346],[-103.38369,25.51281],[-103.38331,25.51252],[-103.38279,25.51319]]],[[[-103.37828,25.51507],[-103.37873,25.51461],[-103.37824,25.51435],[-103.37828,25.51507]]],[[[-103.37848,25.51844],[-103.37834,25.51577],[-103.37797,25.51862],[-103.37848,25.51844]]],[[[-103.46521,25.54304],[-103.46615,25.54326],[-103.46603,25.54279],[-103.46521,25.54304]]],[[[-103.46726,25.54257],[-103.46793,25.54287],[-103.4679,25.54241],[-103.46726,25.54257]]],[[[-103.46786,25.54375],[-103.46812,25.54305],[-103.46743,25.54315],[-103.46786,25.54375]]],[[[-103.44142,25.56095],[-103.44153,25.56146],[-103.44188,25.56089],[-103.44142,25.56095]]],[[[-103.44193,25.56101],[-103.44163,25.56151],[-103.44211,25.56175],[-103.44246,25.56118],[-103.44193,25.56101]]],[[[-103.44252,25.5613],[-103.44222,25.5618],[-103.44272,25.56205],[-103.44306,25.56148],[-103.44252,25.5613]]],[[[-103.44323,25.56221],[-103.44338,25.56164],[-103.44305,25.56222],[-103.44364,25.5626],[-103.44426,25.56207],[-103.44323,25.56221]]],[[[-103.44295,25.56238],[-103.44266,25.563],[-103.44349,25.56286],[-103.44295,25.56238]]],[[[-103.44144,25.56254],[-103.44108,25.56301],[-103.44156,25.56325],[-103.44144,25.56254]]],[[[-103.44118,25.56218],[-103.44176,25.56172],[-103.44127,25.56148],[-103.44118,25.56218]]],[[[-103.44173,25.56246],[-103.44231,25.562],[-103.44183,25.56175],[-103.44173,25.56246]]],[[[-103.44808,25.56874],[-103.44812,25.56937],[-103.44878,25.56842],[-103.44808,25.56874]]],[[[-103.44644,25.57213],[-103.44661,25.57106],[-103.44615,25.571],[-103.44592,25.5722],[-103.44644,25.57213]]],[[[-103.44701,25.56958],[-103.44723,25.57],[-103.44808,25.56943],[-103.44772,25.56907],[-103.44701,25.56958]]],[[[-103.44844,25.56927],[-103.4485,25.56972],[-103.44893,25.56935],[-103.44844,25.56927]]],[[[-103.4481,25.57036],[-103.44879,25.57162],[-103.44842,25.56998],[-103.4481,25.57036]]],[[[-103.44668,25.57148],[-103.44694,25.57233],[-103.44714,25.57113],[-103.44668,25.57148]]],[[[-103.4469,25.57085],[-103.44722,25.57111],[-103.44734,25.57027],[-103.4469,25.57085]]],[[[-103.40765,25.59613],[-103.40598,25.59615],[-103.40597,25.59725],[-103.40956,25.59756],[-103.4121,25.59654],[-103.41035,25.5961],[-103.41119,25.59674],[-103.41026,25.59714],[-103.4102,25.5961],[-103.40937,25.59611],[-103.40985,25.59728],[-103.40923,25.59737],[-103.40886,25.59611],[-103.40887,25.59734],[-103.40825,25.59728],[-103.40871,25.59612],[-103.40787,25.59612],[-103.40794,25.59727],[-103.40613,25.59715],[-103.40616,25.59628],[-103.40765,25.59613]]],[[[-103.41289,25.59622],[-103.41522,25.59502],[-103.4064,25.59456],[-103.40653,25.59594],[-103.407,25.59474],[-103.40767,25.59478],[-103.40768,25.59593],[-103.40801,25.59479],[-103.40879,25.59484],[-103.4088,25.59592],[-103.40913,25.59485],[-103.40993,25.59489],[-103.40994,25.5959],[-103.4103,25.59492],[-103.41131,25.59501],[-103.41096,25.5956],[-103.41161,25.59499],[-103.41378,25.59519],[-103.41243,25.59548],[-103.4149,25.59518],[-103.41298,25.596],[-103.41116,25.59573],[-103.41289,25.59622]]],[[[-103.41522,25.59322],[-103.41554,25.59591],[-103.41703,25.59577],[-103.41952,25.59393],[-103.41787,25.59503],[-103.41709,25.59418],[-103.41769,25.59525],[-103.41568,25.59573],[-103.41541,25.59451],[-103.41614,25.59431],[-103.41542,25.59431],[-103.41612,25.59412],[-103.41541,25.59425],[-103.41522,25.59322]]],[[[-103.41591,25.5937],[-103.41539,25.59413],[-103.41613,25.59404],[-103.41591,25.5937]]],[[[-103.41672,25.59395],[-103.4205,25.59339],[-103.41764,25.593],[-103.41872,25.59324],[-103.41779,25.59376],[-103.41623,25.59292],[-103.41672,25.59395]]],[[[-103.41708,25.59224],[-103.41864,25.59204],[-103.41863,25.59255],[-103.41733,25.5925],[-103.41876,25.59274],[-103.41868,25.59184],[-103.41708,25.59224]]],[[[-103.40755,25.59565],[-103.40713,25.59487],[-103.40713,25.59572],[-103.40755,25.59565]]],[[[-103.41872,25.59226],[-103.41952,25.59236],[-103.4187,25.59187],[-103.41955,25.59185],[-103.41846,25.59097],[-103.41872,25.59226]]],[[[-103.41569,25.5078],[-103.41528,25.5079],[-103.41626,25.50845],[-103.41569,25.5078]]],[[[-103.41546,25.50814],[-103.41505,25.50824],[-103.41603,25.50879],[-103.41546,25.50814]]],[[[-103.41524,25.50848],[-103.41482,25.50858],[-103.4158,25.50913],[-103.41524,25.50848]]],[[[-103.41501,25.50881],[-103.41462,25.50891],[-103.41558,25.50945],[-103.41501,25.50881]]],[[[-103.41479,25.50914],[-103.41438,25.50922],[-103.41536,25.50977],[-103.41479,25.50914]]],[[[-103.41449,25.50986],[-103.41394,25.50987],[-103.41492,25.51042],[-103.41449,25.50986]]],[[[-103.41976,25.50948],[-103.41903,25.50918],[-103.42012,25.5097],[-103.41976,25.50948]]],[[[-103.42176,25.51563],[-103.42053,25.51534],[-103.42186,25.5161],[-103.42176,25.51563]]],[[[-103.39825,25.52531],[-103.39784,25.52557],[-103.39863,25.52577],[-103.39825,25.52531]]],[[[-103.40016,25.52617],[-103.40075,25.52557],[-103.40002,25.52532],[-103.40016,25.52617]]],[[[-103.39773,25.53163],[-103.39715,25.53119],[-103.39693,25.53189],[-103.3977,25.53209],[-103.39773,25.53163]]],[[[-103.39805,25.53102],[-103.39817,25.5305],[-103.39743,25.5303],[-103.3972,25.53103],[-103.39805,25.53102]]],[[[-103.40141,25.53212],[-103.40198,25.53161],[-103.40143,25.53147],[-103.40141,25.53212]]],[[[-103.40487,25.53031],[-103.4043,25.53054],[-103.40501,25.53072],[-103.40487,25.53031]]],[[[-103.40473,25.53077],[-103.40416,25.53102],[-103.40482,25.53117],[-103.40473,25.53077]]],[[[-103.40523,25.52953],[-103.40437,25.52931],[-103.40417,25.52997],[-103.40517,25.53022],[-103.40446,25.52969],[-103.40523,25.52953]]],[[[-103.40378,25.52916],[-103.40327,25.52922],[-103.40419,25.52945],[-103.40378,25.52916]]],[[[-103.40377,25.53159],[-103.403,25.5314],[-103.40309,25.53029],[-103.40273,25.53151],[-103.40377,25.53159]]],[[[-103.39961,25.52903],[-103.39891,25.52885],[-103.39942,25.52931],[-103.3987,25.52955],[-103.39946,25.52975],[-103.39961,25.52903]]],[[[-103.39864,25.52878],[-103.39796,25.52861],[-103.39774,25.5293],[-103.39851,25.5295],[-103.39795,25.52919],[-103.39864,25.52878]]],[[[-103.39741,25.52922],[-103.39777,25.52856],[-103.39696,25.52835],[-103.39673,25.52904],[-103.39741,25.52922]]],[[[-103.39914,25.52813],[-103.39963,25.52868],[-103.39896,25.52868],[-103.39974,25.52887],[-103.39992,25.52833],[-103.39914,25.52813]]],[[[-103.39887,25.52806],[-103.39819,25.52789],[-103.39801,25.52843],[-103.39878,25.52863],[-103.39823,25.52832],[-103.39887,25.52806]]],[[[-103.40326,25.5275],[-103.40216,25.52687],[-103.40186,25.52758],[-103.40183,25.52679],[-103.4013,25.52764],[-103.40308,25.5281],[-103.40223,25.52748],[-103.40326,25.5275]]],[[[-103.39784,25.52637],[-103.39778,25.52575],[-103.39755,25.52647],[-103.39834,25.52668],[-103.39784,25.52637]]],[[[-103.39965,25.52557],[-103.39904,25.52513],[-103.3989,25.52559],[-103.39965,25.52557]]],[[[-103.40067,25.52455],[-103.40005,25.5252],[-103.40083,25.5254],[-103.40067,25.52455]]],[[[-103.39919,25.52472],[-103.39994,25.52517],[-103.39995,25.52469],[-103.39919,25.52472]]],[[[-103.40023,25.52423],[-103.40044,25.52357],[-103.3996,25.52335],[-103.39936,25.5241],[-103.39981,25.52366],[-103.40023,25.52423]]],[[[-103.39726,25.52344],[-103.39707,25.52271],[-103.39685,25.52345],[-103.39726,25.52344]]],[[[-103.40233,25.52917],[-103.40183,25.52942],[-103.4026,25.52962],[-103.40233,25.52917]]],[[[-103.40036,25.52874],[-103.40092,25.52861],[-103.40009,25.5284],[-103.40075,25.52916],[-103.40036,25.52874]]],[[[-103.40217,25.5297],[-103.40156,25.53029],[-103.40233,25.53049],[-103.40217,25.5297]]],[[[-103.40094,25.53032],[-103.40034,25.53091],[-103.4011,25.53112],[-103.40094,25.53032]]],[[[-103.39916,25.52985],[-103.39865,25.52971],[-103.39908,25.53042],[-103.39842,25.53041],[-103.39919,25.53061],[-103.39916,25.52985]]],[[[-103.40199,25.53227],[-103.40171,25.53314],[-103.40248,25.53334],[-103.40298,25.53178],[-103.4022,25.53158],[-103.40199,25.53227]]],[[[-103.39908,25.53114],[-103.39843,25.5306],[-103.3982,25.53129],[-103.39908,25.53114]]],[[[-103.39842,25.53255],[-103.39761,25.53302],[-103.39838,25.53322],[-103.39842,25.53255]]],[[[-103.39944,25.53179],[-103.39884,25.5324],[-103.3996,25.5326],[-103.39944,25.53179]]],[[[-103.40297,25.52656],[-103.40213,25.52668],[-103.40342,25.52701],[-103.40297,25.52656]]],[[[-103.40173,25.51383],[-103.4014,25.51353],[-103.40121,25.51427],[-103.40174,25.51472],[-103.40173,25.51383]]],[[[-103.40112,25.51328],[-103.40077,25.51299],[-103.40053,25.51373],[-103.40112,25.51419],[-103.40112,25.51328]]],[[[-103.40157,25.51351],[-103.40205,25.51341],[-103.4009,25.51257],[-103.40157,25.51351]]],[[[-103.40182,25.51279],[-103.4021,25.51329],[-103.40231,25.51284],[-103.40182,25.51279]]],[[[-103.40205,25.51232],[-103.40235,25.51273],[-103.40257,25.51233],[-103.40205,25.51232]]],[[[-103.40145,25.5123],[-103.40093,25.51246],[-103.40163,25.51294],[-103.40145,25.5123]]],[[[-103.40153,25.51222],[-103.40209,25.51203],[-103.40122,25.51155],[-103.40153,25.51222]]],[[[-103.39891,25.52082],[-103.39826,25.521],[-103.39952,25.52132],[-103.39891,25.52082]]],[[[-103.399,25.52029],[-103.39988,25.52017],[-103.39862,25.51985],[-103.399,25.52029]]],[[[-103.40031,25.52041],[-103.40009,25.51991],[-103.3999,25.52052],[-103.40031,25.52041]]],[[[-103.4016,25.51476],[-103.40119,25.5144],[-103.401,25.51486],[-103.40154,25.51524],[-103.4016,25.51476]]],[[[-103.40105,25.51443],[-103.4005,25.51384],[-103.40034,25.51436],[-103.40105,25.51443]]],[[[-103.40551,25.52915],[-103.40526,25.52879],[-103.40506,25.5293],[-103.40551,25.52915]]],[[[-103.39205,25.53408],[-103.39298,25.53409],[-103.39299,25.53228],[-103.39206,25.53228],[-103.39256,25.53285],[-103.39205,25.53408]]],[[[-103.39141,25.53254],[-103.3914,25.53319],[-103.39193,25.5332],[-103.39194,25.53227],[-103.39101,25.53227],[-103.391,25.53407],[-103.39141,25.53254]]],[[[-103.39193,25.53408],[-103.39192,25.53335],[-103.3914,25.53334],[-103.39188,25.53469],[-103.39193,25.53408]]],[[[-103.3999,25.5105],[-103.40008,25.51115],[-103.40048,25.50986],[-103.3988,25.50943],[-103.39877,25.51035],[-103.3999,25.5105]]],[[[-103.39053,25.51747],[-103.39099,25.51748],[-103.39099,25.51646],[-103.39053,25.51747]]],[[[-103.39202,25.51741],[-103.39219,25.5158],[-103.39388,25.51567],[-103.39203,25.51566],[-103.39202,25.51741]]],[[[-103.39959,25.51406],[-103.40022,25.5139],[-103.39907,25.51376],[-103.39959,25.51406]]],[[[-103.39974,25.51341],[-103.39907,25.51297],[-103.39907,25.51364],[-103.39974,25.51341]]],[[[-103.39738,25.51186],[-103.3965,25.51128],[-103.39642,25.512],[-103.39738,25.51186]]],[[[-103.38586,25.53164],[-103.38426,25.53179],[-103.38595,25.53213],[-103.38586,25.53164]]],[[[-103.38289,25.52664],[-103.38202,25.52662],[-103.3819,25.52773],[-103.38314,25.52771],[-103.38304,25.52698],[-103.3836,25.52696],[-103.38376,25.52807],[-103.38338,25.52591],[-103.38203,25.5259],[-103.38296,25.52609],[-103.38289,25.52664]]],[[[-103.38357,25.52835],[-103.38359,25.52938],[-103.38295,25.52861],[-103.38295,25.52952],[-103.38375,25.52953],[-103.38357,25.52835]]],[[[-103.37915,25.52116],[-103.37856,25.52164],[-103.37925,25.52177],[-103.37963,25.52127],[-103.37915,25.52116]]],[[[-103.3799,25.55042],[-103.38104,25.54984],[-103.38118,25.55168],[-103.38124,25.54964],[-103.38034,25.54964],[-103.3799,25.55042]]],[[[-103.35774,25.51565],[-103.35947,25.51567],[-103.35852,25.51508],[-103.35893,25.51558],[-103.35774,25.51565]]],[[[-103.35715,25.5145],[-103.35893,25.51445],[-103.35852,25.51494],[-103.35917,25.51495],[-103.35974,25.51445],[-103.35982,25.51553],[-103.3593,25.51538],[-103.35996,25.51568],[-103.35998,25.51436],[-103.35715,25.5145]]],[[[-103.35709,25.51429],[-103.35925,25.51432],[-103.35926,25.51295],[-103.3567,25.5134],[-103.35709,25.51429]]],[[[-103.31902,25.56768],[-103.31959,25.56507],[-103.30657,25.56344],[-103.30575,25.5669],[-103.30624,25.56696],[-103.30647,25.5661],[-103.30624,25.56696],[-103.31879,25.56877],[-103.31902,25.56768]],[[-103.30858,25.56511],[-103.30878,25.56431],[-103.30693,25.56425],[-103.30877,25.56431],[-103.30858,25.56509],[-103.31029,25.56599],[-103.31068,25.5645],[-103.31029,25.566],[-103.30858,25.56511]]],[[[-103.37285,25.57501],[-103.37297,25.57614],[-103.37391,25.5761],[-103.37354,25.5748],[-103.37285,25.57501]]],[[[-103.37266,25.575],[-103.37273,25.57715],[-103.37405,25.57728],[-103.37294,25.57697],[-103.37398,25.57674],[-103.37392,25.57624],[-103.3729,25.57636],[-103.37266,25.575]]],[[[-103.36741,25.55163],[-103.36808,25.5509],[-103.36696,25.55154],[-103.36741,25.55163]]],[[[-103.36731,25.55099],[-103.36691,25.55146],[-103.36799,25.55075],[-103.36731,25.55099]]],[[[-103.36583,25.55194],[-103.36552,25.55233],[-103.36672,25.55158],[-103.36583,25.55194]]],[[[-103.36192,25.55443],[-103.36074,25.55518],[-103.36163,25.55633],[-103.36097,25.55522],[-103.36192,25.55443]]],[[[-103.36135,25.55631],[-103.36056,25.5553],[-103.35915,25.5562],[-103.36053,25.5555],[-103.36135,25.55631]]],[[[-103.3067,25.57377],[-103.30635,25.57467],[-103.30702,25.57535],[-103.30862,25.57559],[-103.31002,25.57171],[-103.30753,25.57113],[-103.3067,25.57361],[-103.30442,25.57248],[-103.30415,25.57371],[-103.30635,25.57467],[-103.3067,25.57377]]],[[[-103.30793,25.56756],[-103.30615,25.5673],[-103.30641,25.56897],[-103.30741,25.56954],[-103.30759,25.56879],[-103.30936,25.56956],[-103.31375,25.56837],[-103.30793,25.56756]]],[[[-103.31873,25.56238],[-103.32013,25.5626],[-103.3207,25.55991],[-103.3192,25.55958],[-103.31873,25.56238]]],[[[-103.31997,25.55928],[-103.31815,25.5573],[-103.31615,25.55748],[-103.31542,25.55624],[-103.31369,25.55576],[-103.31379,25.55535],[-103.31197,25.55527],[-103.31048,25.55564],[-103.31043,25.55644],[-103.30821,25.5566],[-103.30741,25.55994],[-103.31997,25.55928]]],[[[-103.313,25.56247],[-103.30953,25.56157],[-103.30936,25.56207],[-103.30754,25.56203],[-103.30791,25.56041],[-103.30734,25.56023],[-103.30663,25.56321],[-103.31964,25.56484],[-103.31986,25.56388],[-103.31856,25.56371],[-103.31986,25.56384],[-103.32014,25.56257],[-103.31873,25.56237],[-103.31919,25.55958],[-103.31363,25.55985],[-103.31306,25.56222],[-103.3148,25.56244],[-103.31467,25.56314],[-103.3148,25.56248],[-103.313,25.56247]]],[[[-103.34894,25.5925],[-103.35101,25.59265],[-103.35097,25.59118],[-103.34865,25.59076],[-103.34894,25.5925]]],[[[-103.3457,25.59052],[-103.34524,25.59048],[-103.34523,25.59219],[-103.34894,25.5925],[-103.34865,25.59076],[-103.3457,25.59052]]],[[[-103.3444,25.59212],[-103.34479,25.59044],[-103.34386,25.59037],[-103.3444,25.59212]]],[[[-103.34338,25.59033],[-103.34357,25.59205],[-103.34405,25.59209],[-103.34338,25.59033]]],[[[-103.34265,25.5903],[-103.34091,25.59021],[-103.34133,25.59189],[-103.34335,25.59204],[-103.34265,25.5903]]],[[[-103.34763,25.58923],[-103.34745,25.59061],[-103.34892,25.59078],[-103.34909,25.58953],[-103.34763,25.58923]]],[[[-103.34557,25.58885],[-103.34524,25.59044],[-103.34626,25.59053],[-103.34649,25.58901],[-103.34557,25.58885]]],[[[-103.34383,25.5886],[-103.34116,25.58898],[-103.34093,25.59017],[-103.34359,25.59032],[-103.34383,25.5886]]],[[[-103.34909,25.58953],[-103.34892,25.59078],[-103.35097,25.59114],[-103.35098,25.58987],[-103.34909,25.58953]]],[[[-103.34649,25.58901],[-103.34626,25.59053],[-103.34745,25.59061],[-103.34763,25.58923],[-103.34649,25.58901]]],[[[-103.34383,25.5886],[-103.34359,25.59032],[-103.3448,25.59041],[-103.34513,25.58878],[-103.34383,25.5886]]],[[[-103.31729,25.57461],[-103.31699,25.57326],[-103.31495,25.57176],[-103.31475,25.57299],[-103.31486,25.57192],[-103.31429,25.57155],[-103.31233,25.57192],[-103.31217,25.57275],[-103.31227,25.57192],[-103.31009,25.57173],[-103.30882,25.57591],[-103.31132,25.57681],[-103.31173,25.57482],[-103.3145,25.5749],[-103.31408,25.5772],[-103.31581,25.57656],[-103.31607,25.57714],[-103.31738,25.57567],[-103.31729,25.57461]]],[[[-103.30973,25.5605],[-103.30948,25.56153],[-103.31137,25.56187],[-103.31186,25.55991],[-103.30973,25.5605]]],[[[-103.30502,25.56989],[-103.30443,25.57245],[-103.3067,25.57357],[-103.30754,25.5711],[-103.30502,25.56989]]],[[[-103.34571,25.56791],[-103.34553,25.57075],[-103.35022,25.56978],[-103.3491,25.56799],[-103.34571,25.56791]]],[[[-103.31395,25.57757],[-103.3144,25.57509],[-103.31175,25.57485],[-103.31134,25.57682],[-103.31254,25.57715],[-103.31349,25.57668],[-103.31395,25.57757]]],[[[-103.31182,25.56032],[-103.31136,25.5621],[-103.31296,25.56243],[-103.31353,25.56019],[-103.31182,25.56032]]],[[[-103.308,25.56043],[-103.30759,25.56201],[-103.3093,25.56205],[-103.30967,25.56052],[-103.308,25.56043]]],[[[-103.33205,25.59754],[-103.33073,25.59744],[-103.33254,25.59804],[-103.33205,25.59754]]],[[[-103.34057,25.59179],[-103.34133,25.59189],[-103.34092,25.59023],[-103.34057,25.59179]]],[[[-103.33443,25.59746],[-103.33379,25.59772],[-103.33522,25.59786],[-103.33443,25.59746]]],[[[-103.33234,25.59747],[-103.33268,25.59723],[-103.33126,25.59676],[-103.33234,25.59747]]],[[[-103.32905,25.59604],[-103.3284,25.59617],[-103.32998,25.59669],[-103.32905,25.59604]]],[[[-103.3327,25.59821],[-103.32815,25.59672],[-103.32805,25.59543],[-103.3279,25.59682],[-103.3327,25.59821]]],[[[-103.41588,25.5904],[-103.41546,25.58976],[-103.41475,25.59002],[-103.41495,25.59114],[-103.41495,25.59012],[-103.41588,25.5904]]],[[[-103.34536,25.57144],[-103.34509,25.57207],[-103.34635,25.57367],[-103.35037,25.57175],[-103.35031,25.57046],[-103.34536,25.57144]]],[[[-103.37264,25.57454],[-103.37266,25.575],[-103.37342,25.57475],[-103.37264,25.57454]]],[[[-103.34571,25.56719],[-103.34892,25.56734],[-103.34659,25.56469],[-103.34571,25.56719]]],[[[-103.37345,25.62516],[-103.37273,25.62374],[-103.37352,25.62322],[-103.37248,25.62365],[-103.37405,25.62711],[-103.37526,25.6266],[-103.37467,25.62536],[-103.37501,25.62647],[-103.37411,25.62685],[-103.37449,25.62573],[-103.37348,25.62562],[-103.37433,25.62523],[-103.37401,25.62444],[-103.37345,25.62516]]],[[[-103.39703,25.6005],[-103.39636,25.60078],[-103.39646,25.60301],[-103.39833,25.60123],[-103.39827,25.59857],[-103.39693,25.59861],[-103.39703,25.6005]]],[[[-103.3969,25.59856],[-103.39634,25.59908],[-103.39696,25.5991],[-103.3969,25.59856]]],[[[-103.40089,25.59763],[-103.40132,25.5984],[-103.40135,25.5974],[-103.40089,25.59763]]],[[[-103.40041,25.59812],[-103.40087,25.5985],[-103.40075,25.59776],[-103.40041,25.59812]]],[[[-103.38325,25.62244],[-103.38317,25.6219],[-103.38244,25.62188],[-103.38325,25.62244]]],[[[-103.38466,25.6228],[-103.38428,25.62222],[-103.38425,25.62295],[-103.38466,25.6228]]],[[[-103.38412,25.62281],[-103.38376,25.62221],[-103.38372,25.62293],[-103.38412,25.62281]]],[[[-103.40251,25.60003],[-103.40428,25.6002],[-103.40245,25.59963],[-103.40251,25.60003]]],[[[-103.40253,25.60036],[-103.40251,25.60181],[-103.40185,25.60177],[-103.40218,25.60032],[-103.40159,25.60189],[-103.40272,25.60196],[-103.40253,25.60036]]],[[[-103.37513,25.65716],[-103.37504,25.65756],[-103.376,25.65732],[-103.37637,25.65857],[-103.37543,25.65911],[-103.37777,25.65825],[-103.3785,25.65741],[-103.37853,25.65598],[-103.37831,25.65734],[-103.37674,25.65844],[-103.37629,25.65691],[-103.37513,25.65716]]],[[[-103.37779,25.65667],[-103.37794,25.65757],[-103.37819,25.6565],[-103.37779,25.65667]]],[[[-103.37755,25.65666],[-103.37694,25.65681],[-103.37719,25.65763],[-103.37755,25.65666]]],[[[-103.37647,25.65704],[-103.37683,25.65828],[-103.37786,25.65767],[-103.3771,25.65779],[-103.37647,25.65704]]],[[[-103.37451,25.65721],[-103.37337,25.65748],[-103.37436,25.6574],[-103.37488,25.65912],[-103.37203,25.66037],[-103.37531,25.65916],[-103.37451,25.65721]]],[[[-103.37572,25.65751],[-103.37509,25.658],[-103.37585,25.65864],[-103.37572,25.65751]]],[[[-103.37304,25.65732],[-103.37186,25.65766],[-103.37325,25.6596],[-103.37259,25.65763],[-103.37304,25.65732]]],[[[-103.36992,25.65856],[-103.37061,25.6583],[-103.37193,25.66039],[-103.37096,25.65817],[-103.37162,25.6577],[-103.36992,25.65856]]],[[[-103.36945,25.65857],[-103.36952,25.66128],[-103.37148,25.66056],[-103.36966,25.66105],[-103.36945,25.65857]]],[[[-103.37013,25.65917],[-103.37082,25.65909],[-103.37054,25.65846],[-103.37013,25.65917]]],[[[-103.37035,25.65956],[-103.37136,25.6603],[-103.37087,25.6592],[-103.37035,25.65956]]],[[[-103.36965,25.66016],[-103.36982,25.66087],[-103.37091,25.66047],[-103.36965,25.66016]]],[[[-103.38333,25.63148],[-103.38352,25.63328],[-103.38232,25.63416],[-103.38161,25.63334],[-103.38059,25.63363],[-103.38246,25.63419],[-103.38372,25.63341],[-103.38333,25.63148]]],[[[-103.38229,25.63347],[-103.38172,25.63289],[-103.38107,25.63318],[-103.38229,25.63347]]],[[[-103.38232,25.63265],[-103.38151,25.63268],[-103.38237,25.63324],[-103.38232,25.63265]]],[[[-103.38084,25.63326],[-103.38333,25.63148],[-103.3816,25.63211],[-103.38084,25.63326]]],[[[-103.41772,25.60138],[-103.41856,25.60061],[-103.4184,25.60153],[-103.41886,25.60052],[-103.4174,25.60097],[-103.41676,25.60234],[-103.42085,25.60298],[-103.42117,25.60141],[-103.42175,25.60131],[-103.41994,25.60099],[-103.4198,25.6014],[-103.42086,25.60118],[-103.42076,25.60166],[-103.41962,25.60152],[-103.4203,25.60257],[-103.4193,25.60269],[-103.41978,25.60069],[-103.41904,25.60068],[-103.4187,25.60169],[-103.41957,25.60086],[-103.4187,25.60247],[-103.41814,25.60158],[-103.41761,25.60227],[-103.41757,25.60148],[-103.417,25.60223],[-103.4177,25.60098],[-103.41772,25.60138]]],[[[-103.37126,25.65816],[-103.37155,25.65929],[-103.3727,25.65885],[-103.37168,25.65907],[-103.37126,25.65816]]],[[[-103.42246,25.60322],[-103.42259,25.60083],[-103.42198,25.60146],[-103.42255,25.60143],[-103.42246,25.60322]]],[[[-103.4218,25.60312],[-103.42195,25.6016],[-103.42123,25.60304],[-103.4218,25.60312]]],[[[-103.39456,25.60084],[-103.39622,25.60247],[-103.39616,25.60078],[-103.39456,25.60084]]],[[[-103.37375,25.62465],[-103.37325,25.62446],[-103.37355,25.62505],[-103.37375,25.62465]]]]},"properties":{"SIMBOLOGIA":"Habitacional densidad Media Alta (H5)"}},{"type":"Feature","geometry":{"type":"MultiPolygon","coordinates":[[[[-103.41358,25.57306],[-103.41616,25.57333],[-103.41642,25.57404],[-103.41824,25.57265],[-103.41606,25.57041],[-103.4161,25.56369],[-103.41134,25.55959],[-103.41135,25.5585],[-103.40547,25.55847],[-103.40416,25.55741],[-103.40378,25.55845],[-103.40315,25.55846],[-103.40366,25.55715],[-103.39621,25.55091],[-103.39544,25.55161],[-103.39391,25.55024],[-103.3916,25.55318],[-103.39282,25.55423],[-103.39284,25.55573],[-103.3989,25.56112],[-103.39474,25.57109],[-103.41358,25.57306]]],[[[-103.39718,25.53947],[-103.40385,25.53951],[-103.40381,25.53819],[-103.39719,25.53815],[-103.39718,25.53947]]],[[[-103.43315,25.51422],[-103.43217,25.51444],[-103.42549,25.51143],[-103.40783,25.50026],[-103.40725,25.50076],[-103.41159,25.50417],[-103.43478,25.51897],[-103.43524,25.51841],[-103.43843,25.52044],[-103.43449,25.5173],[-103.43315,25.51422]]],[[[-103.45872,25.53311],[-103.45766,25.53136],[-103.45566,25.53008],[-103.45305,25.52913],[-103.44634,25.52487],[-103.44606,25.52524],[-103.44887,25.527],[-103.45088,25.53128],[-103.45218,25.53067],[-103.45094,25.52956],[-103.45245,25.53037],[-103.45279,25.52989],[-103.4536,25.53041],[-103.45321,25.53087],[-103.45575,25.53248],[-103.45579,25.53196],[-103.45872,25.53311]]],[[[-103.44568,25.52496],[-103.44196,25.52206],[-103.43871,25.52057],[-103.44568,25.52496]]],[[[-103.36457,25.47305],[-103.36598,25.4716],[-103.36438,25.47064],[-103.36193,25.47316],[-103.36333,25.47431],[-103.36457,25.47305]]],[[[-103.36514,25.47388],[-103.36777,25.47112],[-103.36621,25.47157],[-103.36345,25.47441],[-103.36415,25.47491],[-103.36514,25.47388]]],[[[-103.36769,25.47233],[-103.37534,25.47089],[-103.37413,25.47],[-103.36832,25.47105],[-103.36693,25.47243],[-103.36769,25.47233]]],[[[-103.36916,25.47485],[-103.37196,25.47711],[-103.37389,25.47518],[-103.37285,25.47417],[-103.37148,25.47442],[-103.37137,25.47387],[-103.37148,25.47442],[-103.37285,25.47417],[-103.37389,25.47518],[-103.3767,25.4722],[-103.37539,25.47094],[-103.37272,25.47156],[-103.37285,25.47234],[-103.36919,25.47229],[-103.36948,25.47335],[-103.36919,25.47229],[-103.36687,25.47271],[-103.36434,25.47519],[-103.36489,25.47564],[-103.36916,25.47485]]],[[[-103.37216,25.47166],[-103.37098,25.4722],[-103.37256,25.47208],[-103.37216,25.47166]]],[[[-103.36549,25.46944],[-103.36487,25.47071],[-103.36598,25.47161],[-103.3679,25.47096],[-103.36754,25.46909],[-103.36549,25.46944]]],[[[-103.36619,25.46718],[-103.36708,25.46699],[-103.36663,25.46474],[-103.36563,25.46915],[-103.36751,25.4689],[-103.36709,25.46701],[-103.36619,25.46718]]],[[[-103.36738,25.46696],[-103.36779,25.46885],[-103.37219,25.46799],[-103.37056,25.46638],[-103.36738,25.46696]]],[[[-103.36932,25.47071],[-103.3689,25.46882],[-103.36785,25.46901],[-103.36829,25.47089],[-103.36932,25.47071]]],[[[-103.37184,25.47025],[-103.37415,25.46985],[-103.37243,25.46816],[-103.3689,25.46882],[-103.36932,25.47071],[-103.37184,25.47025]]],[[[-103.36738,25.46696],[-103.37049,25.4664],[-103.36902,25.46454],[-103.36688,25.46419],[-103.36738,25.46696]]],[[[-103.36487,25.47071],[-103.36548,25.46946],[-103.36436,25.47065],[-103.36487,25.47071]]],[[[-103.36705,25.65043],[-103.36686,25.65139],[-103.36997,25.65095],[-103.36705,25.65043]]]]},"properties":{"SIMBOLOGIA":"Equipamiento Comunicaciones y Transporte (ECT)"}},{"type":"Feature","geometry":{"type":"MultiPolygon","coordinates":[[[[-103.40366,25.55715],[-103.40315,25.55846],[-103.40378,25.55845],[-103.40416,25.55741],[-103.40366,25.55715]]],[[[-103.39686,25.56214],[-103.39776,25.56245],[-103.39809,25.56173],[-103.39719,25.56141],[-103.39686,25.56214]]],[[[-103.37492,25.5503],[-103.37594,25.55032],[-103.37565,25.54967],[-103.37453,25.54966],[-103.37492,25.5503]]],[[[-103.37768,25.55291],[-103.37796,25.55338],[-103.37831,25.5526],[-103.37768,25.55291]]],[[[-103.39013,25.55545],[-103.38989,25.55743],[-103.391,25.55745],[-103.39133,25.55547],[-103.39013,25.55545]]],[[[-103.38755,25.55305],[-103.38989,25.55316],[-103.38899,25.5518],[-103.38696,25.55179],[-103.38755,25.55305]]],[[[-103.37819,25.55812],[-103.37871,25.55798],[-103.37794,25.55671],[-103.37819,25.55812]]],[[[-103.38306,25.54018],[-103.38393,25.54019],[-103.38395,25.53924],[-103.38307,25.53924],[-103.38306,25.54018]]],[[[-103.43039,25.53965],[-103.43088,25.54012],[-103.43099,25.53964],[-103.43039,25.53965]]],[[[-103.41675,25.54324],[-103.41566,25.54309],[-103.41656,25.54382],[-103.41675,25.54324]]],[[[-103.45283,25.53918],[-103.45362,25.53923],[-103.45368,25.53856],[-103.45284,25.53853],[-103.45283,25.53918]]],[[[-103.45282,25.54043],[-103.45281,25.54212],[-103.45365,25.54213],[-103.45367,25.53947],[-103.45282,25.53946],[-103.45282,25.54043]]],[[[-103.43143,25.53424],[-103.43109,25.53451],[-103.43211,25.53509],[-103.4321,25.53372],[-103.43139,25.53369],[-103.43143,25.53424]]],[[[-103.43362,25.53553],[-103.43422,25.53545],[-103.43416,25.5339],[-103.43362,25.53553]]],[[[-103.44798,25.53453],[-103.44765,25.53563],[-103.44849,25.53563],[-103.4485,25.53453],[-103.44798,25.53453]]],[[[-103.43072,25.51097],[-103.43126,25.51081],[-103.43076,25.51049],[-103.43072,25.51097]]],[[[-103.4565,25.53531],[-103.45601,25.53566],[-103.45685,25.53565],[-103.4565,25.53531]]],[[[-103.37076,25.52996],[-103.37144,25.53026],[-103.37145,25.52974],[-103.37076,25.52996]]],[[[-103.39801,25.50289],[-103.39823,25.50342],[-103.39863,25.50283],[-103.39801,25.50289]]],[[[-103.39627,25.50544],[-103.39669,25.50568],[-103.3974,25.50465],[-103.39627,25.50544]]],[[[-103.36836,25.48891],[-103.36798,25.48857],[-103.36801,25.48923],[-103.36836,25.48891]]],[[[-103.38058,25.50433],[-103.38093,25.50456],[-103.38091,25.50402],[-103.38058,25.50433]]],[[[-103.385,25.50256],[-103.38462,25.50305],[-103.38514,25.50339],[-103.38552,25.50289],[-103.385,25.50256]]],[[[-103.47894,25.54088],[-103.47915,25.54033],[-103.47775,25.53791],[-103.47523,25.53971],[-103.47575,25.54061],[-103.47894,25.54088]]],[[[-103.46305,25.54694],[-103.46279,25.54661],[-103.46296,25.54765],[-103.46305,25.54694]]],[[[-103.45265,25.54603],[-103.45353,25.5457],[-103.45236,25.54564],[-103.45265,25.54603]]],[[[-103.46882,25.54439],[-103.46935,25.54516],[-103.46989,25.54483],[-103.46993,25.54431],[-103.46882,25.54439]]],[[[-103.42547,25.56796],[-103.42665,25.56747],[-103.42605,25.56685],[-103.42512,25.56762],[-103.42547,25.56796]]],[[[-103.44411,25.5772],[-103.4411,25.57783],[-103.44156,25.57943],[-103.44637,25.57911],[-103.44578,25.57684],[-103.44411,25.5772]]],[[[-103.44842,25.57446],[-103.4471,25.57475],[-103.44732,25.57572],[-103.44941,25.57528],[-103.44991,25.57413],[-103.44842,25.57446]]],[[[-103.42283,25.5917],[-103.42191,25.59129],[-103.42141,25.59294],[-103.42409,25.59414],[-103.4245,25.59342],[-103.42528,25.59378],[-103.4256,25.59292],[-103.42283,25.5917]]],[[[-103.42341,25.51021],[-103.42565,25.5115],[-103.42651,25.51039],[-103.42018,25.50451],[-103.41855,25.50665],[-103.42367,25.50987],[-103.42341,25.51021]]],[[[-103.42577,25.50743],[-103.42573,25.508],[-103.42745,25.50925],[-103.42956,25.5065],[-103.42804,25.50496],[-103.42821,25.50353],[-103.42423,25.50176],[-103.42231,25.50384],[-103.42298,25.50438],[-103.42245,25.50522],[-103.42577,25.50743]]],[[[-103.43009,25.59091],[-103.43153,25.591],[-103.43195,25.58975],[-103.42981,25.5897],[-103.43009,25.59091]]],[[[-103.35327,25.53109],[-103.35332,25.52775],[-103.34101,25.52765],[-103.34092,25.53134],[-103.33944,25.5324],[-103.34081,25.53463],[-103.34369,25.53466],[-103.34294,25.53386],[-103.34376,25.53443],[-103.34382,25.53317],[-103.34389,25.5342],[-103.34493,25.53421],[-103.34387,25.53457],[-103.35565,25.53473],[-103.35568,25.53112],[-103.35327,25.53109]]],[[[-103.34071,25.52455],[-103.34073,25.52538],[-103.34326,25.5254],[-103.34332,25.52213],[-103.34065,25.52258],[-103.34071,25.52455]]],[[[-103.34468,25.48418],[-103.34089,25.4834],[-103.34031,25.48579],[-103.34412,25.48649],[-103.34468,25.48418]]],[[[-103.35588,25.47057],[-103.35691,25.47029],[-103.35639,25.46995],[-103.35588,25.47057]]],[[[-103.33458,25.52447],[-103.33468,25.52582],[-103.33645,25.52512],[-103.33523,25.52405],[-103.33458,25.52447]]],[[[-103.39393,25.58654],[-103.39505,25.58645],[-103.39413,25.58611],[-103.39393,25.58654]]],[[[-103.36881,25.54482],[-103.36726,25.54481],[-103.36718,25.54526],[-103.37097,25.5463],[-103.37005,25.54483],[-103.36881,25.54482]]],[[[-103.35765,25.55635],[-103.35857,25.55615],[-103.35753,25.55486],[-103.35698,25.55517],[-103.35765,25.55635]]],[[[-103.35181,25.544],[-103.35283,25.54388],[-103.35282,25.54235],[-103.35104,25.54286],[-103.35098,25.54485],[-103.35182,25.54463],[-103.35181,25.544]]],[[[-103.35162,25.54134],[-103.35161,25.54228],[-103.35282,25.54212],[-103.35284,25.54135],[-103.35162,25.54134]]],[[[-103.35182,25.54463],[-103.35281,25.54488],[-103.35282,25.54398],[-103.35181,25.544],[-103.35182,25.54463]]],[[[-103.3859,25.5514],[-103.38729,25.55144],[-103.3873,25.55041],[-103.38595,25.5504],[-103.3859,25.5514]]],[[[-103.40969,25.61252],[-103.40887,25.61312],[-103.40978,25.61398],[-103.41018,25.61328],[-103.40969,25.61252]]],[[[-103.41452,25.60595],[-103.41731,25.60643],[-103.41764,25.60521],[-103.41451,25.60468],[-103.41376,25.60582],[-103.41452,25.60595]]],[[[-103.35685,25.62287],[-103.35787,25.62329],[-103.35864,25.62176],[-103.35813,25.62153],[-103.35685,25.62287]]],[[[-103.36672,25.6622],[-103.36542,25.66283],[-103.36568,25.66327],[-103.36686,25.66271],[-103.36672,25.6622]]]]},"properties":{"SIMBOLOGIA":"Administración Pública y Servicios Urbanos (EAP)"}},{"type":"Feature","geometry":{"type":"MultiPolygon","coordinates":[[[[-103.40309,25.5358],[-103.40282,25.53626],[-103.40377,25.53626],[-103.40309,25.5358]]],[[[-103.40167,25.53656],[-103.40166,25.53724],[-103.40267,25.53725],[-103.40267,25.53637],[-103.40167,25.53656]]],[[[-103.39761,25.53633],[-103.39716,25.53673],[-103.39803,25.53674],[-103.39761,25.53633]]],[[[-103.39784,25.53723],[-103.39802,25.53683],[-103.39716,25.53684],[-103.39784,25.53723]]],[[[-103.39897,25.53674],[-103.39934,25.53634],[-103.39815,25.53634],[-103.39897,25.53674]]],[[[-103.39628,25.536],[-103.39933,25.53622],[-103.39934,25.53576],[-103.39628,25.536]]],[[[-103.4015,25.53579],[-103.39949,25.53576],[-103.39947,25.53623],[-103.40153,25.53625],[-103.4015,25.53579]]],[[[-103.40254,25.53579],[-103.40165,25.53625],[-103.40266,25.53626],[-103.40254,25.53579]]],[[[-103.39666,25.53685],[-103.39702,25.53722],[-103.39703,25.53635],[-103.39666,25.53685]]],[[[-103.39978,25.53713],[-103.39948,25.53636],[-103.39916,25.53724],[-103.39978,25.53713]]],[[[-103.4366,25.54126],[-103.43648,25.54203],[-103.43734,25.54202],[-103.43732,25.54128],[-103.4366,25.54126]]],[[[-103.43553,25.54145],[-103.43557,25.54201],[-103.43626,25.54201],[-103.43627,25.54127],[-103.43553,25.54145]]],[[[-103.43607,25.54031],[-103.4356,25.54071],[-103.4363,25.54108],[-103.43607,25.54031]]],[[[-103.43649,25.54046],[-103.43691,25.5406],[-103.43649,25.54107],[-103.43733,25.54108],[-103.43733,25.54033],[-103.43649,25.54046]]],[[[-103.43755,25.54051],[-103.43797,25.54066],[-103.43754,25.54109],[-103.43838,25.54091],[-103.43828,25.54033],[-103.43755,25.54051]]],[[[-103.43754,25.54165],[-103.43838,25.54203],[-103.43839,25.54127],[-103.43754,25.54165]]],[[[-103.43755,25.54247],[-103.43755,25.54298],[-103.4384,25.543],[-103.43839,25.54223],[-103.43755,25.54247]]],[[[-103.43665,25.54221],[-103.43649,25.54298],[-103.43733,25.54299],[-103.43733,25.54222],[-103.43665,25.54221]]],[[[-103.4357,25.54259],[-103.43598,25.543],[-103.43626,25.54222],[-103.4357,25.54259]]],[[[-103.43587,25.53936],[-103.43554,25.54012],[-103.43628,25.54012],[-103.43587,25.53936]]],[[[-103.43675,25.53981],[-103.4365,25.54013],[-103.43735,25.54015],[-103.43675,25.53981]]],[[[-103.43904,25.53976],[-103.4386,25.54013],[-103.43947,25.54014],[-103.43947,25.53936],[-103.43904,25.53976]]],[[[-103.4386,25.54042],[-103.4386,25.54107],[-103.43946,25.54109],[-103.43947,25.54032],[-103.4386,25.54042]]],[[[-103.4386,25.54156],[-103.43859,25.54203],[-103.43944,25.54204],[-103.43946,25.54128],[-103.4386,25.54156]]],[[[-103.4386,25.5423],[-103.43858,25.543],[-103.43943,25.54299],[-103.4386,25.5423]]],[[[-103.43858,25.54333],[-103.43857,25.54395],[-103.43943,25.54391],[-103.43943,25.54319],[-103.43858,25.54333]]],[[[-103.43754,25.54336],[-103.43754,25.54394],[-103.43838,25.54395],[-103.43838,25.54319],[-103.43754,25.54336]]],[[[-103.43652,25.54317],[-103.43648,25.54394],[-103.43732,25.54394],[-103.43652,25.54317]]],[[[-103.43696,25.53877],[-103.4365,25.53915],[-103.43737,25.53916],[-103.43696,25.53877]]],[[[-103.43996,25.53867],[-103.43968,25.53917],[-103.4405,25.53917],[-103.43996,25.53867]]],[[[-103.43966,25.53957],[-103.43965,25.54014],[-103.44051,25.54014],[-103.4405,25.53938],[-103.43966,25.53957]]],[[[-103.43964,25.54146],[-103.43963,25.54205],[-103.44047,25.54206],[-103.44048,25.54129],[-103.43964,25.54146]]],[[[-103.43964,25.5424],[-103.43963,25.543],[-103.44048,25.543],[-103.4405,25.54223],[-103.43964,25.5424]]],[[[-103.43963,25.54346],[-103.43963,25.54397],[-103.44047,25.54397],[-103.44048,25.5432],[-103.43963,25.54346]]],[[[-103.43888,25.54413],[-103.43857,25.5449],[-103.43941,25.54491],[-103.43943,25.54414],[-103.43888,25.54413]]],[[[-103.43753,25.54428],[-103.43752,25.5449],[-103.43837,25.5449],[-103.43837,25.54414],[-103.43753,25.54428]]],[[[-103.43648,25.54424],[-103.43646,25.54491],[-103.43731,25.5449],[-103.43731,25.54415],[-103.43648,25.54424]]],[[[-103.43027,25.54218],[-103.43014,25.54296],[-103.431,25.54297],[-103.43027,25.54218]]],[[[-103.43017,25.54159],[-103.43101,25.54201],[-103.43101,25.54128],[-103.43017,25.54159]]],[[[-103.43557,25.53765],[-103.43636,25.53794],[-103.43631,25.53742],[-103.43557,25.53765]]],[[[-103.43653,25.5375],[-103.4374,25.53802],[-103.43741,25.53743],[-103.43653,25.5375]]],[[[-103.43756,25.53767],[-103.43845,25.53795],[-103.43845,25.53743],[-103.43756,25.53767]]],[[[-103.43862,25.53755],[-103.43951,25.53796],[-103.43951,25.53744],[-103.43862,25.53755]]],[[[-103.43967,25.53793],[-103.44055,25.5381],[-103.44055,25.53745],[-103.43967,25.53744],[-103.43967,25.53793]]],[[[-103.44217,25.53886],[-103.4413,25.53866],[-103.4413,25.53918],[-103.44217,25.53886]]],[[[-103.44109,25.53938],[-103.44071,25.53975],[-103.44217,25.54015],[-103.44217,25.53938],[-103.44109,25.53938]]],[[[-103.4407,25.54046],[-103.4407,25.54109],[-103.44216,25.5411],[-103.44216,25.54033],[-103.4407,25.54046]]],[[[-103.44087,25.54129],[-103.44069,25.54205],[-103.44215,25.54206],[-103.44213,25.54129],[-103.44087,25.54129]]],[[[-103.44134,25.54256],[-103.44179,25.54302],[-103.44179,25.54224],[-103.44134,25.54256]]],[[[-103.44069,25.54236],[-103.44069,25.543],[-103.44129,25.54301],[-103.44129,25.54225],[-103.44069,25.54236]]],[[[-103.44067,25.54332],[-103.44069,25.54396],[-103.44212,25.54397],[-103.44214,25.5432],[-103.44067,25.54332]]],[[[-103.44067,25.54437],[-103.44066,25.54492],[-103.44212,25.54493],[-103.44213,25.54417],[-103.44067,25.54437]]],[[[-103.44066,25.54533],[-103.44066,25.54587],[-103.44212,25.54588],[-103.44212,25.54513],[-103.44066,25.54533]]],[[[-103.43972,25.54511],[-103.43961,25.54586],[-103.44045,25.54588],[-103.44046,25.54511],[-103.43972,25.54511]]],[[[-103.43885,25.54548],[-103.43856,25.54586],[-103.43941,25.54586],[-103.43942,25.5451],[-103.43857,25.54511],[-103.43885,25.54548]]],[[[-103.43752,25.54536],[-103.43752,25.54585],[-103.43834,25.54586],[-103.43835,25.5451],[-103.43752,25.54536]]],[[[-103.43647,25.54518],[-103.43646,25.54585],[-103.4373,25.54586],[-103.43732,25.54508],[-103.43647,25.54518]]],[[[-103.43582,25.54547],[-103.4355,25.54585],[-103.43624,25.54586],[-103.43625,25.54509],[-103.43582,25.54547]]],[[[-103.43477,25.54548],[-103.43455,25.54585],[-103.43506,25.54509],[-103.43477,25.54548]]],[[[-103.43331,25.54521],[-103.4333,25.54583],[-103.43386,25.54584],[-103.43399,25.54509],[-103.43331,25.54521]]],[[[-103.43225,25.54529],[-103.43224,25.54583],[-103.43309,25.54583],[-103.43309,25.54509],[-103.43225,25.54529]]],[[[-103.43119,25.5453],[-103.43119,25.54583],[-103.43203,25.54583],[-103.43204,25.54507],[-103.43119,25.5453]]],[[[-103.43014,25.54552],[-103.43052,25.54582],[-103.43059,25.54506],[-103.43014,25.54552]]],[[[-103.43062,25.53636],[-103.4302,25.53722],[-103.43104,25.53722],[-103.43062,25.53636]]],[[[-103.43184,25.53699],[-103.43126,25.53672],[-103.43126,25.53723],[-103.43184,25.53699]]],[[[-103.43475,25.53694],[-103.43521,25.53722],[-103.43522,25.53635],[-103.43463,25.53635],[-103.43475,25.53694]]],[[[-103.43558,25.53651],[-103.43567,25.53722],[-103.43636,25.53723],[-103.43634,25.53636],[-103.43558,25.53651]]],[[[-103.43665,25.53636],[-103.43653,25.53723],[-103.43741,25.53724],[-103.43742,25.53637],[-103.43665,25.53636]]],[[[-103.43758,25.53642],[-103.43757,25.53724],[-103.43846,25.53724],[-103.43846,25.53638],[-103.43758,25.53642]]],[[[-103.43863,25.5365],[-103.43908,25.53725],[-103.43909,25.53638],[-103.43863,25.5365]]],[[[-103.43967,25.53682],[-103.44055,25.53728],[-103.44051,25.53639],[-103.43967,25.53682]]],[[[-103.44151,25.5369],[-103.44072,25.53727],[-103.44219,25.53728],[-103.44151,25.5369]]],[[[-103.44239,25.53647],[-103.4424,25.53728],[-103.44324,25.53729],[-103.44318,25.5364],[-103.44239,25.53647]]],[[[-103.44263,25.53747],[-103.44238,25.53809],[-103.44323,25.53804],[-103.44324,25.53748],[-103.44263,25.53747]]],[[[-103.44288,25.5388],[-103.44239,25.53863],[-103.44238,25.53919],[-103.44323,25.5392],[-103.44288,25.5388]]],[[[-103.44256,25.5396],[-103.44238,25.54015],[-103.44322,25.54013],[-103.44323,25.53939],[-103.44256,25.5396]]],[[[-103.44238,25.54058],[-103.44237,25.54111],[-103.44321,25.54111],[-103.44301,25.54034],[-103.44238,25.54058]]],[[[-103.44237,25.54154],[-103.44237,25.54206],[-103.44321,25.54207],[-103.44321,25.54131],[-103.44237,25.54154]]],[[[-103.44244,25.54225],[-103.44236,25.54302],[-103.4432,25.54302],[-103.44321,25.54226],[-103.44244,25.54225]]],[[[-103.44242,25.54321],[-103.44234,25.54398],[-103.44319,25.54398],[-103.4432,25.54321],[-103.44242,25.54321]]],[[[-103.44234,25.54455],[-103.44318,25.54494],[-103.44319,25.54417],[-103.44234,25.54455]]],[[[-103.44254,25.54513],[-103.44233,25.54589],[-103.44318,25.54589],[-103.44318,25.54513],[-103.44254,25.54513]]],[[[-103.44165,25.54618],[-103.44212,25.54684],[-103.44212,25.54609],[-103.44165,25.54618]]],[[[-103.43961,25.54617],[-103.4396,25.54683],[-103.44044,25.54682],[-103.44045,25.54607],[-103.43961,25.54617]]],[[[-103.43855,25.54616],[-103.43855,25.54682],[-103.43939,25.54682],[-103.4394,25.54607],[-103.43855,25.54616]]],[[[-103.43775,25.54607],[-103.4375,25.54681],[-103.43834,25.54682],[-103.43834,25.54607],[-103.43775,25.54607]]],[[[-103.43646,25.54616],[-103.43645,25.54681],[-103.43729,25.54681],[-103.4373,25.54605],[-103.43646,25.54616]]],[[[-103.43547,25.54624],[-103.43549,25.5468],[-103.43623,25.54681],[-103.43624,25.54606],[-103.43547,25.54624]]],[[[-103.43329,25.54612],[-103.4336,25.5468],[-103.43376,25.54604],[-103.43329,25.54612]]],[[[-103.43235,25.54603],[-103.43277,25.54642],[-103.43224,25.54679],[-103.43308,25.5468],[-103.43308,25.54603],[-103.43235,25.54603]]],[[[-103.43118,25.54657],[-103.43203,25.54678],[-103.43203,25.54602],[-103.43119,25.54602],[-103.43118,25.54657]]],[[[-103.43024,25.54601],[-103.43013,25.54677],[-103.43092,25.54678],[-103.43096,25.54601],[-103.43024,25.54601]]],[[[-103.44232,25.54721],[-103.44231,25.5478],[-103.44315,25.5478],[-103.44316,25.54704],[-103.44232,25.54721]]],[[[-103.44172,25.54703],[-103.44164,25.5478],[-103.44211,25.5478],[-103.44172,25.54703]]],[[[-103.44075,25.54703],[-103.44065,25.54778],[-103.44151,25.54779],[-103.44152,25.54703],[-103.44075,25.54703]]],[[[-103.43961,25.5471],[-103.4396,25.54777],[-103.44046,25.54778],[-103.44045,25.54703],[-103.43961,25.5471]]],[[[-103.43855,25.54725],[-103.43855,25.54777],[-103.43938,25.54778],[-103.43939,25.54702],[-103.43855,25.54725]]],[[[-103.43785,25.54701],[-103.4375,25.54777],[-103.43833,25.54777],[-103.43834,25.54701],[-103.43785,25.54701]]],[[[-103.43645,25.54727],[-103.43644,25.54776],[-103.43728,25.54777],[-103.43729,25.54701],[-103.43645,25.54727]]],[[[-103.43581,25.54718],[-103.43623,25.54775],[-103.43624,25.547],[-103.43581,25.54718]]],[[[-103.43328,25.54719],[-103.43378,25.54775],[-103.4339,25.547],[-103.43328,25.54719]]],[[[-103.43118,25.54729],[-103.43118,25.54773],[-103.43307,25.54775],[-103.43308,25.54699],[-103.43118,25.54729]]],[[[-103.42288,25.5412],[-103.42273,25.54197],[-103.42357,25.54197],[-103.42313,25.5416],[-103.42358,25.5412],[-103.42288,25.5412]]],[[[-103.42273,25.54041],[-103.42313,25.54102],[-103.42314,25.54024],[-103.42273,25.54041]]],[[[-103.42318,25.54041],[-103.42357,25.54102],[-103.42358,25.54025],[-103.42318,25.54041]]],[[[-103.42378,25.54035],[-103.42378,25.54101],[-103.42449,25.54103],[-103.4244,25.54026],[-103.42378,25.54035]]],[[[-103.42378,25.54236],[-103.42377,25.54292],[-103.42443,25.54293],[-103.42443,25.54216],[-103.42378,25.54236]]],[[[-103.4228,25.54215],[-103.42272,25.54292],[-103.42356,25.54292],[-103.42357,25.54216],[-103.4228,25.54215]]],[[[-103.4218,25.54214],[-103.42167,25.54291],[-103.42204,25.54237],[-103.42245,25.54291],[-103.42252,25.54214],[-103.4218,25.54214]]],[[[-103.42177,25.54023],[-103.42168,25.541],[-103.42253,25.54101],[-103.42188,25.5406],[-103.42253,25.54024],[-103.42177,25.54023]]],[[[-103.42169,25.53947],[-103.42169,25.54005],[-103.42254,25.54006],[-103.42205,25.53967],[-103.42255,25.53928],[-103.42169,25.53947]]],[[[-103.42311,25.53973],[-103.42273,25.54006],[-103.42358,25.54006],[-103.42311,25.53973]]],[[[-103.42414,25.53961],[-103.42379,25.54006],[-103.42452,25.54006],[-103.42414,25.53961]]],[[[-103.42501,25.53961],[-103.42553,25.54007],[-103.42553,25.53931],[-103.42501,25.53961]]],[[[-103.42637,25.53955],[-103.42674,25.54008],[-103.42675,25.53933],[-103.42637,25.53955]]],[[[-103.4263,25.54218],[-103.42603,25.54294],[-103.42672,25.54294],[-103.4263,25.54218]]],[[[-103.42397,25.54309],[-103.42377,25.54388],[-103.42448,25.54388],[-103.42452,25.5431],[-103.42397,25.54309]]],[[[-103.42272,25.54326],[-103.42272,25.54387],[-103.42356,25.54388],[-103.42357,25.54311],[-103.42272,25.54326]]],[[[-103.42061,25.54322],[-103.4206,25.54385],[-103.42145,25.54386],[-103.42113,25.54309],[-103.42061,25.54322]]],[[[-103.42085,25.54254],[-103.42061,25.5429],[-103.42146,25.54292],[-103.42085,25.54254]]],[[[-103.42063,25.5394],[-103.42069,25.54004],[-103.42149,25.54004],[-103.42148,25.53928],[-103.42063,25.5394]]],[[[-103.42444,25.53891],[-103.4238,25.53854],[-103.4238,25.5391],[-103.42444,25.53891]]],[[[-103.42722,25.53931],[-103.42695,25.54008],[-103.42756,25.54008],[-103.42722,25.53931]]],[[[-103.42704,25.54027],[-103.42695,25.54103],[-103.42752,25.54103],[-103.42755,25.54027],[-103.42704,25.54027]]],[[[-103.42694,25.54181],[-103.42777,25.54199],[-103.42778,25.54124],[-103.42694,25.54123],[-103.42694,25.54181]]],[[[-103.42693,25.5423],[-103.42735,25.54245],[-103.42693,25.54294],[-103.42777,25.54295],[-103.42778,25.54219],[-103.42693,25.5423]]],[[[-103.42692,25.54333],[-103.42692,25.5439],[-103.42777,25.54391],[-103.42725,25.54335],[-103.42777,25.54314],[-103.42692,25.54333]]],[[[-103.42725,25.54428],[-103.42692,25.54485],[-103.42776,25.54486],[-103.42776,25.54409],[-103.42725,25.54428]]],[[[-103.426,25.54408],[-103.42599,25.54484],[-103.42671,25.54485],[-103.42671,25.54409],[-103.426,25.54408]]],[[[-103.42384,25.54407],[-103.42376,25.54483],[-103.4245,25.54484],[-103.42449,25.54407],[-103.42384,25.54407]]],[[[-103.42271,25.5442],[-103.42335,25.54449],[-103.42271,25.54483],[-103.42355,25.54483],[-103.42356,25.54406],[-103.42271,25.5442]]],[[[-103.42165,25.54454],[-103.4225,25.54482],[-103.4225,25.54406],[-103.42165,25.54406],[-103.42165,25.54454]]],[[[-103.42107,25.54422],[-103.42144,25.54482],[-103.42145,25.54405],[-103.42107,25.54422]]],[[[-103.4206,25.5442],[-103.42098,25.54482],[-103.42099,25.54405],[-103.4206,25.5442]]],[[[-103.41973,25.54404],[-103.41955,25.5444],[-103.42039,25.5444],[-103.41973,25.54404]]],[[[-103.41981,25.54213],[-103.41956,25.54245],[-103.42042,25.54246],[-103.41981,25.54213]]],[[[-103.41958,25.53943],[-103.41998,25.54003],[-103.41997,25.53926],[-103.41958,25.53943]]],[[[-103.42003,25.53965],[-103.42044,25.54004],[-103.42044,25.53926],[-103.42003,25.53965]]],[[[-103.42514,25.53775],[-103.4257,25.53739],[-103.42487,25.53739],[-103.42514,25.53775]]],[[[-103.42799,25.5415],[-103.42799,25.54199],[-103.42883,25.54199],[-103.42884,25.54128],[-103.42799,25.5415]]],[[[-103.42799,25.54234],[-103.42799,25.54295],[-103.42882,25.54295],[-103.42883,25.54219],[-103.42799,25.54234]]],[[[-103.42798,25.54334],[-103.42798,25.54391],[-103.42882,25.54391],[-103.42882,25.54314],[-103.42798,25.54334]]],[[[-103.42798,25.54447],[-103.42882,25.54485],[-103.42882,25.5441],[-103.42798,25.54447]]],[[[-103.42837,25.54505],[-103.42796,25.54581],[-103.42881,25.54582],[-103.42837,25.54505]]],[[[-103.42692,25.54519],[-103.42692,25.5458],[-103.42775,25.5458],[-103.42776,25.54505],[-103.42692,25.54519]]],[[[-103.42593,25.54504],[-103.42598,25.54579],[-103.4267,25.5458],[-103.4267,25.54504],[-103.42593,25.54504]]],[[[-103.42376,25.5452],[-103.42375,25.54579],[-103.42449,25.5458],[-103.4244,25.54503],[-103.42376,25.5452]]],[[[-103.42269,25.54516],[-103.42309,25.54541],[-103.42268,25.54578],[-103.42354,25.54579],[-103.42355,25.54502],[-103.42269,25.54516]]],[[[-103.42187,25.54543],[-103.42165,25.54577],[-103.42249,25.54578],[-103.42187,25.54543]]],[[[-103.42106,25.5452],[-103.42144,25.54578],[-103.42144,25.545],[-103.42106,25.5452]]],[[[-103.42059,25.54515],[-103.42097,25.54577],[-103.42098,25.545],[-103.42059,25.54515]]],[[[-103.41823,25.54421],[-103.41934,25.54481],[-103.41934,25.54404],[-103.41823,25.54421]]],[[[-103.4185,25.54326],[-103.41849,25.54385],[-103.41934,25.54385],[-103.41935,25.54308],[-103.4185,25.54326]]],[[[-103.41852,25.53942],[-103.41852,25.54002],[-103.41937,25.54002],[-103.41939,25.53925],[-103.41852,25.53942]]],[[[-103.4192,25.53872],[-103.41851,25.53909],[-103.41938,25.53909],[-103.4192,25.53872]]],[[[-103.41854,25.53645],[-103.41895,25.53713],[-103.41896,25.53628],[-103.41854,25.53645]]],[[[-103.419,25.53695],[-103.41941,25.53714],[-103.41941,25.53628],[-103.419,25.53695]]],[[[-103.41959,25.53646],[-103.42,25.53715],[-103.42001,25.53629],[-103.41959,25.53646]]],[[[-103.42005,25.53697],[-103.42044,25.53715],[-103.42047,25.53629],[-103.42005,25.53697]]],[[[-103.42063,25.53647],[-103.42105,25.53716],[-103.42106,25.53629],[-103.42063,25.53647]]],[[[-103.42111,25.53647],[-103.4215,25.53716],[-103.42153,25.53629],[-103.42111,25.53647]]],[[[-103.42169,25.53648],[-103.4221,25.53717],[-103.42211,25.5363],[-103.42169,25.53648]]],[[[-103.42215,25.53678],[-103.42255,25.53717],[-103.42255,25.53631],[-103.42215,25.53678]]],[[[-103.42338,25.53631],[-103.42277,25.53631],[-103.42276,25.53718],[-103.4236,25.53719],[-103.42338,25.53631]]],[[[-103.42443,25.53719],[-103.42466,25.53632],[-103.42382,25.53633],[-103.42381,25.53719],[-103.42443,25.53719]]],[[[-103.42612,25.53633],[-103.42592,25.5372],[-103.42676,25.53721],[-103.42675,25.53633],[-103.42612,25.53633]]],[[[-103.42722,25.53671],[-103.42782,25.53634],[-103.42699,25.53634],[-103.42722,25.53671]]],[[[-103.42715,25.53682],[-103.42697,25.53721],[-103.42781,25.5372],[-103.42715,25.53682]]],[[[-103.42917,25.54128],[-103.42905,25.542],[-103.42996,25.542],[-103.42997,25.54128],[-103.42917,25.54128]]],[[[-103.42904,25.54233],[-103.42904,25.54296],[-103.42995,25.54296],[-103.42996,25.54219],[-103.42904,25.54233]]],[[[-103.42929,25.54315],[-103.42903,25.54391],[-103.42994,25.54391],[-103.42954,25.54351],[-103.42994,25.54315],[-103.42929,25.54315]]],[[[-103.42804,25.546],[-103.42796,25.54677],[-103.4288,25.54677],[-103.4288,25.546],[-103.42804,25.546]]],[[[-103.4249,25.54616],[-103.4249,25.54675],[-103.42554,25.54674],[-103.42554,25.54598],[-103.4249,25.54616]]],[[[-103.42417,25.54616],[-103.42375,25.54597],[-103.42375,25.54673],[-103.42441,25.54674],[-103.42417,25.54616]]],[[[-103.42312,25.54597],[-103.42269,25.54673],[-103.42354,25.54674],[-103.42312,25.54597]]],[[[-103.42186,25.54638],[-103.42163,25.54672],[-103.42248,25.54673],[-103.42186,25.54638]]],[[[-103.42064,25.54595],[-103.42142,25.54666],[-103.42143,25.54596],[-103.42064,25.54595]]],[[[-103.41748,25.53947],[-103.41778,25.54001],[-103.41788,25.53925],[-103.41748,25.53947]]],[[[-103.41793,25.53951],[-103.41832,25.54002],[-103.41833,25.53926],[-103.41793,25.53951]]],[[[-103.41835,25.53687],[-103.41795,25.53628],[-103.41795,25.53712],[-103.41835,25.53687]]],[[[-103.4179,25.53695],[-103.41748,25.53627],[-103.41748,25.53712],[-103.4179,25.53695]]],[[[-103.42751,25.53609],[-103.42803,25.53595],[-103.42677,25.53594],[-103.42751,25.53609]]],[[[-103.42901,25.54706],[-103.429,25.54773],[-103.42991,25.54773],[-103.42993,25.54696],[-103.42901,25.54706]]],[[[-103.42795,25.54713],[-103.42794,25.54772],[-103.42879,25.54773],[-103.42879,25.54696],[-103.42795,25.54713]]],[[[-103.4269,25.54712],[-103.4269,25.54771],[-103.42773,25.54772],[-103.42774,25.54695],[-103.4269,25.54712]]],[[[-103.42631,25.54711],[-103.42668,25.54771],[-103.42669,25.54695],[-103.42631,25.54711]]],[[[-103.42374,25.54704],[-103.42373,25.5477],[-103.42448,25.5477],[-103.42427,25.54693],[-103.42374,25.54704]]],[[[-103.42267,25.54709],[-103.42281,25.54769],[-103.42353,25.5477],[-103.42353,25.54693],[-103.42267,25.54709]]],[[[-103.42177,25.54692],[-103.42249,25.5475],[-103.42247,25.54693],[-103.42177,25.54692]]],[[[-103.41663,25.54211],[-103.41638,25.54269],[-103.41724,25.5429],[-103.41725,25.54211],[-103.41663,25.54211]]],[[[-103.41672,25.54148],[-103.41726,25.54116],[-103.41642,25.54115],[-103.41672,25.54148]]],[[[-103.41643,25.53643],[-103.41684,25.53711],[-103.41685,25.53628],[-103.41643,25.53643]]],[[[-103.42535,25.53593],[-103.42486,25.5361],[-103.42573,25.53612],[-103.42535,25.53593]]],[[[-103.44968,25.54173],[-103.45048,25.54213],[-103.4505,25.54135],[-103.44927,25.54135],[-103.44968,25.54173]]],[[[-103.44763,25.54052],[-103.44762,25.54115],[-103.44819,25.54115],[-103.44819,25.54039],[-103.44763,25.54052]]],[[[-103.44946,25.54067],[-103.4499,25.54116],[-103.44991,25.5404],[-103.44946,25.54067]]],[[[-103.45049,25.54068],[-103.45005,25.5404],[-103.45005,25.54116],[-103.45049,25.54068]]],[[[-103.45072,25.54063],[-103.45071,25.54117],[-103.45156,25.54116],[-103.45113,25.5409],[-103.45156,25.54041],[-103.45072,25.54063]]],[[[-103.4507,25.54174],[-103.45154,25.54212],[-103.45155,25.54138],[-103.4507,25.54174]]],[[[-103.44657,25.54239],[-103.44657,25.54304],[-103.44741,25.54306],[-103.44741,25.54229],[-103.44657,25.54239]]],[[[-103.44658,25.54157],[-103.44658,25.54209],[-103.44741,25.5421],[-103.44742,25.54133],[-103.44658,25.54157]]],[[[-103.44658,25.54064],[-103.44657,25.54115],[-103.44742,25.54114],[-103.44742,25.54037],[-103.44658,25.54064]]],[[[-103.44659,25.53972],[-103.44659,25.54018],[-103.44742,25.54018],[-103.44743,25.53943],[-103.44659,25.53972]]],[[[-103.4479,25.53943],[-103.44763,25.54019],[-103.44815,25.54021],[-103.4479,25.53943]]],[[[-103.44969,25.53982],[-103.45051,25.54021],[-103.45051,25.53945],[-103.44969,25.53982]]],[[[-103.45094,25.53945],[-103.45071,25.54021],[-103.45156,25.54021],[-103.45156,25.53945],[-103.45094,25.53945]]],[[[-103.45177,25.53959],[-103.45177,25.54021],[-103.45261,25.54022],[-103.45264,25.53946],[-103.45177,25.53959]]],[[[-103.45177,25.54054],[-103.45176,25.54117],[-103.4526,25.54116],[-103.45177,25.54054]]],[[[-103.45176,25.54174],[-103.45259,25.54213],[-103.4526,25.54137],[-103.45176,25.54174]]],[[[-103.44657,25.54337],[-103.44656,25.54399],[-103.4474,25.54401],[-103.44741,25.54325],[-103.44657,25.54337]]],[[[-103.44551,25.54343],[-103.44551,25.54399],[-103.44635,25.54398],[-103.44635,25.54324],[-103.44551,25.54343]]],[[[-103.44552,25.54247],[-103.44552,25.54304],[-103.44636,25.54305],[-103.44636,25.54229],[-103.44552,25.54247]]],[[[-103.44553,25.5417],[-103.44636,25.54209],[-103.44636,25.54133],[-103.44553,25.5417]]],[[[-103.44718,25.53885],[-103.44743,25.53919],[-103.44744,25.53846],[-103.4466,25.53846],[-103.4466,25.53923],[-103.44718,25.53885]]],[[[-103.44785,25.5388],[-103.44764,25.53924],[-103.44835,25.53925],[-103.44785,25.5388]]],[[[-103.44935,25.53886],[-103.44907,25.53924],[-103.45052,25.53926],[-103.45053,25.53849],[-103.44935,25.53886]]],[[[-103.45072,25.53866],[-103.45072,25.53926],[-103.45157,25.53926],[-103.45137,25.53849],[-103.45072,25.53866]]],[[[-103.45178,25.53867],[-103.45178,25.53926],[-103.45262,25.53927],[-103.45199,25.53888],[-103.45263,25.5385],[-103.45178,25.53867]]],[[[-103.4476,25.54435],[-103.4476,25.54497],[-103.44819,25.54497],[-103.44832,25.5442],[-103.4476,25.54435]]],[[[-103.44656,25.54434],[-103.44655,25.54496],[-103.44739,25.54471],[-103.4474,25.5442],[-103.44656,25.54434]]],[[[-103.4455,25.54438],[-103.44549,25.54495],[-103.44634,25.54496],[-103.44635,25.54419],[-103.4455,25.54438]]],[[[-103.44445,25.54445],[-103.44445,25.54494],[-103.44529,25.54495],[-103.4453,25.54419],[-103.44445,25.54445]]],[[[-103.44446,25.54336],[-103.44446,25.54399],[-103.44529,25.54399],[-103.4453,25.54323],[-103.44446,25.54336]]],[[[-103.44468,25.54227],[-103.44446,25.54293],[-103.4453,25.54303],[-103.44531,25.54227],[-103.44468,25.54227]]],[[[-103.4445,25.53761],[-103.44492,25.53826],[-103.44535,25.53751],[-103.4445,25.53761]]],[[[-103.44585,25.5375],[-103.44555,25.53827],[-103.44639,25.53828],[-103.44639,25.5375],[-103.44585,25.5375]]],[[[-103.44938,25.53799],[-103.45053,25.53829],[-103.45054,25.53753],[-103.44938,25.53753],[-103.44938,25.53799]]],[[[-103.45074,25.53776],[-103.45073,25.53829],[-103.45158,25.5383],[-103.45158,25.53754],[-103.45074,25.53776]]],[[[-103.45179,25.53762],[-103.45179,25.53831],[-103.45262,25.53831],[-103.45263,25.53755],[-103.45179,25.53762]]],[[[-103.45284,25.53769],[-103.45284,25.53831],[-103.45368,25.53832],[-103.45368,25.53755],[-103.45284,25.53769]]],[[[-103.45388,25.53794],[-103.45472,25.53832],[-103.4547,25.53756],[-103.45388,25.53794]]],[[[-103.45388,25.53867],[-103.45388,25.53927],[-103.45471,25.53928],[-103.45472,25.53852],[-103.45388,25.53867]]],[[[-103.45387,25.5396],[-103.45386,25.54023],[-103.45471,25.54024],[-103.45429,25.53985],[-103.45471,25.53947],[-103.45387,25.5396]]],[[[-103.45386,25.54068],[-103.45386,25.54119],[-103.4547,25.54119],[-103.45471,25.54043],[-103.45386,25.54068]]],[[[-103.45441,25.54138],[-103.45385,25.54137],[-103.45385,25.54215],[-103.45468,25.54216],[-103.45441,25.54138]]],[[[-103.44793,25.54565],[-103.4476,25.54593],[-103.44819,25.54593],[-103.44827,25.54516],[-103.44759,25.54515],[-103.44793,25.54565]]],[[[-103.44665,25.54515],[-103.44655,25.54592],[-103.44739,25.54593],[-103.44739,25.54516],[-103.44665,25.54515]]],[[[-103.44567,25.54515],[-103.4455,25.54591],[-103.44633,25.54592],[-103.44592,25.5455],[-103.44634,25.54515],[-103.44567,25.54515]]],[[[-103.44486,25.54514],[-103.44444,25.5459],[-103.44528,25.54591],[-103.44486,25.54514]]],[[[-103.44339,25.54534],[-103.44339,25.54589],[-103.44423,25.5459],[-103.44423,25.54514],[-103.44339,25.54534]]],[[[-103.4434,25.54438],[-103.44342,25.54494],[-103.44421,25.54494],[-103.44424,25.54418],[-103.4434,25.54438]]],[[[-103.44346,25.54322],[-103.4434,25.54398],[-103.44424,25.54399],[-103.44425,25.54323],[-103.44346,25.54322]]],[[[-103.44341,25.54252],[-103.44341,25.54302],[-103.44426,25.54304],[-103.44426,25.54227],[-103.44341,25.54252]]],[[[-103.44342,25.54169],[-103.44426,25.54209],[-103.44423,25.54132],[-103.44342,25.54169]]],[[[-103.44343,25.54056],[-103.44427,25.54112],[-103.44427,25.54035],[-103.44343,25.54056]]],[[[-103.44386,25.53939],[-103.44343,25.54016],[-103.44428,25.54016],[-103.44386,25.53939]]],[[[-103.44395,25.53874],[-103.44344,25.53861],[-103.44345,25.53918],[-103.44428,25.53919],[-103.44395,25.53874]]],[[[-103.44345,25.53656],[-103.44344,25.53729],[-103.44429,25.5373],[-103.44428,25.53643],[-103.44345,25.53656]]],[[[-103.44451,25.53718],[-103.44535,25.5373],[-103.44535,25.53643],[-103.44451,25.53643],[-103.44451,25.53718]]],[[[-103.44598,25.53722],[-103.44555,25.53732],[-103.4464,25.53688],[-103.44598,25.53722]]],[[[-103.45284,25.53683],[-103.45289,25.53736],[-103.45369,25.53734],[-103.45364,25.5366],[-103.45284,25.53683]]],[[[-103.45494,25.53782],[-103.45493,25.53833],[-103.45578,25.53833],[-103.45578,25.53757],[-103.45494,25.53782]]],[[[-103.45493,25.53863],[-103.45493,25.53928],[-103.45578,25.53929],[-103.45574,25.53853],[-103.45493,25.53863]]],[[[-103.45559,25.53986],[-103.45491,25.54023],[-103.45577,25.54025],[-103.45577,25.53949],[-103.45559,25.53986]]],[[[-103.45491,25.54151],[-103.45491,25.54216],[-103.45575,25.54216],[-103.45575,25.54139],[-103.45491,25.54151]]],[[[-103.4476,25.54626],[-103.44759,25.54688],[-103.44822,25.54688],[-103.44813,25.54622],[-103.4476,25.54626]]],[[[-103.44696,25.54611],[-103.44654,25.54688],[-103.44738,25.54688],[-103.44696,25.54611]]],[[[-103.44549,25.54625],[-103.44632,25.54687],[-103.4463,25.54612],[-103.44549,25.54625]]],[[[-103.44443,25.54624],[-103.44444,25.54686],[-103.44527,25.54686],[-103.44527,25.5461],[-103.44443,25.54624]]],[[[-103.44338,25.54627],[-103.44338,25.54685],[-103.44422,25.54686],[-103.44422,25.5461],[-103.44338,25.54627]]],[[[-103.44661,25.54706],[-103.44651,25.54784],[-103.44737,25.54784],[-103.44694,25.54747],[-103.44737,25.54708],[-103.44661,25.54706]]],[[[-103.44548,25.54716],[-103.44547,25.54782],[-103.44632,25.54784],[-103.44632,25.54709],[-103.44548,25.54716]]],[[[-103.44442,25.54731],[-103.44442,25.54782],[-103.44527,25.54782],[-103.44485,25.54748],[-103.44527,25.54706],[-103.44442,25.54731]]],[[[-103.44337,25.54721],[-103.44336,25.54781],[-103.44358,25.54735],[-103.44421,25.54781],[-103.44421,25.54705],[-103.44337,25.54721]]],[[[-103.43546,25.55178],[-103.43545,25.55254],[-103.4362,25.55255],[-103.4362,25.55179],[-103.43546,25.55178]]],[[[-103.43473,25.55111],[-103.4349,25.55158],[-103.43499,25.55082],[-103.43445,25.55081],[-103.43473,25.55111]]],[[[-103.43581,25.55082],[-103.43572,25.55158],[-103.43621,25.55159],[-103.43581,25.55082]]],[[[-103.43641,25.55105],[-103.43641,25.55159],[-103.43725,25.5516],[-103.43726,25.55083],[-103.43641,25.55105]]],[[[-103.43683,25.55254],[-103.43725,25.55178],[-103.43641,25.55178],[-103.43683,25.55254]]],[[[-103.43326,25.55119],[-103.43344,25.55158],[-103.43387,25.5508],[-103.43326,25.55119]]],[[[-103.43553,25.54991],[-103.43547,25.55063],[-103.43621,25.55064],[-103.43622,25.54987],[-103.43553,25.54991]]],[[[-103.43642,25.55002],[-103.43642,25.55064],[-103.43726,25.55065],[-103.43686,25.55026],[-103.43727,25.54988],[-103.43642,25.55002]]],[[[-103.43803,25.55194],[-103.43746,25.55254],[-103.4383,25.55255],[-103.43803,25.55194]]],[[[-103.43746,25.55286],[-103.43746,25.55351],[-103.43829,25.55351],[-103.43746,25.55286]]],[[[-103.43788,25.5537],[-103.43773,25.55447],[-103.43829,25.55447],[-103.43788,25.5537]]],[[[-103.4364,25.55373],[-103.4364,25.55446],[-103.43724,25.55447],[-103.43724,25.5537],[-103.4364,25.55373]]],[[[-103.43333,25.55368],[-103.43323,25.5541],[-103.43387,25.55394],[-103.43333,25.55368]]],[[[-103.43228,25.55367],[-103.43218,25.55443],[-103.43302,25.55442],[-103.43303,25.55367],[-103.43228,25.55367]]],[[[-103.43273,25.55272],[-103.43219,25.55272],[-103.43219,25.55348],[-103.43303,25.55349],[-103.43273,25.55272]]],[[[-103.4322,25.55181],[-103.43219,25.55251],[-103.43304,25.55253],[-103.43304,25.55176],[-103.4322,25.55181]]],[[[-103.4322,25.55093],[-103.4322,25.55156],[-103.43304,25.55139],[-103.43305,25.55081],[-103.4322,25.55093]]],[[[-103.43221,25.5499],[-103.43221,25.55061],[-103.43305,25.55061],[-103.43305,25.54985],[-103.43221,25.5499]]],[[[-103.4326,25.54908],[-103.43306,25.54966],[-103.43306,25.54889],[-103.4326,25.54908]]],[[[-103.4336,25.54924],[-103.43327,25.5489],[-103.43327,25.54965],[-103.43384,25.54966],[-103.4336,25.54924]]],[[[-103.43543,25.54891],[-103.43555,25.54966],[-103.43622,25.54967],[-103.43622,25.54891],[-103.43543,25.54891]]],[[[-103.43642,25.54902],[-103.43642,25.54968],[-103.43727,25.54968],[-103.43727,25.54892],[-103.43642,25.54902]]],[[[-103.43748,25.549],[-103.43747,25.54968],[-103.43832,25.54969],[-103.43832,25.54892],[-103.43748,25.549]]],[[[-103.43853,25.54901],[-103.43852,25.54969],[-103.43937,25.54969],[-103.43938,25.54892],[-103.43853,25.54901]]],[[[-103.43852,25.55001],[-103.43852,25.55065],[-103.43937,25.55066],[-103.43938,25.54987],[-103.43852,25.55001]]],[[[-103.43851,25.55285],[-103.43851,25.55352],[-103.43935,25.55353],[-103.43935,25.55275],[-103.43851,25.55285]]],[[[-103.4385,25.55484],[-103.43888,25.55551],[-103.43934,25.55466],[-103.4385,25.55484]]],[[[-103.4379,25.55466],[-103.43743,25.55465],[-103.43744,25.55543],[-103.43829,25.55543],[-103.4379,25.55466]]],[[[-103.43639,25.55496],[-103.43639,25.55542],[-103.43723,25.55544],[-103.43681,25.55465],[-103.43639,25.55496]]],[[[-103.43555,25.55502],[-103.43618,25.55541],[-103.43618,25.55464],[-103.43555,25.55502]]],[[[-103.43217,25.55481],[-103.43217,25.55538],[-103.43301,25.55539],[-103.43302,25.55463],[-103.43217,25.55481]]],[[[-103.43112,25.55442],[-103.43196,25.55443],[-103.43197,25.55366],[-103.43113,25.55366],[-103.43112,25.55442]]],[[[-103.43137,25.55291],[-103.43113,25.55348],[-103.43198,25.55349],[-103.43197,25.5527],[-103.43137,25.55291]]],[[[-103.43114,25.552],[-103.43113,25.55251],[-103.43198,25.55251],[-103.43198,25.55175],[-103.43114,25.552]]],[[[-103.43115,25.55086],[-103.43113,25.55156],[-103.43199,25.55156],[-103.432,25.55079],[-103.43115,25.55086]]],[[[-103.43116,25.55022],[-103.43199,25.55061],[-103.432,25.54984],[-103.43116,25.55022]]],[[[-103.43117,25.54903],[-103.43116,25.54964],[-103.43251,25.54965],[-103.43252,25.54889],[-103.43117,25.54903]]],[[[-103.43117,25.54846],[-103.43306,25.54871],[-103.43307,25.54794],[-103.43118,25.54793],[-103.43117,25.54846]]],[[[-103.4355,25.54795],[-103.43549,25.54871],[-103.43623,25.54872],[-103.43623,25.54795],[-103.4355,25.54795]]],[[[-103.43644,25.54808],[-103.43642,25.54871],[-103.43728,25.54872],[-103.43728,25.54796],[-103.43644,25.54808]]],[[[-103.43749,25.54823],[-103.43749,25.54873],[-103.43832,25.54873],[-103.43833,25.54797],[-103.43749,25.54823]]],[[[-103.43854,25.54802],[-103.43855,25.54874],[-103.43938,25.54874],[-103.43875,25.54826],[-103.43939,25.54797],[-103.43854,25.54802]]],[[[-103.43959,25.54814],[-103.43958,25.54874],[-103.44046,25.54874],[-103.44046,25.54799],[-103.43959,25.54814]]],[[[-103.43958,25.54905],[-103.43958,25.54969],[-103.44042,25.5497],[-103.44043,25.54893],[-103.43958,25.54905]]],[[[-103.43958,25.55005],[-103.43958,25.55065],[-103.44042,25.55066],[-103.44042,25.54989],[-103.43958,25.55005]]],[[[-103.43958,25.55093],[-103.43956,25.55161],[-103.44042,25.55163],[-103.44042,25.55085],[-103.43958,25.55093]]],[[[-103.43955,25.55197],[-103.43955,25.55257],[-103.44042,25.55257],[-103.44042,25.55181],[-103.43955,25.55197]]],[[[-103.43955,25.55317],[-103.4404,25.55352],[-103.4404,25.55276],[-103.43955,25.55317]]],[[[-103.43008,25.55278],[-103.43007,25.55347],[-103.43092,25.55348],[-103.43092,25.5527],[-103.43008,25.55278]]],[[[-103.43008,25.55199],[-103.43008,25.55251],[-103.43092,25.55251],[-103.43093,25.55175],[-103.43008,25.55199]]],[[[-103.4301,25.55122],[-103.43093,25.55156],[-103.43094,25.55079],[-103.4301,25.55122]]],[[[-103.4301,25.54989],[-103.4301,25.5506],[-103.43094,25.55059],[-103.43095,25.54985],[-103.4301,25.54989]]],[[[-103.43011,25.54897],[-103.4301,25.54965],[-103.43095,25.54965],[-103.43095,25.54888],[-103.43011,25.54897]]],[[[-103.43012,25.54804],[-103.43013,25.54868],[-103.43095,25.54868],[-103.43054,25.54837],[-103.43097,25.54792],[-103.43012,25.54804]]],[[[-103.44065,25.54806],[-103.44065,25.54875],[-103.4421,25.54876],[-103.4421,25.548],[-103.44065,25.54806]]],[[[-103.44199,25.54947],[-103.44211,25.54894],[-103.44064,25.54894],[-103.44063,25.54971],[-103.44199,25.54947]]],[[[-103.44062,25.55099],[-103.44061,25.55162],[-103.44208,25.55162],[-103.4421,25.55086],[-103.44062,25.55099]]],[[[-103.44062,25.55193],[-103.44062,25.55257],[-103.44207,25.55258],[-103.44208,25.55181],[-103.44062,25.55193]]],[[[-103.44062,25.55296],[-103.4406,25.55354],[-103.44124,25.55354],[-103.44187,25.55277],[-103.44062,25.55296]]],[[[-103.42894,25.5529],[-103.42987,25.55338],[-103.42988,25.5527],[-103.42894,25.5529]]],[[[-103.42923,25.55174],[-103.42897,25.5525],[-103.42987,25.55251],[-103.42988,25.55174],[-103.42948,25.55223],[-103.42923,25.55174]]],[[[-103.42897,25.55088],[-103.42897,25.55155],[-103.42988,25.55154],[-103.4299,25.55078],[-103.42897,25.55088]]],[[[-103.42898,25.55003],[-103.42897,25.55059],[-103.4299,25.5506],[-103.42989,25.54983],[-103.42898,25.55003]]],[[[-103.42899,25.54897],[-103.42942,25.54927],[-103.42898,25.54964],[-103.42989,25.54964],[-103.4299,25.54888],[-103.42899,25.54897]]],[[[-103.42899,25.5481],[-103.42899,25.54867],[-103.4299,25.54868],[-103.42991,25.54791],[-103.42899,25.5481]]],[[[-103.44261,25.548],[-103.4423,25.54876],[-103.44315,25.54876],[-103.44317,25.54799],[-103.44261,25.548]]],[[[-103.44231,25.549],[-103.4423,25.54971],[-103.44314,25.54972],[-103.44313,25.54896],[-103.44231,25.549]]],[[[-103.4423,25.55004],[-103.44247,25.55067],[-103.44314,25.54991],[-103.4423,25.55004]]],[[[-103.4423,25.55113],[-103.44229,25.55163],[-103.44314,25.55162],[-103.44314,25.55087],[-103.4423,25.55113]]],[[[-103.42792,25.55112],[-103.42877,25.55154],[-103.42877,25.55078],[-103.42792,25.55112]]],[[[-103.42792,25.54994],[-103.42793,25.55059],[-103.42877,25.55059],[-103.42878,25.54982],[-103.42792,25.54994]]],[[[-103.42794,25.54896],[-103.42837,25.54906],[-103.42793,25.54963],[-103.42878,25.54964],[-103.42878,25.54888],[-103.42794,25.54896]]],[[[-103.42813,25.54791],[-103.42794,25.54868],[-103.42878,25.54868],[-103.42879,25.54791],[-103.42813,25.54791]]],[[[-103.44336,25.54814],[-103.44336,25.54876],[-103.4442,25.54877],[-103.44421,25.54801],[-103.44336,25.54814]]],[[[-103.44336,25.54901],[-103.44336,25.5497],[-103.4442,25.54973],[-103.44421,25.54896],[-103.44336,25.54901]]],[[[-103.44372,25.54991],[-103.44419,25.55069],[-103.4442,25.54992],[-103.44372,25.54991]]],[[[-103.44335,25.55105],[-103.44376,25.55142],[-103.44419,25.55096],[-103.44335,25.55105]]],[[[-103.42739,25.55112],[-103.42772,25.55146],[-103.42772,25.55078],[-103.42739,25.55112]]],[[[-103.42688,25.55001],[-103.42688,25.55057],[-103.42772,25.5506],[-103.42773,25.54983],[-103.42688,25.55001]]],[[[-103.42689,25.54803],[-103.42689,25.54867],[-103.42772,25.54868],[-103.42774,25.54791],[-103.42689,25.54803]]],[[[-103.44442,25.54806],[-103.44441,25.54878],[-103.44526,25.54878],[-103.44526,25.54801],[-103.44442,25.54806]]],[[[-103.44456,25.54897],[-103.44441,25.54973],[-103.44525,25.54973],[-103.44526,25.54897],[-103.44456,25.54897]]],[[[-103.44464,25.54992],[-103.44439,25.55039],[-103.44525,25.55024],[-103.44464,25.54992]]],[[[-103.42602,25.55003],[-103.42667,25.55058],[-103.42667,25.54981],[-103.42602,25.55003]]],[[[-103.42594,25.54813],[-103.42667,25.54867],[-103.42668,25.54791],[-103.42594,25.54813]]],[[[-103.44554,25.54842],[-103.44631,25.54879],[-103.44631,25.54802],[-103.44554,25.54842]]],[[[-103.44651,25.54809],[-103.44659,25.54879],[-103.44694,25.54802],[-103.44651,25.54809]]],[[[-103.42373,25.5482],[-103.42413,25.54866],[-103.42426,25.54789],[-103.42373,25.5482]]],[[[-103.41011,25.53735],[-103.412,25.53771],[-103.412,25.53724],[-103.41011,25.53735]]],[[[-103.41246,25.53724],[-103.41222,25.53772],[-103.41378,25.53744],[-103.41246,25.53724]]],[[[-103.4103,25.53669],[-103.41011,25.53704],[-103.41201,25.53704],[-103.4103,25.53669]]],[[[-103.45622,25.54274],[-103.4568,25.54236],[-103.45596,25.54235],[-103.45622,25.54274]]],[[[-103.45639,25.54141],[-103.45596,25.54216],[-103.4568,25.54217],[-103.45639,25.54141]]],[[[-103.4567,25.54044],[-103.45597,25.54066],[-103.45681,25.54104],[-103.4567,25.54044]]],[[[-103.45598,25.53968],[-103.45598,25.54023],[-103.45681,25.54025],[-103.45682,25.53948],[-103.45598,25.53968]]],[[[-103.45654,25.53853],[-103.45599,25.53852],[-103.45599,25.53928],[-103.45682,25.5393],[-103.45654,25.53853]]],[[[-103.45599,25.53795],[-103.45682,25.53833],[-103.45683,25.53758],[-103.45599,25.53795]]],[[[-103.45642,25.537],[-103.45599,25.53738],[-103.45683,25.53738],[-103.45642,25.537]]],[[[-103.37779,25.51117],[-103.37656,25.51165],[-103.37814,25.51141],[-103.37779,25.51117]]],[[[-103.37555,25.5105],[-103.37421,25.51049],[-103.3742,25.51092],[-103.37555,25.5105]]],[[[-103.37831,25.50964],[-103.37833,25.50865],[-103.37775,25.50874],[-103.37831,25.50964]]],[[[-103.37779,25.50972],[-103.37724,25.50881],[-103.37735,25.50987],[-103.37779,25.50972]]],[[[-103.37719,25.50981],[-103.37705,25.50904],[-103.37648,25.50974],[-103.37719,25.50981]]],[[[-103.37545,25.51008],[-103.37512,25.50958],[-103.37524,25.51019],[-103.37596,25.51],[-103.37545,25.51008]]],[[[-103.37406,25.51034],[-103.37344,25.50966],[-103.37314,25.51002],[-103.37406,25.51034]]],[[[-103.37406,25.50965],[-103.37381,25.5092],[-103.37351,25.50956],[-103.37406,25.50965]]],[[[-103.37318,25.50977],[-103.37252,25.50907],[-103.37222,25.50943],[-103.37318,25.50977]]],[[[-103.37724,25.50845],[-103.3761,25.50841],[-103.37618,25.50883],[-103.37724,25.50845]]],[[[-103.37359,25.50928],[-103.37289,25.50861],[-103.3726,25.50898],[-103.37359,25.50928]]],[[[-103.37227,25.50918],[-103.3716,25.50848],[-103.3713,25.50884],[-103.37227,25.50918]]],[[[-103.37714,25.50765],[-103.37761,25.508],[-103.378,25.50752],[-103.37714,25.50765]]],[[[-103.37264,25.50873],[-103.37197,25.50802],[-103.37168,25.50839],[-103.37264,25.50873]]],[[[-103.37135,25.5086],[-103.37068,25.50789],[-103.37039,25.50825],[-103.37135,25.5086]]],[[[-103.37688,25.50733],[-103.37589,25.50727],[-103.37597,25.50769],[-103.37688,25.50733]]],[[[-103.37579,25.5075],[-103.37425,25.50752],[-103.37424,25.50795],[-103.37579,25.5075]]],[[[-103.37172,25.50814],[-103.37106,25.50744],[-103.37076,25.5078],[-103.37172,25.50814]]],[[[-103.37025,25.50789],[-103.36958,25.50719],[-103.36929,25.50755],[-103.37025,25.50789]]],[[[-103.37837,25.50653],[-103.37693,25.50653],[-103.37701,25.50695],[-103.37837,25.50653]]],[[[-103.37677,25.50677],[-103.37579,25.50671],[-103.37586,25.50713],[-103.37677,25.50677]]],[[[-103.37569,25.50694],[-103.37425,25.50694],[-103.37425,25.50737],[-103.37569,25.50694]]],[[[-103.37408,25.50731],[-103.37323,25.50649],[-103.37293,25.50686],[-103.37408,25.50731]]],[[[-103.37062,25.50743],[-103.36996,25.50673],[-103.36966,25.50709],[-103.37062,25.50743]]],[[[-103.37783,25.50603],[-103.37682,25.50596],[-103.3769,25.50639],[-103.37783,25.50603]]],[[[-103.37667,25.5062],[-103.37568,25.50613],[-103.37576,25.50657],[-103.37667,25.5062]]],[[[-103.37558,25.50637],[-103.37426,25.50635],[-103.37425,25.5068],[-103.37558,25.50637]]],[[[-103.37297,25.50661],[-103.37231,25.50591],[-103.37201,25.50627],[-103.37297,25.50661]]],[[[-103.3697,25.50685],[-103.3687,25.50593],[-103.36869,25.50647],[-103.3697,25.50685]]],[[[-103.37773,25.50546],[-103.37672,25.5054],[-103.3768,25.50582],[-103.37773,25.50546]]],[[[-103.37656,25.50564],[-103.37558,25.50557],[-103.37565,25.50599],[-103.37656,25.50564]]],[[[-103.37548,25.5058],[-103.37427,25.50577],[-103.37426,25.5062],[-103.37548,25.5058]]],[[[-103.3784,25.50478],[-103.37772,25.50467],[-103.3778,25.50509],[-103.3784,25.50478]]],[[[-103.37762,25.5049],[-103.37661,25.50484],[-103.37669,25.50526],[-103.37762,25.5049]]],[[[-103.37646,25.50508],[-103.37547,25.50501],[-103.37555,25.50543],[-103.37646,25.50508]]],[[[-103.37537,25.50524],[-103.37427,25.50519],[-103.37427,25.50563],[-103.37537,25.50524]]],[[[-103.3717,25.50551],[-103.37227,25.50542],[-103.37099,25.50562],[-103.3717,25.50551]]],[[[-103.37841,25.5042],[-103.37762,25.50411],[-103.3777,25.50453],[-103.37841,25.5042]]],[[[-103.37752,25.50434],[-103.37651,25.50428],[-103.37659,25.50469],[-103.37752,25.50434]]],[[[-103.37635,25.50452],[-103.37537,25.50445],[-103.37544,25.50487],[-103.37635,25.50452]]],[[[-103.37527,25.50468],[-103.37428,25.50462],[-103.37428,25.50505],[-103.37527,25.50468]]],[[[-103.37272,25.50448],[-103.37192,25.50508],[-103.3724,25.50527],[-103.37272,25.50448]]],[[[-103.37804,25.50382],[-103.37783,25.50276],[-103.37738,25.50283],[-103.37759,25.50396],[-103.37804,25.50382]]],[[[-103.37744,25.50391],[-103.37725,25.50285],[-103.37677,25.50293],[-103.37698,25.50406],[-103.37744,25.50391]]],[[[-103.37571,25.50309],[-103.37592,25.50422],[-103.37684,25.50408],[-103.37663,25.50295],[-103.37571,25.50309]]],[[[-103.37576,25.50417],[-103.37557,25.50311],[-103.37513,25.50318],[-103.37534,25.50431],[-103.37576,25.50417]]],[[[-103.37519,25.50425],[-103.37499,25.5032],[-103.37452,25.50327],[-103.37473,25.5044],[-103.37519,25.50425]]],[[[-103.37338,25.50366],[-103.37259,25.50425],[-103.37301,25.50452],[-103.37338,25.50366]]],[[[-103.3722,25.50415],[-103.37141,25.50474],[-103.37182,25.505],[-103.3722,25.50415]]],[[[-103.37169,25.50382],[-103.3709,25.50442],[-103.3713,25.50468],[-103.37169,25.50382]]],[[[-103.37051,25.50431],[-103.36948,25.5052],[-103.36988,25.50546],[-103.37051,25.50431]]],[[[-103.37,25.50398],[-103.36897,25.50487],[-103.36937,25.50513],[-103.37,25.50398]]],[[[-103.37718,25.5025],[-103.37617,25.50244],[-103.37625,25.50286],[-103.37718,25.5025]]],[[[-103.37405,25.50284],[-103.37326,25.50343],[-103.37368,25.5037],[-103.37405,25.50284]]],[[[-103.37354,25.50251],[-103.37275,25.5031],[-103.37316,25.50336],[-103.37354,25.50251]]],[[[-103.37287,25.50333],[-103.37208,25.50392],[-103.37249,25.50418],[-103.37287,25.50333]]],[[[-103.37236,25.503],[-103.37156,25.5036],[-103.37197,25.50386],[-103.37236,25.503]]],[[[-103.37118,25.50349],[-103.37039,25.50409],[-103.37079,25.50435],[-103.37118,25.50349]]],[[[-103.37067,25.50317],[-103.36988,25.50376],[-103.37028,25.50402],[-103.37067,25.50317]]],[[[-103.37015,25.50283],[-103.36935,25.50343],[-103.36976,25.50369],[-103.37015,25.50283]]],[[[-103.37845,25.50173],[-103.37718,25.50171],[-103.37725,25.50214],[-103.37845,25.50173]]],[[[-103.37472,25.50202],[-103.37393,25.50261],[-103.37435,25.50288],[-103.37472,25.50202]]],[[[-103.37421,25.50169],[-103.37342,25.50228],[-103.37382,25.50254],[-103.37421,25.50169]]],[[[-103.37303,25.50218],[-103.37223,25.50278],[-103.37264,25.50304],[-103.37303,25.50218]]],[[[-103.37252,25.50185],[-103.37172,25.50245],[-103.37213,25.50271],[-103.37252,25.50185]]],[[[-103.37185,25.50267],[-103.37105,25.50327],[-103.37146,25.50353],[-103.37185,25.50267]]],[[[-103.37134,25.50234],[-103.37054,25.50294],[-103.37095,25.5032],[-103.37134,25.50234]]],[[[-103.37082,25.50201],[-103.37003,25.50261],[-103.37044,25.50287],[-103.37082,25.50201]]],[[[-103.37031,25.50169],[-103.36952,25.50228],[-103.36992,25.50254],[-103.37031,25.50169]]],[[[-103.37539,25.5012],[-103.37459,25.50179],[-103.37502,25.50206],[-103.37539,25.5012]]],[[[-103.37488,25.50087],[-103.37409,25.50146],[-103.37449,25.50172],[-103.37488,25.50087]]],[[[-103.37437,25.50054],[-103.37357,25.50113],[-103.37398,25.5014],[-103.37437,25.50054]]],[[[-103.3737,25.50136],[-103.3729,25.50196],[-103.37331,25.50222],[-103.3737,25.50136]]],[[[-103.37318,25.50103],[-103.37239,25.50163],[-103.3728,25.50189],[-103.37318,25.50103]]],[[[-103.37267,25.5007],[-103.37188,25.5013],[-103.37228,25.50156],[-103.37267,25.5007]]],[[[-103.372,25.50152],[-103.37121,25.50212],[-103.37162,25.50238],[-103.372,25.50152]]],[[[-103.37149,25.50119],[-103.3707,25.50179],[-103.3711,25.50205],[-103.37149,25.50119]]],[[[-103.37098,25.50087],[-103.37019,25.50146],[-103.37059,25.50172],[-103.37098,25.50087]]],[[[-103.37047,25.50054],[-103.36967,25.50113],[-103.37008,25.5014],[-103.37047,25.50054]]],[[[-103.3775,25.49992],[-103.37615,25.5012],[-103.37688,25.50107],[-103.3775,25.49992]]],[[[-103.37613,25.50029],[-103.37533,25.50089],[-103.37576,25.50116],[-103.37613,25.50029]]],[[[-103.37562,25.49996],[-103.37483,25.50055],[-103.37523,25.50081],[-103.37562,25.49996]]],[[[-103.3751,25.49963],[-103.37431,25.50023],[-103.37472,25.50049],[-103.3751,25.49963]]],[[[-103.37459,25.4993],[-103.3738,25.4999],[-103.3742,25.50016],[-103.37459,25.4993]]],[[[-103.37385,25.50021],[-103.37306,25.50081],[-103.37346,25.50107],[-103.37385,25.50021]]],[[[-103.37334,25.49988],[-103.37255,25.50048],[-103.37295,25.50074],[-103.37334,25.49988]]],[[[-103.37283,25.49955],[-103.37203,25.50015],[-103.37244,25.50041],[-103.37283,25.49955]]],[[[-103.37216,25.50037],[-103.37137,25.50097],[-103.37177,25.50123],[-103.37216,25.50037]]],[[[-103.37165,25.50005],[-103.37085,25.50064],[-103.37126,25.5009],[-103.37165,25.50005]]],[[[-103.37114,25.49972],[-103.37034,25.50031],[-103.37075,25.50058],[-103.37114,25.49972]]],[[[-103.37848,25.49968],[-103.37789,25.50003],[-103.3783,25.50029],[-103.37848,25.49968]]],[[[-103.37767,25.49934],[-103.37779,25.49996],[-103.37851,25.49831],[-103.37767,25.49934]]],[[[-103.37809,25.4983],[-103.37667,25.49924],[-103.37709,25.49952],[-103.37809,25.4983]]],[[[-103.3768,25.49947],[-103.376,25.50006],[-103.37643,25.50034],[-103.3768,25.49947]]],[[[-103.37716,25.49844],[-103.37615,25.49892],[-103.37656,25.49918],[-103.37716,25.49844]]],[[[-103.37628,25.49914],[-103.37549,25.49974],[-103.3759,25.5],[-103.37628,25.49914]]],[[[-103.37628,25.49857],[-103.37498,25.49941],[-103.37538,25.49967],[-103.37628,25.49857]]],[[[-103.37232,25.49923],[-103.37152,25.49982],[-103.37193,25.50008],[-103.37232,25.49923]]],[[[-103.37164,25.49911],[-103.37101,25.49949],[-103.37142,25.49975],[-103.37164,25.49911]]],[[[-103.37075,25.49924],[-103.36983,25.49999],[-103.37024,25.50025],[-103.37075,25.49924]]],[[[-103.37004,25.49953],[-103.36933,25.49946],[-103.36919,25.50058],[-103.37004,25.49953]]],[[[-103.36717,25.50852],[-103.36852,25.50923],[-103.36863,25.50546],[-103.36736,25.50477],[-103.36717,25.50852]]],[[[-103.36723,25.50298],[-103.36722,25.5041],[-103.36865,25.50463],[-103.36926,25.49947],[-103.36817,25.49959],[-103.36815,25.5011],[-103.36726,25.50109],[-103.36723,25.50298]]],[[[-103.3694,25.49831],[-103.3673,25.49836],[-103.36702,25.49958],[-103.36928,25.49929],[-103.3694,25.49831]]],[[[-103.37741,25.49738],[-103.37649,25.49779],[-103.37795,25.49756],[-103.37741,25.49738]]],[[[-103.37526,25.49808],[-103.37483,25.49845],[-103.37564,25.49832],[-103.37526,25.49808]]],[[[-103.37127,25.49873],[-103.3705,25.49914],[-103.37185,25.49892],[-103.37127,25.49873]]],[[[-103.37008,25.49844],[-103.36981,25.49886],[-103.37038,25.49873],[-103.37008,25.49844]]],[[[-103.46103,25.53863],[-103.46111,25.53916],[-103.46176,25.53911],[-103.46155,25.53839],[-103.46103,25.53863]]],[[[-103.46091,25.53775],[-103.46149,25.53816],[-103.4613,25.53746],[-103.46091,25.53775]]],[[[-103.46184,25.53762],[-103.46245,25.53771],[-103.46227,25.53725],[-103.46184,25.53762]]],[[[-103.46258,25.53741],[-103.46273,25.53793],[-103.46353,25.53776],[-103.46335,25.53701],[-103.46258,25.53741]]],[[[-103.46281,25.53822],[-103.46298,25.53886],[-103.46381,25.53867],[-103.46361,25.53793],[-103.46281,25.53822]]],[[[-103.46313,25.53941],[-103.46406,25.5396],[-103.46386,25.53886],[-103.46313,25.53941]]],[[[-103.46253,25.53955],[-103.46223,25.54002],[-103.46304,25.53984],[-103.46283,25.5391],[-103.46253,25.53955]]],[[[-103.46141,25.53968],[-103.46181,25.53928],[-103.46113,25.53937],[-103.46141,25.53968]]],[[[-103.4602,25.53986],[-103.46104,25.54015],[-103.46093,25.53939],[-103.4602,25.53986]]],[[[-103.46041,25.53849],[-103.4602,25.53929],[-103.4609,25.53921],[-103.46041,25.53849]]],[[[-103.46021,25.53773],[-103.4602,25.53834],[-103.46077,25.53826],[-103.46066,25.53752],[-103.46021,25.53773]]],[[[-103.46283,25.53674],[-103.46247,25.537],[-103.46329,25.53682],[-103.46283,25.53674]]],[[[-103.46366,25.53733],[-103.46457,25.5375],[-103.46437,25.53678],[-103.46366,25.53733]]],[[[-103.46386,25.53809],[-103.46401,25.53863],[-103.46484,25.53846],[-103.46461,25.5377],[-103.46386,25.53809]]],[[[-103.46412,25.53902],[-103.46508,25.53937],[-103.46487,25.53864],[-103.46412,25.53902]]],[[[-103.46434,25.53986],[-103.46451,25.54049],[-103.46534,25.54029],[-103.46513,25.53956],[-103.46434,25.53986]]],[[[-103.46339,25.54034],[-103.46431,25.54053],[-103.46412,25.53978],[-103.46339,25.54034]]],[[[-103.46247,25.54015],[-103.46247,25.54095],[-103.46329,25.54076],[-103.46309,25.54001],[-103.46247,25.54015]]],[[[-103.4613,25.54051],[-103.46156,25.54105],[-103.46224,25.54088],[-103.46206,25.54023],[-103.4613,25.54051]]],[[[-103.46019,25.5406],[-103.46021,25.5412],[-103.46117,25.54109],[-103.46107,25.54034],[-103.46019,25.5406]]],[[[-103.4593,25.54046],[-103.45914,25.54121],[-103.45997,25.54122],[-103.45998,25.54045],[-103.4593,25.54046]]],[[[-103.45914,25.53969],[-103.45914,25.54026],[-103.45998,25.54027],[-103.45999,25.5395],[-103.45914,25.53969]]],[[[-103.45936,25.53853],[-103.45914,25.53931],[-103.45999,25.53931],[-103.46,25.53854],[-103.45936,25.53853]]],[[[-103.46532,25.53657],[-103.46457,25.53674],[-103.46479,25.5375],[-103.4656,25.5373],[-103.46532,25.53657]]],[[[-103.46503,25.53761],[-103.46503,25.53843],[-103.46586,25.53824],[-103.46503,25.53761]]],[[[-103.46521,25.53857],[-103.46529,25.53933],[-103.4661,25.53913],[-103.4659,25.53841],[-103.46521,25.53857]]],[[[-103.46539,25.5395],[-103.46554,25.54025],[-103.46637,25.54006],[-103.46615,25.53932],[-103.46539,25.5395]]],[[[-103.46019,25.54152],[-103.46018,25.54211],[-103.46126,25.54165],[-103.46019,25.54152]]],[[[-103.45913,25.54151],[-103.45912,25.54218],[-103.45997,25.54219],[-103.45998,25.5414],[-103.45913,25.54151]]],[[[-103.45806,25.54153],[-103.45806,25.54218],[-103.45892,25.54218],[-103.45892,25.5414],[-103.45806,25.54153]]],[[[-103.45808,25.54064],[-103.45807,25.54121],[-103.45892,25.54122],[-103.45892,25.54058],[-103.45808,25.54064]]],[[[-103.4583,25.53949],[-103.45808,25.54024],[-103.45893,25.54026],[-103.45893,25.53949],[-103.4583,25.53949]]],[[[-103.45809,25.53873],[-103.45809,25.5393],[-103.45893,25.5393],[-103.45894,25.53854],[-103.45809,25.53873]]],[[[-103.4581,25.53796],[-103.45894,25.53835],[-103.45894,25.53759],[-103.4581,25.53796]]],[[[-103.46562,25.5366],[-103.46579,25.53726],[-103.46646,25.5371],[-103.46631,25.53634],[-103.46562,25.5366]]],[[[-103.46593,25.53742],[-103.46605,25.53818],[-103.46668,25.53803],[-103.46657,25.53726],[-103.46593,25.53742]]],[[[-103.46614,25.53851],[-103.4663,25.5391],[-103.46701,25.53895],[-103.46685,25.53819],[-103.46614,25.53851]]],[[[-103.45743,25.54178],[-103.45701,25.54217],[-103.45785,25.54217],[-103.45743,25.54178]]],[[[-103.45702,25.54067],[-103.45702,25.54121],[-103.45786,25.54121],[-103.45787,25.54045],[-103.45702,25.54067]]],[[[-103.45703,25.53986],[-103.45745,25.54025],[-103.45788,25.53949],[-103.45703,25.53986]]],[[[-103.45704,25.53872],[-103.45704,25.53929],[-103.45788,25.53929],[-103.45788,25.53853],[-103.45704,25.53872]]],[[[-103.45759,25.537],[-103.45704,25.53738],[-103.45787,25.53739],[-103.45759,25.537]]],[[[-103.46732,25.53808],[-103.46745,25.53884],[-103.46854,25.53852],[-103.4682,25.53784],[-103.46732,25.53808]]],[[[-103.46847,25.53554],[-103.46743,25.53506],[-103.46736,25.53554],[-103.46847,25.53554]]],[[[-103.46769,25.53571],[-103.46728,25.53616],[-103.46844,25.53629],[-103.46851,25.5358],[-103.46769,25.53571]]],[[[-103.46804,25.5389],[-103.4686,25.53946],[-103.46864,25.53875],[-103.46804,25.5389]]],[[[-103.46799,25.5409],[-103.46897,25.54111],[-103.46883,25.54061],[-103.46799,25.5409]]],[[[-103.44999,25.54718],[-103.45031,25.5479],[-103.45079,25.54745],[-103.44999,25.54718]]],[[[-103.45067,25.54659],[-103.45027,25.54666],[-103.45093,25.54737],[-103.45142,25.54689],[-103.45067,25.54659]]],[[[-103.38582,25.55258],[-103.38755,25.55305],[-103.38696,25.55179],[-103.38588,25.55178],[-103.38582,25.55258]]],[[[-103.35244,25.49813],[-103.35244,25.49951],[-103.35311,25.49913],[-103.35244,25.49813]]],[[[-103.40486,25.5919],[-103.4036,25.59132],[-103.4032,25.59191],[-103.40429,25.5929],[-103.40486,25.5919]]],[[[-103.40526,25.59122],[-103.40677,25.58869],[-103.40335,25.58745],[-103.40289,25.58819],[-103.40498,25.5892],[-103.40289,25.58819],[-103.40193,25.58977],[-103.40402,25.59067],[-103.40372,25.59114],[-103.40403,25.59065],[-103.40193,25.58977],[-103.40182,25.59024],[-103.40496,25.59175],[-103.40526,25.59122]]],[[[-103.4025,25.59138],[-103.4032,25.59191],[-103.4036,25.59132],[-103.40176,25.59053],[-103.4025,25.59138]]],[[[-103.40041,25.58777],[-103.40209,25.58917],[-103.40246,25.58853],[-103.40041,25.58777]]],[[[-103.40671,25.5877],[-103.40841,25.58616],[-103.40504,25.58458],[-103.4035,25.58721],[-103.40698,25.58848],[-103.40778,25.58719],[-103.40671,25.5877]]],[[[-103.37948,25.56866],[-103.38049,25.567],[-103.38002,25.56677],[-103.37906,25.56869],[-103.37948,25.56866]]],[[[-103.37834,25.56754],[-103.37842,25.56857],[-103.37875,25.56754],[-103.37834,25.56754]]],[[[-103.33273,25.56714],[-103.33316,25.56746],[-103.33303,25.56686],[-103.33273,25.56714]]],[[[-103.35772,25.59504],[-103.35729,25.59521],[-103.35816,25.59537],[-103.35772,25.59504]]],[[[-103.29962,25.59041],[-103.30014,25.59095],[-103.30031,25.59046],[-103.29962,25.59041]]],[[[-103.2989,25.59065],[-103.29944,25.59055],[-103.29875,25.59022],[-103.2989,25.59065]]],[[[-103.40022,25.58569],[-103.39963,25.58601],[-103.40073,25.5863],[-103.40012,25.58686],[-103.40246,25.58852],[-103.40317,25.58741],[-103.40022,25.58569]]],[[[-103.36864,25.53585],[-103.36449,25.53579],[-103.3645,25.53804],[-103.36893,25.53802],[-103.37014,25.53659],[-103.36863,25.53657],[-103.36864,25.53585]]],[[[-103.40024,25.58553],[-103.39986,25.58508],[-103.39936,25.58556],[-103.40024,25.58553]]],[[[-103.37631,25.50946],[-103.37679,25.50888],[-103.37567,25.50904],[-103.37631,25.50946]]],[[[-103.37475,25.54105],[-103.37371,25.54103],[-103.3738,25.54449],[-103.37471,25.5445],[-103.37475,25.54105]]],[[[-103.37478,25.53799],[-103.37374,25.53797],[-103.37371,25.54028],[-103.37476,25.54029],[-103.37478,25.53799]]],[[[-103.37686,25.54111],[-103.3768,25.54451],[-103.37844,25.54453],[-103.37847,25.54113],[-103.37686,25.54111]]],[[[-103.37691,25.53806],[-103.37687,25.5403],[-103.37848,25.5403],[-103.3785,25.53811],[-103.37691,25.53806]]],[[[-103.37692,25.53739],[-103.3785,25.53742],[-103.37851,25.53581],[-103.37695,25.53579],[-103.37692,25.53739]]],[[[-103.37481,25.53577],[-103.37376,25.53576],[-103.37375,25.53737],[-103.37479,25.53735],[-103.37481,25.53577]]],[[[-103.38615,25.60702],[-103.38777,25.60883],[-103.3893,25.60766],[-103.38615,25.60702]]],[[[-103.38284,25.60941],[-103.3846,25.61126],[-103.38765,25.60892],[-103.38596,25.60704],[-103.38284,25.60941]]],[[[-103.34224,25.60335],[-103.34275,25.60353],[-103.34283,25.60283],[-103.34224,25.60335]]],[[[-103.34369,25.60356],[-103.34413,25.60285],[-103.34372,25.60262],[-103.34369,25.60356]]],[[[-103.41589,25.59875],[-103.41571,25.59789],[-103.41408,25.59802],[-103.41432,25.59917],[-103.41445,25.59832],[-103.41539,25.59808],[-103.41589,25.59875]]],[[[-103.36261,25.66656],[-103.3617,25.66567],[-103.36157,25.66658],[-103.36248,25.66696],[-103.36261,25.66656]]],[[[-103.36301,25.66545],[-103.36188,25.66484],[-103.3618,25.66558],[-103.36301,25.66545]]],[[[-103.38131,25.63529],[-103.38169,25.63496],[-103.38104,25.63493],[-103.38131,25.63529]]],[[[-103.36267,25.60285],[-103.36085,25.60469],[-103.36091,25.6078],[-103.36484,25.60723],[-103.3654,25.6063],[-103.36315,25.60221],[-103.36263,25.60277],[-103.36373,25.60474],[-103.36267,25.60285]]],[[[-103.38637,25.60269],[-103.38807,25.60468],[-103.39031,25.60298],[-103.3887,25.60097],[-103.38637,25.60269]]],[[[-103.38544,25.60337],[-103.3839,25.6045],[-103.38541,25.60619],[-103.38618,25.60612],[-103.38788,25.60482],[-103.38618,25.60283],[-103.38544,25.60337]]],[[[-103.39219,25.60534],[-103.39046,25.60317],[-103.38823,25.60486],[-103.39004,25.60697],[-103.39219,25.60534]]],[[[-103.3604,25.60755],[-103.36085,25.60469],[-103.35834,25.60742],[-103.3604,25.60755]]],[[[-103.38051,25.60699],[-103.38211,25.60871],[-103.3853,25.6063],[-103.38379,25.60458],[-103.38051,25.60699]]],[[[-103.38269,25.60956],[-103.38033,25.61083],[-103.38219,25.61309],[-103.38441,25.61141],[-103.38269,25.60956]]],[[[-103.37364,25.61884],[-103.37448,25.61884],[-103.37845,25.61595],[-103.37783,25.61607],[-103.37826,25.61574],[-103.37626,25.61348],[-103.37477,25.6146],[-103.37343,25.61762],[-103.37364,25.61884]]],[[[-103.37761,25.60912],[-103.37963,25.60992],[-103.38199,25.60881],[-103.38038,25.60708],[-103.37761,25.60912]]],[[[-103.37691,25.61],[-103.37549,25.61312],[-103.37877,25.61067],[-103.37691,25.61]]],[[[-103.38834,25.60645],[-103.38956,25.60678],[-103.38804,25.605],[-103.3865,25.60617],[-103.38834,25.60645]]],[[[-103.36055,25.60472],[-103.36294,25.60221],[-103.36065,25.60267],[-103.36055,25.60472]]],[[[-103.36055,25.60472],[-103.36065,25.60267],[-103.35897,25.60295],[-103.35837,25.60717],[-103.36055,25.60472]]],[[[-103.37942,25.61124],[-103.37651,25.61326],[-103.37872,25.61575],[-103.3815,25.61363],[-103.37942,25.61124]]]]},"properties":{"SIMBOLOGIA":"MIXTO 2 Habitacional con comercio y servicios (M2)"}},{"type":"Feature","geometry":{"type":"MultiPolygon","coordinates":[[[[-103.37415,25.53529],[-103.37377,25.53547],[-103.37494,25.53548],[-103.37415,25.53529]]],[[[-103.44329,25.52033],[-103.44205,25.52193],[-103.44544,25.52421],[-103.44655,25.52361],[-103.44641,25.52224],[-103.44329,25.52033]]],[[[-103.36612,25.5291],[-103.36611,25.52998],[-103.36727,25.53019],[-103.36701,25.52815],[-103.36614,25.52829],[-103.36612,25.5291]]],[[[-103.36985,25.53483],[-103.37179,25.53484],[-103.37169,25.53214],[-103.37086,25.53213],[-103.37086,25.53305],[-103.36787,25.53302],[-103.36785,25.53438],[-103.36686,25.53437],[-103.36655,25.53301],[-103.36787,25.53302],[-103.36788,25.53211],[-103.36689,25.5321],[-103.3669,25.5304],[-103.36607,25.53039],[-103.3661,25.53466],[-103.36985,25.53483]]],[[[-103.36702,25.52618],[-103.3661,25.52617],[-103.36624,25.52783],[-103.36762,25.52764],[-103.36763,25.52689],[-103.37064,25.52679],[-103.37065,25.5262],[-103.36702,25.52618]]],[[[-103.36743,25.52444],[-103.36942,25.52439],[-103.36941,25.52199],[-103.36628,25.52212],[-103.36619,25.52604],[-103.36838,25.52605],[-103.36839,25.52459],[-103.36743,25.52444]]],[[[-103.37483,25.53397],[-103.37394,25.53396],[-103.37393,25.53486],[-103.37572,25.53488],[-103.37574,25.53397],[-103.37483,25.53397]]],[[[-103.37277,25.53395],[-103.37197,25.53364],[-103.37195,25.53484],[-103.37361,25.53486],[-103.37364,25.53396],[-103.37277,25.53395]]],[[[-103.36637,25.50544],[-103.36735,25.50544],[-103.36736,25.50456],[-103.36637,25.5045],[-103.36637,25.50544]]],[[[-103.3664,25.49128],[-103.36674,25.49266],[-103.3668,25.49113],[-103.3664,25.49128]]],[[[-103.36605,25.4909],[-103.36601,25.49011],[-103.36561,25.49077],[-103.36566,25.48917],[-103.36521,25.49149],[-103.36601,25.49148],[-103.36605,25.4909]]],[[[-103.36519,25.49301],[-103.36599,25.49323],[-103.36598,25.49247],[-103.36519,25.49246],[-103.36519,25.49301]]],[[[-103.36525,25.49568],[-103.36595,25.4957],[-103.36598,25.49416],[-103.36518,25.49415],[-103.36525,25.49568]]],[[[-103.36518,25.49404],[-103.36598,25.49405],[-103.36598,25.49332],[-103.36519,25.49331],[-103.36518,25.49404]]],[[[-103.36594,25.49163],[-103.3652,25.49165],[-103.36523,25.49234],[-103.36606,25.49237],[-103.36594,25.49163]]],[[[-103.36629,25.51805],[-103.36617,25.52132],[-103.36778,25.52147],[-103.36726,25.51859],[-103.36629,25.51805]]],[[[-103.36519,25.4958],[-103.36518,25.49656],[-103.36602,25.49658],[-103.36603,25.49582],[-103.36519,25.4958]]],[[[-103.37184,25.53361],[-103.37196,25.53417],[-103.37197,25.53304],[-103.37184,25.53361]]],[[[-103.36635,25.5014],[-103.36636,25.50424],[-103.36721,25.50426],[-103.36726,25.50109],[-103.36815,25.5011],[-103.36817,25.49959],[-103.36634,25.49986],[-103.36635,25.5014]]],[[[-103.36576,25.52783],[-103.36508,25.52754],[-103.36509,25.5347],[-103.36558,25.53427],[-103.36576,25.52783]]],[[[-103.36503,25.52201],[-103.3651,25.52312],[-103.36577,25.52311],[-103.36578,25.52186],[-103.36342,25.52056],[-103.36345,25.52201],[-103.36503,25.52201]]],[[[-103.36469,25.52114],[-103.36578,25.52159],[-103.36579,25.52057],[-103.36389,25.52055],[-103.36469,25.52114]]],[[[-103.36517,25.49921],[-103.36352,25.49947],[-103.36575,25.4992],[-103.36524,25.49921],[-103.36587,25.49909],[-103.36584,25.49836],[-103.36481,25.49837],[-103.36451,25.49921],[-103.36517,25.49921]]],[[[-103.36509,25.48937],[-103.36569,25.48896],[-103.3644,25.48784],[-103.36439,25.48981],[-103.36509,25.48937]]],[[[-103.34582,25.47654],[-103.34647,25.47695],[-103.34311,25.47438],[-103.34582,25.47654]]],[[[-103.36603,25.49717],[-103.36603,25.49667],[-103.36518,25.49665],[-103.36517,25.49738],[-103.36603,25.49717]]],[[[-103.35558,25.48168],[-103.35708,25.48277],[-103.35911,25.48068],[-103.35765,25.47952],[-103.35558,25.48168]]],[[[-103.36278,25.47688],[-103.36255,25.47754],[-103.36442,25.4756],[-103.36403,25.47539],[-103.36278,25.47688]]],[[[-103.37017,25.48094],[-103.36957,25.48018],[-103.36696,25.48275],[-103.36613,25.48639],[-103.36719,25.48584],[-103.36751,25.48354],[-103.37017,25.48094]]],[[[-103.36508,25.52703],[-103.36586,25.52678],[-103.36586,25.52323],[-103.36507,25.52323],[-103.36508,25.52703]]],[[[-103.366,25.50068],[-103.36602,25.49994],[-103.36514,25.49995],[-103.36516,25.50424],[-103.36597,25.504],[-103.366,25.50068]]],[[[-103.34146,25.47326],[-103.34095,25.47283],[-103.34071,25.47389],[-103.34125,25.47402],[-103.34146,25.47326]]],[[[-103.34132,25.47516],[-103.34125,25.47402],[-103.34071,25.47389],[-103.34129,25.47624],[-103.34178,25.47633],[-103.34132,25.47516]]],[[[-103.3386,25.49467],[-103.33889,25.49182],[-103.33817,25.49481],[-103.3386,25.49467]]],[[[-103.36507,25.48467],[-103.3649,25.48679],[-103.36573,25.48732],[-103.36616,25.4835],[-103.36507,25.48467]]],[[[-103.37101,25.47871],[-103.37027,25.47947],[-103.37707,25.48738],[-103.3777,25.48684],[-103.37101,25.47871]]],[[[-103.3919,25.58398],[-103.38891,25.58286],[-103.38764,25.58561],[-103.39063,25.58674],[-103.3919,25.58398]]],[[[-103.38706,25.58831],[-103.38813,25.58598],[-103.38771,25.58582],[-103.38624,25.58889],[-103.38668,25.58913],[-103.38706,25.58831]]],[[[-103.38701,25.58949],[-103.38616,25.58903],[-103.38537,25.59039],[-103.3894,25.59121],[-103.38909,25.59171],[-103.3898,25.59235],[-103.39528,25.59519],[-103.39588,25.59428],[-103.39102,25.59213],[-103.39124,25.59177],[-103.38701,25.58949]]],[[[-103.39576,25.59546],[-103.39835,25.59651],[-103.39893,25.59592],[-103.39594,25.59432],[-103.39534,25.59524],[-103.39576,25.59546]]],[[[-103.40029,25.59507],[-103.39886,25.59644],[-103.40153,25.59611],[-103.40029,25.59507]]],[[[-103.39429,25.5969],[-103.3961,25.59682],[-103.3961,25.59616],[-103.38555,25.59067],[-103.38473,25.59243],[-103.38626,25.59312],[-103.38478,25.59253],[-103.38403,25.5941],[-103.38794,25.59574],[-103.38399,25.59417],[-103.38235,25.59715],[-103.38308,25.59733],[-103.38218,25.59739],[-103.3892,25.59727],[-103.38998,25.59572],[-103.38928,25.5971],[-103.39429,25.5969]]],[[[-103.38943,25.58207],[-103.38898,25.58269],[-103.39,25.58189],[-103.38943,25.58207]]],[[[-103.39075,25.58038],[-103.3904,25.57991],[-103.3901,25.5806],[-103.39075,25.58038]]],[[[-103.38375,25.59308],[-103.38422,25.59204],[-103.38307,25.59163],[-103.38166,25.59301],[-103.38375,25.59308]]],[[[-103.38269,25.59088],[-103.38473,25.59099],[-103.38499,25.59044],[-103.38324,25.58973],[-103.38269,25.59088]]],[[[-103.38402,25.58948],[-103.37886,25.58715],[-103.37882,25.58776],[-103.38441,25.58999],[-103.38402,25.58948]]],[[[-103.3853,25.58975],[-103.3857,25.58891],[-103.38497,25.58862],[-103.38455,25.58957],[-103.3853,25.58975]]],[[[-103.38456,25.5893],[-103.38488,25.5886],[-103.38415,25.58831],[-103.38377,25.58913],[-103.38456,25.5893]]],[[[-103.38383,25.58882],[-103.38408,25.58828],[-103.38334,25.588],[-103.38302,25.58871],[-103.38383,25.58882]]],[[[-103.38583,25.58864],[-103.38623,25.58776],[-103.38549,25.58748],[-103.385,25.58854],[-103.38583,25.58864]]],[[[-103.38501,25.58833],[-103.38541,25.58745],[-103.38467,25.58717],[-103.38419,25.58823],[-103.38501,25.58833]]],[[[-103.38418,25.58802],[-103.3846,25.58714],[-103.38387,25.58686],[-103.38338,25.58792],[-103.38418,25.58802]]],[[[-103.38168,25.59751],[-103.38308,25.59442],[-103.3809,25.59443],[-103.37902,25.5976],[-103.38168,25.59751]]],[[[-103.38111,25.5943],[-103.38314,25.59429],[-103.38348,25.59357],[-103.38149,25.59317],[-103.38111,25.5943]]],[[[-103.36608,25.47802],[-103.36909,25.48002],[-103.36967,25.47952],[-103.36461,25.47575],[-103.36267,25.47775],[-103.36351,25.47833],[-103.36486,25.4769],[-103.36608,25.47802]]],[[[-103.34191,25.47667],[-103.34144,25.47659],[-103.34194,25.47781],[-103.34191,25.47667]]],[[[-103.34231,25.47767],[-103.34173,25.47995],[-103.3422,25.48004],[-103.34231,25.47767]]],[[[-103.3422,25.48005],[-103.34173,25.47995],[-103.34133,25.48166],[-103.34179,25.48175],[-103.3422,25.48005]]],[[[-103.34178,25.48177],[-103.34132,25.48168],[-103.3409,25.48335],[-103.34137,25.48345],[-103.34178,25.48177]]],[[[-103.34056,25.48652],[-103.33973,25.48813],[-103.34015,25.48822],[-103.34056,25.48652]]],[[[-103.34111,25.47898],[-103.34094,25.48143],[-103.34168,25.47836],[-103.34046,25.47641],[-103.34111,25.47898]]],[[[-103.34033,25.47606],[-103.34078,25.47614],[-103.33988,25.47372],[-103.34033,25.47606]]],[[[-103.33637,25.47049],[-103.33104,25.46655],[-103.32982,25.47151],[-103.33128,25.46719],[-103.33637,25.47049]]],[[[-103.32838,25.47911],[-103.32796,25.47903],[-103.32702,25.48282],[-103.3275,25.48292],[-103.32838,25.47911]]],[[[-103.32953,25.47438],[-103.32913,25.47431],[-103.32804,25.47871],[-103.32845,25.4788],[-103.32953,25.47438]]],[[[-103.33667,25.47069],[-103.33998,25.47284],[-103.33677,25.4703],[-103.33667,25.47069]]],[[[-103.32742,25.48323],[-103.32695,25.48312],[-103.32556,25.48861],[-103.32603,25.48871],[-103.32742,25.48323]]],[[[-103.32467,25.49211],[-103.32338,25.4972],[-103.32398,25.49711],[-103.32517,25.49221],[-103.32467,25.49211]]],[[[-103.32518,25.49011],[-103.32566,25.49021],[-103.32598,25.48893],[-103.3255,25.48883],[-103.32518,25.49011]]],[[[-103.39767,25.59675],[-103.39634,25.59629],[-103.39635,25.59681],[-103.39767,25.59675]]],[[[-103.36718,25.50723],[-103.3672,25.50544],[-103.36637,25.50544],[-103.36639,25.50851],[-103.36717,25.50852],[-103.36718,25.50723]]],[[[-103.36119,25.48593],[-103.35812,25.48389],[-103.36308,25.48752],[-103.36215,25.48844],[-103.36439,25.48981],[-103.3644,25.48784],[-103.36119,25.48593]]],[[[-103.34827,25.47765],[-103.34683,25.47673],[-103.34962,25.47896],[-103.34827,25.47765]]],[[[-103.35704,25.48368],[-103.358,25.4843],[-103.35714,25.48328],[-103.35704,25.48368]]],[[[-103.34135,25.47369],[-103.34278,25.47458],[-103.34146,25.47326],[-103.34135,25.47369]]],[[[-103.34121,25.4719],[-103.34109,25.47246],[-103.34325,25.47383],[-103.34364,25.47347],[-103.34121,25.4719]]],[[[-103.34489,25.47428],[-103.34476,25.47479],[-103.34676,25.47618],[-103.34703,25.47567],[-103.34489,25.47428]]],[[[-103.34399,25.4737],[-103.34359,25.47405],[-103.34476,25.47479],[-103.34489,25.47428],[-103.34399,25.4737]]],[[[-103.34948,25.47725],[-103.34912,25.47771],[-103.35535,25.48169],[-103.35571,25.48128],[-103.34948,25.47725]]],[[[-103.34703,25.47567],[-103.34675,25.47619],[-103.34891,25.47757],[-103.34926,25.47711],[-103.34703,25.47567]]],[[[-103.36694,25.49455],[-103.36648,25.49494],[-103.36667,25.4971],[-103.36943,25.49751],[-103.3695,25.49701],[-103.36697,25.49661],[-103.36694,25.49455]]],[[[-103.3694,25.49831],[-103.36947,25.49783],[-103.36706,25.49789],[-103.36636,25.49967],[-103.36702,25.49958],[-103.3673,25.49836],[-103.3694,25.49831]]],[[[-103.36559,25.51161],[-103.36588,25.51225],[-103.36592,25.51032],[-103.36559,25.51161]]],[[[-103.36957,25.48018],[-103.37556,25.48771],[-103.37662,25.48752],[-103.37079,25.48022],[-103.37004,25.47966],[-103.36957,25.48018]]],[[[-103.36319,25.47867],[-103.36235,25.47808],[-103.35878,25.48173],[-103.35864,25.48276],[-103.35909,25.48305],[-103.36319,25.47867]]],[[[-103.36719,25.48584],[-103.36613,25.48639],[-103.36602,25.48767],[-103.36711,25.48737],[-103.36719,25.48584]]],[[[-103.36691,25.48127],[-103.36535,25.48307],[-103.36507,25.48467],[-103.36754,25.48172],[-103.36691,25.48127]]],[[[-103.36724,25.4809],[-103.3679,25.48135],[-103.36909,25.48002],[-103.36843,25.47958],[-103.36724,25.4809]]],[[[-103.38356,25.53177],[-103.37864,25.53153],[-103.37837,25.53307],[-103.37877,25.53172],[-103.38356,25.53177]]],[[[-103.37706,25.53099],[-103.37631,25.53068],[-103.37787,25.53153],[-103.3781,25.53307],[-103.37821,25.5316],[-103.37706,25.53099]]],[[[-103.37727,25.53056],[-103.37642,25.53045],[-103.37842,25.53104],[-103.37727,25.53056]]],[[[-103.38219,25.53108],[-103.37869,25.53112],[-103.38294,25.53132],[-103.38219,25.53108]]],[[[-103.37887,25.5281],[-103.3794,25.529],[-103.37871,25.53105],[-103.37958,25.52907],[-103.37887,25.5281]]],[[[-103.3476,25.6076],[-103.34481,25.61265],[-103.34803,25.60761],[-103.3476,25.6076]]],[[[-103.34261,25.61661],[-103.34164,25.61834],[-103.34214,25.6184],[-103.34298,25.61683],[-103.34261,25.61661]]],[[[-103.34169,25.61876],[-103.34021,25.62083],[-103.34066,25.62093],[-103.34169,25.61876]]],[[[-103.34298,25.61682],[-103.34497,25.61309],[-103.34261,25.61661],[-103.34298,25.61682]]],[[[-103.34021,25.62083],[-103.33962,25.62205],[-103.34067,25.62093],[-103.34021,25.62083]]],[[[-103.34046,25.61858],[-103.33867,25.62201],[-103.34096,25.61867],[-103.34046,25.61858]]],[[[-103.34811,25.60153],[-103.34522,25.60635],[-103.34736,25.60712],[-103.35018,25.60199],[-103.35017,25.60072],[-103.34839,25.60095],[-103.34811,25.60153]]],[[[-103.34476,25.6072],[-103.34281,25.61105],[-103.34469,25.61205],[-103.34717,25.6075],[-103.34503,25.60672],[-103.34476,25.6072]]],[[[-103.37119,25.60082],[-103.37205,25.60078],[-103.3732,25.59855],[-103.3688,25.5987],[-103.36875,25.60095],[-103.37125,25.60082],[-103.3713,25.59926],[-103.37119,25.60082]]],[[[-103.37601,25.60126],[-103.37769,25.59853],[-103.37616,25.59851],[-103.37481,25.60095],[-103.37601,25.60126]]],[[[-103.37424,25.60113],[-103.37587,25.59849],[-103.37345,25.59862],[-103.37249,25.60052],[-103.37424,25.60113]]],[[[-103.37775,25.5985],[-103.37717,25.59962],[-103.37905,25.60008],[-103.37992,25.59847],[-103.37775,25.5985]]],[[[-103.3661,25.59905],[-103.36519,25.59884],[-103.3653,25.60046],[-103.36581,25.60063],[-103.36526,25.60096],[-103.36501,25.59884],[-103.36429,25.59887],[-103.36434,25.60103],[-103.3641,25.59888],[-103.36159,25.5992],[-103.36289,25.60127],[-103.36781,25.60101],[-103.36774,25.59957],[-103.36849,25.59954],[-103.36846,25.59873],[-103.36621,25.59882],[-103.36629,25.6004],[-103.3661,25.59905]]],[[[-103.34004,25.61627],[-103.3417,25.61752],[-103.34424,25.61291],[-103.34213,25.61221],[-103.34004,25.61627]]],[[[-103.34229,25.6119],[-103.34444,25.61255],[-103.34467,25.61214],[-103.34265,25.6112],[-103.34229,25.6119]]]]},"properties":{"SIMBOLOGIA":"Corredor Urbano, comercio, servicios e industria (CU3)"}},{"type":"Feature","geometry":{"type":"MultiPolygon","coordinates":[[[[-103.40007,25.53642],[-103.4001,25.53721],[-103.40138,25.53718],[-103.40134,25.53637],[-103.40007,25.53642]]],[[[-103.43746,25.55133],[-103.43831,25.55162],[-103.43832,25.55083],[-103.43746,25.55083],[-103.43746,25.55133]]],[[[-103.42689,25.55379],[-103.4244,25.5563],[-103.42769,25.55338],[-103.42689,25.55379]]],[[[-103.42601,25.55304],[-103.42671,25.55362],[-103.42712,25.55318],[-103.42639,25.55258],[-103.42601,25.55304]]],[[[-103.42597,25.55412],[-103.42501,25.55395],[-103.42577,25.55457],[-103.42597,25.55412]]],[[[-103.42546,25.55475],[-103.42477,25.5542],[-103.42443,25.55453],[-103.42519,25.55515],[-103.42546,25.55475]]],[[[-103.42477,25.55524],[-103.42386,25.55511],[-103.42462,25.55573],[-103.42477,25.55524]]],[[[-103.45916,25.53763],[-103.45921,25.53835],[-103.45999,25.53831],[-103.45995,25.53759],[-103.45916,25.53763]]]]},"properties":{"SIMBOLOGIA":"Equipamiento Comercio y Abasto (ECA)"}},{"type":"Feature","geometry":{"type":"MultiPolygon","coordinates":[[[[-103.39049,25.57009],[-103.38994,25.56967],[-103.39073,25.57052],[-103.39049,25.57009]]],[[[-103.38695,25.56743],[-103.38616,25.5669],[-103.38666,25.5677],[-103.38743,25.56723],[-103.38695,25.56743]]],[[[-103.38998,25.56894],[-103.38996,25.56852],[-103.3895,25.56888],[-103.38998,25.56894]]],[[[-103.37976,25.55306],[-103.38071,25.55354],[-103.37999,25.55315],[-103.38034,25.55267],[-103.37976,25.55306]]],[[[-103.38062,25.55545],[-103.38071,25.55372],[-103.38008,25.55357],[-103.38062,25.55545]]],[[[-103.381,25.55355],[-103.38128,25.55244],[-103.38085,25.55242],[-103.381,25.55355]]],[[[-103.3815,25.55361],[-103.38184,25.55287],[-103.38141,25.55284],[-103.3815,25.55361]]],[[[-103.38383,25.55278],[-103.38407,25.55207],[-103.38364,25.55203],[-103.38383,25.55278]]],[[[-103.3822,25.55181],[-103.38247,25.55108],[-103.38204,25.55109],[-103.3822,25.55181]]],[[[-103.37999,25.55255],[-103.38101,25.55168],[-103.38001,25.55173],[-103.37999,25.55255]]],[[[-103.38119,25.55123],[-103.38134,25.5517],[-103.38143,25.54964],[-103.38119,25.55123]]],[[[-103.38188,25.55458],[-103.38224,25.55522],[-103.38217,25.55375],[-103.38188,25.55458]]],[[[-103.38237,25.55491],[-103.38279,25.5554],[-103.38256,25.55385],[-103.38237,25.55491]]],[[[-103.3837,25.55492],[-103.38398,25.55385],[-103.38351,25.55402],[-103.3837,25.55492]]],[[[-103.38284,25.55018],[-103.38363,25.55024],[-103.38367,25.54975],[-103.38273,25.54974],[-103.38284,25.55018]]],[[[-103.38216,25.5509],[-103.3826,25.55027],[-103.38207,25.55024],[-103.38216,25.5509]]],[[[-103.38268,25.5504],[-103.38265,25.55094],[-103.38352,25.55102],[-103.38363,25.55034],[-103.38268,25.5504]]],[[[-103.38483,25.55575],[-103.38517,25.55502],[-103.38403,25.55496],[-103.38483,25.55575]]],[[[-103.3962,25.57782],[-103.39525,25.57744],[-103.39619,25.57851],[-103.3962,25.57782]]],[[[-103.39465,25.57726],[-103.39474,25.57798],[-103.39529,25.57718],[-103.39465,25.57726]]],[[[-103.39387,25.57743],[-103.39481,25.57635],[-103.39443,25.57615],[-103.39387,25.57743]]],[[[-103.39368,25.57712],[-103.39435,25.57607],[-103.39396,25.57587],[-103.39368,25.57712]]],[[[-103.39365,25.57351],[-103.39387,25.5727],[-103.39323,25.5734],[-103.39365,25.57351]]],[[[-103.39399,25.57565],[-103.394,25.57484],[-103.39358,25.5755],[-103.39399,25.57565]]],[[[-103.39446,25.57582],[-103.39445,25.57509],[-103.39404,25.57574],[-103.39446,25.57582]]],[[[-103.39502,25.57609],[-103.39492,25.57537],[-103.39451,25.57603],[-103.39502,25.57609]]],[[[-103.39592,25.57675],[-103.39541,25.57576],[-103.39507,25.57632],[-103.39605,25.57747],[-103.39592,25.57675]]],[[[-103.39638,25.57712],[-103.39725,25.57691],[-103.39583,25.57614],[-103.39638,25.57712]]],[[[-103.38208,25.56501],[-103.38178,25.56455],[-103.38134,25.56491],[-103.38175,25.5655],[-103.38208,25.56501]]],[[[-103.37979,25.56641],[-103.3791,25.56672],[-103.37867,25.56601],[-103.37945,25.56559],[-103.37918,25.56519],[-103.37794,25.56609],[-103.37862,25.56708],[-103.37979,25.56641]]],[[[-103.38115,25.56554],[-103.38121,25.56509],[-103.38069,25.56535],[-103.38115,25.56554]]],[[[-103.38025,25.56414],[-103.3803,25.56369],[-103.37978,25.56397],[-103.38025,25.56414]]],[[[-103.37961,25.56457],[-103.37953,25.56411],[-103.37901,25.56439],[-103.37961,25.56457]]],[[[-103.38059,25.56331],[-103.38047,25.56251],[-103.37921,25.56309],[-103.3797,25.5638],[-103.38019,25.56353],[-103.37988,25.56303],[-103.38059,25.56331]]],[[[-103.37881,25.5641],[-103.37815,25.56356],[-103.37856,25.56443],[-103.37881,25.5641]]],[[[-103.38049,25.56211],[-103.37985,25.56103],[-103.37937,25.56127],[-103.38049,25.56211]]],[[[-103.37918,25.55994],[-103.37758,25.55879],[-103.37914,25.56104],[-103.3797,25.56079],[-103.37918,25.55994]]],[[[-103.38014,25.56234],[-103.37936,25.56215],[-103.37974,25.56272],[-103.38014,25.56234]]],[[[-103.37956,25.5626],[-103.37882,25.56242],[-103.37918,25.56299],[-103.37956,25.5626]]],[[[-103.37891,25.56275],[-103.3781,25.56279],[-103.37844,25.56333],[-103.37891,25.56275]]],[[[-103.37908,25.56184],[-103.37841,25.5618],[-103.37876,25.56234],[-103.37908,25.56184]]],[[[-103.37849,25.56211],[-103.37765,25.56216],[-103.37804,25.5627],[-103.37849,25.56211]]],[[[-103.36086,25.5206],[-103.3601,25.52042],[-103.36018,25.52089],[-103.36086,25.5206]]],[[[-103.36692,25.49116],[-103.3672,25.49267],[-103.36748,25.49105],[-103.36692,25.49116]]],[[[-103.36854,25.49312],[-103.3682,25.49354],[-103.36879,25.49356],[-103.36854,25.49312]]],[[[-103.36652,25.49015],[-103.3667,25.49104],[-103.36768,25.49095],[-103.36706,25.49003],[-103.36652,25.49015]]],[[[-103.36812,25.49038],[-103.36765,25.49067],[-103.36803,25.491],[-103.36812,25.49038]]],[[[-103.36792,25.49023],[-103.36732,25.49022],[-103.36763,25.49065],[-103.36792,25.49023]]],[[[-103.36816,25.49099],[-103.36818,25.49226],[-103.3687,25.49225],[-103.36816,25.49099]]],[[[-103.3682,25.49375],[-103.36821,25.49445],[-103.36922,25.49452],[-103.36901,25.49371],[-103.3682,25.49375]]],[[[-103.36921,25.49469],[-103.36819,25.49454],[-103.36811,25.49533],[-103.36921,25.49469]]],[[[-103.41715,25.57668],[-103.41525,25.57898],[-103.41595,25.57914],[-103.41778,25.57632],[-103.41715,25.57668]]],[[[-103.41726,25.57893],[-103.41675,25.57957],[-103.41767,25.57897],[-103.41726,25.57893]]],[[[-103.41827,25.57826],[-103.41755,25.57876],[-103.41861,25.57847],[-103.41827,25.57826]]],[[[-103.41896,25.57835],[-103.41849,25.57876],[-103.41941,25.57852],[-103.41896,25.57835]]],[[[-103.42326,25.57505],[-103.42406,25.57561],[-103.42358,25.5746],[-103.42557,25.57404],[-103.42571,25.57345],[-103.42441,25.57342],[-103.42065,25.57661],[-103.42095,25.57698],[-103.42226,25.57587],[-103.42287,25.57639],[-103.42265,25.57556],[-103.42332,25.57629],[-103.42326,25.57505]]],[[[-103.42222,25.57514],[-103.42203,25.5746],[-103.42154,25.57491],[-103.42222,25.57514]]],[[[-103.4211,25.57596],[-103.42017,25.57601],[-103.42059,25.57654],[-103.4211,25.57596]]],[[[-103.42041,25.5765],[-103.41995,25.57591],[-103.41942,25.57649],[-103.41987,25.57704],[-103.42041,25.5765]]],[[[-103.41973,25.57706],[-103.41933,25.57657],[-103.41877,25.57711],[-103.41914,25.57755],[-103.41973,25.57706]]],[[[-103.41873,25.57783],[-103.41869,25.57719],[-103.41806,25.57764],[-103.41873,25.57783]]],[[[-103.42172,25.57466],[-103.42201,25.57417],[-103.42077,25.57421],[-103.42129,25.57471],[-103.42034,25.57526],[-103.42172,25.57466]]],[[[-103.41846,25.57563],[-103.41882,25.57613],[-103.41959,25.57549],[-103.41846,25.57563]]],[[[-103.42511,25.57467],[-103.42457,25.57433],[-103.42498,25.5752],[-103.42511,25.57467]]],[[[-103.42694,25.57424],[-103.42583,25.57357],[-103.42568,25.57407],[-103.42694,25.57424]]],[[[-103.35999,25.51875],[-103.35999,25.51829],[-103.35898,25.51828],[-103.35939,25.51903],[-103.35999,25.51875]]],[[[-103.35418,25.52492],[-103.35451,25.52421],[-103.35343,25.52433],[-103.35351,25.52491],[-103.35418,25.52492]]],[[[-103.35534,25.52344],[-103.35555,25.52282],[-103.355,25.52379],[-103.35534,25.52344]]],[[[-103.35557,25.52346],[-103.35501,25.52409],[-103.35578,25.52399],[-103.35557,25.52346]]],[[[-103.35803,25.52025],[-103.35758,25.52045],[-103.35861,25.5209],[-103.35803,25.52025]]],[[[-103.35837,25.51839],[-103.35784,25.51829],[-103.35848,25.51945],[-103.35837,25.51839]]],[[[-103.35636,25.52404],[-103.35504,25.52418],[-103.35507,25.52488],[-103.35636,25.52404]]],[[[-103.35475,25.5241],[-103.35484,25.52329],[-103.35439,25.52333],[-103.35475,25.5241]]],[[[-103.35379,25.52571],[-103.3545,25.5257],[-103.35457,25.52504],[-103.35351,25.52503],[-103.35379,25.52571]]],[[[-103.35753,25.52092],[-103.35725,25.52133],[-103.35788,25.52122],[-103.35753,25.52092]]],[[[-103.35392,25.52637],[-103.35504,25.52607],[-103.35352,25.52612],[-103.35392,25.52637]]],[[[-103.3395,25.53441],[-103.34033,25.53449],[-103.33919,25.53266],[-103.3395,25.53441]]],[[[-103.3354,25.53321],[-103.33561,25.53399],[-103.33623,25.53399],[-103.33676,25.53294],[-103.3354,25.53321]]],[[[-103.33805,25.53428],[-103.33921,25.53427],[-103.33902,25.53323],[-103.33819,25.53281],[-103.33872,25.53206],[-103.33767,25.53213],[-103.33848,25.53408],[-103.33778,25.53352],[-103.33805,25.53428]]],[[[-103.33676,25.53276],[-103.33726,25.53269],[-103.33707,25.53186],[-103.33676,25.53276]]],[[[-103.33624,25.53232],[-103.33675,25.5318],[-103.33579,25.53207],[-103.3366,25.53153],[-103.33571,25.53172],[-103.33642,25.53115],[-103.33561,25.53175],[-103.33472,25.53154],[-103.33531,25.53303],[-103.33657,25.53271],[-103.33624,25.53232]]],[[[-103.33696,25.53164],[-103.33717,25.53018],[-103.33619,25.52996],[-103.33696,25.53164]]],[[[-103.33782,25.53201],[-103.33871,25.53197],[-103.33767,25.53151],[-103.33782,25.53201]]],[[[-103.34039,25.53173],[-103.34098,25.53081],[-103.33979,25.53116],[-103.34039,25.53173]]],[[[-103.33991,25.53101],[-103.34104,25.53029],[-103.33961,25.53072],[-103.33991,25.53101]]],[[[-103.33509,25.53008],[-103.33593,25.52955],[-103.33483,25.52975],[-103.33509,25.53008]]],[[[-103.33773,25.52995],[-103.33742,25.52927],[-103.33735,25.5302],[-103.33773,25.52995]]],[[[-103.33867,25.5304],[-103.33913,25.52987],[-103.33836,25.53011],[-103.33867,25.5304]]],[[[-103.33886,25.53085],[-103.33932,25.53033],[-103.33854,25.53058],[-103.33886,25.53085]]],[[[-103.33972,25.53057],[-103.34111,25.52975],[-103.33943,25.53028],[-103.33972,25.53057]]],[[[-103.33968,25.53007],[-103.34097,25.5297],[-103.34111,25.52881],[-103.33924,25.52981],[-103.33968,25.53007]]],[[[-103.3398,25.52956],[-103.3401,25.52908],[-103.3395,25.52927],[-103.3398,25.52956]]],[[[-103.33975,25.52908],[-103.34073,25.52888],[-103.33967,25.52823],[-103.33926,25.52876],[-103.34007,25.52853],[-103.3393,25.52885],[-103.33975,25.52908]]],[[[-103.33744,25.52895],[-103.33797,25.52927],[-103.33815,25.5288],[-103.33744,25.52895]]],[[[-103.33528,25.5295],[-103.3359,25.5294],[-103.33507,25.52915],[-103.33529,25.52812],[-103.33588,25.52873],[-103.33577,25.5278],[-103.33786,25.52777],[-103.33569,25.52609],[-103.33399,25.52588],[-103.33519,25.52636],[-103.33464,25.5268],[-103.33424,25.52596],[-103.33274,25.52528],[-103.3339,25.52885],[-103.33483,25.52854],[-103.33481,25.52962],[-103.33528,25.5295]]],[[[-103.33678,25.52855],[-103.33597,25.52875],[-103.33729,25.52908],[-103.33678,25.52855]]],[[[-103.33687,25.52994],[-103.33731,25.53012],[-103.33735,25.5295],[-103.3367,25.52947],[-103.33687,25.52994]]],[[[-103.33632,25.52938],[-103.33658,25.52904],[-103.33601,25.5289],[-103.33632,25.52938]]],[[[-103.33937,25.52839],[-103.3386,25.5282],[-103.33835,25.52892],[-103.33937,25.52839]]],[[[-103.33525,25.5314],[-103.33498,25.53053],[-103.33447,25.53063],[-103.33472,25.53154],[-103.33525,25.5314]]],[[[-103.33802,25.52759],[-103.33693,25.52654],[-103.33793,25.52773],[-103.33746,25.52856],[-103.33815,25.5279],[-103.3382,25.52867],[-103.33855,25.52773],[-103.33802,25.52759]]],[[[-103.33426,25.52989],[-103.33484,25.53042],[-103.33474,25.52977],[-103.33426,25.52989]]],[[[-103.33869,25.52489],[-103.33816,25.52475],[-103.33936,25.52526],[-103.33914,25.52409],[-103.33869,25.52489]]],[[[-103.33905,25.52372],[-103.33786,25.5233],[-103.33806,25.52426],[-103.33905,25.52372]]],[[[-103.33986,25.52251],[-103.33953,25.52307],[-103.34013,25.52279],[-103.33995,25.52197],[-103.33891,25.5221],[-103.33913,25.52278],[-103.33986,25.52251]]],[[[-103.33877,25.52206],[-103.33731,25.52084],[-103.33834,25.52254],[-103.33902,25.52266],[-103.33877,25.52206]]],[[[-103.3382,25.52238],[-103.33682,25.52092],[-103.33739,25.52262],[-103.33745,25.52205],[-103.3382,25.52238]]],[[[-103.3516,25.49772],[-103.35211,25.49768],[-103.3518,25.49718],[-103.3516,25.49772]]],[[[-103.35058,25.49784],[-103.35077,25.49845],[-103.35152,25.49806],[-103.35058,25.49784]]],[[[-103.35058,25.49851],[-103.34986,25.4982],[-103.35033,25.49903],[-103.35058,25.49851]]],[[[-103.34988,25.49892],[-103.34923,25.49966],[-103.35026,25.49906],[-103.34988,25.49892]]],[[[-103.35092,25.49679],[-103.3503,25.49681],[-103.35058,25.49726],[-103.35092,25.49679]]],[[[-103.35395,25.49592],[-103.35076,25.49619],[-103.35142,25.4967],[-103.35395,25.49592]]],[[[-103.34762,25.49637],[-103.34977,25.49575],[-103.34743,25.496],[-103.34762,25.49637]]],[[[-103.34753,25.49661],[-103.34707,25.49667],[-103.34737,25.49714],[-103.3489,25.49689],[-103.34753,25.49661]]],[[[-103.35262,25.49675],[-103.35188,25.49712],[-103.35219,25.49762],[-103.35423,25.4963],[-103.35262,25.49675]]],[[[-103.34891,25.49814],[-103.34848,25.49721],[-103.34789,25.49734],[-103.34891,25.49814]]],[[[-103.3527,25.4954],[-103.35186,25.49591],[-103.35319,25.49579],[-103.3527,25.4954]]],[[[-103.35196,25.49458],[-103.35221,25.49299],[-103.35143,25.49561],[-103.35196,25.49458]]],[[[-103.35068,25.49542],[-103.35072,25.49602],[-103.35177,25.49592],[-103.35105,25.49552],[-103.35117,25.49479],[-103.35068,25.49542]]],[[[-103.3496,25.49692],[-103.3501,25.49676],[-103.34985,25.4963],[-103.34867,25.49645],[-103.3496,25.49692]]],[[[-103.35059,25.49585],[-103.35065,25.49475],[-103.35017,25.4954],[-103.35037,25.49463],[-103.3499,25.49457],[-103.34987,25.49612],[-103.35059,25.49585]]],[[[-103.35029,25.49676],[-103.35068,25.4962],[-103.34993,25.49629],[-103.35029,25.49676]]],[[[-103.35505,25.49661],[-103.35451,25.49622],[-103.35518,25.49754],[-103.35505,25.49661]]],[[[-103.35552,25.49665],[-103.35505,25.4963],[-103.35554,25.4974],[-103.35552,25.49665]]],[[[-103.349,25.49934],[-103.34945,25.49906],[-103.34886,25.49844],[-103.34845,25.49874],[-103.349,25.49934]]],[[[-103.35483,25.49704],[-103.35427,25.49647],[-103.35473,25.49746],[-103.35483,25.49704]]],[[[-103.35459,25.49748],[-103.35419,25.49657],[-103.35325,25.49714],[-103.35459,25.49748]]],[[[-103.35037,25.49913],[-103.34923,25.50006],[-103.34948,25.50074],[-103.35105,25.49983],[-103.35037,25.49913]]],[[[-103.35067,25.5002],[-103.34964,25.50078],[-103.35121,25.50014],[-103.35067,25.5002]]],[[[-103.32686,25.50512],[-103.32763,25.50449],[-103.32711,25.50391],[-103.32617,25.50469],[-103.32686,25.50512]]],[[[-103.32622,25.50444],[-103.32704,25.50382],[-103.32647,25.50321],[-103.3255,25.50397],[-103.32622,25.50444]]],[[[-103.32553,25.50373],[-103.32638,25.50313],[-103.32582,25.50251],[-103.32485,25.50329],[-103.32553,25.50373]]],[[[-103.3249,25.50306],[-103.32573,25.50242],[-103.32523,25.50187],[-103.32425,25.50264],[-103.3249,25.50306]]],[[[-103.32816,25.50504],[-103.32747,25.50477],[-103.32849,25.50599],[-103.32816,25.50504]]],[[[-103.32884,25.50482],[-103.33002,25.50394],[-103.3294,25.5033],[-103.32786,25.50449],[-103.32905,25.5058],[-103.32987,25.50521],[-103.32884,25.50482]]],[[[-103.32794,25.50426],[-103.32854,25.50376],[-103.32799,25.5032],[-103.32723,25.50381],[-103.32794,25.50426]]],[[[-103.32732,25.5036],[-103.32794,25.5031],[-103.32738,25.50251],[-103.3266,25.50312],[-103.32732,25.5036]]],[[[-103.32667,25.50291],[-103.32728,25.50242],[-103.32673,25.50185],[-103.32595,25.50245],[-103.32667,25.50291]]],[[[-103.32602,25.50221],[-103.32661,25.50173],[-103.32607,25.50122],[-103.32534,25.50178],[-103.32602,25.50221]]],[[[-103.32885,25.50356],[-103.32929,25.50319],[-103.32877,25.5026],[-103.32812,25.5031],[-103.32885,25.50356]]],[[[-103.32758,25.50219],[-103.32803,25.50183],[-103.32746,25.50123],[-103.32681,25.50174],[-103.32758,25.50219]]],[[[-103.3269,25.5015],[-103.32737,25.50114],[-103.3268,25.50053],[-103.32619,25.5011],[-103.3269,25.5015]]],[[[-103.32968,25.50336],[-103.33024,25.50398],[-103.33078,25.50363],[-103.33017,25.50296],[-103.32968,25.50336]]],[[[-103.32976,25.50284],[-103.32955,25.50202],[-103.32888,25.5025],[-103.32976,25.50284]]],[[[-103.32895,25.50228],[-103.32945,25.50192],[-103.32885,25.50135],[-103.32822,25.50184],[-103.32895,25.50228]]],[[[-103.3283,25.50162],[-103.32876,25.50123],[-103.32828,25.5007],[-103.32757,25.50115],[-103.3283,25.50162]]],[[[-103.32765,25.50091],[-103.32818,25.50059],[-103.32766,25.49999],[-103.32697,25.50046],[-103.32765,25.50091]]],[[[-103.33023,25.50248],[-103.33009,25.50159],[-103.32962,25.50195],[-103.33023,25.50248]]],[[[-103.32972,25.50171],[-103.3295,25.50089],[-103.32897,25.50126],[-103.32972,25.50171]]],[[[-103.3291,25.501],[-103.32891,25.50018],[-103.32838,25.50059],[-103.3291,25.501]]],[[[-103.32844,25.50037],[-103.32883,25.50008],[-103.32833,25.49952],[-103.32783,25.49991],[-103.32844,25.50037]]],[[[-103.33033,25.50102],[-103.32962,25.5008],[-103.3301,25.5014],[-103.33033,25.50102]]],[[[-103.32974,25.5003],[-103.32904,25.50008],[-103.32951,25.50067],[-103.32974,25.5003]]],[[[-103.32909,25.4994],[-103.32852,25.49939],[-103.32886,25.49981],[-103.32909,25.4994]]],[[[-103.32403,25.50386],[-103.3246,25.50444],[-103.32524,25.50396],[-103.32471,25.50338],[-103.32403,25.50386]]],[[[-103.33142,25.5039],[-103.332,25.50396],[-103.33152,25.5034],[-103.33142,25.5039]]],[[[-103.33086,25.5046],[-103.33154,25.50422],[-103.33104,25.50366],[-103.33036,25.5041],[-103.33086,25.5046]]],[[[-103.3317,25.50532],[-103.33207,25.50597],[-103.33258,25.50545],[-103.3317,25.50532]]],[[[-103.33066,25.50494],[-103.33016,25.50522],[-103.33065,25.50584],[-103.33134,25.50541],[-103.33066,25.50494]]],[[[-103.3297,25.50558],[-103.32921,25.5059],[-103.32973,25.50645],[-103.33052,25.50593],[-103.3297,25.50558]]],[[[-103.32964,25.50664],[-103.32861,25.50616],[-103.32937,25.50699],[-103.32964,25.50664]]],[[[-103.33098,25.50337],[-103.33144,25.50328],[-103.33111,25.50282],[-103.33098,25.50337]]],[[[-103.33012,25.50409],[-103.32951,25.50451],[-103.33005,25.50511],[-103.33068,25.50467],[-103.33012,25.50409]]],[[[-103.33947,25.5281],[-103.33878,25.52769],[-103.33864,25.52812],[-103.33947,25.5281]]],[[[-103.33626,25.52797],[-103.33594,25.52831],[-103.33737,25.52856],[-103.33626,25.52797]]],[[[-103.35342,25.4947],[-103.35278,25.4946],[-103.35323,25.4956],[-103.35342,25.4947]]],[[[-103.34868,25.49578],[-103.34984,25.49542],[-103.34805,25.49587],[-103.34868,25.49578]]],[[[-103.35242,25.49964],[-103.35138,25.50021],[-103.35168,25.5008],[-103.3535,25.49974],[-103.35319,25.49917],[-103.35242,25.49964]]],[[[-103.34057,25.52296],[-103.33981,25.52315],[-103.34042,25.52389],[-103.34057,25.52296]]],[[[-103.32591,25.50578],[-103.32654,25.50532],[-103.32607,25.5048],[-103.32542,25.5053],[-103.32591,25.50578]]],[[[-103.32472,25.50457],[-103.32529,25.50515],[-103.32593,25.50469],[-103.32537,25.50407],[-103.32472,25.50457]]],[[[-103.32344,25.50323],[-103.32398,25.50378],[-103.32462,25.50329],[-103.32412,25.50274],[-103.32344,25.50323]]],[[[-103.32937,25.50699],[-103.3302,25.50799],[-103.33352,25.50484],[-103.33126,25.50211],[-103.33319,25.50505],[-103.33193,25.50626],[-103.33134,25.50556],[-103.32937,25.50699]]],[[[-103.37788,25.57277],[-103.37804,25.57219],[-103.37709,25.57222],[-103.37711,25.57277],[-103.37788,25.57277]]],[[[-103.37697,25.56848],[-103.37698,25.56909],[-103.37799,25.56901],[-103.37798,25.56839],[-103.37697,25.56848]]],[[[-103.37752,25.56776],[-103.37696,25.56832],[-103.37805,25.56823],[-103.37818,25.56754],[-103.37752,25.56776]]],[[[-103.38038,25.56746],[-103.38162,25.56658],[-103.38093,25.56669],[-103.38159,25.56651],[-103.38154,25.56585],[-103.38001,25.56661],[-103.3806,25.56664],[-103.38038,25.56746]]],[[[-103.37756,25.56718],[-103.37744,25.56763],[-103.37792,25.56741],[-103.37756,25.56718]]],[[[-103.37722,25.56739],[-103.37658,25.5673],[-103.37688,25.56787],[-103.37722,25.56739]]],[[[-103.3766,25.56801],[-103.37649,25.56729],[-103.37599,25.5674],[-103.3766,25.56801]]],[[[-103.37549,25.56781],[-103.37625,25.56818],[-103.3759,25.56743],[-103.37549,25.56781]]],[[[-103.37571,25.58614],[-103.37576,25.58515],[-103.37539,25.58606],[-103.37503,25.58499],[-103.37504,25.58611],[-103.37571,25.58614]]],[[[-103.37446,25.58582],[-103.37414,25.58495],[-103.37417,25.58566],[-103.37358,25.58577],[-103.37446,25.58582]]],[[[-103.37304,25.58559],[-103.37249,25.585],[-103.37251,25.58579],[-103.37304,25.58559]]],[[[-103.37241,25.5856],[-103.37237,25.58499],[-103.37163,25.58503],[-103.37157,25.58575],[-103.37241,25.5856]]],[[[-103.37149,25.58555],[-103.3714,25.585],[-103.37036,25.58508],[-103.37146,25.58492],[-103.37143,25.58295],[-103.3707,25.58186],[-103.36895,25.58257],[-103.36957,25.58583],[-103.37149,25.58555]]],[[[-103.38041,25.58624],[-103.38035,25.58733],[-103.38102,25.58767],[-103.38104,25.58622],[-103.38041,25.58624]]],[[[-103.37713,25.5849],[-103.37609,25.58422],[-103.37524,25.58466],[-103.37689,25.58551],[-103.37713,25.5849]]],[[[-103.37547,25.58484],[-103.37454,25.58483],[-103.3759,25.58501],[-103.37547,25.58484]]],[[[-103.37394,25.58476],[-103.37351,25.58387],[-103.37353,25.58486],[-103.37394,25.58476]]],[[[-103.37301,25.58467],[-103.37253,25.58386],[-103.3723,25.58492],[-103.37301,25.58467]]],[[[-103.37212,25.58434],[-103.37246,25.58388],[-103.37154,25.58392],[-103.3716,25.58491],[-103.37224,25.58489],[-103.37212,25.58434]]],[[[-103.37283,25.58357],[-103.37228,25.58326],[-103.37155,25.58381],[-103.37283,25.58357]]],[[[-103.37209,25.58318],[-103.37154,25.58295],[-103.37153,25.58349],[-103.37209,25.58318]]],[[[-103.37583,25.58429],[-103.37475,25.58385],[-103.37457,25.58431],[-103.37583,25.58429]]],[[[-103.37467,25.58391],[-103.37203,25.58214],[-103.37152,25.58284],[-103.37467,25.58391]]],[[[-103.37172,25.58247],[-103.37198,25.58211],[-103.36986,25.57993],[-103.37145,25.5828],[-103.37172,25.58247]]],[[[-103.37049,25.58109],[-103.36958,25.57975],[-103.36919,25.58003],[-103.37069,25.58172],[-103.37049,25.58109]]],[[[-103.37594,25.58642],[-103.37525,25.58624],[-103.37553,25.58762],[-103.37683,25.58761],[-103.37668,25.5866],[-103.37594,25.58642]]],[[[-103.37447,25.58604],[-103.3739,25.5859],[-103.37425,25.58763],[-103.37553,25.58762],[-103.37525,25.58623],[-103.37447,25.58604]]],[[[-103.379,25.58502],[-103.37893,25.58453],[-103.37756,25.58456],[-103.37714,25.58567],[-103.37976,25.58703],[-103.37946,25.58479],[-103.379,25.58502]]],[[[-103.37417,25.58721],[-103.37239,25.58757],[-103.37425,25.58763],[-103.37417,25.58721]]],[[[-103.3347,25.56433],[-103.33453,25.56493],[-103.33574,25.56522],[-103.33584,25.56468],[-103.3347,25.56433]]],[[[-103.33293,25.56896],[-103.33347,25.56865],[-103.33288,25.56849],[-103.33293,25.56896]]],[[[-103.3055,25.59101],[-103.30691,25.5913],[-103.30465,25.59055],[-103.3055,25.59101]]],[[[-103.33367,25.5676],[-103.33413,25.56624],[-103.33367,25.56595],[-103.33319,25.56746],[-103.33367,25.5676]]],[[[-103.33274,25.56637],[-103.33348,25.56649],[-103.33366,25.56595],[-103.33275,25.56589],[-103.33274,25.56637]]],[[[-103.33194,25.56614],[-103.33142,25.56635],[-103.33195,25.56661],[-103.33194,25.56614]]],[[[-103.33073,25.56419],[-103.33069,25.56536],[-103.33119,25.56394],[-103.33073,25.56419]]],[[[-103.33357,25.56521],[-103.33319,25.56474],[-103.3328,25.56575],[-103.33357,25.56521]]],[[[-103.29727,25.58485],[-103.29683,25.58518],[-103.29833,25.58534],[-103.29727,25.58485]]],[[[-103.33212,25.56925],[-103.33005,25.56885],[-103.33051,25.56597],[-103.33104,25.5657],[-103.33052,25.56554],[-103.32986,25.56927],[-103.33248,25.5695],[-103.33264,25.56898],[-103.33212,25.56925]]],[[[-103.30209,25.58856],[-103.30285,25.58943],[-103.30244,25.5889],[-103.30298,25.5885],[-103.30209,25.58856]]],[[[-103.29917,25.5856],[-103.29838,25.58548],[-103.29823,25.58603],[-103.29959,25.58629],[-103.29977,25.58569],[-103.29917,25.5856]]],[[[-103.30284,25.58714],[-103.30311,25.58776],[-103.30331,25.58693],[-103.30284,25.58714]]],[[[-103.33071,25.56895],[-103.33151,25.56869],[-103.33065,25.56846],[-103.33071,25.56895]]],[[[-103.30329,25.58721],[-103.30363,25.58784],[-103.30388,25.58703],[-103.30329,25.58721]]],[[[-103.30182,25.5871],[-103.30098,25.58697],[-103.30206,25.58795],[-103.30182,25.5871]]],[[[-103.3077,25.59055],[-103.30755,25.59117],[-103.30893,25.59134],[-103.3091,25.59055],[-103.3077,25.59055]]],[[[-103.31132,25.59293],[-103.31224,25.59317],[-103.31232,25.59273],[-103.31066,25.59246],[-103.31132,25.59293]]],[[[-103.33372,25.5635],[-103.33345,25.56403],[-103.33421,25.56426],[-103.33372,25.5635]]],[[[-103.33123,25.56804],[-103.3307,25.56837],[-103.33157,25.56858],[-103.33123,25.56804]]],[[[-103.33263,25.56921],[-103.33321,25.56958],[-103.33332,25.56916],[-103.33263,25.56921]]],[[[-103.30256,25.58819],[-103.30229,25.58767],[-103.30215,25.58829],[-103.30256,25.58819]]],[[[-103.29707,25.58566],[-103.29663,25.58607],[-103.29716,25.58615],[-103.29707,25.58566]]],[[[-103.33329,25.56453],[-103.33418,25.56444],[-103.33382,25.56406],[-103.33329,25.56453]]],[[[-103.30543,25.58994],[-103.30632,25.5898],[-103.30497,25.58945],[-103.30543,25.58994]]],[[[-103.30481,25.58978],[-103.30345,25.58915],[-103.30334,25.58971],[-103.30481,25.58978]]],[[[-103.29952,25.58457],[-103.2985,25.58471],[-103.29991,25.58482],[-103.29952,25.58457]]],[[[-103.33661,25.5612],[-103.33572,25.56122],[-103.33479,25.56346],[-103.33544,25.56346],[-103.33545,25.5645],[-103.33657,25.56485],[-103.33661,25.5612]]],[[[-103.3069,25.5909],[-103.30605,25.59095],[-103.3074,25.59141],[-103.3069,25.5909]]],[[[-103.30308,25.58798],[-103.30269,25.58773],[-103.30257,25.58837],[-103.30308,25.58798]]],[[[-103.30325,25.58848],[-103.30366,25.58788],[-103.30318,25.5878],[-103.30325,25.58848]]],[[[-103.30574,25.58962],[-103.30642,25.58946],[-103.30507,25.58905],[-103.30574,25.58962]]],[[[-103.3317,25.56756],[-103.3309,25.5678],[-103.33176,25.56804],[-103.3317,25.56756]]],[[[-103.30238,25.58655],[-103.30117,25.58604],[-103.30109,25.58657],[-103.30238,25.58655]]],[[[-103.29844,25.58476],[-103.29699,25.5842],[-103.29691,25.58478],[-103.29844,25.58476]]],[[[-103.33154,25.56305],[-103.33292,25.56358],[-103.33317,25.56292],[-103.33162,25.56255],[-103.33154,25.56305]]],[[[-103.29713,25.58561],[-103.29831,25.58538],[-103.29681,25.58521],[-103.29713,25.58561]]],[[[-103.33017,25.56247],[-103.33154,25.56305],[-103.33162,25.56255],[-103.33017,25.56247]]],[[[-103.30857,25.59132],[-103.30743,25.59163],[-103.30885,25.59182],[-103.30857,25.59132]]],[[[-103.30403,25.58921],[-103.30489,25.58937],[-103.30501,25.58891],[-103.30353,25.58864],[-103.30403,25.58921]]],[[[-103.30329,25.58854],[-103.3029,25.58943],[-103.30332,25.58948],[-103.30329,25.58854]]],[[[-103.30547,25.58909],[-103.30635,25.5893],[-103.30648,25.5886],[-103.30525,25.58833],[-103.30547,25.58909]]],[[[-103.33178,25.56919],[-103.33212,25.56884],[-103.33166,25.56873],[-103.33178,25.56919]]],[[[-103.30692,25.59003],[-103.30779,25.58997],[-103.30645,25.5895],[-103.30692,25.59003]]],[[[-103.30003,25.58383],[-103.30015,25.58317],[-103.29876,25.58293],[-103.29848,25.58432],[-103.2999,25.58455],[-103.30003,25.58383]]],[[[-103.30964,25.59208],[-103.3106,25.59238],[-103.31069,25.59185],[-103.30964,25.59208]]],[[[-103.30838,25.59179],[-103.30826,25.59224],[-103.30881,25.59205],[-103.30838,25.59179]]],[[[-103.33161,25.56341],[-103.3321,25.56403],[-103.33223,25.56344],[-103.33161,25.56341]]],[[[-103.33257,25.56364],[-103.33329,25.56453],[-103.33344,25.56379],[-103.33231,25.56347],[-103.33215,25.56399],[-103.33257,25.56364]]],[[[-103.32196,25.61055],[-103.32171,25.61018],[-103.3214,25.61078],[-103.32196,25.61055]]],[[[-103.32079,25.61048],[-103.32075,25.60973],[-103.32034,25.61043],[-103.32079,25.61048]]],[[[-103.3203,25.61033],[-103.32033,25.6095],[-103.31988,25.61028],[-103.3203,25.61033]]],[[[-103.31985,25.61026],[-103.32028,25.60947],[-103.31933,25.60901],[-103.31883,25.60992],[-103.31985,25.61026]]],[[[-103.31888,25.60972],[-103.31888,25.60881],[-103.31831,25.60975],[-103.31888,25.60972]]],[[[-103.31837,25.60949],[-103.31878,25.60874],[-103.31836,25.60854],[-103.31781,25.60956],[-103.31837,25.60949]]],[[[-103.31739,25.60914],[-103.31752,25.60813],[-103.31694,25.60915],[-103.31739,25.60914]]],[[[-103.32229,25.60997],[-103.32225,25.60929],[-103.32179,25.61007],[-103.32229,25.60997]]],[[[-103.3218,25.60994],[-103.32189,25.60915],[-103.32132,25.60986],[-103.3218,25.60994]]],[[[-103.32127,25.60964],[-103.32141,25.60906],[-103.32081,25.60961],[-103.32127,25.60964]]],[[[-103.32087,25.60937],[-103.32075,25.6088],[-103.32042,25.60938],[-103.32087,25.60937]]],[[[-103.32037,25.60916],[-103.32033,25.60835],[-103.3199,25.60912],[-103.32037,25.60916]]],[[[-103.31993,25.60892],[-103.31989,25.60814],[-103.31944,25.60892],[-103.31993,25.60892]]],[[[-103.31947,25.60867],[-103.3194,25.60794],[-103.31894,25.60867],[-103.31947,25.60867]]],[[[-103.31893,25.60853],[-103.31893,25.6077],[-103.31849,25.60846],[-103.31893,25.60853]]],[[[-103.32008,25.60784],[-103.32033,25.60821],[-103.32079,25.60749],[-103.32008,25.60784]]],[[[-103.32,25.60782],[-103.31991,25.60705],[-103.31946,25.6078],[-103.32,25.60782]]],[[[-103.3195,25.60756],[-103.31945,25.60681],[-103.31898,25.60754],[-103.3195,25.60756]]],[[[-103.32051,25.60694],[-103.32028,25.60644],[-103.31998,25.60695],[-103.32051,25.60694]]],[[[-103.32,25.60672],[-103.31978,25.60625],[-103.31953,25.60672],[-103.32,25.60672]]],[[[-103.31936,25.61116],[-103.3198,25.61035],[-103.31874,25.60998],[-103.31825,25.61081],[-103.31936,25.61116]]],[[[-103.36069,25.59423],[-103.36037,25.59206],[-103.35999,25.59424],[-103.36069,25.59423]]],[[[-103.36003,25.59365],[-103.36032,25.59204],[-103.3597,25.59191],[-103.35938,25.59362],[-103.36003,25.59365]]],[[[-103.35933,25.59337],[-103.3596,25.59189],[-103.35902,25.59175],[-103.35874,25.59321],[-103.35933,25.59337]]],[[[-103.35869,25.59293],[-103.35894,25.59172],[-103.35852,25.59163],[-103.3582,25.59279],[-103.35869,25.59293]]],[[[-103.35534,25.59217],[-103.35461,25.59088],[-103.35437,25.59211],[-103.35534,25.59217]]],[[[-103.35818,25.59251],[-103.35804,25.59152],[-103.35768,25.59239],[-103.35818,25.59251]]],[[[-103.35779,25.59191],[-103.35796,25.59145],[-103.35717,25.5911],[-103.3569,25.59175],[-103.35779,25.59191]]],[[[-103.35689,25.59152],[-103.35708,25.59105],[-103.35629,25.59071],[-103.35611,25.59118],[-103.35689,25.59152]]],[[[-103.35591,25.59113],[-103.3561,25.59063],[-103.35479,25.59054],[-103.35591,25.59113]]],[[[-103.3547,25.59024],[-103.35483,25.58981],[-103.35339,25.58954],[-103.3547,25.59024]]],[[[-103.35728,25.59563],[-103.35598,25.59491],[-103.35796,25.59633],[-103.35728,25.59563]]],[[[-103.35836,25.59609],[-103.3589,25.59638],[-103.35937,25.59573],[-103.35836,25.59609]]],[[[-103.35933,25.5941],[-103.35855,25.5935],[-103.35853,25.59414],[-103.35984,25.59451],[-103.35933,25.5941]]],[[[-103.35688,25.59337],[-103.35698,25.59383],[-103.35721,25.59251],[-103.35688,25.59337]]],[[[-103.35734,25.59331],[-103.35738,25.594],[-103.35776,25.5929],[-103.35734,25.59331]]],[[[-103.35922,25.59608],[-103.35934,25.59647],[-103.35968,25.59581],[-103.35922,25.59608]]],[[[-103.35945,25.59563],[-103.36089,25.59588],[-103.36102,25.5953],[-103.35952,25.59505],[-103.35945,25.59563]]],[[[-103.35608,25.5944],[-103.35627,25.59488],[-103.35626,25.59349],[-103.35608,25.5944]]],[[[-103.35644,25.59549],[-103.35585,25.59534],[-103.35681,25.59604],[-103.35644,25.59549]]],[[[-103.35813,25.59317],[-103.35765,25.59346],[-103.35852,25.5936],[-103.35813,25.59317]]],[[[-103.35551,25.59512],[-103.35573,25.59555],[-103.35593,25.59486],[-103.35551,25.59512]]],[[[-103.35735,25.5961],[-103.35688,25.59608],[-103.35789,25.59663],[-103.35735,25.5961]]],[[[-103.35756,25.59391],[-103.35846,25.59412],[-103.3585,25.59364],[-103.35756,25.59391]]],[[[-103.3598,25.59499],[-103.36103,25.59523],[-103.36113,25.59472],[-103.3599,25.5945],[-103.3598,25.59499]]],[[[-103.35867,25.59633],[-103.35829,25.59658],[-103.35905,25.59655],[-103.35867,25.59633]]],[[[-103.35544,25.59645],[-103.3552,25.59684],[-103.356,25.59679],[-103.35544,25.59645]]],[[[-103.29854,25.59465],[-103.2965,25.59387],[-103.2964,25.5944],[-103.29854,25.59465]]],[[[-103.29947,25.59382],[-103.29968,25.59281],[-103.29907,25.59268],[-103.29876,25.59389],[-103.29947,25.59382]]],[[[-103.29857,25.59402],[-103.2987,25.59338],[-103.29803,25.59326],[-103.29782,25.59406],[-103.29857,25.59402]]],[[[-103.29773,25.59388],[-103.29789,25.59325],[-103.29724,25.5931],[-103.29705,25.59388],[-103.29773,25.59388]]],[[[-103.29699,25.59363],[-103.29667,25.59298],[-103.2965,25.59381],[-103.29699,25.59363]]],[[[-103.30073,25.59365],[-103.29984,25.59283],[-103.29956,25.59379],[-103.30073,25.59365]]],[[[-103.30019,25.59334],[-103.30067,25.5935],[-103.30121,25.59206],[-103.30019,25.59334]]],[[[-103.29874,25.59317],[-103.29888,25.59253],[-103.29823,25.59239],[-103.29806,25.59316],[-103.29874,25.59317]]],[[[-103.298,25.59303],[-103.29813,25.59238],[-103.29743,25.59225],[-103.29729,25.59301],[-103.298,25.59303]]],[[[-103.2972,25.59285],[-103.29686,25.59215],[-103.29673,25.59291],[-103.2972,25.59285]]],[[[-103.30038,25.59271],[-103.30061,25.59215],[-103.30003,25.59201],[-103.29983,25.59274],[-103.30038,25.59271]]],[[[-103.29972,25.59263],[-103.29989,25.59198],[-103.29926,25.59184],[-103.29909,25.5926],[-103.29972,25.59263]]],[[[-103.29896,25.59226],[-103.29844,25.59155],[-103.29826,25.59232],[-103.29896,25.59226]]],[[[-103.29821,25.59209],[-103.2983,25.59153],[-103.29764,25.59139],[-103.29746,25.59218],[-103.29821,25.59209]]],[[[-103.29736,25.59205],[-103.29708,25.59129],[-103.29689,25.59209],[-103.29736,25.59205]]],[[[-103.30073,25.59191],[-103.30094,25.59128],[-103.30044,25.59118],[-103.30029,25.59198],[-103.30073,25.59191]]],[[[-103.29885,25.59135],[-103.29913,25.59078],[-103.29867,25.5907],[-103.29885,25.59135]]],[[[-103.2979,25.59134],[-103.29849,25.59067],[-103.29782,25.59055],[-103.2979,25.59134]]],[[[-103.29758,25.59112],[-103.29726,25.59043],[-103.29709,25.59118],[-103.29758,25.59112]]],[[[-103.30106,25.59098],[-103.30127,25.59034],[-103.30051,25.59014],[-103.30035,25.59106],[-103.30106,25.59098]]],[[[-103.29964,25.59031],[-103.29997,25.5906],[-103.3,25.58999],[-103.29964,25.59031]]],[[[-103.29875,25.59022],[-103.29944,25.59055],[-103.2996,25.58981],[-103.29888,25.58958],[-103.29875,25.59022]]],[[[-103.29856,25.59042],[-103.29878,25.58954],[-103.29812,25.58933],[-103.29787,25.59047],[-103.29856,25.59042]]],[[[-103.29767,25.59043],[-103.29803,25.58933],[-103.29757,25.58918],[-103.29767,25.59043]]],[[[-103.29775,25.58891],[-103.29971,25.58956],[-103.29847,25.58692],[-103.29655,25.58666],[-103.29583,25.58835],[-103.29775,25.58891]]],[[[-103.29982,25.58827],[-103.30051,25.5897],[-103.30096,25.58953],[-103.29985,25.58721],[-103.29933,25.58727],[-103.29982,25.58827]]],[[[-103.26911,25.58862],[-103.26986,25.58781],[-103.26822,25.58726],[-103.2681,25.58773],[-103.26936,25.58795],[-103.26911,25.58862]]],[[[-103.26703,25.58728],[-103.26729,25.58661],[-103.26675,25.58652],[-103.26641,25.58744],[-103.26703,25.58728]]],[[[-103.26646,25.587],[-103.26693,25.58565],[-103.26626,25.58555],[-103.26572,25.58704],[-103.26646,25.587]]],[[[-103.2668,25.58635],[-103.26729,25.58651],[-103.26752,25.58576],[-103.2668,25.58635]]],[[[-103.27126,25.58588],[-103.27187,25.5844],[-103.27131,25.58443],[-103.2709,25.58616],[-103.27126,25.58588]]],[[[-103.26819,25.58181],[-103.26812,25.58125],[-103.27165,25.58178],[-103.2677,25.58105],[-103.26782,25.58237],[-103.26831,25.58246],[-103.26819,25.58181]]],[[[-103.26712,25.58225],[-103.26775,25.58235],[-103.2676,25.58161],[-103.26698,25.58161],[-103.26712,25.58225]]],[[[-103.26685,25.5813],[-103.26663,25.58087],[-103.26676,25.58177],[-103.26685,25.5813]]],[[[-103.26759,25.58137],[-103.26689,25.58091],[-103.26698,25.58155],[-103.26759,25.58137]]],[[[-103.37777,25.57127],[-103.37707,25.57164],[-103.37807,25.57161],[-103.37777,25.57127]]],[[[-103.37742,25.57209],[-103.37807,25.57173],[-103.37708,25.57176],[-103.37742,25.57209]]],[[[-103.33283,25.54586],[-103.33408,25.54622],[-103.33405,25.54682],[-103.33591,25.54693],[-103.33598,25.54609],[-103.33422,25.54623],[-103.33892,25.54563],[-103.33283,25.54586]]],[[[-103.33513,25.54594],[-103.33649,25.54558],[-103.33479,25.54568],[-103.33513,25.54594]]],[[[-103.32943,25.54667],[-103.33149,25.54617],[-103.3314,25.54576],[-103.32943,25.54667]]],[[[-103.32961,25.54796],[-103.33072,25.54701],[-103.32949,25.54727],[-103.32961,25.54796]]],[[[-103.3273,25.54854],[-103.32949,25.54779],[-103.32713,25.54814],[-103.3273,25.54854]]],[[[-103.32758,25.54798],[-103.3294,25.54728],[-103.3271,25.54764],[-103.32758,25.54798]]],[[[-103.3274,25.54753],[-103.32929,25.54684],[-103.32706,25.54714],[-103.3274,25.54753]]],[[[-103.3277,25.54667],[-103.32918,25.54615],[-103.32755,25.54625],[-103.3277,25.54667]]],[[[-103.3336,25.54558],[-103.33468,25.54559],[-103.33468,25.54507],[-103.33355,25.54505],[-103.3336,25.54558]]],[[[-103.33498,25.54557],[-103.33561,25.54555],[-103.33547,25.54507],[-103.33477,25.54512],[-103.33498,25.54557]]],[[[-103.33677,25.54551],[-103.33741,25.54513],[-103.33659,25.54511],[-103.33677,25.54551]]],[[[-103.33767,25.54504],[-103.3389,25.5447],[-103.33896,25.54326],[-103.33785,25.54344],[-103.33816,25.54469],[-103.33767,25.54504]]],[[[-103.33681,25.54504],[-103.33741,25.54468],[-103.3366,25.54465],[-103.33681,25.54504]]],[[[-103.33574,25.54498],[-103.33647,25.54464],[-103.33546,25.5446],[-103.33574,25.54498]]],[[[-103.33498,25.54497],[-103.33535,25.54457],[-103.33479,25.54456],[-103.33498,25.54497]]],[[[-103.33374,25.54495],[-103.33467,25.54455],[-103.33358,25.54453],[-103.33374,25.54495]]],[[[-103.33309,25.5449],[-103.33345,25.54452],[-103.33242,25.54481],[-103.33309,25.5449]]],[[[-103.33162,25.54506],[-103.33197,25.54467],[-103.33139,25.54471],[-103.33162,25.54506]]],[[[-103.33157,25.54463],[-103.33193,25.54424],[-103.33133,25.54429],[-103.33157,25.54463]]],[[[-103.33557,25.54454],[-103.33647,25.54448],[-103.33536,25.54417],[-103.33557,25.54454]]],[[[-103.33683,25.54457],[-103.33744,25.54422],[-103.3366,25.54419],[-103.33683,25.54457]]],[[[-103.33681,25.54408],[-103.33744,25.54374],[-103.33662,25.54372],[-103.33681,25.54408]]],[[[-103.33545,25.54407],[-103.33647,25.54371],[-103.33527,25.54369],[-103.33545,25.54407]]],[[[-103.33517,25.54361],[-103.33457,25.54331],[-103.33468,25.54405],[-103.33517,25.54361]]],[[[-103.33386,25.54405],[-103.33461,25.54404],[-103.33451,25.54339],[-103.33386,25.54405]]],[[[-103.33223,25.54459],[-103.33385,25.54357],[-103.33259,25.54369],[-103.33223,25.54459]]],[[[-103.33272,25.5436],[-103.33514,25.54314],[-103.33517,25.54265],[-103.33436,25.54316],[-103.33507,25.54264],[-103.33498,25.54095],[-103.33437,25.54097],[-103.33446,25.5426],[-103.33249,25.54285],[-103.33411,25.54332],[-103.33272,25.5436]]],[[[-103.33778,25.54318],[-103.33905,25.54285],[-103.33756,25.54282],[-103.33778,25.54318]]],[[[-103.33545,25.54312],[-103.33648,25.54316],[-103.33569,25.54274],[-103.33648,25.54235],[-103.33521,25.54234],[-103.33545,25.54312]]],[[[-103.33685,25.54271],[-103.33746,25.54233],[-103.33662,25.54235],[-103.33685,25.54271]]],[[[-103.33779,25.54276],[-103.33906,25.54278],[-103.33906,25.54231],[-103.33759,25.54235],[-103.33779,25.54276]]],[[[-103.33678,25.54223],[-103.33745,25.54187],[-103.33661,25.54186],[-103.33678,25.54223]]],[[[-103.33894,25.54179],[-103.33912,25.54085],[-103.33867,25.54078],[-103.33894,25.54179]]],[[[-103.33644,25.54031],[-103.33382,25.54044],[-103.33382,25.5409],[-103.33644,25.54081],[-103.33644,25.54031]]],[[[-103.3287,25.54611],[-103.32928,25.54579],[-103.3266,25.54618],[-103.3287,25.54611]]],[[[-103.33053,25.54559],[-103.33095,25.54577],[-103.33086,25.54515],[-103.33053,25.54559]]],[[[-103.35706,25.59054],[-103.35647,25.59069],[-103.358,25.59135],[-103.35815,25.59086],[-103.35706,25.59054]]],[[[-103.33367,25.54162],[-103.33315,25.54164],[-103.33319,25.54266],[-103.33432,25.54254],[-103.33423,25.54098],[-103.33367,25.54162]]],[[[-103.38035,25.58735],[-103.38006,25.58441],[-103.37946,25.58479],[-103.37975,25.58706],[-103.38035,25.58735]]],[[[-103.32784,25.59951],[-103.32676,25.59957],[-103.32791,25.5999],[-103.32784,25.59951]]],[[[-103.32628,25.59895],[-103.32551,25.59918],[-103.32676,25.59957],[-103.32628,25.59895]]],[[[-103.2959,25.58948],[-103.29577,25.5885],[-103.29544,25.58997],[-103.2959,25.58948]]],[[[-103.29866,25.58716],[-103.29978,25.58965],[-103.30045,25.58981],[-103.29919,25.58708],[-103.29866,25.58716]]],[[[-103.29545,25.58394],[-103.29676,25.58415],[-103.29687,25.58353],[-103.29558,25.58337],[-103.29545,25.58394]]],[[[-103.32441,25.59887],[-103.32551,25.59918],[-103.3257,25.59867],[-103.32461,25.59835],[-103.32441,25.59887]]],[[[-103.33248,25.54275],[-103.33307,25.54267],[-103.33305,25.54164],[-103.33237,25.54167],[-103.33248,25.54275]]],[[[-103.29695,25.58965],[-103.29721,25.59032],[-103.29749,25.58908],[-103.29695,25.58965]]],[[[-103.29646,25.58957],[-103.29671,25.59022],[-103.29704,25.58892],[-103.29646,25.58957]]],[[[-103.29599,25.58949],[-103.29625,25.59013],[-103.29656,25.58876],[-103.29599,25.58949]]],[[[-103.29675,25.59042],[-103.29702,25.59117],[-103.2972,25.59037],[-103.29675,25.59042]]],[[[-103.29629,25.59035],[-103.29653,25.59107],[-103.2967,25.59028],[-103.29629,25.59035]]],[[[-103.29581,25.59027],[-103.29607,25.59098],[-103.29624,25.59019],[-103.29581,25.59027]]],[[[-103.37344,25.58666],[-103.37343,25.5872],[-103.37417,25.58721],[-103.37344,25.58666]]],[[[-103.3739,25.5859],[-103.37344,25.58666],[-103.37405,25.58666],[-103.3739,25.5859]]],[[[-103.33479,25.56346],[-103.33534,25.56444],[-103.33539,25.56346],[-103.33479,25.56346]]],[[[-103.33354,25.56299],[-103.33301,25.5636],[-103.33364,25.56361],[-103.33354,25.56299]]],[[[-103.30373,25.58788],[-103.30507,25.58822],[-103.30539,25.58687],[-103.30399,25.58667],[-103.30373,25.58788]]],[[[-103.29877,25.58545],[-103.29973,25.58561],[-103.29987,25.585],[-103.29892,25.58481],[-103.29877,25.58545]]],[[[-103.36471,25.66431],[-103.36536,25.66612],[-103.36611,25.66584],[-103.36556,25.66363],[-103.36471,25.66431]]],[[[-103.36555,25.66674],[-103.36581,25.66777],[-103.36597,25.66596],[-103.36555,25.66674]]],[[[-103.34384,25.60453],[-103.34211,25.60359],[-103.34185,25.60409],[-103.34384,25.60453]]],[[[-103.34219,25.60316],[-103.34184,25.60274],[-103.34136,25.60326],[-103.34219,25.60316]]],[[[-103.34249,25.60262],[-103.34281,25.60217],[-103.34199,25.60201],[-103.34186,25.60269],[-103.34249,25.60262]]],[[[-103.34669,25.60369],[-103.34595,25.60319],[-103.34566,25.60374],[-103.34669,25.60369]]],[[[-103.34571,25.60344],[-103.34496,25.60295],[-103.34467,25.6035],[-103.34571,25.60344]]],[[[-103.34495,25.60286],[-103.34528,25.6022],[-103.34484,25.60216],[-103.34495,25.60286]]],[[[-103.34725,25.60287],[-103.34646,25.60242],[-103.34634,25.60282],[-103.34725,25.60287]]],[[[-103.34612,25.60236],[-103.34522,25.60254],[-103.34624,25.6028],[-103.34612,25.60236]]],[[[-103.34186,25.60213],[-103.3414,25.60173],[-103.34199,25.60152],[-103.34043,25.6019],[-103.34067,25.6013],[-103.34,25.60127],[-103.33934,25.60247],[-103.34128,25.60331],[-103.34071,25.60201],[-103.34186,25.60213]]],[[[-103.34741,25.60178],[-103.34615,25.60179],[-103.34782,25.60186],[-103.34741,25.60178]]],[[[-103.34796,25.60161],[-103.34831,25.601],[-103.34538,25.60115],[-103.34796,25.60161]]],[[[-103.3507,25.60066],[-103.35065,25.60153],[-103.35116,25.6006],[-103.3507,25.60066]]],[[[-103.35518,25.59994],[-103.35415,25.60018],[-103.35804,25.5996],[-103.35518,25.59994]]],[[[-103.35301,25.60026],[-103.35139,25.60057],[-103.35384,25.60013],[-103.35301,25.60026]]],[[[-103.3413,25.60366],[-103.34085,25.6037],[-103.34176,25.60405],[-103.3413,25.60366]]],[[[-103.32938,25.59995],[-103.32797,25.59993],[-103.33149,25.60057],[-103.32938,25.59995]]],[[[-103.35881,25.59951],[-103.35831,25.59958],[-103.35881,25.60019],[-103.35881,25.59951]]],[[[-103.35218,25.62355],[-103.35143,25.62398],[-103.35324,25.62425],[-103.35336,25.62377],[-103.35218,25.62355]]],[[[-103.35494,25.6243],[-103.35551,25.624],[-103.35461,25.62386],[-103.35494,25.6243]]],[[[-103.35565,25.62297],[-103.35487,25.62239],[-103.35477,25.62298],[-103.35565,25.62297]]],[[[-103.35418,25.6229],[-103.35462,25.62268],[-103.35382,25.62256],[-103.35418,25.6229]]],[[[-103.35356,25.62265],[-103.3529,25.62225],[-103.35281,25.62268],[-103.35356,25.62265]]],[[[-103.35269,25.62252],[-103.35211,25.62213],[-103.35201,25.62256],[-103.35269,25.62252]]],[[[-103.35451,25.6222],[-103.35392,25.62192],[-103.35386,25.62239],[-103.35451,25.6222]]],[[[-103.35431,25.62197],[-103.35467,25.62148],[-103.35413,25.6212],[-103.35431,25.62197]]],[[[-103.35433,25.62119],[-103.35488,25.62079],[-103.35427,25.62071],[-103.35433,25.62119]]],[[[-103.35388,25.62149],[-103.35413,25.62069],[-103.35323,25.6206],[-103.35296,25.62139],[-103.35388,25.62149]]],[[[-103.35344,25.62211],[-103.35296,25.62149],[-103.35289,25.62216],[-103.35344,25.62211]]],[[[-103.38059,25.59999],[-103.38088,25.59929],[-103.38029,25.59904],[-103.37996,25.59955],[-103.38059,25.59999]]],[[[-103.363,25.60195],[-103.36268,25.60139],[-103.36019,25.6019],[-103.3603,25.60252],[-103.363,25.60195]]],[[[-103.35942,25.60205],[-103.35864,25.60283],[-103.3597,25.60264],[-103.35942,25.60205]]],[[[-103.36218,25.60055],[-103.3613,25.60048],[-103.36153,25.60156],[-103.36263,25.60132],[-103.36218,25.60055]]],[[[-103.36117,25.60115],[-103.36087,25.60168],[-103.36143,25.60156],[-103.36117,25.60115]]],[[[-103.36072,25.60147],[-103.36009,25.60136],[-103.36017,25.60181],[-103.36072,25.60147]]],[[[-103.35929,25.60153],[-103.35874,25.60209],[-103.35956,25.60193],[-103.35929,25.60153]]],[[[-103.3611,25.60052],[-103.36076,25.60114],[-103.36131,25.60103],[-103.3611,25.60052]]],[[[-103.36061,25.6009],[-103.35944,25.60085],[-103.35953,25.60139],[-103.36061,25.6009]]],[[[-103.35929,25.60088],[-103.35883,25.60153],[-103.35944,25.60141],[-103.35929,25.60088]]],[[[-103.36173,25.59977],[-103.36111,25.59966],[-103.36126,25.6004],[-103.36201,25.60026],[-103.36173,25.59977]]],[[[-103.36114,25.60022],[-103.36047,25.59984],[-103.36063,25.60056],[-103.36114,25.60022]]],[[[-103.36025,25.60007],[-103.35995,25.60068],[-103.36054,25.60057],[-103.36025,25.60007]]],[[[-103.36145,25.5993],[-103.35906,25.59985],[-103.36027,25.59998],[-103.36145,25.5993]]],[[[-103.37835,25.60683],[-103.37868,25.60742],[-103.37889,25.60695],[-103.37835,25.60683]]],[[[-103.37859,25.60631],[-103.37894,25.60688],[-103.37916,25.6064],[-103.37859,25.60631]]],[[[-103.38018,25.6052],[-103.38056,25.60497],[-103.38004,25.60478],[-103.38018,25.6052]]],[[[-103.38147,25.60484],[-103.38159,25.60525],[-103.38189,25.60482],[-103.38147,25.60484]]],[[[-103.38326,25.60293],[-103.38381,25.60257],[-103.38318,25.60232],[-103.38326,25.60293]]],[[[-103.38433,25.6024],[-103.38473,25.60225],[-103.3842,25.60201],[-103.38433,25.6024]]],[[[-103.38222,25.6016],[-103.38195,25.60088],[-103.38167,25.60154],[-103.38222,25.6016]]],[[[-103.38534,25.60096],[-103.38495,25.60042],[-103.38483,25.60096],[-103.38534,25.60096]]],[[[-103.38471,25.60071],[-103.38422,25.60013],[-103.38399,25.60063],[-103.38471,25.60071]]],[[[-103.38373,25.60044],[-103.38415,25.6001],[-103.38357,25.60001],[-103.38373,25.60044]]],[[[-103.38794,25.59975],[-103.38768,25.60016],[-103.38838,25.60024],[-103.38794,25.59975]]],[[[-103.38722,25.59978],[-103.38688,25.6003],[-103.38758,25.60027],[-103.38722,25.59978]]],[[[-103.38883,25.59852],[-103.3884,25.59904],[-103.38898,25.59901],[-103.38883,25.59852]]],[[[-103.39331,25.59789],[-103.39251,25.598],[-103.39343,25.5987],[-103.39331,25.59789]]],[[[-103.39397,25.59874],[-103.39347,25.59788],[-103.39349,25.59905],[-103.39397,25.59874]]],[[[-103.41441,25.60134],[-103.41447,25.60196],[-103.41573,25.60161],[-103.4156,25.60116],[-103.41594,25.6016],[-103.41571,25.60074],[-103.41441,25.60134]]],[[[-103.41437,25.60189],[-103.41389,25.60121],[-103.41399,25.60205],[-103.41437,25.60189]]],[[[-103.41376,25.60187],[-103.41329,25.60123],[-103.41339,25.60218],[-103.41376,25.60187]]],[[[-103.41328,25.60205],[-103.41279,25.60131],[-103.4129,25.60229],[-103.41328,25.60205]]],[[[-103.4127,25.6022],[-103.41221,25.60137],[-103.41233,25.60243],[-103.4127,25.6022]]],[[[-103.41121,25.60253],[-103.4107,25.60153],[-103.41083,25.60276],[-103.41121,25.60253]]],[[[-103.41064,25.60273],[-103.41051,25.60153],[-103.41008,25.60157],[-103.41018,25.60291],[-103.41064,25.60273]]],[[[-103.41002,25.60249],[-103.4096,25.60165],[-103.40979,25.603],[-103.41002,25.60249]]],[[[-103.41743,25.60009],[-103.41752,25.5995],[-103.41667,25.60049],[-103.41743,25.60009]]],[[[-103.41735,25.59956],[-103.4184,25.59903],[-103.41667,25.59918],[-103.41659,25.59996],[-103.41735,25.59956]]],[[[-103.41602,25.59944],[-103.41421,25.59954],[-103.41424,25.60004],[-103.41522,25.60016],[-103.41522,25.60073],[-103.41619,25.60052],[-103.41602,25.59944]]],[[[-103.41246,25.6002],[-103.41199,25.59956],[-103.41218,25.60118],[-103.41246,25.6002]]],[[[-103.41197,25.60016],[-103.41144,25.59962],[-103.41154,25.60044],[-103.41197,25.60016]]],[[[-103.41143,25.60038],[-103.41095,25.59966],[-103.41107,25.60065],[-103.41143,25.60038]]],[[[-103.41042,25.60076],[-103.40994,25.59975],[-103.41007,25.60143],[-103.41042,25.60076]]],[[[-103.4168,25.59885],[-103.41638,25.59834],[-103.41653,25.59911],[-103.41733,25.59891],[-103.4168,25.59885]]],[[[-103.41864,25.59806],[-103.41828,25.59831],[-103.41903,25.59855],[-103.41864,25.59806]]],[[[-103.41352,25.59837],[-103.41406,25.59919],[-103.41396,25.5982],[-103.41352,25.59837]]],[[[-103.41187,25.59929],[-103.41139,25.59819],[-103.41144,25.59943],[-103.41187,25.59929]]],[[[-103.41131,25.59925],[-103.41121,25.59813],[-103.41077,25.59814],[-103.41091,25.59948],[-103.41131,25.59925]]],[[[-103.41906,25.59735],[-103.41895,25.59693],[-103.41863,25.59796],[-103.41906,25.59735]]],[[[-103.41836,25.59731],[-103.41788,25.59707],[-103.41808,25.5983],[-103.41872,25.59684],[-103.41836,25.59731]]],[[[-103.41679,25.59799],[-103.41634,25.59778],[-103.41637,25.59828],[-103.41679,25.59799]]],[[[-103.41626,25.59767],[-103.41619,25.59672],[-103.41599,25.59832],[-103.41626,25.59767]]],[[[-103.41676,25.59748],[-103.41668,25.59644],[-103.41636,25.59768],[-103.41676,25.59748]]],[[[-103.41788,25.5968],[-103.41828,25.59697],[-103.41824,25.59579],[-103.41788,25.5968]]],[[[-103.41734,25.59649],[-103.41778,25.59699],[-103.41772,25.59596],[-103.41734,25.59649]]],[[[-103.41884,25.59572],[-103.41932,25.59556],[-103.41877,25.59526],[-103.41884,25.59572]]],[[[-103.41454,25.60049],[-103.41425,25.60015],[-103.41437,25.60098],[-103.41514,25.6008],[-103.41454,25.60049]]],[[[-103.41424,25.6008],[-103.41408,25.59932],[-103.41366,25.59936],[-103.41387,25.60102],[-103.41424,25.6008]]],[[[-103.41366,25.60093],[-103.41328,25.59953],[-103.41328,25.60108],[-103.41366,25.60093]]],[[[-103.41315,25.60085],[-103.41263,25.59991],[-103.41282,25.60111],[-103.41315,25.60085]]],[[[-103.41099,25.60082],[-103.41043,25.59971],[-103.41064,25.60136],[-103.41099,25.60082]]],[[[-103.41629,25.60016],[-103.41662,25.60052],[-103.41649,25.59925],[-103.41629,25.60016]]],[[[-103.40742,25.60157],[-103.40776,25.60081],[-103.40716,25.60079],[-103.40742,25.60157]]],[[[-103.40751,25.60072],[-103.40778,25.59992],[-103.40728,25.59997],[-103.40751,25.60072]]],[[[-103.4176,25.59859],[-103.41821,25.59841],[-103.41741,25.59824],[-103.4176,25.59859]]],[[[-103.36276,25.66896],[-103.36292,25.66826],[-103.36254,25.66932],[-103.36276,25.66896]]],[[[-103.36211,25.6691],[-103.36152,25.66955],[-103.36252,25.66941],[-103.36211,25.6691]]],[[[-103.36253,25.66884],[-103.36312,25.66754],[-103.36237,25.66764],[-103.36208,25.6687],[-103.36253,25.66884]]],[[[-103.36192,25.66868],[-103.36148,25.66907],[-103.3622,25.66901],[-103.36192,25.66868]]],[[[-103.3607,25.66862],[-103.36011,25.66855],[-103.36049,25.66935],[-103.36139,25.66898],[-103.36137,25.66828],[-103.3607,25.66862]]],[[[-103.36316,25.66805],[-103.365,25.66695],[-103.36384,25.66647],[-103.36366,25.66701],[-103.36348,25.66639],[-103.36316,25.66805]]],[[[-103.36176,25.66792],[-103.36114,25.6679],[-103.36204,25.66818],[-103.36228,25.66741],[-103.36101,25.6674],[-103.36176,25.66792]]],[[[-103.36067,25.66817],[-103.36094,25.66733],[-103.36041,25.66718],[-103.36005,25.66851],[-103.36067,25.66817]]],[[[-103.36277,25.66748],[-103.36275,25.66689],[-103.36232,25.66758],[-103.36277,25.66748]]],[[[-103.36437,25.66668],[-103.3649,25.66667],[-103.36474,25.66604],[-103.36398,25.66637],[-103.36437,25.66668]]],[[[-103.36421,25.66616],[-103.36457,25.66546],[-103.36359,25.66633],[-103.36421,25.66616]]],[[[-103.36352,25.66616],[-103.36446,25.66495],[-103.36319,25.6654],[-103.36352,25.66616]]],[[[-103.36273,25.66528],[-103.36314,25.66546],[-103.36255,25.66489],[-103.36273,25.66528]]],[[[-103.36175,25.6652],[-103.36128,25.66483],[-103.36093,25.66548],[-103.36175,25.6652]]],[[[-103.36377,25.66508],[-103.36377,25.6639],[-103.36429,25.66433],[-103.36375,25.66326],[-103.36301,25.66485],[-103.36316,25.66536],[-103.36377,25.66508]]],[[[-103.36215,25.66395],[-103.36276,25.6641],[-103.3619,25.66344],[-103.36158,25.66391],[-103.36215,25.66395]]],[[[-103.3613,25.66412],[-103.36198,25.66307],[-103.3614,25.66303],[-103.3613,25.66412]]],[[[-103.36299,25.66383],[-103.36238,25.66301],[-103.36198,25.66338],[-103.36299,25.66383]]],[[[-103.36355,25.66309],[-103.36287,25.66253],[-103.36245,25.66294],[-103.36327,25.66356],[-103.36355,25.66309]]],[[[-103.36212,25.66274],[-103.36265,25.66177],[-103.36221,25.66171],[-103.36212,25.66274]]],[[[-103.36425,25.66377],[-103.3645,25.66472],[-103.36454,25.66396],[-103.36556,25.66363],[-103.36515,25.66302],[-103.36425,25.66377]]],[[[-103.36447,25.66333],[-103.36422,25.66278],[-103.36382,25.66318],[-103.36447,25.66333]]],[[[-103.36385,25.66301],[-103.36415,25.66272],[-103.36336,25.66207],[-103.36295,25.66245],[-103.36385,25.66301]]],[[[-103.36494,25.66303],[-103.36463,25.66236],[-103.36428,25.66271],[-103.36494,25.66303]]],[[[-103.36427,25.6626],[-103.36376,25.66169],[-103.36342,25.66201],[-103.36427,25.6626]]],[[[-103.36505,25.66691],[-103.36552,25.66718],[-103.36531,25.66613],[-103.36505,25.66691]]],[[[-103.40638,25.64248],[-103.40654,25.64287],[-103.40668,25.6412],[-103.40547,25.6417],[-103.40638,25.64248]]],[[[-103.40663,25.64097],[-103.4065,25.64045],[-103.40605,25.64067],[-103.40618,25.64126],[-103.40663,25.64097]]],[[[-103.40594,25.64064],[-103.40644,25.63985],[-103.40569,25.63995],[-103.40594,25.64064]]],[[[-103.40638,25.63965],[-103.40552,25.6391],[-103.40567,25.63991],[-103.40638,25.63965]]],[[[-103.40566,25.63819],[-103.40519,25.63783],[-103.40542,25.63876],[-103.40566,25.63819]]],[[[-103.37889,25.64298],[-103.37822,25.64168],[-103.37747,25.64182],[-103.37861,25.64429],[-103.37953,25.64415],[-103.37889,25.64298]]],[[[-103.3778,25.64283],[-103.3771,25.64263],[-103.37728,25.64318],[-103.3778,25.64283]]],[[[-103.37759,25.6413],[-103.37732,25.63869],[-103.37616,25.63922],[-103.37737,25.6417],[-103.37759,25.6413]]],[[[-103.37433,25.6396],[-103.37144,25.64084],[-103.37508,25.63968],[-103.37433,25.6396]]],[[[-103.37592,25.639],[-103.37611,25.63827],[-103.37179,25.64026],[-103.37547,25.63907],[-103.37514,25.63971],[-103.37592,25.639]]],[[[-103.37403,25.63896],[-103.3753,25.63857],[-103.37456,25.63868],[-103.37526,25.63803],[-103.37473,25.63759],[-103.37403,25.63896]]],[[[-103.37657,25.63901],[-103.3784,25.63746],[-103.37757,25.6369],[-103.37616,25.63914],[-103.37657,25.63901]]],[[[-103.37852,25.63732],[-103.37947,25.636],[-103.37833,25.6359],[-103.37758,25.63688],[-103.37852,25.63732]]],[[[-103.37846,25.63557],[-103.37953,25.63416],[-103.37891,25.6336],[-103.37846,25.63557]]],[[[-103.37982,25.63581],[-103.3795,25.63454],[-103.37841,25.63581],[-103.37982,25.63581]]],[[[-103.38021,25.63552],[-103.38035,25.63438],[-103.37972,25.63428],[-103.38021,25.63552]]],[[[-103.38087,25.63565],[-103.38045,25.63491],[-103.38037,25.63572],[-103.38087,25.63565]]],[[[-103.38159,25.6358],[-103.38114,25.63622],[-103.38211,25.63629],[-103.38215,25.63556],[-103.38159,25.6358]]],[[[-103.38154,25.63574],[-103.38101,25.63522],[-103.38097,25.63578],[-103.38154,25.63574]]],[[[-103.3825,25.63576],[-103.38216,25.63476],[-103.38219,25.63622],[-103.3825,25.63576]]],[[[-103.38273,25.63615],[-103.3838,25.63381],[-103.38214,25.6346],[-103.38263,25.63471],[-103.38273,25.63615]]],[[[-103.38038,25.63422],[-103.38036,25.63345],[-103.37978,25.63418],[-103.38038,25.63422]]],[[[-103.37974,25.63397],[-103.38026,25.63314],[-103.37919,25.63373],[-103.37974,25.63397]]],[[[-103.38612,25.63425],[-103.38396,25.6339],[-103.38373,25.63445],[-103.3843,25.63415],[-103.38436,25.63459],[-103.38374,25.63506],[-103.38418,25.63535],[-103.38485,25.63426],[-103.38612,25.63425]]],[[[-103.38346,25.63348],[-103.38296,25.6341],[-103.38384,25.63368],[-103.38372,25.63136],[-103.38346,25.63348]]],[[[-103.38568,25.63372],[-103.38558,25.6329],[-103.38527,25.6335],[-103.38521,25.63295],[-103.3844,25.63302],[-103.38544,25.63281],[-103.38511,25.63201],[-103.38465,25.63246],[-103.38447,25.63184],[-103.38448,25.6324],[-103.38444,25.63119],[-103.38388,25.63132],[-103.38395,25.63384],[-103.38568,25.63372]]],[[[-103.38349,25.63745],[-103.38424,25.63705],[-103.38335,25.63651],[-103.38349,25.63745]]],[[[-103.3858,25.6375],[-103.38631,25.63829],[-103.38657,25.63794],[-103.3858,25.6375]]],[[[-103.38148,25.63364],[-103.38059,25.63364],[-103.3805,25.63438],[-103.38247,25.63436],[-103.38148,25.63364]]],[[[-103.37772,25.63886],[-103.37772,25.64131],[-103.37977,25.63839],[-103.37772,25.63886]]],[[[-103.37979,25.63665],[-103.38107,25.63589],[-103.37998,25.63578],[-103.37979,25.63665]]],[[[-103.38613,25.63382],[-103.38607,25.63338],[-103.38613,25.63418],[-103.38699,25.63458],[-103.38667,25.63288],[-103.38563,25.63293],[-103.38613,25.63382]]],[[[-103.37927,25.63751],[-103.38,25.63733],[-103.37975,25.63676],[-103.37899,25.6371],[-103.37927,25.63751]]],[[[-103.37803,25.63805],[-103.37902,25.63761],[-103.37872,25.63729],[-103.37803,25.63805]]],[[[-103.38272,25.63726],[-103.38328,25.63645],[-103.38201,25.63633],[-103.38192,25.63724],[-103.38272,25.63726]]],[[[-103.37783,25.63814],[-103.3776,25.6388],[-103.37825,25.63826],[-103.37783,25.63814]]],[[[-103.37953,25.64453],[-103.37866,25.64472],[-103.37883,25.64554],[-103.37955,25.64533],[-103.37953,25.64453]]],[[[-103.38822,25.63253],[-103.38673,25.63218],[-103.387,25.63287],[-103.38822,25.63253]]],[[[-103.38112,25.63709],[-103.38186,25.63709],[-103.38196,25.63634],[-103.38111,25.63637],[-103.38112,25.63709]]],[[[-103.38396,25.63625],[-103.38278,25.63595],[-103.38552,25.6378],[-103.38521,25.63687],[-103.38396,25.63625]]],[[[-103.38487,25.6378],[-103.38615,25.63828],[-103.38431,25.6371],[-103.38487,25.6378]]],[[[-103.38024,25.63666],[-103.37978,25.63675],[-103.38004,25.63735],[-103.38107,25.63718],[-103.38104,25.63641],[-103.38024,25.63666]]],[[[-103.37961,25.63748],[-103.37831,25.63827],[-103.37982,25.63824],[-103.37961,25.63748]]],[[[-103.38134,25.63716],[-103.38036,25.63736],[-103.37984,25.63864],[-103.38134,25.63716]]],[[[-103.42232,25.60056],[-103.42207,25.59983],[-103.42191,25.60067],[-103.42232,25.60056]]],[[[-103.42185,25.60051],[-103.42198,25.59982],[-103.42107,25.59974],[-103.4209,25.60051],[-103.42185,25.60051]]],[[[-103.42088,25.60023],[-103.42099,25.59972],[-103.42022,25.59958],[-103.42001,25.60036],[-103.42088,25.60023]]],[[[-103.42124,25.59951],[-103.4216,25.59736],[-103.4206,25.59956],[-103.42124,25.59951]]],[[[-103.42056,25.59941],[-103.42153,25.59731],[-103.42114,25.59702],[-103.42,25.59948],[-103.42056,25.59941]]],[[[-103.42354,25.59706],[-103.4231,25.59687],[-103.4227,25.5976],[-103.42341,25.59791],[-103.42354,25.59706]]],[[[-103.42279,25.59673],[-103.4221,25.59733],[-103.42261,25.59755],[-103.42279,25.59673]]],[[[-103.42215,25.59699],[-103.4221,25.5964],[-103.42169,25.59716],[-103.42215,25.59699]]],[[[-103.42179,25.59676],[-103.4215,25.59612],[-103.42113,25.59682],[-103.42179,25.59676]]],[[[-103.42121,25.59593],[-103.42127,25.59635],[-103.42181,25.59526],[-103.42121,25.59593]]],[[[-103.42205,25.59486],[-103.42197,25.59445],[-103.42126,25.5949],[-103.42205,25.59486]]],[[[-103.42605,25.60069],[-103.42688,25.60115],[-103.42729,25.59979],[-103.4265,25.59946],[-103.42629,25.59994],[-103.42635,25.59936],[-103.4221,25.59745],[-103.42605,25.60069]]],[[[-103.42529,25.60031],[-103.42514,25.60121],[-103.4268,25.60149],[-103.42529,25.60031]]],[[[-103.42412,25.60025],[-103.42397,25.60102],[-103.42509,25.60125],[-103.42523,25.60037],[-103.42412,25.60025]]],[[[-103.4229,25.59906],[-103.42242,25.59894],[-103.42218,25.59983],[-103.42352,25.59999],[-103.42372,25.59926],[-103.4229,25.59906]]],[[[-103.42358,25.599],[-103.42197,25.59764],[-103.42157,25.59856],[-103.42391,25.59927],[-103.42358,25.599]]],[[[-103.4241,25.59727],[-103.42369,25.59803],[-103.42505,25.59867],[-103.42546,25.5979],[-103.4241,25.59727]]],[[[-103.38555,25.63217],[-103.38608,25.63282],[-103.386,25.632],[-103.38555,25.63217]]],[[[-103.38633,25.6328],[-103.38666,25.63223],[-103.38612,25.63228],[-103.38633,25.6328]]],[[[-103.38446,25.63505],[-103.38411,25.63557],[-103.38455,25.63578],[-103.38534,25.63455],[-103.38446,25.63505]]],[[[-103.38306,25.63742],[-103.38136,25.63764],[-103.38342,25.63789],[-103.38611,25.63923],[-103.38652,25.63852],[-103.38306,25.63742]]],[[[-103.42266,25.60029],[-103.42274,25.6008],[-103.42292,25.59997],[-103.42266,25.60029]]],[[[-103.42293,25.60036],[-103.42316,25.60091],[-103.4234,25.60005],[-103.42293,25.60036]]],[[[-103.42466,25.59987],[-103.42422,25.59957],[-103.42408,25.6001],[-103.42466,25.59987]]],[[[-103.34401,25.60472],[-103.34584,25.6053],[-103.34611,25.60483],[-103.34401,25.60472]]],[[[-103.40949,25.59936],[-103.41018,25.59956],[-103.4093,25.59875],[-103.40949,25.59936]]],[[[-103.41046,25.59832],[-103.40936,25.5981],[-103.4093,25.59875],[-103.41046,25.59832]]],[[[-103.36703,25.62586],[-103.36778,25.62531],[-103.36746,25.62495],[-103.3659,25.62672],[-103.36703,25.62586]]],[[[-103.37748,25.63507],[-103.37808,25.63555],[-103.37847,25.63406],[-103.37748,25.63507]]]]},"properties":{"SIMBOLOGIA":"Habitacional Ejidal (HE)"}},{"type":"Feature","geometry":{"type":"MultiPolygon","coordinates":[[[[-103.41397,25.57729],[-103.41225,25.58006],[-103.41123,25.57961],[-103.41202,25.58047],[-103.41115,25.58024],[-103.41172,25.58096],[-103.41099,25.58079],[-103.41141,25.58144],[-103.41073,25.58131],[-103.41067,25.58262],[-103.41082,25.58201],[-103.40996,25.58225],[-103.41028,25.58174],[-103.40952,25.58202],[-103.40975,25.58146],[-103.40898,25.58174],[-103.40877,25.581],[-103.40835,25.58163],[-103.40843,25.58085],[-103.40766,25.5815],[-103.40417,25.57998],[-103.41093,25.58289],[-103.41397,25.57729]]],[[[-103.41366,25.57706],[-103.41291,25.57781],[-103.41334,25.57803],[-103.41366,25.57706]]],[[[-103.41306,25.57676],[-103.41259,25.57698],[-103.41313,25.57721],[-103.41306,25.57676]]],[[[-103.41288,25.57726],[-103.41188,25.57715],[-103.4128,25.57777],[-103.41288,25.57726]]],[[[-103.4116,25.57774],[-103.41081,25.57757],[-103.41147,25.57821],[-103.4116,25.57774]]],[[[-103.41253,25.57897],[-103.41152,25.57846],[-103.41135,25.57888],[-103.41246,25.57944],[-103.41253,25.57897]]],[[[-103.41184,25.57796],[-103.41158,25.57833],[-103.41277,25.57895],[-103.41327,25.57814],[-103.41208,25.57752],[-103.41184,25.57796]]],[[[-103.41107,25.57921],[-103.41135,25.57837],[-103.41062,25.57763],[-103.41018,25.57781],[-103.41071,25.57861],[-103.41006,25.57785],[-103.40885,25.57832],[-103.40985,25.57844],[-103.40996,25.57922],[-103.41107,25.57921]]],[[[-103.41102,25.57976],[-103.40935,25.57939],[-103.40946,25.57985],[-103.41102,25.57976]]],[[[-103.41091,25.58036],[-103.40949,25.57997],[-103.4095,25.58045],[-103.41091,25.58036]]],[[[-103.40777,25.58121],[-103.40806,25.58073],[-103.40759,25.58056],[-103.40723,25.58115],[-103.40777,25.58121]]],[[[-103.40933,25.58076],[-103.40932,25.57999],[-103.40866,25.58031],[-103.40921,25.57943],[-103.40757,25.57997],[-103.40933,25.58076]]],[[[-103.40906,25.57911],[-103.40741,25.57941],[-103.40755,25.57985],[-103.40906,25.57911]]],[[[-103.40881,25.57858],[-103.40717,25.57888],[-103.40735,25.57931],[-103.40881,25.57858]]],[[[-103.40708,25.57916],[-103.40466,25.57985],[-103.4052,25.58012],[-103.40708,25.57916]]],[[[-103.40582,25.57645],[-103.40557,25.57591],[-103.40658,25.57639],[-103.40716,25.57559],[-103.40596,25.57484],[-103.40671,25.57538],[-103.40559,25.57553],[-103.40583,25.57485],[-103.40528,25.57468],[-103.40495,25.57562],[-103.40465,25.57501],[-103.40514,25.57468],[-103.40438,25.57428],[-103.40379,25.57477],[-103.40446,25.57511],[-103.40419,25.57565],[-103.40366,25.57482],[-103.40255,25.57505],[-103.40347,25.57567],[-103.40245,25.57565],[-103.40242,25.57504],[-103.40104,25.57512],[-103.40203,25.57559],[-103.40094,25.57574],[-103.40061,25.57514],[-103.4006,25.57617],[-103.40141,25.57657],[-103.40087,25.57607],[-103.40217,25.57655],[-103.40249,25.576],[-103.40463,25.5759],[-103.40493,25.57641],[-103.40537,25.57588],[-103.40518,25.57694],[-103.40582,25.57645]]],[[[-103.40273,25.57724],[-103.40383,25.57781],[-103.40518,25.57732],[-103.40352,25.5774],[-103.40486,25.57666],[-103.40468,25.57623],[-103.40329,25.57631],[-103.40368,25.57664],[-103.40291,25.57694],[-103.40354,25.5772],[-103.40273,25.57724]]],[[[-103.40735,25.58003],[-103.40723,25.57949],[-103.40617,25.57994],[-103.40735,25.58003]]],[[[-103.40503,25.57374],[-103.40567,25.57371],[-103.40576,25.57249],[-103.40701,25.5726],[-103.40689,25.57373],[-103.40601,25.5736],[-103.40704,25.57399],[-103.40737,25.57241],[-103.39434,25.57105],[-103.39717,25.57161],[-103.39728,25.57269],[-103.39783,25.57266],[-103.39776,25.57164],[-103.39859,25.57176],[-103.3979,25.57191],[-103.39796,25.57266],[-103.39851,25.57245],[-103.39864,25.57412],[-103.39764,25.57402],[-103.39731,25.5729],[-103.39774,25.5743],[-103.4001,25.57451],[-103.39927,25.57404],[-103.39909,25.57296],[-103.39942,25.57402],[-103.40007,25.57412],[-103.39987,25.57261],[-103.39894,25.57241],[-103.40025,25.57243],[-103.40017,25.57332],[-103.40084,25.57272],[-103.40066,25.57204],[-103.39904,25.57168],[-103.40086,25.57194],[-103.40097,25.57268],[-103.4024,25.57279],[-103.40243,25.57226],[-103.40133,25.57198],[-103.40264,25.57214],[-103.40297,25.57285],[-103.40317,25.5722],[-103.40484,25.57231],[-103.40331,25.57238],[-103.40407,25.57311],[-103.40543,25.57229],[-103.4055,25.57317],[-103.40418,25.57321],[-103.40503,25.57374]]],[[[-103.399,25.57486],[-103.39817,25.57465],[-103.3989,25.5752],[-103.39703,25.57614],[-103.39882,25.57606],[-103.39904,25.57543],[-103.3988,25.57607],[-103.39998,25.57598],[-103.39888,25.57578],[-103.39995,25.57565],[-103.399,25.57486]]],[[[-103.40374,25.57361],[-103.40253,25.57332],[-103.40346,25.57364],[-103.40187,25.5745],[-103.40148,25.5736],[-103.40082,25.57389],[-103.40147,25.57348],[-103.40109,25.57318],[-103.40067,25.57431],[-103.40135,25.57435],[-103.40071,25.57492],[-103.40347,25.57466],[-103.40411,25.5742],[-103.40326,25.57432],[-103.40374,25.57361]]],[[[-103.40937,25.57778],[-103.41054,25.57748],[-103.41026,25.57689],[-103.40916,25.57731],[-103.41034,25.57741],[-103.40937,25.57778]]],[[[-103.40607,25.57345],[-103.40674,25.57353],[-103.40689,25.57275],[-103.4059,25.57266],[-103.40607,25.57345]]],[[[-103.3972,25.57579],[-103.39758,25.57503],[-103.39714,25.57489],[-103.39718,25.57549],[-103.39711,25.57449],[-103.39594,25.57419],[-103.39688,25.5749],[-103.3968,25.57558],[-103.39604,25.57536],[-103.39633,25.57461],[-103.39508,25.57434],[-103.39534,25.57375],[-103.39579,25.57403],[-103.39525,25.57334],[-103.39486,25.57438],[-103.39592,25.57503],[-103.39561,25.57553],[-103.39634,25.57608],[-103.3972,25.57579]]],[[[-103.39801,25.57394],[-103.39837,25.57354],[-103.39777,25.57347],[-103.39801,25.57394]]],[[[-103.39412,25.57145],[-103.39388,25.57198],[-103.39595,25.5736],[-103.39579,25.57261],[-103.39667,25.57316],[-103.39641,25.57397],[-103.39711,25.57423],[-103.397,25.57226],[-103.39643,25.57229],[-103.39665,25.57273],[-103.39471,25.57151],[-103.39519,25.57248],[-103.39412,25.57145]]],[[[-103.39677,25.57533],[-103.39645,25.57465],[-103.39619,25.57532],[-103.39677,25.57533]]],[[[-103.42567,25.52897],[-103.42479,25.53026],[-103.4253,25.53054],[-103.42628,25.5291],[-103.42567,25.52897]]],[[[-103.42503,25.52861],[-103.42447,25.53008],[-103.42559,25.52882],[-103.42503,25.52861]]],[[[-103.42433,25.52833],[-103.42379,25.52983],[-103.425,25.52838],[-103.42433,25.52833]]],[[[-103.42369,25.52796],[-103.42279,25.52927],[-103.4233,25.52956],[-103.42435,25.52803],[-103.42369,25.52796]]],[[[-103.42303,25.52761],[-103.42214,25.52891],[-103.42265,25.5292],[-103.42365,25.52774],[-103.42303,25.52761]]],[[[-103.42375,25.52686],[-103.4234,25.52707],[-103.42514,25.52817],[-103.4254,25.52779],[-103.42375,25.52686]]],[[[-103.42543,25.52803],[-103.42643,25.52889],[-103.42669,25.5285],[-103.42543,25.52803]]],[[[-103.42728,25.5279],[-103.42656,25.52897],[-103.42707,25.52925],[-103.42793,25.52799],[-103.42728,25.5279]]],[[[-103.42661,25.52928],[-103.42543,25.53061],[-103.42588,25.531],[-103.42661,25.52928]]],[[[-103.42504,25.53121],[-103.42415,25.53252],[-103.42465,25.53281],[-103.42571,25.53127],[-103.42504,25.53121]]],[[[-103.42473,25.53086],[-103.4236,25.53222],[-103.424,25.53244],[-103.42473,25.53086]]],[[[-103.4236,25.53071],[-103.42285,25.5318],[-103.42326,25.53203],[-103.42434,25.53065],[-103.4236,25.53071]]],[[[-103.4232,25.53],[-103.42222,25.53145],[-103.42272,25.53172],[-103.42369,25.53029],[-103.4232,25.53]]],[[[-103.42274,25.52961],[-103.42161,25.531],[-103.42207,25.53136],[-103.42312,25.52983],[-103.42274,25.52961]]],[[[-103.42183,25.52938],[-103.42097,25.53063],[-103.42149,25.53091],[-103.42248,25.52946],[-103.42183,25.52938]]],[[[-103.42085,25.52952],[-103.42034,25.53027],[-103.42084,25.53055],[-103.42183,25.5291],[-103.42085,25.52952]]],[[[-103.42231,25.52737],[-103.42162,25.52838],[-103.42201,25.52885],[-103.42301,25.52739],[-103.42231,25.52737]]],[[[-103.42184,25.52579],[-103.42141,25.52608],[-103.42327,25.52701],[-103.42184,25.52579]]],[[[-103.42356,25.52615],[-103.42173,25.52559],[-103.42354,25.52661],[-103.42356,25.52615]]],[[[-103.42559,25.52752],[-103.4239,25.52634],[-103.42367,25.52668],[-103.42559,25.52752]]],[[[-103.42794,25.52826],[-103.42721,25.52932],[-103.4276,25.52954],[-103.42858,25.52835],[-103.42794,25.52826]]],[[[-103.42621,25.53079],[-103.42652,25.53136],[-103.42743,25.52975],[-103.42706,25.52954],[-103.42621,25.53079]]],[[[-103.42542,25.53195],[-103.42478,25.53289],[-103.42518,25.53311],[-103.42632,25.53165],[-103.42583,25.53135],[-103.42542,25.53195]]],[[[-103.42386,25.53301],[-103.4237,25.53367],[-103.4243,25.53367],[-103.42451,25.53302],[-103.42386,25.53301]]],[[[-103.423,25.53288],[-103.42278,25.53367],[-103.42354,25.53368],[-103.42386,25.53266],[-103.423,25.53288]]],[[[-103.42196,25.53311],[-103.42163,25.53359],[-103.42257,25.53367],[-103.42196,25.53311]]],[[[-103.42257,25.53222],[-103.42215,25.53283],[-103.42265,25.53311],[-103.42318,25.53236],[-103.42257,25.53222]]],[[[-103.42182,25.532],[-103.42098,25.53323],[-103.42149,25.53352],[-103.42258,25.53194],[-103.42182,25.532]]],[[[-103.4213,25.53147],[-103.42034,25.53287],[-103.42085,25.53316],[-103.42193,25.53158],[-103.4213,25.53147]]],[[[-103.42059,25.5312],[-103.4197,25.5325],[-103.4202,25.5328],[-103.42123,25.5313],[-103.42059,25.5312]]],[[[-103.41981,25.53104],[-103.41906,25.53215],[-103.41956,25.53243],[-103.42058,25.53093],[-103.41981,25.53104]]],[[[-103.42091,25.52855],[-103.41963,25.52999],[-103.4202,25.5302],[-103.42091,25.52855]]],[[[-103.4221,25.52676],[-103.42085,25.52821],[-103.42148,25.52831],[-103.4221,25.52676]]],[[[-103.42405,25.52612],[-103.42577,25.52725],[-103.426,25.52691],[-103.42405,25.52612]]],[[[-103.42634,25.5271],[-103.4259,25.52732],[-103.42706,25.52796],[-103.42634,25.5271]]],[[[-103.42858,25.52862],[-103.42791,25.5296],[-103.42842,25.52989],[-103.42922,25.52871],[-103.42858,25.52862]]],[[[-103.42922,25.52898],[-103.42855,25.52996],[-103.42906,25.53024],[-103.42986,25.52907],[-103.42922,25.52898]]],[[[-103.4286,25.53052],[-103.42731,25.5318],[-103.42796,25.53187],[-103.4286,25.53052]]],[[[-103.42681,25.53121],[-103.42717,25.53172],[-103.42816,25.53027],[-103.42765,25.52999],[-103.42681,25.53121]]],[[[-103.42632,25.53193],[-103.42548,25.53316],[-103.42599,25.53345],[-103.42699,25.53199],[-103.42632,25.53193]]],[[[-103.42714,25.53254],[-103.42612,25.53352],[-103.42663,25.53381],[-103.42714,25.53254]]],[[[-103.42629,25.53431],[-103.42595,25.53394],[-103.42594,25.53482],[-103.42629,25.53431]]],[[[-103.42521,25.53412],[-103.4252,25.53508],[-103.42572,25.53509],[-103.42572,25.53392],[-103.42521,25.53412]]],[[[-103.42445,25.53417],[-103.42444,25.53528],[-103.42504,25.53529],[-103.42505,25.53393],[-103.42445,25.53417]]],[[[-103.4237,25.53419],[-103.42368,25.53518],[-103.42428,25.53517],[-103.42429,25.53391],[-103.4237,25.53419]]],[[[-103.42278,25.53418],[-103.42352,25.53472],[-103.42354,25.5339],[-103.42278,25.53418]]],[[[-103.42007,25.5335],[-103.41934,25.5331],[-103.41933,25.53365],[-103.42007,25.5335]]],[[[-103.41859,25.53297],[-103.41857,25.53365],[-103.41918,25.53366],[-103.41919,25.53303],[-103.41859,25.53297]]],[[[-103.41894,25.52978],[-103.4186,25.53124],[-103.41935,25.53013],[-103.41894,25.52978]]],[[[-103.41978,25.52848],[-103.42024,25.52883],[-103.42056,25.52836],[-103.41978,25.52848]]],[[[-103.41999,25.52919],[-103.41971,25.5286],[-103.41908,25.52955],[-103.41952,25.52989],[-103.41999,25.52919]]],[[[-103.42111,25.52652],[-103.42021,25.52785],[-103.42071,25.52814],[-103.42177,25.52659],[-103.42111,25.52652]]],[[[-103.42184,25.52414],[-103.42145,25.52492],[-103.4219,25.52509],[-103.42248,25.52424],[-103.42184,25.52414]]],[[[-103.42314,25.5246],[-103.42236,25.52469],[-103.42415,25.52571],[-103.42441,25.52532],[-103.42314,25.5246]]],[[[-103.42445,25.52554],[-103.42608,25.52679],[-103.42634,25.5264],[-103.42445,25.52554]]],[[[-103.42632,25.5267],[-103.42737,25.52751],[-103.42764,25.52712],[-103.42632,25.5267]]],[[[-103.42764,25.52738],[-103.42866,25.52822],[-103.42892,25.52784],[-103.42764,25.52738]]],[[[-103.42888,25.52817],[-103.42994,25.52896],[-103.43018,25.52859],[-103.42888,25.52817]]],[[[-103.4299,25.5293],[-103.42919,25.53033],[-103.42965,25.5307],[-103.4305,25.52943],[-103.4299,25.5293]]],[[[-103.42884,25.53085],[-103.42809,25.53194],[-103.4286,25.53222],[-103.4295,25.53091],[-103.42884,25.53085]]],[[[-103.42771,25.5327],[-103.42677,25.53389],[-103.42722,25.53425],[-103.42811,25.53293],[-103.42771,25.5327]]],[[[-103.42621,25.53522],[-103.42707,25.53446],[-103.42651,25.53426],[-103.42621,25.53522]]],[[[-103.41669,25.53322],[-103.41839,25.53268],[-103.41643,25.53268],[-103.41643,25.53365],[-103.41837,25.53365],[-103.41837,25.53323],[-103.41669,25.53322]]],[[[-103.41965,25.52784],[-103.41867,25.52879],[-103.41897,25.5294],[-103.41965,25.52784]]],[[[-103.42064,25.52693],[-103.42104,25.52637],[-103.4203,25.5264],[-103.41955,25.52749],[-103.42007,25.52779],[-103.42064,25.52693]]],[[[-103.42135,25.5228],[-103.42088,25.52307],[-103.42261,25.52404],[-103.42288,25.52366],[-103.42135,25.5228]]],[[[-103.42311,25.5238],[-103.42275,25.52412],[-103.42456,25.52512],[-103.4248,25.52474],[-103.42311,25.5238]]],[[[-103.42485,25.52496],[-103.42647,25.52621],[-103.42674,25.52582],[-103.42485,25.52496]]],[[[-103.42803,25.52681],[-103.42908,25.52766],[-103.42933,25.52729],[-103.42803,25.52681]]],[[[-103.42998,25.53048],[-103.43036,25.53109],[-103.43095,25.5309],[-103.42998,25.53048]]],[[[-103.4295,25.53119],[-103.42874,25.5323],[-103.42924,25.53258],[-103.43014,25.53127],[-103.4295,25.53119]]],[[[-103.42796,25.53344],[-103.42736,25.53432],[-103.42786,25.53461],[-103.42876,25.53329],[-103.42796,25.53344]]],[[[-103.42736,25.53462],[-103.42675,25.53522],[-103.42737,25.53532],[-103.42736,25.53462]]],[[[-103.41873,25.52764],[-103.41862,25.52863],[-103.4193,25.52763],[-103.41873,25.52764]]],[[[-103.41954,25.52671],[-103.41901,25.52718],[-103.41943,25.52742],[-103.4201,25.52645],[-103.41954,25.52671]]],[[[-103.41863,25.52614],[-103.41877,25.52705],[-103.41924,25.52563],[-103.41863,25.52614]]],[[[-103.41951,25.52566],[-103.41939,25.5265],[-103.42016,25.52617],[-103.41951,25.52566]]],[[[-103.41867,25.52252],[-103.41918,25.52293],[-103.41947,25.52251],[-103.41867,25.52252]]],[[[-103.41913,25.52184],[-103.42072,25.52302],[-103.42101,25.52261],[-103.41913,25.52184]]],[[[-103.43088,25.53106],[-103.4313,25.5318],[-103.43133,25.53091],[-103.43088,25.53106]]],[[[-103.43018,25.53148],[-103.42939,25.53268],[-103.43093,25.53198],[-103.43018,25.53148]]],[[[-103.43076,25.53234],[-103.43013,25.53263],[-103.43122,25.53323],[-103.43076,25.53234]]],[[[-103.43019,25.53282],[-103.42952,25.53308],[-103.43098,25.5339],[-103.4312,25.53339],[-103.43019,25.53282]]],[[[-103.42925,25.53359],[-103.43041,25.53451],[-103.43082,25.5341],[-103.42925,25.53359]]],[[[-103.42925,25.53445],[-103.42925,25.53493],[-103.43028,25.5346],[-103.42925,25.53403],[-103.42925,25.53445]]],[[[-103.42861,25.5338],[-103.428,25.53468],[-103.42886,25.53493],[-103.42888,25.53338],[-103.42861,25.5338]]],[[[-103.41705,25.52708],[-103.41648,25.52623],[-103.41647,25.52731],[-103.41753,25.52734],[-103.41705,25.52708]]],[[[-103.41788,25.52571],[-103.41842,25.52672],[-103.41843,25.52563],[-103.41788,25.52571]]],[[[-103.41717,25.52575],[-103.41772,25.52632],[-103.41773,25.52562],[-103.41717,25.52575]]],[[[-103.41746,25.52494],[-103.41719,25.52548],[-103.41845,25.52548],[-103.41845,25.52493],[-103.41746,25.52494]]],[[[-103.41718,25.52441],[-103.41846,25.5248],[-103.41844,25.52431],[-103.41718,25.52441]]],[[[-103.41747,25.52369],[-103.41721,25.52417],[-103.41845,25.52417],[-103.41846,25.52369],[-103.41747,25.52369]]],[[[-103.41719,25.52316],[-103.41847,25.52356],[-103.41848,25.52306],[-103.41719,25.52316]]],[[[-103.4172,25.52273],[-103.41845,25.52293],[-103.41848,25.52244],[-103.4172,25.52273]]],[[[-103.41784,25.52179],[-103.41721,25.5223],[-103.41833,25.52231],[-103.41784,25.52179]]],[[[-103.41721,25.52139],[-103.41836,25.52166],[-103.41836,25.52114],[-103.41721,25.52139]]],[[[-103.41722,25.52064],[-103.41765,25.52099],[-103.41765,25.52046],[-103.41722,25.52064]]],[[[-103.4177,25.52081],[-103.41811,25.52099],[-103.41812,25.52047],[-103.4177,25.52081]]],[[[-103.43222,25.53214],[-103.4319,25.5333],[-103.43249,25.53358],[-103.43249,25.5318],[-103.43222,25.53214]]],[[[-103.42674,25.52609],[-103.42776,25.52693],[-103.42803,25.52654],[-103.42674,25.52609]]],[[[-103.41677,25.52369],[-103.41649,25.52565],[-103.41703,25.5258],[-103.41677,25.52369]]],[[[-103.41691,25.52354],[-103.4168,25.51989],[-103.41678,25.52306],[-103.41616,25.52353],[-103.41691,25.52354]]],[[[-103.44735,25.54969],[-103.44752,25.55052],[-103.44803,25.54984],[-103.44735,25.54969]]],[[[-103.44826,25.54955],[-103.44817,25.54864],[-103.44756,25.54943],[-103.44826,25.54955]]],[[[-103.44701,25.55035],[-103.44614,25.55123],[-103.44696,25.55176],[-103.44745,25.55064],[-103.44701,25.55035]]],[[[-103.44693,25.54949],[-103.44555,25.55085],[-103.44598,25.55113],[-103.44693,25.54949]]],[[[-103.44816,25.5482],[-103.44772,25.54861],[-103.44848,25.5479],[-103.44816,25.5482]]],[[[-103.44706,25.5531],[-103.44786,25.55592],[-103.44737,25.55265],[-103.44706,25.5531]]],[[[-103.44597,25.55303],[-103.44686,25.55351],[-103.44682,25.55283],[-103.44597,25.55303]]],[[[-103.44504,25.5525],[-103.44563,25.55326],[-103.44596,25.55269],[-103.44504,25.5525]]],[[[-103.44438,25.55219],[-103.4437,25.55305],[-103.44516,25.55217],[-103.44438,25.55219]]],[[[-103.44667,25.55384],[-103.44634,25.55439],[-103.4471,25.55478],[-103.44667,25.55384]]],[[[-103.44559,25.55369],[-103.44621,25.55435],[-103.44663,25.55361],[-103.44559,25.55369]]],[[[-103.44467,25.55326],[-103.44527,25.55387],[-103.44556,25.55339],[-103.44467,25.55326]]],[[[-103.44423,25.55294],[-103.44386,25.55317],[-103.4444,25.55343],[-103.44475,25.55286],[-103.44423,25.55294]]],[[[-103.44618,25.55463],[-103.44677,25.55533],[-103.44704,25.55489],[-103.44618,25.55463]]],[[[-103.44522,25.55428],[-103.44587,25.55488],[-103.44613,25.55445],[-103.44522,25.55428]]],[[[-103.4447,25.55374],[-103.44418,25.55406],[-103.44493,25.55441],[-103.4447,25.55374]]],[[[-103.44357,25.55375],[-103.44434,25.55355],[-103.44371,25.55325],[-103.44357,25.55375]]],[[[-103.44608,25.55514],[-103.44573,25.55539],[-103.44657,25.55567],[-103.44608,25.55514]]],[[[-103.44325,25.55299],[-103.44258,25.55368],[-103.44296,25.55387],[-103.44325,25.55299]]],[[[-103.43961,25.55932],[-103.4393,25.56013],[-103.44004,25.56086],[-103.44036,25.55965],[-103.43961,25.55932]]],[[[-103.43889,25.56039],[-103.43835,25.56084],[-103.43879,25.56128],[-103.43955,25.56065],[-103.43889,25.56039]]],[[[-103.43796,25.55975],[-103.4376,25.56011],[-103.43825,25.56074],[-103.43897,25.56015],[-103.43796,25.55975]]],[[[-103.43873,25.55957],[-103.43917,25.55995],[-103.43962,25.55893],[-103.43901,25.55833],[-103.43873,25.55957]]],[[[-103.43935,25.55782],[-103.43967,25.55882],[-103.44012,25.55784],[-103.43935,25.55782]]],[[[-103.44007,25.55921],[-103.44038,25.55951],[-103.44065,25.55841],[-103.44021,25.55798],[-103.44007,25.55921]]],[[[-103.43989,25.56098],[-103.43892,25.5614],[-103.43931,25.56179],[-103.43989,25.56098]]],[[[-103.43903,25.56205],[-103.43879,25.56146],[-103.43802,25.56212],[-103.4385,25.56259],[-103.43903,25.56205]]],[[[-103.43806,25.5611],[-103.43748,25.5616],[-103.43791,25.56202],[-103.43871,25.56136],[-103.43806,25.5611]]],[[[-103.43735,25.56036],[-103.4368,25.56094],[-103.43737,25.5615],[-103.43816,25.56082],[-103.43735,25.56036]]],[[[-103.43634,25.55942],[-103.43575,25.55992],[-103.43664,25.56078],[-103.43736,25.56003],[-103.43634,25.55942]]],[[[-103.43702,25.55885],[-103.43664,25.55917],[-103.43743,25.55995],[-103.438,25.55914],[-103.4374,25.55854],[-103.43702,25.55885]]],[[[-103.43872,25.55832],[-103.43838,25.55771],[-103.43754,25.55841],[-103.43815,25.55901],[-103.43872,25.55832]]],[[[-103.43865,25.55736],[-103.4389,25.55806],[-103.43945,25.55724],[-103.43865,25.55736]]],[[[-103.43916,25.55677],[-103.43951,25.55713],[-103.4399,25.55644],[-103.43916,25.55677]]],[[[-103.44022,25.55759],[-103.44007,25.55661],[-103.43968,25.55732],[-103.44022,25.55759]]],[[[-103.44075,25.55728],[-103.44027,25.55784],[-103.44069,25.55825],[-103.44075,25.55728]]],[[[-103.43767,25.56242],[-103.43715,25.56286],[-103.43773,25.56338],[-103.4384,25.5627],[-103.43767,25.56242]]],[[[-103.43713,25.56189],[-103.43661,25.56234],[-103.43704,25.56276],[-103.43779,25.56212],[-103.43713,25.56189]]],[[[-103.43647,25.56131],[-103.4365,25.56224],[-103.43725,25.56158],[-103.43647,25.56131]]],[[[-103.43592,25.56078],[-103.43578,25.56152],[-103.43652,25.56089],[-103.43592,25.56078]]],[[[-103.43544,25.56019],[-103.43489,25.56066],[-103.43532,25.56109],[-103.43603,25.56048],[-103.43544,25.56019]]],[[[-103.435,25.55994],[-103.43478,25.56057],[-103.43554,25.55993],[-103.435,25.55994]]],[[[-103.44031,25.5562],[-103.44094,25.5573],[-103.44109,25.55673],[-103.44031,25.5562]]],[[[-103.44073,25.5562],[-103.44112,25.55659],[-103.44142,25.55541],[-103.44097,25.55504],[-103.44073,25.5562]]],[[[-103.43474,25.56441],[-103.43497,25.56372],[-103.43428,25.56432],[-103.43474,25.56441]]],[[[-103.43566,25.56213],[-103.43566,25.56283],[-103.43635,25.56237],[-103.43566,25.56213]]],[[[-103.43488,25.56207],[-103.43559,25.56188],[-103.43529,25.56132],[-103.43488,25.56207]]],[[[-103.43418,25.56139],[-103.43454,25.56175],[-103.43518,25.56121],[-103.43474,25.56078],[-103.43418,25.56139]]],[[[-103.43415,25.56066],[-103.43399,25.56122],[-103.43465,25.56068],[-103.43415,25.56066]]],[[[-103.43475,25.56331],[-103.4356,25.56299],[-103.43516,25.56254],[-103.43475,25.56331]]],[[[-103.43412,25.56271],[-103.435,25.56239],[-103.43454,25.56195],[-103.43412,25.56271]]],[[[-103.43358,25.56217],[-103.43444,25.56183],[-103.434,25.56141],[-103.43358,25.56217]]],[[[-103.4334,25.5613],[-103.43283,25.56145],[-103.43325,25.56186],[-103.43389,25.56132],[-103.4334,25.5613]]],[[[-103.44392,25.5552],[-103.44228,25.55439],[-103.44399,25.5556],[-103.44392,25.5552]]],[[[-103.43459,25.56522],[-103.43395,25.56576],[-103.43433,25.56611],[-103.43528,25.5655],[-103.43459,25.56522]]],[[[-103.43348,25.5653],[-103.43386,25.56565],[-103.43471,25.56494],[-103.43415,25.56442],[-103.43348,25.5653]]],[[[-103.43424,25.56333],[-103.43372,25.56377],[-103.43418,25.56419],[-103.43486,25.56362],[-103.43424,25.56333]]],[[[-103.43333,25.56339],[-103.43425,25.56302],[-103.43379,25.56258],[-103.43333,25.56339]]],[[[-103.43269,25.56278],[-103.43368,25.56248],[-103.43324,25.56206],[-103.43269,25.56278]]],[[[-103.43267,25.56191],[-103.43242,25.56252],[-103.43315,25.56195],[-103.43267,25.56191]]],[[[-103.43287,25.56668],[-103.43419,25.5662],[-103.43385,25.56586],[-103.43287,25.56668]]],[[[-103.43219,25.56608],[-103.43277,25.56658],[-103.43373,25.56576],[-103.4332,25.56523],[-103.43219,25.56608]]],[[[-103.43341,25.56485],[-103.43406,25.5643],[-103.43361,25.56386],[-103.43276,25.56459],[-103.43341,25.56485]]],[[[-103.43236,25.56421],[-103.43345,25.5637],[-103.43299,25.56326],[-103.43236,25.56421]]],[[[-103.43171,25.5636],[-103.43287,25.56316],[-103.43245,25.56273],[-103.43171,25.5636]]],[[[-103.43189,25.5677],[-103.43251,25.56731],[-103.43148,25.56786],[-103.43189,25.5677]]],[[[-103.43204,25.56695],[-103.43164,25.56655],[-103.43084,25.56723],[-103.43139,25.56776],[-103.43204,25.56695]]],[[[-103.43181,25.56566],[-103.43309,25.56512],[-103.43264,25.56469],[-103.43181,25.56566]]],[[[-103.43178,25.5643],[-103.43119,25.56479],[-103.43149,25.56535],[-103.43246,25.56452],[-103.43178,25.5643]]],[[[-103.43169,25.56377],[-103.43047,25.56441],[-103.4309,25.56484],[-103.43169,25.56377]]],[[[-103.4313,25.56623],[-103.43028,25.56668],[-103.43074,25.56712],[-103.4313,25.56623]]],[[[-103.43077,25.56598],[-103.43046,25.56541],[-103.42966,25.56608],[-103.43013,25.56652],[-103.43077,25.56598]]],[[[-103.43013,25.56509],[-103.42911,25.56556],[-103.42956,25.56599],[-103.43013,25.56509]]],[[[-103.42924,25.56476],[-103.42864,25.56511],[-103.42901,25.56546],[-103.42981,25.56478],[-103.42924,25.56476]]],[[[-103.42514,25.56995],[-103.42551,25.57033],[-103.42632,25.56966],[-103.42588,25.56922],[-103.42514,25.56995]]],[[[-103.42453,25.5703],[-103.42392,25.5708],[-103.42433,25.57122],[-103.42541,25.57042],[-103.42453,25.5703]]],[[[-103.42474,25.56956],[-103.42577,25.56912],[-103.42534,25.56868],[-103.42474,25.56956]]],[[[-103.42579,25.56832],[-103.42624,25.56876],[-103.42718,25.56801],[-103.42675,25.56758],[-103.42579,25.56832]]],[[[-103.42751,25.56834],[-103.42645,25.56876],[-103.4269,25.5692],[-103.42751,25.56834]]],[[[-103.42695,25.56944],[-103.4275,25.56982],[-103.42832,25.56917],[-103.42789,25.56872],[-103.42695,25.56944]]],[[[-103.42589,25.57071],[-103.42703,25.57017],[-103.42648,25.56982],[-103.42589,25.57071]]],[[[-103.42469,25.57157],[-103.42601,25.57102],[-103.42556,25.57057],[-103.42469,25.57157]]],[[[-103.42486,25.5684],[-103.42443,25.56924],[-103.42524,25.56858],[-103.42486,25.5684]]],[[[-103.42728,25.56644],[-103.42644,25.56702],[-103.42677,25.56736],[-103.42777,25.56652],[-103.42728,25.56644]]],[[[-103.42742,25.56699],[-103.42686,25.56748],[-103.42729,25.56792],[-103.42831,25.56706],[-103.42786,25.56661],[-103.42742,25.56699]]],[[[-103.42761,25.56824],[-103.42882,25.56755],[-103.42841,25.56715],[-103.42761,25.56824]]],[[[-103.42821,25.56886],[-103.42948,25.56819],[-103.42895,25.56781],[-103.42821,25.56886]]],[[[-103.42967,25.56838],[-103.42853,25.56918],[-103.42894,25.56962],[-103.43014,25.56883],[-103.42967,25.56838]]],[[[-103.4276,25.56992],[-103.42883,25.56969],[-103.42842,25.56927],[-103.4276,25.56992]]],[[[-103.42841,25.56547],[-103.4275,25.56603],[-103.42789,25.56641],[-103.42889,25.56555],[-103.42841,25.56547]]],[[[-103.42879,25.56583],[-103.42797,25.56651],[-103.42843,25.56693],[-103.42946,25.56608],[-103.42879,25.56583]]],[[[-103.42944,25.56627],[-103.42854,25.56704],[-103.42894,25.56743],[-103.43001,25.56662],[-103.42944,25.56627]]],[[[-103.4304,25.56701],[-103.4292,25.56768],[-103.42962,25.56808],[-103.4304,25.56701]]],[[[-103.43052,25.5675],[-103.42972,25.56818],[-103.43028,25.56874],[-103.43143,25.568],[-103.43052,25.5675]]],[[[-103.43463,25.56649],[-103.43493,25.56687],[-103.43568,25.56598],[-103.43538,25.5656],[-103.43463,25.56649]]],[[[-103.43329,25.56727],[-103.4347,25.5668],[-103.43427,25.56632],[-103.43329,25.56727]]],[[[-103.43177,25.56819],[-103.43293,25.56796],[-103.43254,25.56746],[-103.43177,25.56819]]],[[[-103.41898,25.57491],[-103.41627,25.57693],[-103.41501,25.57882],[-103.41753,25.57501],[-103.41661,25.57532],[-103.41443,25.57877],[-103.41525,25.57898],[-103.41956,25.57485],[-103.41898,25.57491]]],[[[-103.41674,25.57654],[-103.41784,25.57547],[-103.41752,25.57517],[-103.41674,25.57654]]],[[[-103.41871,25.57472],[-103.41891,25.57433],[-103.41816,25.57444],[-103.41871,25.57472]]],[[[-103.40825,25.592],[-103.41421,25.59058],[-103.41484,25.59254],[-103.41446,25.59008],[-103.40768,25.59164],[-103.40727,25.59062],[-103.40742,25.5916],[-103.40627,25.59191],[-103.40825,25.592]]],[[[-103.41436,25.59198],[-103.4141,25.59079],[-103.41088,25.59153],[-103.4109,25.59198],[-103.41214,25.59196],[-103.41247,25.59142],[-103.41292,25.59195],[-103.41244,25.59145],[-103.41216,25.59196],[-103.41371,25.59214],[-103.41362,25.59151],[-103.41307,25.59158],[-103.41384,25.59135],[-103.41388,25.59233],[-103.41238,25.59242],[-103.41435,25.59252],[-103.41436,25.59198]]],[[[-103.41164,25.59215],[-103.40805,25.59219],[-103.41225,25.59241],[-103.41164,25.59215]]],[[[-103.4138,25.58891],[-103.41186,25.58935],[-103.41398,25.58906],[-103.41444,25.58996],[-103.41426,25.58881],[-103.4138,25.58891]]],[[[-103.41408,25.58981],[-103.41342,25.58932],[-103.41365,25.59014],[-103.41408,25.58981]]],[[[-103.4135,25.59004],[-103.4133,25.58934],[-103.4128,25.58945],[-103.41303,25.59028],[-103.4135,25.59004]]],[[[-103.41287,25.59009],[-103.41228,25.58956],[-103.41239,25.59042],[-103.41287,25.59009]]],[[[-103.41226,25.59029],[-103.41164,25.58979],[-103.41187,25.59063],[-103.41226,25.59029]]],[[[-103.41008,25.59087],[-103.40943,25.59028],[-103.40967,25.59105],[-103.41008,25.59087]]],[[[-103.4095,25.59094],[-103.40882,25.59033],[-103.40904,25.59118],[-103.4095,25.59094]]],[[[-103.40886,25.59108],[-103.40869,25.59034],[-103.4082,25.59046],[-103.40844,25.59131],[-103.40886,25.59108]]],[[[-103.40828,25.59122],[-103.40812,25.59047],[-103.40767,25.59059],[-103.40783,25.59145],[-103.40828,25.59122]]],[[[-103.40614,25.59242],[-103.40485,25.59447],[-103.41487,25.595],[-103.41337,25.59479],[-103.4135,25.59283],[-103.41306,25.5928],[-103.41293,25.59477],[-103.41135,25.59468],[-103.41139,25.59408],[-103.41209,25.59409],[-103.4092,25.59443],[-103.4093,25.59261],[-103.40875,25.59258],[-103.40863,25.59455],[-103.40724,25.59448],[-103.40736,25.59264],[-103.40858,25.59254],[-103.40687,25.59247],[-103.40675,25.59445],[-103.40529,25.59437],[-103.40605,25.59273],[-103.40668,25.59268],[-103.40614,25.59242]]],[[[-103.40556,25.59394],[-103.40663,25.59423],[-103.40666,25.59378],[-103.40556,25.59394]]],[[[-103.40745,25.59297],[-103.40854,25.59342],[-103.40858,25.5929],[-103.40798,25.5934],[-103.40745,25.59297]]],[[[-103.40802,25.59389],[-103.40849,25.59432],[-103.40852,25.59378],[-103.40802,25.59389]]],[[[-103.40762,25.59428],[-103.40789,25.59375],[-103.4074,25.59373],[-103.40762,25.59428]]],[[[-103.40959,25.59287],[-103.41085,25.59281],[-103.41081,25.59351],[-103.41013,25.59302],[-103.4101,25.59351],[-103.41212,25.59362],[-103.41214,25.59312],[-103.4114,25.59353],[-103.41146,25.59284],[-103.41286,25.59277],[-103.40959,25.59287]]],[[[-103.40938,25.59314],[-103.4093,25.5943],[-103.40989,25.59435],[-103.40996,25.59301],[-103.40938,25.59314]]],[[[-103.41227,25.5933],[-103.4122,25.59447],[-103.41282,25.59451],[-103.41291,25.59316],[-103.41227,25.5933]]],[[[-103.41479,25.59332],[-103.4152,25.59501],[-103.41488,25.59289],[-103.41369,25.59283],[-103.41369,25.59329],[-103.41479,25.59332]]],[[[-103.41457,25.59392],[-103.41385,25.59419],[-103.41479,25.59426],[-103.41457,25.59392]]],[[[-103.41436,25.59438],[-103.41382,25.59467],[-103.41486,25.59472],[-103.41396,25.59451],[-103.41436,25.59438]]],[[[-103.41038,25.5288],[-103.40921,25.53049],[-103.40814,25.53062],[-103.4091,25.52628],[-103.40804,25.52626],[-103.4071,25.52426],[-103.40687,25.52091],[-103.40779,25.51856],[-103.40955,25.51738],[-103.40999,25.51789],[-103.40819,25.5216],[-103.40888,25.52163],[-103.4107,25.51829],[-103.41118,25.51836],[-103.41126,25.5206],[-103.41007,25.52275],[-103.41123,25.5221],[-103.41205,25.52088],[-103.41231,25.51882],[-103.41122,25.5164],[-103.41352,25.51658],[-103.41176,25.51574],[-103.4106,25.51623],[-103.41194,25.5197],[-103.4106,25.52235],[-103.41171,25.52019],[-103.4115,25.51808],[-103.41056,25.518],[-103.40849,25.52141],[-103.4104,25.51793],[-103.40962,25.51701],[-103.40748,25.51837],[-103.4065,25.52089],[-103.40653,25.52359],[-103.40758,25.52662],[-103.40873,25.52667],[-103.40788,25.53083],[-103.40964,25.53054],[-103.41086,25.52812],[-103.41038,25.5288]]],[[[-103.41328,25.51682],[-103.41396,25.51965],[-103.41364,25.52175],[-103.41237,25.52401],[-103.41386,25.52223],[-103.41429,25.51966],[-103.414,25.51727],[-103.41328,25.51682]]],[[[-103.41258,25.52492],[-103.4127,25.52422],[-103.4127,25.5251],[-103.4133,25.52511],[-103.4132,25.52352],[-103.41229,25.52423],[-103.41258,25.52492]]],[[[-103.41245,25.52973],[-103.41496,25.52975],[-103.41496,25.52892],[-103.41442,25.52894],[-103.41496,25.52892],[-103.41498,25.52743],[-103.41226,25.52741],[-103.41231,25.52898],[-103.4128,25.52894],[-103.41277,25.52784],[-103.41495,25.52792],[-103.41283,25.52794],[-103.41323,25.52931],[-103.41228,25.52916],[-103.41245,25.52973]]],[[[-103.41104,25.52934],[-103.41089,25.52884],[-103.41062,25.52956],[-103.41104,25.52934]]],[[[-103.4105,25.5303],[-103.41084,25.52976],[-103.41003,25.53037],[-103.4105,25.5303]]],[[[-103.40964,25.53111],[-103.41018,25.53056],[-103.40919,25.531],[-103.40964,25.53111]]],[[[-103.40781,25.53094],[-103.40737,25.53092],[-103.4078,25.53136],[-103.40781,25.53094]]],[[[-103.40773,25.52978],[-103.40807,25.52834],[-103.40763,25.52833],[-103.4073,25.52995],[-103.40773,25.52978]]],[[[-103.40808,25.52805],[-103.40841,25.52693],[-103.40798,25.52676],[-103.40808,25.52805]]],[[[-103.40767,25.52803],[-103.40786,25.52676],[-103.40716,25.52676],[-103.40711,25.52803],[-103.40767,25.52803]]],[[[-103.40745,25.52645],[-103.40745,25.52557],[-103.40624,25.52439],[-103.40745,25.52645]]],[[[-103.40681,25.51919],[-103.40719,25.51755],[-103.4066,25.51764],[-103.40658,25.51974],[-103.40681,25.51919]]],[[[-103.41053,25.51725],[-103.41006,25.51661],[-103.40958,25.51686],[-103.41053,25.51725]]],[[[-103.4126,25.51554],[-103.41188,25.51519],[-103.4118,25.51562],[-103.4126,25.51554]]],[[[-103.41464,25.51975],[-103.4149,25.51922],[-103.41435,25.51901],[-103.41464,25.51975]]],[[[-103.41455,25.521],[-103.41489,25.51989],[-103.41442,25.51988],[-103.41455,25.521]]],[[[-103.41375,25.52511],[-103.4141,25.52348],[-103.41343,25.52325],[-103.41375,25.52511]]],[[[-103.41269,25.526],[-103.41328,25.52624],[-103.41329,25.52528],[-103.41269,25.52528],[-103.41269,25.526]]],[[[-103.41298,25.52729],[-103.41328,25.52657],[-103.41269,25.52633],[-103.41298,25.52729]]],[[[-103.41072,25.53075],[-103.41163,25.52986],[-103.41094,25.52979],[-103.41072,25.53075]]],[[[-103.40959,25.53145],[-103.40993,25.53185],[-103.41091,25.53093],[-103.41037,25.53065],[-103.40959,25.53145]]],[[[-103.409,25.53209],[-103.40981,25.53192],[-103.40935,25.53139],[-103.40871,25.53171],[-103.409,25.53209]]],[[[-103.40776,25.53212],[-103.40861,25.53164],[-103.40786,25.53151],[-103.40776,25.53212]]],[[[-103.40748,25.53186],[-103.40754,25.53127],[-103.40698,25.53173],[-103.40748,25.53186]]],[[[-103.40674,25.52826],[-103.40704,25.52676],[-103.40646,25.52676],[-103.40674,25.52826]]],[[[-103.40805,25.51698],[-103.40895,25.51649],[-103.40872,25.5161],[-103.40761,25.51669],[-103.40805,25.51698]]],[[[-103.4077,25.51647],[-103.40818,25.51589],[-103.40735,25.51597],[-103.4077,25.51647]]],[[[-103.40925,25.51637],[-103.41015,25.51585],[-103.4099,25.51548],[-103.4088,25.51606],[-103.40925,25.51637]]],[[[-103.41042,25.51569],[-103.41073,25.51532],[-103.40994,25.51532],[-103.41042,25.51569]]],[[[-103.41107,25.51525],[-103.41177,25.51509],[-103.41085,25.51482],[-103.41107,25.51525]]],[[[-103.41473,25.51806],[-103.41497,25.51738],[-103.41445,25.51714],[-103.41473,25.51806]]],[[[-103.41472,25.51872],[-103.41496,25.5182],[-103.41442,25.51819],[-103.41472,25.51872]]],[[[-103.41448,25.52317],[-103.41491,25.52238],[-103.41438,25.52233],[-103.41448,25.52317]]],[[[-103.41454,25.52625],[-103.41488,25.5253],[-103.41421,25.52529],[-103.41454,25.52625]]],[[[-103.41374,25.52625],[-103.41409,25.52529],[-103.41341,25.52529],[-103.41374,25.52625]]],[[[-103.4134,25.52657],[-103.41339,25.52728],[-103.41407,25.52729],[-103.41396,25.52634],[-103.4134,25.52657]]],[[[-103.4121,25.52938],[-103.41176,25.52899],[-103.41176,25.52973],[-103.4121,25.52938]]],[[[-103.41039,25.53208],[-103.4114,25.53121],[-103.41001,25.53194],[-103.41039,25.53208]]],[[[-103.40755,25.51582],[-103.40809,25.51576],[-103.40735,25.51524],[-103.40755,25.51582]]],[[[-103.41007,25.51521],[-103.41076,25.51484],[-103.40972,25.51474],[-103.41007,25.51521]]],[[[-103.40984,25.51465],[-103.41083,25.51455],[-103.40977,25.51399],[-103.40984,25.51465]]],[[[-103.41454,25.52634],[-103.41419,25.52729],[-103.41487,25.5273],[-103.41454,25.52634]]],[[[-103.41227,25.53089],[-103.41266,25.52986],[-103.41186,25.53089],[-103.41227,25.53089]]],[[[-103.41235,25.53252],[-103.41265,25.53122],[-103.41205,25.53098],[-103.41235,25.53252]]],[[[-103.41163,25.53252],[-103.41184,25.53098],[-103.41092,25.5318],[-103.41091,25.53252],[-103.41134,25.53165],[-103.41163,25.53252]]],[[[-103.40682,25.51494],[-103.40723,25.51513],[-103.40684,25.51256],[-103.40682,25.51494]]],[[[-103.40757,25.51512],[-103.4078,25.51309],[-103.40738,25.51286],[-103.40757,25.51512]]],[[[-103.40765,25.51263],[-103.40718,25.5126],[-103.4079,25.513],[-103.40765,25.51263]]],[[[-103.40818,25.51489],[-103.40843,25.51344],[-103.40797,25.51319],[-103.40818,25.51489]]],[[[-103.41567,25.52956],[-103.41672,25.52983],[-103.41674,25.52744],[-103.41568,25.52743],[-103.41665,25.52778],[-103.41601,25.52794],[-103.41666,25.52836],[-103.41601,25.52868],[-103.41665,25.52884],[-103.4161,25.5289],[-103.41663,25.52935],[-103.41567,25.52956]]],[[[-103.4145,25.5309],[-103.41481,25.52988],[-103.41421,25.52987],[-103.4145,25.5309]]],[[[-103.41379,25.5309],[-103.41409,25.52988],[-103.4135,25.52987],[-103.41379,25.5309]]],[[[-103.41307,25.53089],[-103.41337,25.52987],[-103.41278,25.52987],[-103.41307,25.53089]]],[[[-103.41306,25.53253],[-103.41336,25.53122],[-103.4128,25.53099],[-103.41306,25.53253]]],[[[-103.40951,25.51554],[-103.40963,25.51506],[-103.409,25.51539],[-103.40951,25.51554]]],[[[-103.40911,25.51518],[-103.40959,25.51471],[-103.40861,25.51477],[-103.40911,25.51518]]],[[[-103.40715,25.53145],[-103.40741,25.53114],[-103.40669,25.53121],[-103.40715,25.53145]]],[[[-103.41585,25.52528],[-103.41637,25.52546],[-103.41638,25.52366],[-103.41587,25.52367],[-103.41585,25.52528]]],[[[-103.4161,25.5273],[-103.41636,25.52622],[-103.41585,25.52586],[-103.4161,25.5273]]],[[[-103.41611,25.53117],[-103.41633,25.52989],[-103.41582,25.52989],[-103.41611,25.53117]]],[[[-103.41606,25.53255],[-103.4163,25.53147],[-103.41581,25.53124],[-103.41606,25.53255]]],[[[-103.41449,25.53254],[-103.4148,25.53131],[-103.4142,25.53099],[-103.41449,25.53254]]],[[[-103.41378,25.53254],[-103.41409,25.53126],[-103.41353,25.53099],[-103.41378,25.53254]]],[[[-103.41606,25.53268],[-103.4158,25.53364],[-103.4163,25.53365],[-103.41606,25.53268]]],[[[-103.41454,25.52512],[-103.41489,25.52349],[-103.41422,25.52326],[-103.41454,25.52512]]],[[[-103.37138,25.59264],[-103.37325,25.59329],[-103.37321,25.59277],[-103.37188,25.593],[-103.37183,25.59249],[-103.3732,25.59266],[-103.37258,25.59221],[-103.37398,25.59174],[-103.37368,25.5925],[-103.37434,25.5926],[-103.37369,25.59261],[-103.37373,25.59315],[-103.37452,25.59311],[-103.37374,25.59327],[-103.37379,25.59384],[-103.37468,25.5938],[-103.37226,25.59434],[-103.37332,25.59407],[-103.37274,25.59353],[-103.37185,25.59432],[-103.37168,25.59387],[-103.37113,25.59437],[-103.37096,25.59392],[-103.37019,25.59443],[-103.36956,25.59402],[-103.36947,25.5945],[-103.36964,25.59344],[-103.36978,25.59384],[-103.37052,25.59329],[-103.37131,25.59373],[-103.37127,25.59297],[-103.37145,25.59372],[-103.37185,25.59331],[-103.37081,25.59247],[-103.36942,25.59307],[-103.37071,25.59236],[-103.36942,25.5924],[-103.37041,25.59197],[-103.36842,25.59134],[-103.36902,25.59166],[-103.36827,25.59173],[-103.36827,25.59227],[-103.36897,25.59241],[-103.36776,25.5929],[-103.36906,25.59303],[-103.36738,25.59299],[-103.36733,25.59404],[-103.3656,25.59358],[-103.3671,25.593],[-103.36632,25.59279],[-103.36523,25.59357],[-103.3665,25.59418],[-103.36543,25.59373],[-103.36549,25.59415],[-103.36473,25.59347],[-103.36577,25.59243],[-103.36455,25.59235],[-103.36578,25.59242],[-103.36581,25.59188],[-103.36433,25.59215],[-103.36549,25.59138],[-103.36421,25.59095],[-103.36585,25.59128],[-103.36588,25.59074],[-103.364,25.59064],[-103.36447,25.59421],[-103.36229,25.59422],[-103.36221,25.59555],[-103.36913,25.59525],[-103.36921,25.59332],[-103.36767,25.59333],[-103.36768,25.59426],[-103.36662,25.5942],[-103.36766,25.59423],[-103.36767,25.59333],[-103.36917,25.59333],[-103.36911,25.59471],[-103.37345,25.5944],[-103.37488,25.59395],[-103.37395,25.59132],[-103.37554,25.59079],[-103.37398,25.59132],[-103.37487,25.59393],[-103.37702,25.59322],[-103.37705,25.59142],[-103.37793,25.59138],[-103.37472,25.59069],[-103.37159,25.59218],[-103.3719,25.59149],[-103.36968,25.591],[-103.37138,25.59264]]],[[[-103.36897,25.58975],[-103.37008,25.58927],[-103.3692,25.58874],[-103.36949,25.58781],[-103.37026,25.58789],[-103.37021,25.58918],[-103.37082,25.58783],[-103.37088,25.5887],[-103.37153,25.58784],[-103.37788,25.58804],[-103.36451,25.58767],[-103.36393,25.5882],[-103.36397,25.58987],[-103.36837,25.59008],[-103.36833,25.58902],[-103.36828,25.58993],[-103.3682,25.58902],[-103.36767,25.58898],[-103.36758,25.5899],[-103.36718,25.58895],[-103.36699,25.58985],[-103.36632,25.58901],[-103.36628,25.58987],[-103.36617,25.58903],[-103.36556,25.58988],[-103.36554,25.58906],[-103.36504,25.58902],[-103.36487,25.58984],[-103.36458,25.58897],[-103.3643,25.58983],[-103.36415,25.58865],[-103.3648,25.58777],[-103.36486,25.58847],[-103.36535,25.58852],[-103.36546,25.58778],[-103.36548,25.58853],[-103.36598,25.58853],[-103.36609,25.58778],[-103.36611,25.58853],[-103.36674,25.58792],[-103.36737,25.58873],[-103.36742,25.58793],[-103.3675,25.58874],[-103.36804,25.58878],[-103.36807,25.58793],[-103.36867,25.5889],[-103.36871,25.58794],[-103.36897,25.58975]]],[[[-103.36962,25.58989],[-103.37518,25.59046],[-103.3729,25.58973],[-103.37287,25.59026],[-103.37223,25.58955],[-103.37223,25.59022],[-103.37211,25.58958],[-103.37148,25.5902],[-103.37082,25.58945],[-103.37073,25.59014],[-103.37035,25.58933],[-103.36962,25.58989]]],[[[-103.37521,25.59018],[-103.37787,25.58927],[-103.37788,25.58846],[-103.37741,25.58944],[-103.37713,25.58907],[-103.37683,25.58974],[-103.37654,25.58937],[-103.37624,25.59005],[-103.37596,25.58967],[-103.37521,25.59018]]],[[[-103.37667,25.58847],[-103.3757,25.58839],[-103.37563,25.58896],[-103.37502,25.58833],[-103.37497,25.589],[-103.37433,25.58826],[-103.37428,25.58894],[-103.37369,25.58821],[-103.37358,25.58895],[-103.37351,25.5883],[-103.37289,25.58887],[-103.37283,25.5883],[-103.37221,25.58882],[-103.37181,25.58827],[-103.37117,25.5894],[-103.37214,25.58942],[-103.37221,25.58895],[-103.37283,25.58957],[-103.37289,25.589],[-103.37296,25.58961],[-103.37352,25.58974],[-103.37358,25.58909],[-103.37421,25.58976],[-103.37427,25.58905],[-103.37434,25.58977],[-103.37489,25.58982],[-103.37496,25.58911],[-103.3753,25.58985],[-103.37564,25.58909],[-103.37571,25.58964],[-103.37733,25.58881],[-103.37667,25.58847]]],[[[-103.37008,25.58865],[-103.36954,25.58827],[-103.36954,25.58877],[-103.37008,25.58865]]],[[[-103.33018,25.57006],[-103.33118,25.56961],[-103.33012,25.56951],[-103.33018,25.57006]]],[[[-103.3301,25.57073],[-103.33088,25.57081],[-103.33095,25.57025],[-103.33004,25.57016],[-103.3301,25.57073]]],[[[-103.32975,25.5695],[-103.32937,25.57071],[-103.32984,25.57071],[-103.32975,25.5695]]],[[[-103.32937,25.57134],[-103.33067,25.57147],[-103.33081,25.57097],[-103.32937,25.57071],[-103.32937,25.57134]]],[[[-103.32917,25.572],[-103.33071,25.57216],[-103.33078,25.5716],[-103.32916,25.57136],[-103.32917,25.572]]],[[[-103.32896,25.57266],[-103.33063,25.57283],[-103.3307,25.57227],[-103.32896,25.57202],[-103.32896,25.57266]]],[[[-103.32875,25.57268],[-103.32858,25.57325],[-103.33161,25.57304],[-103.32875,25.57268]]],[[[-103.33264,25.57247],[-103.3312,25.57232],[-103.3311,25.57288],[-103.33264,25.57247]]],[[[-103.33134,25.57222],[-103.33266,25.57235],[-103.33276,25.5718],[-103.33131,25.57165],[-103.33134,25.57222]]],[[[-103.33157,25.57156],[-103.33278,25.57168],[-103.33289,25.57113],[-103.33156,25.571],[-103.33157,25.57156]]],[[[-103.33157,25.57088],[-103.33291,25.57101],[-103.33301,25.57046],[-103.33155,25.57031],[-103.33157,25.57088]]],[[[-103.33169,25.57021],[-103.33303,25.57034],[-103.33313,25.56981],[-103.33167,25.56966],[-103.33169,25.57021]]],[[[-103.36628,25.59218],[-103.3677,25.59194],[-103.36704,25.59248],[-103.36798,25.59247],[-103.36801,25.59145],[-103.36628,25.59107],[-103.36812,25.59132],[-103.36822,25.59087],[-103.36607,25.59074],[-103.36596,25.59244],[-103.36692,25.59251],[-103.36628,25.59218]]],[[[-103.37554,25.59047],[-103.37801,25.59073],[-103.37797,25.58933],[-103.37554,25.59047]]],[[[-103.37793,25.59138],[-103.37705,25.59142],[-103.37702,25.59322],[-103.37788,25.5929],[-103.37793,25.59138]]],[[[-103.36695,25.59309],[-103.36633,25.59375],[-103.36695,25.59385],[-103.36695,25.59309]]],[[[-103.39513,25.63123],[-103.39381,25.63029],[-103.39727,25.6336],[-103.39956,25.63243],[-103.40108,25.63137],[-103.4008,25.62953],[-103.4025,25.62657],[-103.40594,25.62506],[-103.40118,25.62666],[-103.40159,25.62734],[-103.40081,25.62871],[-103.4011,25.62691],[-103.40019,25.62989],[-103.4007,25.63132],[-103.39914,25.63257],[-103.39704,25.63308],[-103.39513,25.63123]]],[[[-103.36877,25.62642],[-103.36822,25.62554],[-103.36784,25.62581],[-103.36947,25.62902],[-103.37012,25.62889],[-103.36877,25.62642]]],[[[-103.36956,25.62919],[-103.3706,25.63125],[-103.37133,25.63111],[-103.37021,25.62906],[-103.36956,25.62919]]],[[[-103.37198,25.62611],[-103.37159,25.62535],[-103.3703,25.62596],[-103.36959,25.62465],[-103.36829,25.62521],[-103.37028,25.62886],[-103.37157,25.62859],[-103.37093,25.62719],[-103.37164,25.62852],[-103.37292,25.62796],[-103.37201,25.62616],[-103.37282,25.62763],[-103.37394,25.62716],[-103.37311,25.62559],[-103.37198,25.62611]]],[[[-103.36955,25.6316],[-103.36808,25.62877],[-103.36737,25.62927],[-103.36872,25.63177],[-103.37299,25.63544],[-103.37332,25.63508],[-103.36955,25.6316]]],[[[-103.39093,25.60088],[-103.39099,25.60044],[-103.39047,25.60083],[-103.39093,25.60088]]],[[[-103.39061,25.60049],[-103.39063,25.60001],[-103.39012,25.60039],[-103.39061,25.60049]]],[[[-103.3904,25.60153],[-103.39045,25.60215],[-103.39083,25.60136],[-103.3904,25.60153]]],[[[-103.39053,25.60225],[-103.3905,25.60286],[-103.39117,25.60256],[-103.391,25.60202],[-103.39053,25.60225]]],[[[-103.39103,25.60327],[-103.39133,25.60267],[-103.39065,25.60303],[-103.39103,25.60327]]],[[[-103.39235,25.60352],[-103.39239,25.60397],[-103.39278,25.60328],[-103.39204,25.60323],[-103.39235,25.60352]]],[[[-103.39222,25.60156],[-103.3922,25.601],[-103.39174,25.60117],[-103.39222,25.60156]]],[[[-103.39285,25.60142],[-103.39364,25.60117],[-103.39326,25.60068],[-103.39285,25.60142]]],[[[-103.39395,25.60009],[-103.39338,25.60016],[-103.39384,25.60064],[-103.39395,25.60009]]],[[[-103.39308,25.60215],[-103.39359,25.60215],[-103.39304,25.60178],[-103.3927,25.60245],[-103.39308,25.60215]]],[[[-103.39397,25.60109],[-103.3949,25.60126],[-103.39419,25.60039],[-103.39397,25.60109]]],[[[-103.39408,25.60234],[-103.39542,25.6019],[-103.39476,25.6015],[-103.39408,25.60234]]],[[[-103.39356,25.60271],[-103.39275,25.60303],[-103.39328,25.60331],[-103.39356,25.60271]]],[[[-103.39243,25.6041],[-103.39265,25.60473],[-103.39302,25.60445],[-103.39243,25.6041]]],[[[-103.36608,25.64322],[-103.36461,25.64592],[-103.36368,25.64646],[-103.36405,25.64778],[-103.3604,25.64836],[-103.364,25.64797],[-103.36506,25.64841],[-103.3657,25.64702],[-103.36464,25.64631],[-103.3668,25.64289],[-103.36608,25.64322]]],[[[-103.36591,25.64263],[-103.36479,25.64349],[-103.36452,25.64461],[-103.36339,25.64269],[-103.36543,25.6424],[-103.36292,25.6424],[-103.36363,25.64413],[-103.36469,25.64495],[-103.36591,25.64263]]],[[[-103.36146,25.6419],[-103.36096,25.64172],[-103.36149,25.64234],[-103.3619,25.64205],[-103.36146,25.6419]]],[[[-103.36483,25.64276],[-103.36363,25.64289],[-103.36423,25.64417],[-103.36398,25.64303],[-103.36483,25.64276]]],[[[-103.36359,25.64583],[-103.36139,25.64615],[-103.35956,25.64481],[-103.36127,25.64649],[-103.36443,25.64567],[-103.36359,25.64583]]],[[[-103.36012,25.64821],[-103.36052,25.64769],[-103.35973,25.64765],[-103.36045,25.64721],[-103.35969,25.64716],[-103.36041,25.64674],[-103.35964,25.6467],[-103.36059,25.64643],[-103.35961,25.64633],[-103.36024,25.64615],[-103.35924,25.64495],[-103.35742,25.64471],[-103.35761,25.64561],[-103.35935,25.64516],[-103.35965,25.64844],[-103.36012,25.64821]]],[[[-103.36106,25.64403],[-103.36025,25.64362],[-103.36034,25.64231],[-103.35943,25.64099],[-103.36001,25.64381],[-103.36152,25.64457],[-103.36234,25.64355],[-103.36245,25.64467],[-103.36323,25.64516],[-103.36063,25.64452],[-103.36176,25.64533],[-103.36344,25.64529],[-103.36252,25.64328],[-103.36106,25.64403]]],[[[-103.36191,25.6442],[-103.36163,25.64466],[-103.36219,25.64489],[-103.36221,25.64381],[-103.36191,25.6442]]],[[[-103.35851,25.64139],[-103.35799,25.64215],[-103.35925,25.64064],[-103.35866,25.64041],[-103.35478,25.64271],[-103.35733,25.64247],[-103.35773,25.64198],[-103.35675,25.64222],[-103.35851,25.64139]]],[[[-103.3591,25.64162],[-103.35926,25.64311],[-103.35879,25.64193],[-103.35853,25.64296],[-103.35822,25.64235],[-103.35732,25.64308],[-103.35975,25.64362],[-103.35989,25.64243],[-103.3591,25.64162]]],[[[-103.3568,25.64432],[-103.35518,25.64349],[-103.35631,25.64462],[-103.35746,25.64443],[-103.3568,25.64432]]],[[[-103.35465,25.64278],[-103.35201,25.63993],[-103.35193,25.64105],[-103.35224,25.64009],[-103.3528,25.64143],[-103.35219,25.64137],[-103.35458,25.64328],[-103.35465,25.64278]]],[[[-103.35121,25.64031],[-103.35175,25.64158],[-103.35162,25.64009],[-103.35121,25.64031]]],[[[-103.35343,25.6406],[-103.35444,25.64131],[-103.35692,25.63958],[-103.35505,25.63918],[-103.3532,25.64],[-103.35634,25.63967],[-103.35427,25.64086],[-103.35317,25.64014],[-103.35343,25.6406]]],[[[-103.35393,25.64041],[-103.35428,25.64071],[-103.35521,25.63978],[-103.35393,25.64041]]],[[[-103.35488,25.63793],[-103.35283,25.63857],[-103.35203,25.63978],[-103.35499,25.63834],[-103.35701,25.63895],[-103.3568,25.63578],[-103.35629,25.63563],[-103.35568,25.63733],[-103.35663,25.63593],[-103.35677,25.63871],[-103.35549,25.6381],[-103.35557,25.63744],[-103.35488,25.63793]]],[[[-103.35119,25.63939],[-103.35078,25.639],[-103.35129,25.63913],[-103.35106,25.63855],[-103.35209,25.63776],[-103.35129,25.63957],[-103.35278,25.63828],[-103.35517,25.63741],[-103.35499,25.63699],[-103.3531,25.63791],[-103.35259,25.6376],[-103.35552,25.63522],[-103.35544,25.63715],[-103.35623,25.6349],[-103.36406,25.62863],[-103.35032,25.63901],[-103.35119,25.63939]]],[[[-103.3561,25.63747],[-103.3556,25.63802],[-103.35653,25.63843],[-103.35641,25.63718],[-103.3561,25.63747]]],[[[-103.36478,25.62839],[-103.36521,25.62958],[-103.36625,25.63018],[-103.36497,25.62784],[-103.36431,25.62835],[-103.36478,25.62839]]],[[[-103.36419,25.62941],[-103.36459,25.63173],[-103.36502,25.63184],[-103.36479,25.62972],[-103.36513,25.63113],[-103.3656,25.63114],[-103.36514,25.63185],[-103.36574,25.63188],[-103.36543,25.63034],[-103.36454,25.62915],[-103.36419,25.62941]]],[[[-103.36617,25.63037],[-103.36588,25.63238],[-103.36653,25.63196],[-103.36624,25.63077],[-103.36697,25.6319],[-103.36556,25.63321],[-103.36775,25.63504],[-103.36587,25.63367],[-103.3652,25.63412],[-103.36477,25.63524],[-103.36539,25.63445],[-103.36663,25.63548],[-103.3654,25.63663],[-103.36472,25.63538],[-103.36545,25.637],[-103.3684,25.63483],[-103.36995,25.63619],[-103.37088,25.63533],[-103.36712,25.63211],[-103.37093,25.63533],[-103.37185,25.63453],[-103.36857,25.6318],[-103.36597,25.62708],[-103.36497,25.62784],[-103.36727,25.63204],[-103.36618,25.63284],[-103.3684,25.63483],[-103.36611,25.63279],[-103.36727,25.63204],[-103.36617,25.63037]]],[[[-103.3654,25.63201],[-103.36452,25.63332],[-103.36457,25.63188],[-103.36306,25.63393],[-103.36455,25.63373],[-103.36368,25.63404],[-103.36425,25.63452],[-103.36358,25.6341],[-103.36359,25.63452],[-103.36463,25.63482],[-103.3654,25.63201]]],[[[-103.36375,25.63073],[-103.35937,25.63433],[-103.35963,25.63465],[-103.36205,25.63289],[-103.36336,25.63108],[-103.36377,25.63149],[-103.36375,25.63073]]],[[[-103.35916,25.63447],[-103.35744,25.63549],[-103.35962,25.63465],[-103.35916,25.63447]]],[[[-103.35735,25.63607],[-103.35869,25.63595],[-103.35989,25.63496],[-103.35773,25.636],[-103.35742,25.63551],[-103.35735,25.63607]]],[[[-103.36028,25.63473],[-103.36212,25.63369],[-103.36369,25.63162],[-103.35973,25.63475],[-103.36028,25.63473]]],[[[-103.36542,25.6352],[-103.36615,25.63582],[-103.36649,25.63549],[-103.3655,25.63465],[-103.36542,25.6352]]],[[[-103.36526,25.63635],[-103.36606,25.6359],[-103.3657,25.6356],[-103.36526,25.63635]]],[[[-103.36725,25.64204],[-103.36734,25.64243],[-103.36882,25.64081],[-103.36733,25.64243],[-103.36875,25.64259],[-103.36977,25.64158],[-103.36904,25.641],[-103.37088,25.64029],[-103.36985,25.63941],[-103.36725,25.64204]]],[[[-103.36691,25.6438],[-103.36669,25.64458],[-103.36742,25.64342],[-103.36691,25.6438]]],[[[-103.36657,25.64332],[-103.36588,25.64408],[-103.36627,25.64432],[-103.36718,25.64335],[-103.36657,25.64332]]],[[[-103.36575,25.64427],[-103.36485,25.64629],[-103.36566,25.64684],[-103.36653,25.64463],[-103.36575,25.64427]]],[[[-103.35959,25.64103],[-103.36092,25.6418],[-103.3599,25.64061],[-103.35959,25.64103]]],[[[-103.37455,25.63157],[-103.37561,25.63245],[-103.37645,25.63157],[-103.37544,25.63069],[-103.37455,25.63157]]],[[[-103.36687,25.62647],[-103.36606,25.62699],[-103.36737,25.62927],[-103.36808,25.62877],[-103.36687,25.62647]]],[[[-103.37438,25.62748],[-103.37551,25.62703],[-103.37528,25.62661],[-103.37405,25.62711],[-103.37438,25.62748]]],[[[-103.37495,25.6286],[-103.37586,25.63023],[-103.377,25.63001],[-103.3756,25.62719],[-103.37441,25.62767],[-103.37495,25.6286]]],[[[-103.37309,25.6282],[-103.37358,25.62916],[-103.37479,25.62866],[-103.37426,25.62773],[-103.37309,25.6282]]],[[[-103.40514,25.598],[-103.40429,25.59793],[-103.40414,25.60147],[-103.40657,25.60158],[-103.40674,25.59999],[-103.40578,25.59997],[-103.40573,25.6005],[-103.40651,25.60069],[-103.40546,25.60061],[-103.40541,25.60114],[-103.40643,25.60136],[-103.40429,25.60122],[-103.40525,25.60113],[-103.4053,25.60061],[-103.40435,25.6005],[-103.40506,25.60048],[-103.40511,25.59993],[-103.40441,25.59984],[-103.40512,25.59982],[-103.40459,25.59916],[-103.40518,25.59916],[-103.40471,25.59853],[-103.40514,25.598]]],[[[-103.40596,25.59985],[-103.40723,25.59936],[-103.40585,25.59931],[-103.40596,25.59985]]],[[[-103.39986,25.62499],[-103.39816,25.62658],[-103.39855,25.62767],[-103.4013,25.62598],[-103.40046,25.6248],[-103.39986,25.62499]]],[[[-103.40107,25.62452],[-103.4006,25.6247],[-103.40778,25.62387],[-103.40696,25.6239],[-103.40673,25.62322],[-103.40769,25.62291],[-103.40728,25.62134],[-103.406,25.62167],[-103.40701,25.62162],[-103.40716,25.62254],[-103.4063,25.62196],[-103.40521,25.62291],[-103.40464,25.62241],[-103.40574,25.62184],[-103.40431,25.62218],[-103.40506,25.62344],[-103.40618,25.62329],[-103.40642,25.62403],[-103.40499,25.62421],[-103.40461,25.62318],[-103.4043,25.62429],[-103.40343,25.62451],[-103.40376,25.6237],[-103.40306,25.6238],[-103.40405,25.62326],[-103.40318,25.62319],[-103.40193,25.62362],[-103.40287,25.62457],[-103.40184,25.62464],[-103.40154,25.62364],[-103.40375,25.62292],[-103.40386,25.62193],[-103.40365,25.62255],[-103.40129,25.62305],[-103.40107,25.62452]]],[[[-103.40689,25.6245],[-103.40152,25.62581],[-103.40183,25.62618],[-103.40689,25.6245]]],[[[-103.40783,25.62437],[-103.40778,25.62388],[-103.40162,25.62499],[-103.40783,25.62437]]],[[[-103.40174,25.62532],[-103.4007,25.62484],[-103.40144,25.62572],[-103.40174,25.62532]]],[[[-103.39823,25.62801],[-103.39911,25.62979],[-103.39951,25.62952],[-103.39823,25.62801]]],[[[-103.39972,25.6308],[-103.39712,25.63202],[-103.39781,25.6322],[-103.39972,25.6308]]],[[[-103.39875,25.62975],[-103.39665,25.63069],[-103.39676,25.63115],[-103.39875,25.62975]]],[[[-103.39835,25.62916],[-103.39619,25.63013],[-103.39653,25.63048],[-103.39835,25.62916]]],[[[-103.39802,25.62852],[-103.39566,25.62961],[-103.39601,25.62995],[-103.39802,25.62852]]],[[[-103.39519,25.62983],[-103.39601,25.6315],[-103.3965,25.63127],[-103.39519,25.62983]]],[[[-103.3963,25.63163],[-103.3971,25.63289],[-103.39909,25.63236],[-103.39726,25.63246],[-103.3963,25.63163]]],[[[-103.39947,25.62984],[-103.40004,25.63102],[-103.39896,25.63189],[-103.39924,25.63226],[-103.40054,25.63106],[-103.39947,25.62984]]],[[[-103.40183,25.62045],[-103.40154,25.62003],[-103.4006,25.62085],[-103.40062,25.62206],[-103.40183,25.62045]]],[[[-103.401,25.62198],[-103.40106,25.62331],[-103.40128,25.62243],[-103.40363,25.62169],[-103.4029,25.62129],[-103.401,25.62198]]],[[[-103.40182,25.6215],[-103.40213,25.62057],[-103.40084,25.62146],[-103.40182,25.6215]]],[[[-103.4019,25.61992],[-103.40266,25.61959],[-103.40218,25.61822],[-103.40165,25.61837],[-103.40202,25.61893],[-103.40015,25.61951],[-103.40149,25.61863],[-103.40126,25.61806],[-103.39986,25.61848],[-103.40024,25.61743],[-103.39912,25.6178],[-103.40019,25.62085],[-103.40034,25.62002],[-103.40239,25.61946],[-103.4019,25.61992]]],[[[-103.40221,25.62032],[-103.40322,25.62107],[-103.40284,25.62019],[-103.40221,25.62032]]],[[[-103.40248,25.62151],[-103.40262,25.62075],[-103.40205,25.62138],[-103.40248,25.62151]]],[[[-103.40323,25.62219],[-103.40159,25.62247],[-103.40177,25.62295],[-103.40323,25.62219]]],[[[-103.40507,25.61535],[-103.40454,25.61493],[-103.40592,25.61447],[-103.40582,25.61549],[-103.40769,25.61482],[-103.40675,25.61417],[-103.40812,25.61368],[-103.40847,25.61409],[-103.40794,25.6147],[-103.40887,25.61445],[-103.40847,25.61316],[-103.40402,25.61464],[-103.40436,25.61592],[-103.40554,25.61552],[-103.40507,25.61535]]],[[[-103.40026,25.61742],[-103.40207,25.61797],[-103.40173,25.61693],[-103.40026,25.61742]]],[[[-103.40379,25.62029],[-103.40978,25.61864],[-103.40941,25.61811],[-103.40661,25.61894],[-103.40653,25.61841],[-103.40928,25.6179],[-103.40916,25.61732],[-103.40364,25.61884],[-103.40916,25.61732],[-103.40902,25.61693],[-103.40758,25.61741],[-103.4075,25.61696],[-103.40894,25.61672],[-103.40856,25.61595],[-103.40704,25.61644],[-103.40667,25.616],[-103.40776,25.61558],[-103.40593,25.6158],[-103.40676,25.61751],[-103.40622,25.61772],[-103.40569,25.61592],[-103.4045,25.61619],[-103.4053,25.61793],[-103.40476,25.61812],[-103.40425,25.61631],[-103.40235,25.61694],[-103.40256,25.61782],[-103.40339,25.61704],[-103.40384,25.61831],[-103.40261,25.6181],[-103.40294,25.61904],[-103.40363,25.61885],[-103.40294,25.61904],[-103.40324,25.61965],[-103.40575,25.61875],[-103.40583,25.61929],[-103.40329,25.61995],[-103.40379,25.62029]]],[[[-103.40536,25.6238],[-103.40603,25.62399],[-103.40593,25.62349],[-103.40536,25.6238]]],[[[-103.41006,25.61827],[-103.41094,25.61939],[-103.41135,25.6192],[-103.41086,25.61879],[-103.41249,25.61819],[-103.41159,25.61937],[-103.41274,25.61897],[-103.41292,25.61945],[-103.41128,25.62034],[-103.41142,25.61946],[-103.41099,25.6196],[-103.41089,25.62049],[-103.41246,25.62123],[-103.41129,25.62036],[-103.41308,25.61988],[-103.41324,25.62032],[-103.41222,25.62078],[-103.41343,25.62076],[-103.41362,25.62141],[-103.41276,25.62134],[-103.41276,25.62194],[-103.4138,25.62183],[-103.41445,25.62292],[-103.41192,25.61613],[-103.40943,25.61705],[-103.41001,25.61771],[-103.40978,25.61715],[-103.41171,25.61643],[-103.41196,25.61696],[-103.41034,25.61778],[-103.41206,25.61732],[-103.41226,25.61778],[-103.41006,25.61827]]],[[[-103.4088,25.62138],[-103.40764,25.62129],[-103.40798,25.62286],[-103.40892,25.62264],[-103.40919,25.62388],[-103.40978,25.62374],[-103.40929,25.62191],[-103.40813,25.62238],[-103.40788,25.62153],[-103.4088,25.62138]]],[[[-103.4105,25.6235],[-103.4116,25.62313],[-103.41045,25.62236],[-103.41168,25.62195],[-103.4103,25.62144],[-103.41206,25.62159],[-103.41075,25.62081],[-103.40917,25.62167],[-103.40977,25.62164],[-103.4105,25.6235]]],[[[-103.40773,25.62329],[-103.4072,25.62319],[-103.40732,25.62364],[-103.40773,25.62329]]],[[[-103.40797,25.62325],[-103.40867,25.62333],[-103.40856,25.6229],[-103.40797,25.62325]]],[[[-103.40813,25.62381],[-103.40883,25.62388],[-103.40871,25.62345],[-103.40813,25.62381]]],[[[-103.40572,25.62131],[-103.40716,25.62083],[-103.4067,25.6198],[-103.40734,25.61969],[-103.4075,25.62082],[-103.40935,25.62105],[-103.41021,25.62068],[-103.41049,25.6196],[-103.40975,25.62061],[-103.40832,25.62058],[-103.40995,25.62005],[-103.4098,25.61947],[-103.40826,25.61989],[-103.40799,25.61946],[-103.40963,25.61897],[-103.40994,25.61936],[-103.40979,25.61865],[-103.40344,25.62039],[-103.40394,25.62136],[-103.40489,25.62161],[-103.4051,25.62122],[-103.40404,25.62063],[-103.40587,25.62014],[-103.40606,25.62072],[-103.40533,25.62111],[-103.40572,25.62131]]],[[[-103.41185,25.62206],[-103.41177,25.62322],[-103.4125,25.62199],[-103.41185,25.62206]]],[[[-103.41392,25.62261],[-103.41242,25.62253],[-103.41239,25.62295],[-103.41392,25.62261]]],[[[-103.41049,25.61556],[-103.41001,25.61583],[-103.41034,25.61639],[-103.40952,25.61664],[-103.40978,25.6159],[-103.40918,25.61605],[-103.40939,25.61694],[-103.41185,25.61596],[-103.41185,25.61444],[-103.41065,25.61435],[-103.41166,25.61453],[-103.41083,25.6151],[-103.41156,25.61587],[-103.41087,25.61619],[-103.41049,25.61556]]],[[[-103.41045,25.61512],[-103.40984,25.61461],[-103.41063,25.61435],[-103.40857,25.61489],[-103.40969,25.61488],[-103.40995,25.61548],[-103.41045,25.61512]]],[[[-103.40928,25.61542],[-103.40777,25.61515],[-103.40967,25.61557],[-103.40928,25.61542]]],[[[-103.41585,25.61957],[-103.42036,25.62025],[-103.42154,25.61897],[-103.41602,25.61808],[-103.41588,25.6187],[-103.41757,25.61902],[-103.41744,25.61944],[-103.41554,25.61905],[-103.41585,25.61957]]],[[[-103.41555,25.61792],[-103.41512,25.61883],[-103.41572,25.61883],[-103.41555,25.61792]]],[[[-103.41494,25.61819],[-103.41379,25.61769],[-103.41394,25.61835],[-103.41494,25.61819]]],[[[-103.41317,25.61772],[-103.4138,25.61913],[-103.41529,25.61958],[-103.41528,25.61903],[-103.41384,25.61874],[-103.41305,25.61723],[-103.41317,25.61772]]],[[[-103.41518,25.62061],[-103.41517,25.61994],[-103.41326,25.61974],[-103.4145,25.62305],[-103.41512,25.62257],[-103.41443,25.62198],[-103.41546,25.62229],[-103.41522,25.62098],[-103.41418,25.62153],[-103.41473,25.62057],[-103.41381,25.62055],[-103.41364,25.61995],[-103.41518,25.62061]]],[[[-103.4155,25.62114],[-103.41569,25.62236],[-103.41704,25.6222],[-103.41691,25.62285],[-103.41604,25.62266],[-103.41594,25.62316],[-103.41709,25.62345],[-103.41765,25.6202],[-103.41546,25.62017],[-103.41547,25.62077],[-103.41577,25.62014],[-103.41734,25.62032],[-103.41726,25.62079],[-103.41588,25.62066],[-103.41715,25.62121],[-103.41705,25.62171],[-103.4155,25.62114]]],[[[-103.41549,25.62321],[-103.41584,25.62253],[-103.41527,25.62255],[-103.41549,25.62321]]],[[[-103.41006,25.60928],[-103.41061,25.60894],[-103.41108,25.60956],[-103.41023,25.61019],[-103.41181,25.61],[-103.41068,25.6086],[-103.40961,25.60923],[-103.41006,25.60928]]],[[[-103.41002,25.60978],[-103.40873,25.60973],[-103.40801,25.61103],[-103.40907,25.61145],[-103.4095,25.61086],[-103.40835,25.6109],[-103.40842,25.61023],[-103.40957,25.61075],[-103.40994,25.61023],[-103.40881,25.60997],[-103.41002,25.60978]]],[[[-103.40849,25.611],[-103.40801,25.61103],[-103.40887,25.61312],[-103.41035,25.61201],[-103.40945,25.61161],[-103.40919,25.61212],[-103.40849,25.611]]],[[[-103.40964,25.61152],[-103.41041,25.61197],[-103.41126,25.6113],[-103.40975,25.61091],[-103.40964,25.61152]]],[[[-103.40998,25.61083],[-103.41126,25.6113],[-103.4119,25.61083],[-103.41017,25.61029],[-103.40998,25.61083]]],[[[-103.37074,25.63137],[-103.37394,25.63421],[-103.37422,25.63391],[-103.3714,25.63124],[-103.37074,25.63137]]],[[[-103.37709,25.63014],[-103.37594,25.63036],[-103.37656,25.63145],[-103.37739,25.63058],[-103.37709,25.63014]]],[[[-103.37354,25.63082],[-103.37209,25.63111],[-103.37452,25.6334],[-103.37548,25.63242],[-103.37449,25.63158],[-103.37546,25.63062],[-103.37635,25.6314],[-103.37577,25.63039],[-103.37354,25.63082]]],[[[-103.37355,25.62925],[-103.37305,25.62821],[-103.37037,25.62902],[-103.37149,25.63108],[-103.3757,25.63026],[-103.37483,25.62872],[-103.37355,25.62925]]],[[[-103.35971,25.64858],[-103.36327,25.64919],[-103.36481,25.64859],[-103.36399,25.64798],[-103.35971,25.64858]]],[[[-103.41566,25.60478],[-103.42169,25.60559],[-103.41833,25.60416],[-103.41815,25.6046],[-103.42074,25.60539],[-103.41604,25.60457],[-103.41618,25.60414],[-103.41791,25.60455],[-103.41773,25.60405],[-103.41588,25.60394],[-103.41566,25.60478]]],[[[-103.41971,25.60431],[-103.42218,25.60546],[-103.42228,25.60503],[-103.42,25.60429],[-103.42473,25.60501],[-103.42258,25.60508],[-103.42269,25.60554],[-103.42498,25.60484],[-103.41971,25.60431]]],[[[-103.42305,25.60602],[-103.42702,25.60672],[-103.42718,25.60601],[-103.42698,25.60517],[-103.42619,25.60506],[-103.426,25.60586],[-103.42683,25.60536],[-103.42699,25.60647],[-103.42381,25.60588],[-103.42588,25.60586],[-103.4256,25.60531],[-103.42305,25.60602]]],[[[-103.39269,25.59848],[-103.39186,25.59786],[-103.39096,25.5989],[-103.3925,25.60074],[-103.39379,25.59989],[-103.39269,25.59848]]],[[[-103.38985,25.61556],[-103.38704,25.61892],[-103.39179,25.61862],[-103.38985,25.61556]]],[[[-103.37209,25.63111],[-103.37157,25.63121],[-103.37433,25.6338],[-103.37464,25.63347],[-103.37209,25.63111]]]]},"properties":{"SIMBOLOGIA":"Habitacional densidad Baja (H1)"}},{"type":"Feature","geometry":{"type":"MultiPolygon","coordinates":[[[[-103.43016,25.54333],[-103.43015,25.54391],[-103.43099,25.54392],[-103.431,25.54316],[-103.43016,25.54333]]],[[[-103.42214,25.52218],[-103.42253,25.52198],[-103.42202,25.52169],[-103.42214,25.52218]]],[[[-103.43616,25.51736],[-103.43576,25.51787],[-103.43637,25.51835],[-103.43687,25.5177],[-103.43616,25.51736]]],[[[-103.44353,25.56571],[-103.44416,25.56483],[-103.44351,25.56455],[-103.44353,25.56571]]],[[[-103.39707,25.52271],[-103.39626,25.52249],[-103.39625,25.5233],[-103.39685,25.52345],[-103.39707,25.52271]]],[[[-103.36726,25.54481],[-103.36609,25.54492],[-103.36718,25.54526],[-103.36726,25.54481]]]]},"properties":{"SIMBOLOGIA":"Equipamiento Asistencia Social (EAS)"}},{"type":"Feature","geometry":{"type":"MultiPolygon","coordinates":[[[[-103.43785,25.5233],[-103.43913,25.52365],[-103.43972,25.52189],[-103.43841,25.52151],[-103.43785,25.5233]]],[[[-103.44001,25.52301],[-103.43919,25.52431],[-103.4394,25.52373],[-103.43785,25.5233],[-103.43739,25.5243],[-103.43861,25.52465],[-103.43739,25.5243],[-103.43589,25.52876],[-103.43812,25.52938],[-103.43687,25.53375],[-103.44273,25.53378],[-103.44565,25.52504],[-103.44063,25.52195],[-103.43997,25.52388],[-103.44001,25.52301]]],[[[-103.44295,25.51966],[-103.44716,25.5194],[-103.44419,25.51837],[-103.44307,25.51701],[-103.44219,25.51899],[-103.44295,25.51966]]],[[[-103.42956,25.5065],[-103.42769,25.50896],[-103.42851,25.50949],[-103.42843,25.50878],[-103.42895,25.50911],[-103.42853,25.50994],[-103.42919,25.51036],[-103.42964,25.50955],[-103.43074,25.50992],[-103.43106,25.5095],[-103.43356,25.51097],[-103.43411,25.51028],[-103.43151,25.50721],[-103.43015,25.50627],[-103.42956,25.5065]]],[[[-103.40157,25.48947],[-103.40072,25.4902],[-103.40137,25.48965],[-103.40075,25.49019],[-103.40215,25.48991],[-103.40358,25.49074],[-103.40418,25.49011],[-103.40246,25.48876],[-103.40157,25.48947]]],[[[-103.44305,25.51515],[-103.44404,25.51564],[-103.44526,25.5148],[-103.44569,25.51357],[-103.44394,25.51292],[-103.44305,25.51515]]],[[[-103.44183,25.51878],[-103.44102,25.52131],[-103.44184,25.52185],[-103.44329,25.52008],[-103.44183,25.51878]]],[[[-103.44187,25.51867],[-103.44299,25.51695],[-103.44275,25.51608],[-103.44187,25.51867]]],[[[-103.44563,25.5244],[-103.44613,25.52472],[-103.44667,25.52381],[-103.44563,25.5244]]],[[[-103.44641,25.52479],[-103.44937,25.52658],[-103.44931,25.52305],[-103.4487,25.52247],[-103.44956,25.52086],[-103.448,25.52028],[-103.44653,25.52219],[-103.44696,25.52414],[-103.44641,25.52479]]],[[[-103.35743,25.46235],[-103.35518,25.46167],[-103.3549,25.46267],[-103.35997,25.46346],[-103.36,25.46299],[-103.35743,25.46235]]],[[[-103.37618,25.47609],[-103.3828,25.48245],[-103.38518,25.48047],[-103.38352,25.47882],[-103.38264,25.47958],[-103.38352,25.47882],[-103.37751,25.47295],[-103.37654,25.47298],[-103.37482,25.47477],[-103.37618,25.47609]]],[[[-103.34948,25.47725],[-103.35571,25.48128],[-103.36025,25.47658],[-103.35638,25.47348],[-103.35263,25.4731],[-103.34948,25.47725]]],[[[-103.36027,25.47683],[-103.35776,25.47941],[-103.35921,25.48058],[-103.36181,25.47772],[-103.36027,25.47683]]],[[[-103.35779,25.46971],[-103.36174,25.473],[-103.36537,25.46924],[-103.36651,25.46413],[-103.36021,25.46303],[-103.36015,25.46358],[-103.36277,25.4639],[-103.36263,25.46983],[-103.36036,25.4697],[-103.36015,25.47063],[-103.36062,25.46618],[-103.35728,25.46596],[-103.35702,25.46914],[-103.35779,25.46971]]],[[[-103.35859,25.47087],[-103.35778,25.47029],[-103.35522,25.47313],[-103.3564,25.47327],[-103.36177,25.47738],[-103.36383,25.47511],[-103.35859,25.47087]]],[[[-103.37616,25.48032],[-103.38087,25.48409],[-103.38261,25.48261],[-103.37462,25.47494],[-103.37227,25.47734],[-103.37616,25.48032]]],[[[-103.3759,25.48057],[-103.37206,25.47755],[-103.37135,25.47828],[-103.3796,25.48476],[-103.37139,25.47832],[-103.37101,25.47871],[-103.3777,25.48684],[-103.38061,25.48432],[-103.3759,25.48057]]],[[[-103.36565,25.47575],[-103.3652,25.47583],[-103.36993,25.47927],[-103.37178,25.47731],[-103.36904,25.47513],[-103.36565,25.47575]]],[[[-103.35356,25.47175],[-103.35432,25.4709],[-103.35291,25.47072],[-103.35312,25.46933],[-103.35084,25.46905],[-103.34907,25.47237],[-103.35263,25.47273],[-103.35356,25.47175]]],[[[-103.35084,25.46905],[-103.34668,25.46854],[-103.34578,25.47203],[-103.34907,25.47237],[-103.35084,25.46905]]],[[[-103.35478,25.46943],[-103.35432,25.46947],[-103.35503,25.47012],[-103.35564,25.46946],[-103.35478,25.46943]]],[[[-103.35432,25.4709],[-103.35473,25.47046],[-103.35312,25.46933],[-103.35291,25.47072],[-103.35432,25.4709]]],[[[-103.36691,25.48127],[-103.36319,25.47867],[-103.35909,25.48305],[-103.36381,25.48601],[-103.36691,25.48127]]],[[[-103.34362,25.45987],[-103.33906,25.45908],[-103.33751,25.4671],[-103.34186,25.46762],[-103.34544,25.46036],[-103.34362,25.45987],[-103.34348,25.46047],[-103.34362,25.45987]]],[[[-103.33719,25.46875],[-103.34099,25.47114],[-103.34178,25.46798],[-103.33745,25.46744],[-103.33719,25.46875]]],[[[-103.35472,25.463],[-103.35482,25.46187],[-103.34854,25.46072],[-103.34837,25.46145],[-103.34917,25.46234],[-103.35472,25.463]]],[[[-103.36528,25.45936],[-103.35627,25.45777],[-103.35596,25.45909],[-103.35792,25.45946],[-103.35597,25.45909],[-103.35587,25.45952],[-103.35782,25.4599],[-103.35587,25.45954],[-103.35558,25.46103],[-103.36853,25.46364],[-103.36678,25.46301],[-103.36831,25.46335],[-103.36528,25.45936]]],[[[-103.36384,25.45896],[-103.36489,25.45884],[-103.36097,25.45369],[-103.35738,25.45302],[-103.35669,25.45594],[-103.35803,25.4562],[-103.3567,25.45597],[-103.35637,25.45736],[-103.36017,25.45818],[-103.36064,25.45613],[-103.35994,25.45599],[-103.36064,25.45613],[-103.36017,25.45818],[-103.36384,25.45896]]],[[[-103.35797,25.45029],[-103.36049,25.45306],[-103.35807,25.44987],[-103.35797,25.45029]]],[[[-103.35405,25.4671],[-103.35253,25.46589],[-103.35134,25.46811],[-103.35253,25.46589],[-103.34814,25.46218],[-103.34668,25.4682],[-103.35366,25.46904],[-103.35392,25.46777],[-103.35366,25.46904],[-103.35476,25.46952],[-103.35551,25.46836],[-103.35405,25.4671]]],[[[-103.35303,25.46303],[-103.35254,25.46541],[-103.354,25.4667],[-103.35425,25.46537],[-103.354,25.4667],[-103.35527,25.46763],[-103.35582,25.46325],[-103.35303,25.46303]]],[[[-103.34774,25.46211],[-103.34787,25.46158],[-103.34606,25.45998],[-103.34234,25.46768],[-103.34629,25.46815],[-103.34774,25.46211]]],[[[-103.34579,25.47004],[-103.3462,25.46851],[-103.34219,25.46803],[-103.34176,25.46956],[-103.34579,25.47004]]],[[[-103.34579,25.47004],[-103.34173,25.46956],[-103.34121,25.4719],[-103.34364,25.47347],[-103.34527,25.47201],[-103.34579,25.47004]]],[[[-103.34285,25.45881],[-103.34295,25.45736],[-103.33952,25.45619],[-103.33902,25.45834],[-103.34568,25.45955],[-103.3463,25.45812],[-103.34346,25.45746],[-103.34285,25.45881]]],[[[-103.34873,25.45856],[-103.34893,25.4577],[-103.34686,25.4573],[-103.34651,25.45901],[-103.34673,25.45956],[-103.34844,25.45988],[-103.34873,25.45856]]],[[[-103.34897,25.45756],[-103.34917,25.45635],[-103.34718,25.45596],[-103.34686,25.4573],[-103.34897,25.45756]]],[[[-103.34776,25.45399],[-103.34741,25.45559],[-103.34928,25.45595],[-103.34969,25.45435],[-103.34776,25.45399]]],[[[-103.34776,25.45399],[-103.34968,25.45435],[-103.34998,25.45289],[-103.34808,25.45253],[-103.34776,25.45399]]],[[[-103.34808,25.45253],[-103.34999,25.45289],[-103.35029,25.45159],[-103.34836,25.45124],[-103.34808,25.45253]]],[[[-103.34543,25.45506],[-103.34699,25.45538],[-103.34734,25.45348],[-103.3444,25.45297],[-103.34349,25.45728],[-103.34643,25.45768],[-103.34699,25.45538],[-103.34543,25.45506]]],[[[-103.34366,25.45495],[-103.34169,25.45458],[-103.34129,25.45683],[-103.34316,25.45708],[-103.34417,25.45302],[-103.34227,25.45245],[-103.3417,25.45459],[-103.34366,25.45495]]],[[[-103.34107,25.45652],[-103.342,25.45252],[-103.34254,25.45217],[-103.34054,25.45178],[-103.33952,25.45619],[-103.34107,25.45652]]],[[[-103.34489,25.45055],[-103.34099,25.44983],[-103.34054,25.45178],[-103.34442,25.45262],[-103.34489,25.45055]]],[[[-103.34489,25.45055],[-103.34441,25.45262],[-103.34748,25.45313],[-103.34798,25.45117],[-103.34489,25.45055]]],[[[-103.33496,25.45758],[-103.33877,25.45829],[-103.3397,25.45399],[-103.33601,25.4534],[-103.33496,25.45758]]],[[[-103.34304,25.44066],[-103.34987,25.44194],[-103.35081,25.44026],[-103.34771,25.43623],[-103.34672,25.43691],[-103.34414,25.43632],[-103.34304,25.44066]]],[[[-103.3372,25.44854],[-103.34084,25.44908],[-103.34167,25.44505],[-103.33821,25.44446],[-103.3372,25.44854]]],[[[-103.34115,25.44913],[-103.34801,25.45048],[-103.34892,25.44638],[-103.34203,25.44511],[-103.34115,25.44913]]],[[[-103.34851,25.45057],[-103.35042,25.45098],[-103.35138,25.44683],[-103.34941,25.44647],[-103.34851,25.45057]]],[[[-103.35768,25.44946],[-103.3526,25.44295],[-103.35082,25.45112],[-103.35703,25.4523],[-103.35768,25.44946]]],[[[-103.35689,25.45292],[-103.3507,25.45166],[-103.34965,25.45609],[-103.3559,25.45727],[-103.35689,25.45292]]],[[[-103.35126,25.46272],[-103.34916,25.46236],[-103.35253,25.46549],[-103.35303,25.46303],[-103.35126,25.46272]]],[[[-103.36711,25.48737],[-103.37119,25.48755],[-103.36895,25.48492],[-103.36719,25.48584],[-103.36711,25.48737]]],[[[-103.35907,25.45206],[-103.3589,25.45273],[-103.36001,25.45298],[-103.35797,25.45029],[-103.35907,25.45206]]],[[[-103.38146,25.48454],[-103.38704,25.48875],[-103.39753,25.4921],[-103.38594,25.48077],[-103.38146,25.48454]]],[[[-103.37206,25.47755],[-103.37135,25.47829],[-103.3752,25.48131],[-103.3759,25.48057],[-103.37206,25.47755]]],[[[-103.38717,25.48918],[-103.38121,25.48476],[-103.37744,25.48799],[-103.37849,25.48866],[-103.38502,25.48959],[-103.39235,25.49436],[-103.39612,25.49376],[-103.39801,25.49257],[-103.38717,25.48918]]],[[[-103.39101,25.48492],[-103.39833,25.49229],[-103.39968,25.49054],[-103.39848,25.48914],[-103.39974,25.488],[-103.40157,25.48947],[-103.40482,25.48693],[-103.40376,25.48618],[-103.40279,25.48695],[-103.40022,25.48519],[-103.40155,25.48365],[-103.39606,25.47946],[-103.39283,25.47904],[-103.38915,25.47705],[-103.3865,25.47416],[-103.38565,25.47525],[-103.38954,25.47842],[-103.39504,25.48446],[-103.3928,25.48627],[-103.39101,25.48492]]],[[[-103.35551,25.46836],[-103.35489,25.46937],[-103.35581,25.46925],[-103.35551,25.46836]]],[[[-103.34489,25.47428],[-103.34703,25.47567],[-103.34866,25.47261],[-103.34561,25.47228],[-103.34489,25.47428]]],[[[-103.37206,25.48331],[-103.37017,25.48094],[-103.36741,25.48369],[-103.36719,25.48584],[-103.36895,25.48492],[-103.37119,25.48755],[-103.37556,25.48771],[-103.37206,25.48331]]],[[[-103.35907,25.45206],[-103.35789,25.45052],[-103.35748,25.45241],[-103.3589,25.45273],[-103.35907,25.45206]]],[[[-103.34939,25.44424],[-103.3498,25.44236],[-103.34293,25.44113],[-103.34216,25.44452],[-103.34905,25.44577],[-103.34939,25.44424]]],[[[-103.34954,25.44586],[-103.35152,25.44622],[-103.35232,25.44279],[-103.35029,25.44245],[-103.34954,25.44586]]],[[[-103.35581,25.45767],[-103.34956,25.45646],[-103.34874,25.45993],[-103.35503,25.46095],[-103.35581,25.45767]]],[[[-103.33836,25.44384],[-103.34182,25.44445],[-103.34264,25.44109],[-103.3392,25.44044],[-103.33836,25.44384]]],[[[-103.33646,25.46824],[-103.33665,25.46734],[-103.33469,25.4671],[-103.33646,25.46824]]],[[[-103.34399,25.4737],[-103.34489,25.47428],[-103.34538,25.47248],[-103.34399,25.4737]]],[[[-103.34703,25.47567],[-103.34926,25.47711],[-103.35242,25.47298],[-103.34866,25.47261],[-103.34703,25.47567]]],[[[-103.33981,25.45347],[-103.3407,25.44978],[-103.33706,25.44912],[-103.33614,25.45285],[-103.33981,25.45347]]],[[[-103.33277,25.46653],[-103.33672,25.467],[-103.33843,25.45897],[-103.33477,25.45833],[-103.33277,25.46653]]],[[[-103.36843,25.47958],[-103.36486,25.4769],[-103.36351,25.47833],[-103.36724,25.4809],[-103.36843,25.47958]]],[[[-103.34275,25.44061],[-103.34399,25.43628],[-103.34042,25.43549],[-103.33932,25.43997],[-103.34275,25.44061]]],[[[-103.34429,25.43574],[-103.34656,25.43621],[-103.3473,25.43571],[-103.34507,25.43278],[-103.34429,25.43574]]],[[[-103.34397,25.43565],[-103.34487,25.43244],[-103.34154,25.4281],[-103.34107,25.42988],[-103.34187,25.43112],[-103.34058,25.43485],[-103.34397,25.43565]]],[[[-103.35038,25.44203],[-103.35247,25.44242],[-103.35111,25.44065],[-103.35038,25.44203]]],[[[-103.36507,25.48467],[-103.36381,25.48601],[-103.3649,25.48679],[-103.36507,25.48467]]]]},"properties":{"SIMBOLOGIA":"Industria Pesada (IP)"}},{"type":"Feature","geometry":{"type":"MultiPolygon","coordinates":[]},"properties":{"SIMBOLOGIA":"Servicios (S)"}},{"type":"Feature","geometry":{"type":"Polygon","coordinates":[[[-103.4359,25.51929],[-103.43499,25.52063],[-103.43717,25.52185],[-103.4376,25.52001],[-103.4359,25.51929]]]},"properties":{"SIMBOLOGIA":"Industria Mediana (IM)"}},{"type":"Feature","geometry":{"type":"MultiPolygon","coordinates":[[[[-103.43805,25.50507],[-103.43816,25.50248],[-103.43658,25.50213],[-103.43625,25.50295],[-103.43681,25.50363],[-103.43555,25.5048],[-103.43178,25.50502],[-103.43042,25.50644],[-103.43208,25.50787],[-103.43427,25.50635],[-103.4365,25.50626],[-103.43805,25.50507]]],[[[-103.4518,25.52085],[-103.45135,25.52055],[-103.45215,25.52157],[-103.45458,25.52166],[-103.45413,25.52127],[-103.45455,25.52075],[-103.45285,25.52041],[-103.45284,25.52088],[-103.4518,25.52085]]],[[[-103.40022,25.48519],[-103.40279,25.48695],[-103.40376,25.48618],[-103.40481,25.48689],[-103.40765,25.48457],[-103.40757,25.48398],[-103.41047,25.48339],[-103.41089,25.4822],[-103.41357,25.48062],[-103.41519,25.48099],[-103.41578,25.47938],[-103.41474,25.47914],[-103.41465,25.47759],[-103.41277,25.47774],[-103.40987,25.476],[-103.40849,25.47667],[-103.40706,25.47463],[-103.40308,25.47206],[-103.40524,25.46939],[-103.40501,25.4685],[-103.40595,25.46791],[-103.40593,25.46573],[-103.40485,25.46427],[-103.40202,25.46342],[-103.39807,25.46113],[-103.39712,25.45736],[-103.39614,25.45658],[-103.39217,25.45584],[-103.39017,25.45829],[-103.39006,25.45957],[-103.39068,25.4607],[-103.39231,25.46118],[-103.39214,25.46293],[-103.39371,25.465],[-103.39272,25.46573],[-103.3929,25.46714],[-103.39642,25.46914],[-103.39881,25.47523],[-103.40229,25.47723],[-103.40418,25.48007],[-103.4012,25.48018],[-103.39923,25.47937],[-103.39935,25.47848],[-103.39723,25.47664],[-103.39488,25.47701],[-103.39356,25.47647],[-103.39085,25.47417],[-103.39167,25.47226],[-103.38965,25.47251],[-103.38866,25.47179],[-103.38658,25.47425],[-103.39243,25.47942],[-103.39286,25.47906],[-103.39121,25.47817],[-103.39452,25.47957],[-103.39606,25.47946],[-103.40155,25.48365],[-103.40022,25.48519]]],[[[-103.38642,25.47613],[-103.38565,25.47525],[-103.38353,25.47787],[-103.39092,25.48499],[-103.38415,25.47818],[-103.38427,25.47723],[-103.38642,25.47613]]],[[[-103.45612,25.51342],[-103.45783,25.50776],[-103.45687,25.50589],[-103.44974,25.50594],[-103.45176,25.50814],[-103.44868,25.50886],[-103.44631,25.50706],[-103.44685,25.51086],[-103.44907,25.51119],[-103.44813,25.51348],[-103.44671,25.51452],[-103.44908,25.51373],[-103.4497,25.51429],[-103.45128,25.51424],[-103.4523,25.51339],[-103.45612,25.51342]]],[[[-103.411,25.48998],[-103.41157,25.49127],[-103.41549,25.48895],[-103.41639,25.48961],[-103.41936,25.48917],[-103.42009,25.48963],[-103.42104,25.48862],[-103.42007,25.48797],[-103.42043,25.48722],[-103.43032,25.48728],[-103.42827,25.48602],[-103.42841,25.48417],[-103.42627,25.48612],[-103.42478,25.48552],[-103.41881,25.48517],[-103.41757,25.48692],[-103.4142,25.48588],[-103.4132,25.48724],[-103.40697,25.48811],[-103.4084,25.48923],[-103.40906,25.48854],[-103.411,25.48998]]]]},"properties":{"SIMBOLOGIA":"Industria Extractiva (IE)"}},{"type":"Feature","geometry":{"type":"MultiPolygon","coordinates":[[[[-103.37694,25.52075],[-103.37733,25.52129],[-103.37653,25.52126],[-103.37663,25.52055],[-103.3758,25.52132],[-103.37202,25.5215],[-103.37751,25.52152],[-103.37758,25.51727],[-103.37694,25.52075]]],[[[-103.37144,25.52124],[-103.36779,25.52102],[-103.36778,25.52147],[-103.37144,25.52124]]],[[[-103.37558,25.52054],[-103.37205,25.52061],[-103.37201,25.52106],[-103.37583,25.5208],[-103.37703,25.52011],[-103.37704,25.51883],[-103.37383,25.51902],[-103.37673,25.5191],[-103.37667,25.52001],[-103.37558,25.52054]]],[[[-103.37764,25.51528],[-103.37631,25.51838],[-103.37445,25.51846],[-103.37406,25.51758],[-103.37419,25.5187],[-103.37523,25.51881],[-103.37699,25.51866],[-103.37824,25.51435],[-103.37442,25.51253],[-103.37335,25.51429],[-103.37231,25.51413],[-103.37203,25.51478],[-103.37256,25.51509],[-103.37125,25.51467],[-103.3709,25.51535],[-103.37253,25.51702],[-103.37269,25.51887],[-103.3725,25.51648],[-103.37338,25.51428],[-103.37459,25.51486],[-103.37536,25.51363],[-103.37617,25.51405],[-103.37429,25.51725],[-103.37555,25.51653],[-103.37645,25.51367],[-103.37801,25.5145],[-103.37672,25.51405],[-103.37764,25.51528]]],[[[-103.37437,25.51738],[-103.37586,25.51702],[-103.37684,25.51454],[-103.37568,25.51665],[-103.37437,25.51738]]],[[[-103.37375,25.51888],[-103.37408,25.51704],[-103.3735,25.51729],[-103.37375,25.51888]]],[[[-103.37066,25.5147],[-103.37063,25.51531],[-103.37101,25.51446],[-103.37189,25.51477],[-103.37225,25.51395],[-103.37146,25.51367],[-103.37066,25.5147]]],[[[-103.36994,25.51488],[-103.37015,25.51151],[-103.37125,25.51076],[-103.36642,25.50864],[-103.37059,25.51084],[-103.36918,25.5104],[-103.3699,25.51175],[-103.36964,25.51514],[-103.36994,25.51488]]],[[[-103.36637,25.50943],[-103.36666,25.514],[-103.36697,25.50916],[-103.36637,25.50943]]],[[[-103.36846,25.51468],[-103.36824,25.51358],[-103.3678,25.51415],[-103.36838,25.51509],[-103.36846,25.51468]]],[[[-103.36774,25.51329],[-103.36739,25.51403],[-103.36829,25.51307],[-103.36774,25.51329]]],[[[-103.36684,25.5131],[-103.36718,25.51038],[-103.36793,25.50999],[-103.36943,25.51174],[-103.36937,25.51406],[-103.36983,25.51285],[-103.36911,25.5102],[-103.36724,25.50924],[-103.36684,25.5131]]],[[[-103.36808,25.51497],[-103.36683,25.51423],[-103.36682,25.51484],[-103.36808,25.51497]]],[[[-103.36681,25.51515],[-103.36671,25.51633],[-103.36633,25.51423],[-103.36643,25.51655],[-103.36709,25.51656],[-103.36681,25.51515]]],[[[-103.37056,25.51566],[-103.37208,25.51721],[-103.37152,25.52081],[-103.37033,25.52004],[-103.36824,25.52078],[-103.36774,25.51842],[-103.36649,25.5175],[-103.36629,25.51805],[-103.36743,25.51851],[-103.36804,25.52103],[-103.36959,25.52106],[-103.37035,25.52031],[-103.37066,25.52107],[-103.37181,25.52106],[-103.37237,25.51716],[-103.37056,25.51566]]],[[[-103.37049,25.52087],[-103.36979,25.52056],[-103.3698,25.52107],[-103.37049,25.52087]]],[[[-103.3738,25.5122],[-103.37186,25.51116],[-103.37251,25.5129],[-103.37367,25.5135],[-103.3743,25.51248],[-103.3738,25.5122]]],[[[-103.35089,25.59905],[-103.3606,25.59828],[-103.36065,25.59668],[-103.35442,25.59711],[-103.35086,25.59649],[-103.35089,25.59905]]],[[[-103.37799,25.595],[-103.37802,25.59293],[-103.3762,25.59373],[-103.37619,25.59615],[-103.37768,25.59609],[-103.37619,25.59615],[-103.3762,25.59768],[-103.37798,25.59723],[-103.37902,25.5976],[-103.37952,25.5963],[-103.37798,25.59635],[-103.37799,25.595]]],[[[-103.37299,25.59733],[-103.37302,25.59781],[-103.37605,25.59771],[-103.37606,25.59395],[-103.37556,25.5941],[-103.37607,25.59358],[-103.36911,25.59471],[-103.36963,25.59767],[-103.37167,25.59765],[-103.37182,25.59657],[-103.37052,25.59654],[-103.37098,25.59747],[-103.37001,25.59766],[-103.37032,25.59653],[-103.36929,25.59596],[-103.36932,25.59492],[-103.37012,25.59489],[-103.36988,25.59625],[-103.37078,25.59634],[-103.37038,25.59494],[-103.37125,25.5949],[-103.37112,25.59636],[-103.37198,25.59631],[-103.37151,25.59487],[-103.37244,25.59479],[-103.37219,25.5963],[-103.37302,25.59628],[-103.37299,25.59733]]],[[[-103.37222,25.59697],[-103.37247,25.59781],[-103.37102,25.59819],[-103.37255,25.59808],[-103.37262,25.59659],[-103.37204,25.59656],[-103.37222,25.59697]]],[[[-103.33513,25.5667],[-103.33449,25.56868],[-103.33498,25.56879],[-103.33447,25.5688],[-103.33418,25.56988],[-103.33474,25.56999],[-103.33416,25.56999],[-103.334,25.57109],[-103.33461,25.5708],[-103.3345,25.57169],[-103.33398,25.5712],[-103.33392,25.57164],[-103.33395,25.57231],[-103.33464,25.57243],[-103.33285,25.57253],[-103.3338,25.57153],[-103.33308,25.57164],[-103.33385,25.57121],[-103.33395,25.57052],[-103.33327,25.57039],[-103.33397,25.5704],[-103.33407,25.56973],[-103.33314,25.56975],[-103.33255,25.57295],[-103.33463,25.57276],[-103.3356,25.56625],[-103.33492,25.5661],[-103.33513,25.5667]]],[[[-103.33446,25.56635],[-103.33319,25.56962],[-103.33409,25.56961],[-103.33357,25.56879],[-103.33447,25.56807],[-103.33398,25.56763],[-103.33454,25.56764],[-103.33446,25.56635]]],[[[-103.36406,25.59387],[-103.36402,25.59215],[-103.36237,25.59213],[-103.36229,25.59426],[-103.36406,25.59387]]],[[[-103.36246,25.5889],[-103.36395,25.58893],[-103.36429,25.58768],[-103.3625,25.58765],[-103.36246,25.5889]]],[[[-103.32455,25.59383],[-103.32511,25.59389],[-103.32581,25.5907],[-103.32095,25.58917],[-103.32007,25.59585],[-103.32156,25.59632],[-103.32189,25.59528],[-103.3233,25.59538],[-103.32283,25.59678],[-103.32429,25.59725],[-103.32507,25.59389],[-103.32455,25.59383]]],[[[-103.34308,25.58582],[-103.3427,25.58751],[-103.34373,25.5875],[-103.34405,25.58597],[-103.34308,25.58582]]],[[[-103.33946,25.58643],[-103.3396,25.58745],[-103.34025,25.5875],[-103.34097,25.58418],[-103.34031,25.58378],[-103.34097,25.58418],[-103.34138,25.58228],[-103.3385,25.58235],[-103.33826,25.58341],[-103.33889,25.58352],[-103.33758,25.58329],[-103.33692,25.58794],[-103.33782,25.58778],[-103.33802,25.58617],[-103.33782,25.58778],[-103.3396,25.58745],[-103.33946,25.58643]]],[[[-103.34859,25.58677],[-103.34944,25.58691],[-103.34967,25.58495],[-103.34884,25.5848],[-103.34859,25.58677]]],[[[-103.34238,25.58445],[-103.34208,25.58562],[-103.34397,25.58593],[-103.34428,25.58447],[-103.34275,25.5842],[-103.34428,25.58447],[-103.34397,25.58593],[-103.34584,25.58626],[-103.34671,25.58339],[-103.34275,25.58267],[-103.34672,25.58336],[-103.34704,25.58229],[-103.34262,25.58226],[-103.34238,25.58445]]],[[[-103.33485,25.58739],[-103.33437,25.58794],[-103.33614,25.58805],[-103.33649,25.58698],[-103.33612,25.5881],[-103.33692,25.58794],[-103.33714,25.58504],[-103.33614,25.58476],[-103.33575,25.58638],[-103.33452,25.58613],[-103.33441,25.58734],[-103.33485,25.58739]]],[[[-103.33453,25.58607],[-103.33575,25.5863],[-103.33602,25.58512],[-103.33481,25.58485],[-103.33453,25.58607]]],[[[-103.34799,25.58262],[-103.34755,25.58455],[-103.34809,25.58465],[-103.34856,25.5828],[-103.34799,25.58262]]],[[[-103.34746,25.58245],[-103.34716,25.58343],[-103.34768,25.58351],[-103.34792,25.5826],[-103.34746,25.58245]]],[[[-103.33501,25.584],[-103.33481,25.58485],[-103.33602,25.58512],[-103.3367,25.58238],[-103.33537,25.58243],[-103.33501,25.584]]],[[[-103.34963,25.58206],[-103.35091,25.5821],[-103.34879,25.58048],[-103.34843,25.58168],[-103.34963,25.58206]]],[[[-103.34733,25.58141],[-103.34778,25.57998],[-103.346,25.57942],[-103.34552,25.58105],[-103.34733,25.58141]]],[[[-103.34305,25.58131],[-103.34565,25.58123],[-103.34303,25.58031],[-103.34305,25.58131]]],[[[-103.33734,25.57982],[-103.33701,25.58127],[-103.33876,25.58127],[-103.33907,25.57987],[-103.33747,25.57929],[-103.33734,25.57982]]],[[[-103.34305,25.5802],[-103.34397,25.58053],[-103.34443,25.5785],[-103.34344,25.57817],[-103.34305,25.5802]]],[[[-103.33915,25.57894],[-103.33606,25.57784],[-103.33594,25.57878],[-103.34159,25.58128],[-103.34188,25.5799],[-103.33915,25.57894]]],[[[-103.33575,25.58036],[-103.3356,25.58127],[-103.33698,25.58127],[-103.33734,25.57982],[-103.33594,25.57878],[-103.33575,25.58036]]],[[[-103.33985,25.57634],[-103.33757,25.57659],[-103.33722,25.57816],[-103.34146,25.57964],[-103.34076,25.57624],[-103.33985,25.57634]]],[[[-103.33753,25.57659],[-103.3362,25.57674],[-103.33607,25.57776],[-103.33716,25.57814],[-103.33753,25.57659]]],[[[-103.34808,25.57824],[-103.34925,25.57859],[-103.34947,25.57787],[-103.34843,25.57669],[-103.34808,25.57824]]],[[[-103.334,25.58893],[-103.3332,25.59115],[-103.33929,25.59163],[-103.33956,25.58924],[-103.334,25.58893]]],[[[-103.33614,25.58476],[-103.33714,25.58504],[-103.3385,25.58235],[-103.33675,25.58238],[-103.33614,25.58476]]],[[[-103.35137,25.58524],[-103.34967,25.58495],[-103.34944,25.58691],[-103.35117,25.58722],[-103.35137,25.58524]]],[[[-103.3478,25.58462],[-103.34711,25.58647],[-103.34859,25.58677],[-103.34884,25.5848],[-103.3478,25.58462]]],[[[-103.34674,25.58795],[-103.34705,25.5865],[-103.34628,25.58636],[-103.34584,25.5878],[-103.34674,25.58795]]],[[[-103.345,25.58616],[-103.34405,25.58597],[-103.34373,25.5875],[-103.34471,25.58763],[-103.345,25.58616]]],[[[-103.34988,25.58703],[-103.3471,25.58651],[-103.3468,25.58796],[-103.35103,25.58859],[-103.35117,25.58725],[-103.34988,25.58703]]],[[[-103.35023,25.58334],[-103.34856,25.5828],[-103.34809,25.58465],[-103.35137,25.58522],[-103.3515,25.58376],[-103.35023,25.58334]]],[[[-103.33747,25.57929],[-103.33634,25.57892],[-103.33734,25.57982],[-103.33747,25.57929]]],[[[-103.34144,25.58768],[-103.3427,25.58751],[-103.34308,25.58582],[-103.34207,25.58565],[-103.3423,25.58442],[-103.34144,25.58768]]],[[[-103.349,25.57973],[-103.34879,25.58048],[-103.34995,25.58092],[-103.34974,25.58169],[-103.3516,25.58268],[-103.35173,25.58146],[-103.35108,25.58137],[-103.35173,25.58146],[-103.35188,25.57996],[-103.34952,25.57793],[-103.349,25.57973]]],[[[-103.34615,25.57875],[-103.34695,25.57493],[-103.34601,25.5751],[-103.34543,25.57703],[-103.34603,25.57509],[-103.3456,25.57514],[-103.34402,25.58055],[-103.34546,25.58102],[-103.34615,25.57875]]],[[[-103.34777,25.58147],[-103.34838,25.58167],[-103.34925,25.57859],[-103.34808,25.57824],[-103.34777,25.58147]]],[[[-103.34252,25.57606],[-103.34076,25.57624],[-103.3419,25.5798],[-103.34252,25.57606]]],[[[-103.34765,25.57847],[-103.34805,25.5763],[-103.34719,25.57519],[-103.346,25.57942],[-103.34778,25.57998],[-103.34765,25.57847]]],[[[-103.32758,25.5983],[-103.32833,25.591],[-103.3267,25.59082],[-103.32635,25.5979],[-103.32758,25.5983]]],[[[-103.32624,25.59787],[-103.32654,25.5908],[-103.32595,25.59075],[-103.32438,25.59727],[-103.32624,25.59787]]],[[[-103.34048,25.59728],[-103.34476,25.59625],[-103.34478,25.59215],[-103.34057,25.59179],[-103.34048,25.59728]]],[[[-103.35088,25.59621],[-103.3552,25.59684],[-103.35576,25.59321],[-103.35228,25.59276],[-103.35088,25.59621]]],[[[-103.3496,25.59925],[-103.34956,25.59621],[-103.34521,25.59644],[-103.34519,25.60029],[-103.3496,25.59925]]],[[[-103.33889,25.58761],[-103.3365,25.58807],[-103.33936,25.58823],[-103.34024,25.58755],[-103.33889,25.58761]]],[[[-103.34344,25.57816],[-103.34445,25.5785],[-103.34561,25.57514],[-103.34394,25.57578],[-103.34344,25.57816]]],[[[-103.34523,25.59219],[-103.34521,25.59618],[-103.34962,25.596],[-103.35101,25.59265],[-103.34523,25.59219]]],[[[-103.34044,25.6005],[-103.34474,25.60036],[-103.34476,25.59648],[-103.34047,25.59752],[-103.34044,25.6005]]],[[[-103.34701,25.58394],[-103.34628,25.58633],[-103.34705,25.58647],[-103.34766,25.58355],[-103.34701,25.58394]]],[[[-103.345,25.58616],[-103.34471,25.58763],[-103.34539,25.58774],[-103.34583,25.58628],[-103.345,25.58616]]],[[[-103.33907,25.57987],[-103.33876,25.58127],[-103.34088,25.58128],[-103.34104,25.5806],[-103.33907,25.57987]]],[[[-103.38553,25.62314],[-103.3877,25.62311],[-103.3887,25.62207],[-103.38581,25.62193],[-103.38553,25.62314]]],[[[-103.35611,25.64488],[-103.35267,25.64223],[-103.35173,25.64273],[-103.35486,25.64522],[-103.35166,25.64278],[-103.35076,25.64323],[-103.35252,25.64227],[-103.35061,25.64058],[-103.35131,25.64002],[-103.35023,25.63908],[-103.34768,25.64102],[-103.3534,25.6454],[-103.35349,25.64672],[-103.35434,25.64654],[-103.35349,25.64677],[-103.35352,25.64745],[-103.35615,25.64759],[-103.35612,25.64607],[-103.35622,25.64794],[-103.35964,25.64845],[-103.35935,25.6452],[-103.35756,25.64568],[-103.35739,25.64471],[-103.35611,25.64488]]],[[[-103.35325,25.64566],[-103.35146,25.64415],[-103.34942,25.64474],[-103.35119,25.64624],[-103.34936,25.64476],[-103.34877,25.64495],[-103.35137,25.64408],[-103.34753,25.64114],[-103.34583,25.6446],[-103.34861,25.64635],[-103.34878,25.64576],[-103.34887,25.64646],[-103.35188,25.64716],[-103.3533,25.64678],[-103.35325,25.64566]]],[[[-103.37096,25.6399],[-103.37026,25.639],[-103.3699,25.63937],[-103.37096,25.6399]]],[[[-103.37005,25.63882],[-103.37065,25.63852],[-103.36814,25.63636],[-103.36723,25.63719],[-103.36985,25.63932],[-103.37005,25.63882]]],[[[-103.37137,25.63948],[-103.37069,25.63856],[-103.37033,25.63893],[-103.37137,25.63948]]],[[[-103.35486,25.64544],[-103.35511,25.64634],[-103.35755,25.64565],[-103.35739,25.64475],[-103.35486,25.64544]]],[[[-103.37203,25.638],[-103.36963,25.6359],[-103.36873,25.63672],[-103.37151,25.63909],[-103.3724,25.6383],[-103.37203,25.638]]],[[[-103.36928,25.63561],[-103.36836,25.63645],[-103.36871,25.63674],[-103.36963,25.63591],[-103.36928,25.63561]]],[[[-103.36895,25.63532],[-103.3684,25.63484],[-103.36744,25.63571],[-103.36834,25.63646],[-103.36928,25.6356],[-103.36895,25.63532]]],[[[-103.37314,25.6364],[-103.37354,25.63599],[-103.37309,25.63561],[-103.37228,25.63645],[-103.37273,25.63683],[-103.37314,25.6364]]],[[[-103.37237,25.63627],[-103.37305,25.63557],[-103.37185,25.63453],[-103.37097,25.63531],[-103.37237,25.63627]]],[[[-103.35131,25.64002],[-103.35061,25.64057],[-103.35127,25.64108],[-103.35131,25.64002]]],[[[-103.36068,25.6362],[-103.36008,25.63833],[-103.36052,25.63556],[-103.35992,25.63855],[-103.36058,25.63817],[-103.36115,25.63594],[-103.36365,25.63766],[-103.36137,25.63551],[-103.36068,25.6362]]],[[[-103.36455,25.6365],[-103.36444,25.63529],[-103.36296,25.63451],[-103.36152,25.63546],[-103.362,25.63585],[-103.36297,25.63518],[-103.36211,25.63591],[-103.36303,25.63561],[-103.36275,25.63631],[-103.36341,25.63622],[-103.36305,25.63658],[-103.36373,25.63641],[-103.36411,25.63709],[-103.36349,25.63551],[-103.36455,25.6365]]],[[[-103.36326,25.6368],[-103.36409,25.6371],[-103.36372,25.63644],[-103.36326,25.6368]]],[[[-103.36459,25.63691],[-103.36376,25.63771],[-103.36517,25.63712],[-103.36459,25.63691]]],[[[-103.36364,25.63792],[-103.3633,25.63824],[-103.36334,25.63759],[-103.3617,25.63872],[-103.36219,25.63952],[-103.36166,25.64168],[-103.36275,25.63982],[-103.36198,25.64027],[-103.36268,25.63951],[-103.3621,25.6386],[-103.36328,25.6388],[-103.36244,25.64187],[-103.36364,25.63792]]],[[[-103.36219,25.63869],[-103.36284,25.63947],[-103.36309,25.63877],[-103.36219,25.63869]]],[[[-103.36592,25.64111],[-103.36588,25.63923],[-103.36494,25.63841],[-103.36561,25.64148],[-103.36592,25.64111]]],[[[-103.36463,25.63871],[-103.36363,25.64092],[-103.36545,25.64151],[-103.36407,25.64071],[-103.36463,25.63871]]],[[[-103.36454,25.64085],[-103.36548,25.64003],[-103.3651,25.63904],[-103.36454,25.64085]]],[[[-103.36808,25.64081],[-103.36823,25.63973],[-103.36518,25.63714],[-103.36669,25.63882],[-103.36674,25.64194],[-103.36776,25.64113],[-103.36704,25.63929],[-103.36808,25.64081]]],[[[-103.36619,25.63762],[-103.3673,25.63856],[-103.3667,25.63775],[-103.36713,25.63738],[-103.36853,25.63854],[-103.36821,25.639],[-103.3674,25.63863],[-103.36868,25.64007],[-103.3684,25.6393],[-103.36893,25.63878],[-103.36963,25.63941],[-103.36868,25.64029],[-103.36985,25.63941],[-103.36722,25.63718],[-103.36814,25.63636],[-103.36704,25.63546],[-103.36545,25.637],[-103.36586,25.63734],[-103.36698,25.63585],[-103.3677,25.63644],[-103.36619,25.63762]]],[[[-103.36667,25.63697],[-103.36737,25.63657],[-103.36685,25.63614],[-103.36617,25.6368],[-103.36667,25.63697]]],[[[-103.36753,25.63785],[-103.36686,25.63773],[-103.3674,25.63824],[-103.36753,25.63785]]],[[[-103.38439,25.62596],[-103.38491,25.62576],[-103.38572,25.62195],[-103.38518,25.62194],[-103.3849,25.62327],[-103.38263,25.62319],[-103.38251,25.6259],[-103.38365,25.62594],[-103.38149,25.62588],[-103.38246,25.6279],[-103.38439,25.62596]]],[[[-103.39297,25.63021],[-103.39445,25.62929],[-103.39243,25.63024],[-103.39297,25.63021]]],[[[-103.398,25.61493],[-103.39863,25.61553],[-103.39789,25.61483],[-103.39524,25.61753],[-103.39843,25.61643],[-103.39349,25.61828],[-103.39703,25.61728],[-103.39695,25.61808],[-103.39662,25.61767],[-103.39587,25.61792],[-103.39602,25.61844],[-103.39575,25.61796],[-103.39501,25.61821],[-103.39515,25.61873],[-103.39488,25.61825],[-103.39414,25.6185],[-103.39441,25.61933],[-103.39351,25.61964],[-103.39387,25.62055],[-103.39533,25.61982],[-103.39374,25.61974],[-103.39887,25.61822],[-103.39982,25.62031],[-103.39947,25.62074],[-103.39999,25.62081],[-103.3995,25.62123],[-103.40018,25.62135],[-103.39953,25.62178],[-103.40037,25.62189],[-103.39954,25.62189],[-103.39966,25.62233],[-103.40057,25.62246],[-103.3997,25.62245],[-103.39985,25.62287],[-103.40076,25.62302],[-103.39989,25.62299],[-103.40005,25.62342],[-103.40095,25.62354],[-103.40009,25.62353],[-103.40026,25.62397],[-103.40136,25.62414],[-103.39912,25.6178],[-103.40173,25.61693],[-103.40152,25.61557],[-103.39936,25.61617],[-103.40111,25.61674],[-103.39933,25.61701],[-103.3991,25.61593],[-103.40117,25.61526],[-103.40093,25.61444],[-103.39921,25.61484],[-103.3993,25.61306],[-103.39875,25.61476],[-103.3989,25.61382],[-103.398,25.61493]]],[[[-103.39396,25.62076],[-103.39818,25.61957],[-103.39941,25.62301],[-103.39475,25.62459],[-103.3936,25.6214],[-103.39282,25.62153],[-103.3925,25.62276],[-103.39362,25.62255],[-103.3929,25.6222],[-103.39343,25.62159],[-103.39459,25.62488],[-103.39966,25.62316],[-103.39894,25.62138],[-103.39927,25.62082],[-103.39876,25.62089],[-103.39922,25.61992],[-103.39855,25.62029],[-103.39914,25.61935],[-103.39835,25.61975],[-103.39911,25.61923],[-103.39873,25.61838],[-103.39797,25.61859],[-103.39855,25.61935],[-103.39785,25.61863],[-103.39739,25.61881],[-103.39803,25.61951],[-103.39728,25.61887],[-103.39686,25.61913],[-103.39743,25.61972],[-103.39675,25.6192],[-103.39636,25.61945],[-103.39679,25.61995],[-103.39624,25.61952],[-103.39625,25.62012],[-103.3958,25.6198],[-103.39396,25.62076]]],[[[-103.39859,25.62371],[-103.39714,25.62422],[-103.39874,25.62452],[-103.39729,25.62474],[-103.39787,25.62638],[-103.3989,25.62535],[-103.39798,25.62493],[-103.39929,25.62501],[-103.39859,25.62371]]],[[[-103.39668,25.62434],[-103.39519,25.62484],[-103.39674,25.62512],[-103.39541,25.62537],[-103.39598,25.62627],[-103.39714,25.62651],[-103.39603,25.62638],[-103.39639,25.62775],[-103.39702,25.62725],[-103.39658,25.62691],[-103.39712,25.62716],[-103.39766,25.62644],[-103.39747,25.62589],[-103.3961,25.62572],[-103.39741,25.62579],[-103.39668,25.62434]]],[[[-103.39583,25.62766],[-103.39447,25.62764],[-103.39608,25.62745],[-103.39551,25.62656],[-103.39413,25.62637],[-103.39546,25.62645],[-103.39503,25.6249],[-103.39333,25.62547],[-103.39504,25.62581],[-103.39351,25.62602],[-103.39402,25.62693],[-103.39541,25.62712],[-103.39407,25.62704],[-103.39425,25.62808],[-103.39479,25.62813],[-103.39429,25.62819],[-103.39448,25.62871],[-103.39624,25.62786],[-103.39583,25.62766]]],[[[-103.39335,25.62745],[-103.39252,25.62806],[-103.39224,25.62739],[-103.39355,25.62726],[-103.39341,25.62637],[-103.39222,25.62707],[-103.39197,25.62655],[-103.39337,25.62626],[-103.39312,25.62554],[-103.39159,25.62606],[-103.39269,25.62959],[-103.39427,25.62877],[-103.39411,25.62834],[-103.3929,25.62903],[-103.39269,25.62833],[-103.39407,25.62823],[-103.39335,25.62745]]],[[[-103.39369,25.62348],[-103.39273,25.62381],[-103.39375,25.62401],[-103.39307,25.62478],[-103.39395,25.62455],[-103.39326,25.62532],[-103.39448,25.62491],[-103.39369,25.62348]]],[[[-103.39233,25.62394],[-103.39164,25.62587],[-103.39306,25.62539],[-103.39227,25.62516],[-103.39287,25.62485],[-103.39233,25.62394]]],[[[-103.39192,25.62313],[-103.39034,25.62911],[-103.39261,25.62149],[-103.39192,25.62313]]],[[[-103.39163,25.62787],[-103.3907,25.62945],[-103.39145,25.62982],[-103.39036,25.63076],[-103.39211,25.63012],[-103.39185,25.62934],[-103.39215,25.62993],[-103.39258,25.62964],[-103.39226,25.62887],[-103.39117,25.62902],[-103.39221,25.62876],[-103.39134,25.62841],[-103.39199,25.62822],[-103.39163,25.62787]]],[[[-103.39763,25.62713],[-103.39474,25.62946],[-103.39785,25.62764],[-103.39811,25.6272],[-103.39763,25.62713]]],[[[-103.40586,25.61235],[-103.40602,25.61285],[-103.40828,25.61268],[-103.40758,25.61053],[-103.40378,25.61152],[-103.4038,25.61262],[-103.4048,25.61256],[-103.40545,25.61211],[-103.40435,25.61225],[-103.40431,25.61156],[-103.40721,25.61097],[-103.40731,25.61167],[-103.40586,25.61235]]],[[[-103.40488,25.61163],[-103.40445,25.61206],[-103.40519,25.61193],[-103.40488,25.61163]]],[[[-103.40475,25.61286],[-103.40363,25.61305],[-103.40387,25.6157],[-103.40255,25.61607],[-103.40247,25.61497],[-103.40216,25.61638],[-103.40436,25.61592],[-103.40402,25.61464],[-103.40785,25.61341],[-103.40713,25.61293],[-103.40469,25.61379],[-103.40567,25.613],[-103.40475,25.61286]]],[[[-103.40211,25.61418],[-103.40167,25.6125],[-103.40119,25.61189],[-103.40043,25.61205],[-103.40126,25.61467],[-103.40211,25.61418]]],[[[-103.40192,25.61243],[-103.40307,25.61254],[-103.40249,25.61433],[-103.40332,25.61194],[-103.40192,25.61243]]],[[[-103.4031,25.61442],[-103.40291,25.61505],[-103.40349,25.61455],[-103.4031,25.61442]]],[[[-103.39958,25.61293],[-103.39981,25.6144],[-103.40089,25.61423],[-103.40028,25.61243],[-103.39958,25.61293]]],[[[-103.40256,25.61311],[-103.40195,25.61288],[-103.40207,25.61349],[-103.40256,25.61311]]],[[[-103.40319,25.61505],[-103.40262,25.61597],[-103.40373,25.61563],[-103.40319,25.61505]]],[[[-103.35298,25.64691],[-103.35274,25.64731],[-103.35332,25.64741],[-103.35298,25.64691]]],[[[-103.36995,25.63618],[-103.37197,25.63794],[-103.37299,25.63713],[-103.37088,25.63533],[-103.36995,25.63618]]]]},"properties":{"SIMBOLOGIA":"Habitacional densidad Muy Baja (HB)"}},{"type":"Feature","geometry":{"type":"MultiPolygon","coordinates":[[[[-103.48612,25.54022],[-103.46934,25.54531],[-103.47013,25.54623],[-103.49432,25.53786],[-103.48855,25.53897],[-103.48612,25.54022]]],[[[-103.34229,25.42792],[-103.34304,25.42941],[-103.34472,25.42605],[-103.34349,25.42551],[-103.34229,25.42792]]],[[[-103.4404,25.48392],[-103.43573,25.47907],[-103.42678,25.4742],[-103.40202,25.45336],[-103.39839,25.4499],[-103.39065,25.43459],[-103.36906,25.41646],[-103.35102,25.41035],[-103.3465,25.41013],[-103.34353,25.42168],[-103.35435,25.43569],[-103.36002,25.43185],[-103.36168,25.43208],[-103.36328,25.43334],[-103.36561,25.43964],[-103.36445,25.4424],[-103.3669,25.44524],[-103.36771,25.44929],[-103.37594,25.45946],[-103.37953,25.4608],[-103.37809,25.46234],[-103.3794,25.46649],[-103.38658,25.47425],[-103.38866,25.47179],[-103.38965,25.47251],[-103.39167,25.47226],[-103.39085,25.47417],[-103.3914,25.47489],[-103.39488,25.47701],[-103.39658,25.47643],[-103.39751,25.47711],[-103.39791,25.47248],[-103.39744,25.47115],[-103.39561,25.4683],[-103.39311,25.46748],[-103.39272,25.46573],[-103.39371,25.465],[-103.39214,25.46293],[-103.39231,25.46118],[-103.39068,25.4607],[-103.39006,25.45957],[-103.39126,25.45653],[-103.39215,25.45566],[-103.39332,25.45574],[-103.3962,25.45638],[-103.39733,25.45728],[-103.39823,25.461],[-103.4021,25.46327],[-103.40492,25.46415],[-103.40628,25.46608],[-103.40535,25.46942],[-103.4032,25.47202],[-103.40731,25.47472],[-103.40855,25.4766],[-103.40989,25.47587],[-103.41281,25.47766],[-103.41471,25.4775],[-103.41492,25.47919],[-103.41591,25.47927],[-103.41611,25.48006],[-103.41526,25.48107],[-103.41353,25.48075],[-103.41102,25.48226],[-103.41053,25.48351],[-103.4077,25.48402],[-103.40777,25.48462],[-103.40519,25.4867],[-103.40697,25.48811],[-103.40841,25.48809],[-103.412,25.48691],[-103.41324,25.48713],[-103.4142,25.4857],[-103.41754,25.48673],[-103.41863,25.48499],[-103.4249,25.48541],[-103.42623,25.48601],[-103.42861,25.48407],[-103.42864,25.48622],[-103.43045,25.48744],[-103.42053,25.48738],[-103.42027,25.48796],[-103.42142,25.48873],[-103.4201,25.48979],[-103.41903,25.48933],[-103.41632,25.48976],[-103.41568,25.48902],[-103.41272,25.49118],[-103.41156,25.49138],[-103.41351,25.49339],[-103.41439,25.49331],[-103.41463,25.49416],[-103.41608,25.4942],[-103.41603,25.49494],[-103.41813,25.49656],[-103.42109,25.49622],[-103.42077,25.49755],[-103.42156,25.49793],[-103.42082,25.49884],[-103.4404,25.48392]]],[[[-103.44671,25.51452],[-103.4441,25.51589],[-103.44359,25.51714],[-103.44548,25.51867],[-103.44879,25.51866],[-103.44864,25.51993],[-103.45101,25.51951],[-103.44982,25.51618],[-103.45038,25.51584],[-103.45099,25.51658],[-103.45084,25.51573],[-103.45158,25.515],[-103.45261,25.51647],[-103.45318,25.51612],[-103.45405,25.51771],[-103.45385,25.51943],[-103.45614,25.51931],[-103.45902,25.5201],[-103.46078,25.51927],[-103.46205,25.51971],[-103.46276,25.52362],[-103.46197,25.52521],[-103.46265,25.5274],[-103.46378,25.52668],[-103.46317,25.52348],[-103.46423,25.52215],[-103.46533,25.52201],[-103.46497,25.52435],[-103.4664,25.52445],[-103.46571,25.52646],[-103.46616,25.52683],[-103.46764,25.52496],[-103.46767,25.52204],[-103.46856,25.52244],[-103.46912,25.52143],[-103.46946,25.51928],[-103.4685,25.51842],[-103.46977,25.51489],[-103.46926,25.51211],[-103.4404,25.48392],[-103.42049,25.49909],[-103.42344,25.50137],[-103.42271,25.50235],[-103.42319,25.50271],[-103.42413,25.50169],[-103.42821,25.50353],[-103.42804,25.50496],[-103.42956,25.5065],[-103.43042,25.50644],[-103.43178,25.50502],[-103.43555,25.5048],[-103.43661,25.50378],[-103.43628,25.50217],[-103.43811,25.50238],[-103.43813,25.50495],[-103.43705,25.50602],[-103.43427,25.50635],[-103.43208,25.50787],[-103.43411,25.51028],[-103.43658,25.51179],[-103.4379,25.5116],[-103.43761,25.51247],[-103.44051,25.51388],[-103.44227,25.51261],[-103.44673,25.51405],[-103.44813,25.51348],[-103.44907,25.51119],[-103.44685,25.51086],[-103.44631,25.50706],[-103.44868,25.50886],[-103.45176,25.50814],[-103.44974,25.50594],[-103.45687,25.50589],[-103.45783,25.50776],[-103.45612,25.51342],[-103.4523,25.51339],[-103.45128,25.51424],[-103.4497,25.51429],[-103.44908,25.51373],[-103.44671,25.51452]]],[[[-103.32119,25.55799],[-103.32119,25.55974],[-103.32459,25.56112],[-103.32488,25.56037],[-103.32119,25.55799]]],[[[-103.32816,25.56151],[-103.32778,25.56113],[-103.32724,25.56217],[-103.33138,25.56376],[-103.33154,25.56305],[-103.32816,25.56151]]],[[[-103.32638,25.56042],[-103.32612,25.56176],[-103.32722,25.5622],[-103.32773,25.56124],[-103.32638,25.56042]]],[[[-103.31464,25.55125],[-103.32038,25.5538],[-103.31502,25.55122],[-103.30963,25.55108],[-103.31464,25.55125]]],[[[-103.30741,25.56954],[-103.30864,25.57035],[-103.30898,25.56941],[-103.30759,25.56879],[-103.30741,25.56954]]],[[[-103.31559,25.55446],[-103.31354,25.55364],[-103.31087,25.55416],[-103.30849,25.55535],[-103.30821,25.5566],[-103.31043,25.55644],[-103.31048,25.55564],[-103.31197,25.55527],[-103.31379,25.55535],[-103.31369,25.55576],[-103.31542,25.55624],[-103.31615,25.55748],[-103.31815,25.5573],[-103.32076,25.55958],[-103.32067,25.55771],[-103.31785,25.55675],[-103.31559,25.55446]]],[[[-103.33099,25.56153],[-103.33469,25.56301],[-103.3354,25.56117],[-103.32964,25.56057],[-103.32677,25.55848],[-103.32647,25.55999],[-103.33041,25.56185],[-103.33099,25.56153]]],[[[-103.30783,25.57647],[-103.31103,25.57769],[-103.31114,25.57719],[-103.30853,25.57599],[-103.30391,25.5747],[-103.30378,25.57526],[-103.30783,25.57647]]],[[[-103.31108,25.57813],[-103.3108,25.57901],[-103.31561,25.57925],[-103.31969,25.57773],[-103.31491,25.57883],[-103.31108,25.57813]]],[[[-103.31499,25.56966],[-103.31851,25.5705],[-103.31869,25.5693],[-103.31341,25.56834],[-103.31138,25.56926],[-103.3116,25.57053],[-103.31138,25.5693],[-103.31036,25.56945],[-103.3101,25.57067],[-103.31256,25.57087],[-103.31499,25.56966]]],[[[-103.3159,25.57233],[-103.31699,25.57326],[-103.31752,25.57537],[-103.31607,25.57714],[-103.31581,25.57656],[-103.31397,25.57761],[-103.31956,25.57682],[-103.32003,25.57559],[-103.31871,25.57196],[-103.31795,25.57142],[-103.31573,25.57075],[-103.31227,25.57192],[-103.31429,25.57155],[-103.3159,25.57233]]],[[[-103.31548,25.55217],[-103.3157,25.55314],[-103.31705,25.5539],[-103.31745,25.55319],[-103.31548,25.55217]]],[[[-103.31527,25.55206],[-103.30942,25.55149],[-103.3086,25.55483],[-103.30921,25.55419],[-103.30914,25.55291],[-103.30988,25.553],[-103.30971,25.55388],[-103.31162,25.55258],[-103.3151,25.55295],[-103.31527,25.55206]]],[[[-103.32517,25.5586],[-103.32581,25.55756],[-103.32545,25.55622],[-103.32099,25.55517],[-103.32106,25.55677],[-103.32517,25.5586]]],[[[-103.3203,25.5724],[-103.32082,25.57521],[-103.32087,25.57315],[-103.3203,25.5724]]],[[[-103.32621,25.55952],[-103.32643,25.55823],[-103.32582,25.55758],[-103.32521,25.55865],[-103.32621,25.55952]]],[[[-103.32459,25.56112],[-103.3258,25.56161],[-103.32609,25.56014],[-103.32518,25.55961],[-103.32459,25.56112]]],[[[-103.30929,25.57747],[-103.30951,25.57899],[-103.31054,25.579],[-103.31085,25.57806],[-103.30929,25.57747]]],[[[-103.31966,25.57723],[-103.31925,25.57788],[-103.32007,25.57704],[-103.31966,25.57723]]],[[[-103.32073,25.57676],[-103.3203,25.57753],[-103.32096,25.5772],[-103.32073,25.57676]]],[[[-103.49314,25.53659],[-103.48557,25.52893],[-103.4812,25.53177],[-103.48053,25.53155],[-103.47816,25.5338],[-103.47924,25.53426],[-103.47937,25.53595],[-103.48005,25.53529],[-103.4829,25.53555],[-103.48195,25.53719],[-103.48317,25.53782],[-103.48089,25.53822],[-103.48102,25.53957],[-103.48032,25.53976],[-103.48168,25.54055],[-103.48851,25.53899],[-103.48902,25.538],[-103.49314,25.53659]]],[[[-103.47301,25.51955],[-103.47225,25.5205],[-103.47235,25.52244],[-103.47169,25.52212],[-103.47089,25.52403],[-103.47174,25.52429],[-103.47201,25.52646],[-103.47028,25.52781],[-103.46963,25.52736],[-103.46816,25.52909],[-103.46595,25.52995],[-103.46728,25.53074],[-103.4662,25.53215],[-103.46643,25.53313],[-103.46749,25.53285],[-103.46812,25.53356],[-103.47096,25.5326],[-103.47284,25.53143],[-103.47345,25.52912],[-103.47496,25.52923],[-103.47519,25.5285],[-103.47711,25.52869],[-103.47761,25.52789],[-103.47815,25.52869],[-103.47907,25.52864],[-103.47973,25.52765],[-103.48063,25.52832],[-103.48304,25.52826],[-103.48207,25.52539],[-103.4751,25.51833],[-103.47392,25.51851],[-103.47301,25.51955]]],[[[-103.47119,25.51811],[-103.47228,25.51844],[-103.47485,25.51762],[-103.47235,25.51516],[-103.47125,25.51611],[-103.47119,25.51811]]],[[[-103.46097,25.52945],[-103.46194,25.5291],[-103.45996,25.52746],[-103.45968,25.52619],[-103.46135,25.52573],[-103.4614,25.52653],[-103.46218,25.52695],[-103.4617,25.52506],[-103.46246,25.52322],[-103.46173,25.51983],[-103.46059,25.51959],[-103.45773,25.52103],[-103.45478,25.5208],[-103.4543,25.52208],[-103.45144,25.52136],[-103.45076,25.522],[-103.45105,25.52242],[-103.45031,25.52263],[-103.45034,25.52324],[-103.45202,25.52372],[-103.45267,25.52522],[-103.45398,25.5256],[-103.45402,25.5265],[-103.453,25.52709],[-103.45376,25.52728],[-103.45391,25.52865],[-103.45473,25.529],[-103.45499,25.52833],[-103.45595,25.52844],[-103.45696,25.52944],[-103.4578,25.52846],[-103.4581,25.52922],[-103.46097,25.52945]],[[-103.45712,25.52697],[-103.45639,25.52685],[-103.4556,25.52466],[-103.45671,25.52409],[-103.45652,25.52569],[-103.45756,25.52648],[-103.45712,25.52697]]],[[[-103.39787,25.47295],[-103.39752,25.47693],[-103.39951,25.4785],[-103.39935,25.4792],[-103.40141,25.48009],[-103.40408,25.47994],[-103.40214,25.47734],[-103.39849,25.47507],[-103.39787,25.47295]]],[[[-103.3357,25.56542],[-103.33695,25.56545],[-103.33705,25.56104],[-103.33661,25.5612],[-103.33678,25.56486],[-103.33584,25.56468],[-103.3357,25.56542]]],[[[-103.32061,25.55638],[-103.31993,25.55571],[-103.3195,25.55625],[-103.32061,25.55638]]],[[[-103.31708,25.55385],[-103.31757,25.55454],[-103.31982,25.55449],[-103.32044,25.55534],[-103.32047,25.55446],[-103.31745,25.55319],[-103.31708,25.55385]]],[[[-103.30607,25.56762],[-103.30567,25.5672],[-103.30551,25.56787],[-103.30607,25.56762]]],[[[-103.30552,25.5695],[-103.30524,25.56901],[-103.30502,25.56989],[-103.30827,25.57138],[-103.30841,25.57096],[-103.30552,25.5695]]],[[[-103.30898,25.56941],[-103.30864,25.57035],[-103.31009,25.57067],[-103.31036,25.56945],[-103.30898,25.56941]]],[[[-103.30994,25.57139],[-103.30842,25.57097],[-103.30827,25.57138],[-103.31233,25.57158],[-103.30994,25.57139]]],[[[-103.42989,25.59774],[-103.43047,25.59816],[-103.43355,25.59717],[-103.43738,25.59728],[-103.4387,25.59598],[-103.43844,25.59432],[-103.43515,25.59143],[-103.4333,25.58808],[-103.43402,25.58508],[-103.43537,25.58278],[-103.43805,25.5815],[-103.44569,25.58179],[-103.44789,25.58132],[-103.45099,25.57893],[-103.4526,25.57538],[-103.45029,25.57581],[-103.44973,25.57813],[-103.44761,25.57917],[-103.4407,25.58031],[-103.43581,25.58039],[-103.43286,25.58268],[-103.43154,25.58865],[-103.43363,25.59155],[-103.43658,25.59446],[-103.43709,25.59416],[-103.43722,25.59514],[-103.43654,25.59672],[-103.43522,25.59634],[-103.42989,25.59774]]],[[[-103.45131,25.5674],[-103.44929,25.56676],[-103.44974,25.57085],[-103.45104,25.57472],[-103.45252,25.57458],[-103.45131,25.5674]]],[[[-103.45442,25.55837],[-103.45252,25.5583],[-103.45078,25.56025],[-103.44943,25.56297],[-103.44952,25.56631],[-103.45131,25.56715],[-103.45186,25.56379],[-103.45442,25.55837]]],[[[-103.45893,25.55434],[-103.45774,25.5538],[-103.4568,25.55419],[-103.45415,25.55621],[-103.45297,25.55796],[-103.45451,25.5582],[-103.45893,25.55434]]],[[[-103.46943,25.54651],[-103.46866,25.54583],[-103.46376,25.55036],[-103.45828,25.55371],[-103.45916,25.55417],[-103.46418,25.55114],[-103.46943,25.54651]]],[[[-103.46911,25.54544],[-103.4687,25.54565],[-103.46992,25.54631],[-103.46911,25.54544]]],[[[-103.38124,25.64947],[-103.38198,25.65592],[-103.37514,25.66095],[-103.37109,25.66229],[-103.36766,25.66483],[-103.36594,25.66939],[-103.36147,25.67532],[-103.35855,25.68874],[-103.35542,25.69059],[-103.35543,25.69139],[-103.35959,25.68873],[-103.36317,25.67483],[-103.36562,25.67077],[-103.37064,25.66489],[-103.37873,25.65947],[-103.38313,25.65516],[-103.38365,25.6523],[-103.38086,25.64329],[-103.38078,25.64145],[-103.38142,25.64034],[-103.38301,25.63988],[-103.38587,25.64041],[-103.39348,25.64434],[-103.39867,25.6459],[-103.40336,25.64576],[-103.40706,25.64436],[-103.40656,25.64401],[-103.40132,25.64537],[-103.39726,25.64516],[-103.38679,25.64017],[-103.38154,25.63856],[-103.37909,25.64103],[-103.38124,25.64947]]],[[[-103.37895,25.64955],[-103.37885,25.65332],[-103.38155,25.65534],[-103.38089,25.64936],[-103.37895,25.64955]]],[[[-103.37879,25.65524],[-103.37867,25.65777],[-103.38032,25.65717],[-103.3815,25.65555],[-103.37882,25.65349],[-103.37879,25.65524]]],[[[-103.38198,25.65592],[-103.38046,25.65741],[-103.37453,25.65965],[-103.37271,25.66138],[-103.36867,25.66353],[-103.36766,25.66483],[-103.37109,25.66229],[-103.37514,25.66095],[-103.38198,25.65592]]],[[[-103.36577,25.66378],[-103.36626,25.66363],[-103.36582,25.66397],[-103.36626,25.66578],[-103.36684,25.66603],[-103.36845,25.66334],[-103.37251,25.66117],[-103.37409,25.65962],[-103.36672,25.6622],[-103.36577,25.66378]]],[[[-103.36615,25.66615],[-103.36636,25.66771],[-103.36677,25.6663],[-103.36615,25.66615]]],[[[-103.41698,25.62405],[-103.41226,25.62372],[-103.40489,25.6258],[-103.40294,25.6267],[-103.40135,25.62919],[-103.40301,25.63383],[-103.40781,25.63944],[-103.40801,25.64151],[-103.40685,25.64381],[-103.40728,25.64418],[-103.40878,25.64175],[-103.40874,25.63967],[-103.404,25.63333],[-103.40282,25.6308],[-103.4028,25.62903],[-103.4042,25.62729],[-103.40748,25.62568],[-103.4129,25.6245],[-103.42054,25.62566],[-103.42248,25.62525],[-103.42477,25.62368],[-103.42545,25.62118],[-103.42495,25.61999],[-103.42225,25.61812],[-103.41562,25.61753],[-103.42127,25.61835],[-103.42334,25.61962],[-103.42479,25.62153],[-103.42417,25.62379],[-103.42265,25.62472],[-103.41964,25.625],[-103.41698,25.62405]]],[[[-103.42087,25.61942],[-103.42227,25.62008],[-103.42277,25.62173],[-103.42226,25.62245],[-103.41704,25.62377],[-103.4203,25.62478],[-103.42365,25.62398],[-103.42441,25.62257],[-103.42431,25.62124],[-103.42192,25.61896],[-103.42087,25.61942]]],[[[-103.40249,25.59735],[-103.3952,25.60445],[-103.40116,25.59936],[-103.40249,25.59735]]],[[[-103.37883,25.64554],[-103.37902,25.64692],[-103.38001,25.64666],[-103.37968,25.64453],[-103.37955,25.64533],[-103.37883,25.64554]]],[[[-103.38046,25.64798],[-103.38011,25.64687],[-103.37901,25.64715],[-103.37896,25.64924],[-103.3808,25.64907],[-103.38046,25.64798]]],[[[-103.41843,25.61757],[-103.41628,25.6158],[-103.41603,25.61441],[-103.41708,25.6137],[-103.41443,25.61389],[-103.41357,25.61209],[-103.41273,25.61253],[-103.4122,25.61521],[-103.41275,25.61664],[-103.4156,25.61753],[-103.41843,25.61757]]],[[[-103.41433,25.61361],[-103.42392,25.61318],[-103.42685,25.61209],[-103.42803,25.6095],[-103.42861,25.60085],[-103.43021,25.59833],[-103.42951,25.59787],[-103.42745,25.60147],[-103.42748,25.60935],[-103.42625,25.61147],[-103.42409,25.61251],[-103.42192,25.61264],[-103.41368,25.61205],[-103.41433,25.61361]]],[[[-103.40789,25.62455],[-103.41455,25.62327],[-103.41208,25.62324],[-103.40789,25.62455]]],[[[-103.39671,25.64472],[-103.40131,25.6451],[-103.40606,25.64402],[-103.40543,25.64322],[-103.40264,25.64476],[-103.39671,25.64472]]],[[[-103.38136,25.63764],[-103.37814,25.64084],[-103.37811,25.64223],[-103.37953,25.64415],[-103.37896,25.6403],[-103.38142,25.63831],[-103.38328,25.63847],[-103.38136,25.63764]]],[[[-103.40643,25.63848],[-103.40763,25.64049],[-103.40709,25.63872],[-103.40238,25.63339],[-103.40643,25.63848]]]]},"properties":{"SIMBOLOGIA":"Zona de Conservación (ZC)"}},{"type":"Feature","geometry":{"type":"MultiPolygon","coordinates":[[[[-103.4309,25.59661],[-103.43286,25.59649],[-103.43434,25.59447],[-103.43208,25.59427],[-103.4309,25.59661]]],[[[-103.34047,25.48165],[-103.33423,25.48034],[-103.33324,25.48419],[-103.33952,25.48561],[-103.34047,25.48165]]],[[[-103.32961,25.47405],[-103.3352,25.4751],[-103.33577,25.47283],[-103.3302,25.47162],[-103.32961,25.47405]]],[[[-103.33021,25.47159],[-103.33578,25.47282],[-103.33637,25.47049],[-103.33128,25.46719],[-103.33021,25.47159]]],[[[-103.32625,25.49242],[-103.32517,25.49221],[-103.32398,25.49711],[-103.32989,25.49633],[-103.33142,25.49011],[-103.32598,25.48893],[-103.32566,25.49021],[-103.33079,25.49122],[-103.33026,25.49324],[-103.32625,25.49242]]],[[[-103.35435,25.43569],[-103.34353,25.42168],[-103.34201,25.42815],[-103.34862,25.43689],[-103.35002,25.43866],[-103.35435,25.43569]]],[[[-103.37698,25.46539],[-103.37866,25.4639],[-103.37809,25.46234],[-103.37953,25.4608],[-103.37594,25.45946],[-103.36771,25.44929],[-103.3669,25.44524],[-103.36445,25.4424],[-103.36561,25.43964],[-103.36414,25.43466],[-103.36276,25.43275],[-103.36133,25.43193],[-103.3598,25.43194],[-103.35002,25.43866],[-103.37091,25.46592],[-103.38353,25.47787],[-103.38626,25.47449],[-103.37728,25.46582],[-103.3726,25.46577],[-103.37698,25.46539]]],[[[-103.33945,25.48592],[-103.33317,25.48452],[-103.33181,25.48997],[-103.33809,25.49132],[-103.33945,25.48592]]],[[[-103.3275,25.48292],[-103.3329,25.48412],[-103.33388,25.48027],[-103.32838,25.47911],[-103.3275,25.48292]]],[[[-103.34046,25.47641],[-103.33546,25.47548],[-103.33431,25.48003],[-103.34054,25.48135],[-103.34124,25.47845],[-103.34046,25.47641]]],[[[-103.33667,25.47069],[-103.33611,25.47289],[-103.33988,25.47372],[-103.33998,25.47284],[-103.33667,25.47069]]],[[[-103.32603,25.48871],[-103.33148,25.48989],[-103.33281,25.48444],[-103.32742,25.48323],[-103.32603,25.48871]]],[[[-103.33803,25.49154],[-103.33176,25.49019],[-103.33026,25.49628],[-103.3371,25.49539],[-103.33803,25.49154]]],[[[-103.37866,25.4639],[-103.3765,25.46581],[-103.37728,25.46582],[-103.38626,25.47449],[-103.3794,25.46649],[-103.37866,25.4639]]],[[[-103.31258,25.59181],[-103.31379,25.58675],[-103.31036,25.58581],[-103.30953,25.58915],[-103.3113,25.58961],[-103.31064,25.5924],[-103.31242,25.59249],[-103.31258,25.59181]]],[[[-103.30802,25.58274],[-103.30943,25.58285],[-103.31038,25.57931],[-103.30444,25.57943],[-103.30428,25.58004],[-103.30719,25.58013],[-103.30622,25.58425],[-103.30889,25.58498],[-103.30942,25.58288],[-103.30802,25.58274]]],[[[-103.31063,25.58464],[-103.31045,25.58544],[-103.31389,25.58635],[-103.31451,25.58431],[-103.314,25.58638],[-103.31602,25.58693],[-103.31666,25.58472],[-103.31615,25.58697],[-103.3173,25.58728],[-103.31932,25.57848],[-103.31557,25.57957],[-103.31453,25.58389],[-103.31537,25.57958],[-103.31193,25.57955],[-103.31183,25.58],[-103.31156,25.57946],[-103.3113,25.58024],[-103.31046,25.58022],[-103.30951,25.58373],[-103.31079,25.58387],[-103.31063,25.58464]]],[[[-103.32131,25.57005],[-103.32387,25.57136],[-103.32469,25.56718],[-103.32127,25.56662],[-103.32148,25.56567],[-103.32001,25.56527],[-103.31973,25.56649],[-103.32125,25.56669],[-103.3208,25.56887],[-103.3192,25.56899],[-103.32131,25.57005]]],[[[-103.30449,25.58456],[-103.30316,25.58435],[-103.30255,25.5868],[-103.30551,25.58682],[-103.30602,25.58459],[-103.30331,25.58388],[-103.30318,25.58433],[-103.30449,25.58454],[-103.30426,25.58553],[-103.30449,25.58456]]],[[[-103.3275,25.5732],[-103.32848,25.57339],[-103.32973,25.56949],[-103.32502,25.56733],[-103.32419,25.57152],[-103.3275,25.5732]]],[[[-103.32803,25.56272],[-103.32608,25.56197],[-103.32508,25.56702],[-103.32982,25.56919],[-103.3308,25.56377],[-103.32966,25.56332],[-103.32923,25.56451],[-103.32965,25.56334],[-103.32803,25.56272]]],[[[-103.30925,25.59025],[-103.30897,25.59164],[-103.31071,25.59193],[-103.31129,25.5896],[-103.30953,25.58912],[-103.31035,25.58581],[-103.30901,25.58544],[-103.30787,25.58997],[-103.30925,25.59025]]],[[[-103.32183,25.58226],[-103.32101,25.58274],[-103.32173,25.58284],[-103.32183,25.58226]]],[[[-103.32191,25.58179],[-103.32257,25.57804],[-103.32112,25.57814],[-103.32057,25.5819],[-103.32191,25.58179]]],[[[-103.30822,25.59278],[-103.30289,25.59087],[-103.30263,25.59223],[-103.30325,25.5924],[-103.3022,25.59215],[-103.30054,25.59529],[-103.30792,25.59793],[-103.30842,25.59783],[-103.30884,25.59459],[-103.30851,25.59774],[-103.31048,25.59826],[-103.31152,25.59375],[-103.30822,25.59278]]],[[[-103.2747,25.58667],[-103.27521,25.5849],[-103.27365,25.58465],[-103.27316,25.58625],[-103.2747,25.58667]]],[[[-103.31976,25.57054],[-103.31912,25.56986],[-103.31929,25.5711],[-103.32087,25.57315],[-103.32339,25.57375],[-103.32382,25.57161],[-103.31915,25.56924],[-103.31976,25.57054]]],[[[-103.30751,25.60214],[-103.30837,25.59853],[-103.30056,25.59575],[-103.2988,25.60357],[-103.30702,25.60422],[-103.30751,25.60214]]],[[[-103.3045,25.60443],[-103.30196,25.60423],[-103.30668,25.60567],[-103.30692,25.60463],[-103.3045,25.60443]]],[[[-103.31536,25.59291],[-103.31592,25.59299],[-103.31638,25.59114],[-103.31416,25.59069],[-103.31439,25.58953],[-103.31309,25.58925],[-103.31259,25.59178],[-103.31559,25.5921],[-103.31536,25.59291]]],[[[-103.29976,25.5863],[-103.30103,25.5866],[-103.30113,25.58606],[-103.29976,25.5863]]],[[[-103.30826,25.58736],[-103.30691,25.58715],[-103.30638,25.58942],[-103.3077,25.58985],[-103.30826,25.58736]]],[[[-103.29363,25.5854],[-103.29406,25.58277],[-103.29296,25.58263],[-103.29242,25.58545],[-103.29363,25.5854]]],[[[-103.2924,25.58303],[-103.29357,25.57743],[-103.29503,25.57759],[-103.29427,25.5818],[-103.2971,25.58225],[-103.29772,25.579],[-103.29637,25.57885],[-103.29661,25.5777],[-103.29245,25.57645],[-103.29061,25.58511],[-103.29199,25.58537],[-103.2924,25.58303]]],[[[-103.29558,25.58337],[-103.29687,25.58353],[-103.29703,25.58265],[-103.2942,25.5822],[-103.29372,25.5852],[-103.29519,25.58542],[-103.29558,25.58337]]],[[[-103.29904,25.58139],[-103.30043,25.58164],[-103.30067,25.58043],[-103.29925,25.5802],[-103.29957,25.57859],[-103.29813,25.57815],[-103.29756,25.5809],[-103.29912,25.58098],[-103.29904,25.58139]]],[[[-103.3245,25.56675],[-103.32531,25.56409],[-103.32403,25.56375],[-103.32345,25.56626],[-103.3245,25.56675]]],[[[-103.32168,25.56501],[-103.32217,25.56278],[-103.32061,25.56252],[-103.32009,25.56489],[-103.32168,25.56501]]],[[[-103.32411,25.56328],[-103.32454,25.56135],[-103.32262,25.56057],[-103.3222,25.56272],[-103.32411,25.56328]]],[[[-103.32265,25.57765],[-103.32286,25.57652],[-103.32099,25.57669],[-103.321,25.57779],[-103.32265,25.57765]]],[[[-103.31679,25.58757],[-103.31389,25.58677],[-103.31328,25.58932],[-103.31547,25.58972],[-103.31584,25.58812],[-103.31555,25.58985],[-103.31437,25.58963],[-103.31417,25.59064],[-103.3164,25.59106],[-103.31714,25.58794],[-103.3161,25.58792],[-103.31714,25.58794],[-103.31679,25.58757]]],[[[-103.33164,25.59005],[-103.32918,25.5898],[-103.32869,25.59085],[-103.33232,25.59113],[-103.33302,25.58888],[-103.33184,25.58883],[-103.33164,25.59005]]],[[[-103.32968,25.58805],[-103.32986,25.58709],[-103.32826,25.58696],[-103.32825,25.58807],[-103.32968,25.58805]]],[[[-103.32825,25.58975],[-103.32889,25.58977],[-103.3295,25.58845],[-103.32825,25.58839],[-103.32825,25.58975]]],[[[-103.32686,25.5848],[-103.32572,25.58455],[-103.32604,25.58334],[-103.32572,25.58455],[-103.32867,25.58525],[-103.32944,25.58209],[-103.32867,25.5821],[-103.32846,25.583],[-103.32867,25.5821],[-103.3222,25.58217],[-103.32414,25.58314],[-103.32388,25.5847],[-103.32414,25.58314],[-103.32218,25.58226],[-103.32187,25.58404],[-103.32323,25.58466],[-103.32187,25.58404],[-103.32164,25.58532],[-103.32821,25.58695],[-103.32867,25.58525],[-103.32686,25.5848]]],[[[-103.33421,25.58202],[-103.3336,25.58202],[-103.3327,25.58569],[-103.33332,25.58582],[-103.33421,25.58202]]],[[[-103.33344,25.58249],[-103.33356,25.58202],[-103.3316,25.58205],[-103.33142,25.58266],[-103.33312,25.58385],[-103.33344,25.58249]]],[[[-103.33223,25.58173],[-103.33364,25.5817],[-103.33384,25.5809],[-103.33225,25.57972],[-103.33177,25.58144],[-103.33223,25.58173]]],[[[-103.32708,25.58079],[-103.32395,25.58038],[-103.3252,25.57773],[-103.32434,25.57783],[-103.32402,25.58009],[-103.32257,25.58006],[-103.32225,25.58187],[-103.32874,25.58178],[-103.3289,25.58106],[-103.32708,25.58079]]],[[[-103.32848,25.57735],[-103.32637,25.57759],[-103.32546,25.58056],[-103.3284,25.58096],[-103.32948,25.57723],[-103.32848,25.57735]]],[[[-103.33416,25.57817],[-103.33273,25.57798],[-103.33409,25.579],[-103.33416,25.57817]]],[[[-103.3323,25.57863],[-103.33279,25.57685],[-103.33077,25.57708],[-103.32957,25.58176],[-103.33144,25.58173],[-103.3323,25.57863]]],[[[-103.3051,25.58246],[-103.30475,25.58385],[-103.30613,25.58423],[-103.3071,25.5801],[-103.30429,25.58001],[-103.30339,25.58348],[-103.30467,25.58383],[-103.3051,25.58246]]],[[[-103.29305,25.58053],[-103.29274,25.5822],[-103.29427,25.5818],[-103.29503,25.57755],[-103.29357,25.57739],[-103.29305,25.58053]]],[[[-103.30936,25.5843],[-103.30916,25.58506],[-103.31045,25.58541],[-103.31079,25.58384],[-103.30952,25.5837],[-103.30936,25.5843]]],[[[-103.29903,25.58139],[-103.29882,25.58258],[-103.30022,25.58281],[-103.30044,25.58161],[-103.29903,25.58139]]],[[[-103.30159,25.58466],[-103.30136,25.58565],[-103.30253,25.5858],[-103.30305,25.58381],[-103.30186,25.5835],[-103.30159,25.58466]]],[[[-103.29756,25.5809],[-103.29732,25.58227],[-103.29883,25.58253],[-103.29912,25.58095],[-103.29756,25.5809]]],[[[-103.2966,25.5777],[-103.29637,25.57881],[-103.29772,25.57897],[-103.29786,25.57804],[-103.2966,25.5777]]],[[[-103.30567,25.58624],[-103.30517,25.58825],[-103.30659,25.58857],[-103.30691,25.58711],[-103.30827,25.58732],[-103.30876,25.58537],[-103.30746,25.58502],[-103.30701,25.5867],[-103.30567,25.58624]]],[[[-103.29926,25.58017],[-103.30068,25.5804],[-103.30098,25.57898],[-103.29957,25.57855],[-103.29926,25.58017]]],[[[-103.32993,25.58208],[-103.32936,25.58262],[-103.33112,25.58287],[-103.33135,25.58206],[-103.32993,25.58208]]],[[[-103.3299,25.58274],[-103.32935,25.58267],[-103.32826,25.58696],[-103.32995,25.5871],[-103.33111,25.5829],[-103.3299,25.58274]]],[[[-103.33384,25.5809],[-103.3345,25.57829],[-103.33409,25.579],[-103.33273,25.57798],[-103.33225,25.57972],[-103.33384,25.5809]]],[[[-103.33022,25.57714],[-103.32948,25.57723],[-103.3284,25.58096],[-103.32968,25.58111],[-103.3307,25.57709],[-103.33022,25.57714]]],[[[-103.33312,25.58385],[-103.33142,25.58266],[-103.33098,25.58446],[-103.33266,25.58567],[-103.33312,25.58385]]],[[[-103.3318,25.58876],[-103.3329,25.58861],[-103.32982,25.58847],[-103.32979,25.58979],[-103.33164,25.59005],[-103.3318,25.58876]]],[[[-103.32546,25.58056],[-103.32637,25.57759],[-103.3252,25.57773],[-103.32425,25.58039],[-103.32546,25.58056]]],[[[-103.32402,25.58009],[-103.32434,25.57783],[-103.32293,25.57799],[-103.32257,25.58006],[-103.32402,25.58009]]],[[[-103.33282,25.57768],[-103.3345,25.57829],[-103.33474,25.57737],[-103.33306,25.57679],[-103.33282,25.57768]]],[[[-103.33332,25.58588],[-103.33093,25.58446],[-103.33061,25.58575],[-103.33179,25.58658],[-103.33061,25.58575],[-103.33088,25.58465],[-103.32994,25.58806],[-103.3333,25.58821],[-103.33332,25.58588]]],[[[-103.32412,25.56325],[-103.3222,25.56269],[-103.32261,25.56057],[-103.32114,25.55997],[-103.32061,25.56249],[-103.32218,25.56275],[-103.32155,25.56536],[-103.32344,25.56626],[-103.32403,25.56371],[-103.32531,25.56405],[-103.32575,25.56185],[-103.32453,25.56135],[-103.32412,25.56325]]],[[[-103.30608,25.57901],[-103.30941,25.57907],[-103.30918,25.57743],[-103.30368,25.57568],[-103.30286,25.57919],[-103.30608,25.57901]]],[[[-103.32125,25.56669],[-103.31974,25.56646],[-103.31927,25.56862],[-103.3208,25.56885],[-103.32125,25.56669]]],[[[-103.32147,25.56567],[-103.32127,25.56659],[-103.32335,25.56675],[-103.32147,25.56567]]],[[[-103.29829,25.58435],[-103.29876,25.58293],[-103.29725,25.58269],[-103.29699,25.5842],[-103.29829,25.58435]]],[[[-103.30046,25.58282],[-103.30176,25.58304],[-103.30189,25.5825],[-103.30056,25.58234],[-103.30046,25.58282]]],[[[-103.30409,25.58003],[-103.30423,25.57944],[-103.30278,25.57953],[-103.30196,25.58309],[-103.30316,25.58342],[-103.30409,25.58003]]],[[[-103.32602,25.5907],[-103.32817,25.59085],[-103.32817,25.58839],[-103.32602,25.58828],[-103.32602,25.5907]]],[[[-103.32377,25.58997],[-103.32592,25.59063],[-103.32592,25.58827],[-103.3238,25.58815],[-103.32377,25.58997]]],[[[-103.32125,25.58759],[-103.32372,25.58774],[-103.32376,25.5859],[-103.32164,25.58535],[-103.32125,25.58759]]],[[[-103.31977,25.5954],[-103.32083,25.58797],[-103.31933,25.58787],[-103.31907,25.58908],[-103.31734,25.58904],[-103.31593,25.59477],[-103.31967,25.59599],[-103.31977,25.5954]]],[[[-103.31752,25.58826],[-103.31738,25.58884],[-103.31876,25.58909],[-103.31916,25.58786],[-103.31764,25.58776],[-103.31752,25.58826]]],[[[-103.29986,25.58578],[-103.3011,25.58589],[-103.30158,25.58382],[-103.30029,25.58366],[-103.29986,25.58578]]],[[[-103.30167,25.58345],[-103.30026,25.58317],[-103.3012,25.58334],[-103.3003,25.58363],[-103.30167,25.58345]]],[[[-103.30573,25.58616],[-103.30697,25.58658],[-103.30731,25.58538],[-103.30602,25.58508],[-103.30573,25.58616]]],[[[-103.32048,25.5819],[-103.32091,25.57815],[-103.31987,25.57835],[-103.31893,25.58192],[-103.32048,25.5819]]],[[[-103.33316,25.57645],[-103.33356,25.57318],[-103.32367,25.57418],[-103.32301,25.57761],[-103.33316,25.57645]]],[[[-103.32097,25.57323],[-103.32098,25.57669],[-103.32285,25.57652],[-103.32339,25.57375],[-103.32097,25.57323]]],[[[-103.32097,25.5778],[-103.32097,25.57717],[-103.3201,25.57789],[-103.32097,25.5778]]],[[[-103.32603,25.58787],[-103.32817,25.58798],[-103.32815,25.58704],[-103.32603,25.58651],[-103.32603,25.58787]]],[[[-103.3238,25.58774],[-103.32592,25.58786],[-103.32592,25.58643],[-103.32383,25.58593],[-103.3238,25.58774]]],[[[-103.32172,25.58291],[-103.32044,25.58274],[-103.31942,25.58747],[-103.3209,25.58757],[-103.32172,25.58291]]],[[[-103.31774,25.58735],[-103.31925,25.58746],[-103.3203,25.58253],[-103.31889,25.58215],[-103.31774,25.58735]]],[[[-103.32098,25.5891],[-103.32367,25.58996],[-103.32371,25.58815],[-103.32117,25.588],[-103.32098,25.5891]]],[[[-103.33496,25.5766],[-103.33424,25.57711],[-103.33488,25.57734],[-103.33496,25.5766]]],[[[-103.32952,25.58177],[-103.32967,25.58115],[-103.3289,25.58106],[-103.32874,25.58178],[-103.32952,25.58177]]],[[[-103.29296,25.58259],[-103.29411,25.58274],[-103.2942,25.5822],[-103.29296,25.58259]]],[[[-103.31046,25.58022],[-103.3113,25.58024],[-103.31156,25.57946],[-103.3107,25.57933],[-103.31046,25.58022]]],[[[-103.32051,25.58221],[-103.32096,25.5827],[-103.32184,25.58219],[-103.32051,25.58221]]],[[[-103.33414,25.57638],[-103.3345,25.57387],[-103.33345,25.57398],[-103.33316,25.57645],[-103.33414,25.57638]]],[[[-103.3345,25.57387],[-103.33461,25.57307],[-103.33355,25.57318],[-103.33345,25.57398],[-103.3345,25.57387]]],[[[-103.32888,25.58979],[-103.32825,25.58976],[-103.32825,25.59089],[-103.32888,25.58979]]],[[[-103.3292,25.58977],[-103.32979,25.58979],[-103.32982,25.58847],[-103.3292,25.58977]]],[[[-103.33423,25.57669],[-103.33332,25.57679],[-103.33424,25.57711],[-103.33423,25.57669]]],[[[-103.30219,25.5812],[-103.30245,25.5801],[-103.30105,25.57991],[-103.30082,25.58103],[-103.30219,25.5812]]],[[[-103.30219,25.5812],[-103.30083,25.581],[-103.30056,25.58231],[-103.3019,25.58247],[-103.30219,25.5812]]],[[[-103.30106,25.57987],[-103.30245,25.58006],[-103.30259,25.57948],[-103.30122,25.57905],[-103.30106,25.57987]]],[[[-103.33988,25.47372],[-103.33611,25.4729],[-103.33554,25.47516],[-103.34033,25.47606],[-103.33988,25.47372]]],[[[-103.32906,25.47632],[-103.32845,25.4788],[-103.33396,25.47996],[-103.33511,25.47542],[-103.32953,25.47438],[-103.32906,25.47632]]],[[[-103.33487,25.57742],[-103.33368,25.58171],[-103.33431,25.5817],[-103.33487,25.57742]]],[[[-103.32744,25.5735],[-103.32414,25.57177],[-103.32366,25.57418],[-103.32854,25.57369],[-103.32744,25.5735]]],[[[-103.32397,25.60776],[-103.32009,25.61421],[-103.32504,25.61536],[-103.32862,25.60821],[-103.32431,25.60704],[-103.32397,25.60776]]],[[[-103.33278,25.60106],[-103.33127,25.601],[-103.32637,25.60375],[-103.33325,25.60342],[-103.33147,25.60318],[-103.3368,25.60353],[-103.33794,25.60126],[-103.33278,25.60106]]],[[[-103.33102,25.60392],[-103.32611,25.60416],[-103.32454,25.60667],[-103.3288,25.60783],[-103.32962,25.60619],[-103.32881,25.60783],[-103.33508,25.60954],[-103.33785,25.60415],[-103.33102,25.60392]]],[[[-103.32744,25.61057],[-103.32504,25.61536],[-103.33157,25.61668],[-103.33488,25.60994],[-103.33208,25.60915],[-103.33043,25.61242],[-103.33208,25.60915],[-103.32862,25.60821],[-103.32744,25.61057]]],[[[-103.32486,25.61574],[-103.31987,25.61459],[-103.31795,25.61773],[-103.32705,25.61921],[-103.32959,25.62071],[-103.33138,25.61706],[-103.32486,25.61574]]],[[[-103.33936,25.60248],[-103.33862,25.6039],[-103.34001,25.60443],[-103.3407,25.6031],[-103.33936,25.60248]]],[[[-103.3479,25.66789],[-103.3501,25.66801],[-103.35023,25.66448],[-103.34742,25.6642],[-103.3479,25.66789]]],[[[-103.35268,25.66814],[-103.35513,25.66827],[-103.3595,25.66541],[-103.35043,25.6645],[-103.3503,25.66802],[-103.35268,25.66814]]],[[[-103.35023,25.67003],[-103.35018,25.6714],[-103.35491,25.6684],[-103.35029,25.66816],[-103.35023,25.67003]]],[[[-103.34819,25.67007],[-103.34878,25.67209],[-103.34997,25.67161],[-103.35009,25.66815],[-103.34792,25.66804],[-103.34819,25.67007]]],[[[-103.34834,25.65769],[-103.34837,25.65839],[-103.35047,25.65764],[-103.35052,25.65642],[-103.34642,25.65629],[-103.3469,25.65895],[-103.34837,25.65839],[-103.34834,25.65769]]],[[[-103.35063,25.65345],[-103.35065,25.65275],[-103.3463,25.65283],[-103.34641,25.65614],[-103.35052,25.65628],[-103.35063,25.65345]]],[[[-103.35075,25.65564],[-103.35072,25.65627],[-103.35503,25.65595],[-103.35859,25.6548],[-103.35811,25.65042],[-103.35085,25.65272],[-103.35075,25.65564]]],[[[-103.36427,25.6518],[-103.36381,25.65024],[-103.35831,25.6504],[-103.35878,25.65473],[-103.36391,25.65292],[-103.36427,25.6518]]],[[[-103.35051,25.65261],[-103.3508,25.64864],[-103.34975,25.64909],[-103.3508,25.64859],[-103.35084,25.64752],[-103.349,25.64797],[-103.35064,25.64749],[-103.3489,25.64706],[-103.34899,25.64822],[-103.34875,25.647],[-103.34643,25.64765],[-103.34868,25.64697],[-103.34563,25.64516],[-103.34754,25.65066],[-103.34638,25.65269],[-103.35051,25.65261]]],[[[-103.35395,25.65159],[-103.35809,25.65027],[-103.35793,25.64881],[-103.35627,25.64886],[-103.35639,25.6501],[-103.35623,25.64886],[-103.35215,25.64934],[-103.35623,25.64883],[-103.35242,25.6478],[-103.35198,25.65054],[-103.35221,25.64811],[-103.35109,25.6505],[-103.3522,25.64807],[-103.351,25.64854],[-103.35086,25.65257],[-103.35395,25.65159]]],[[[-103.35826,25.64997],[-103.36305,25.65051],[-103.36371,25.65013],[-103.35814,25.64885],[-103.35826,25.64997]]],[[[-103.3519,25.65633],[-103.35072,25.65642],[-103.35068,25.65757],[-103.35452,25.65613],[-103.3519,25.65633]]],[[[-103.34999,25.65981],[-103.35039,25.65997],[-103.35042,25.65927],[-103.34717,25.6595],[-103.34726,25.66101],[-103.34989,25.66101],[-103.34999,25.65981]]],[[[-103.35256,25.65925],[-103.35235,25.6586],[-103.35063,25.65873],[-103.35256,25.65925]]],[[[-103.35135,25.65937],[-103.35061,25.65927],[-103.35059,25.65986],[-103.35245,25.65951],[-103.35135,25.65937]]],[[[-103.34837,25.65914],[-103.35043,25.659],[-103.35045,25.65799],[-103.34734,25.65879],[-103.34837,25.65914]]],[[[-103.36332,25.65473],[-103.36385,25.65294],[-103.35995,25.65433],[-103.35939,25.65596],[-103.3628,25.65635],[-103.36332,25.65473]]],[[[-103.36242,25.65645],[-103.35889,25.65612],[-103.35854,25.65768],[-103.36223,25.65816],[-103.36242,25.65645]]],[[[-103.35868,25.65614],[-103.35766,25.65627],[-103.35741,25.65753],[-103.35834,25.65765],[-103.35868,25.65614]]],[[[-103.36088,25.6625],[-103.3615,25.66054],[-103.3584,25.66026],[-103.35807,25.66212],[-103.36088,25.6625]]],[[[-103.36584,25.65083],[-103.36473,25.65167],[-103.36686,25.65139],[-103.36705,25.65043],[-103.36584,25.65083]]],[[[-103.36049,25.67637],[-103.36108,25.67643],[-103.36186,25.6737],[-103.36118,25.67198],[-103.36089,25.67395],[-103.36118,25.67198],[-103.35942,25.66881],[-103.35549,25.66845],[-103.34928,25.67231],[-103.36049,25.67637]]],[[[-103.35834,25.66848],[-103.35975,25.66857],[-103.36023,25.66698],[-103.35932,25.6669],[-103.35954,25.66601],[-103.35577,25.66828],[-103.35834,25.66848]]],[[[-103.35977,25.6797],[-103.36083,25.67667],[-103.35534,25.679],[-103.35542,25.6902],[-103.35811,25.6888],[-103.35977,25.6797]]],[[[-103.3637,25.66752],[-103.36286,25.66872],[-103.36305,25.66944],[-103.36048,25.66969],[-103.36199,25.67357],[-103.36629,25.66792],[-103.36505,25.66691],[-103.3637,25.66752]]],[[[-103.34718,25.66239],[-103.35029,25.66276],[-103.35035,25.66111],[-103.34695,25.66065],[-103.34718,25.66239]]],[[[-103.35049,25.66278],[-103.35702,25.66356],[-103.35736,25.66203],[-103.35055,25.66113],[-103.35049,25.66278]]],[[[-103.35722,25.66358],[-103.36041,25.66397],[-103.36088,25.6625],[-103.35756,25.66206],[-103.35722,25.66358]]],[[[-103.34718,25.66239],[-103.34739,25.66402],[-103.35023,25.6643],[-103.35029,25.66276],[-103.34718,25.66239]]],[[[-103.35049,25.66278],[-103.35043,25.66432],[-103.35671,25.66495],[-103.35702,25.66355],[-103.35049,25.66278]]],[[[-103.35721,25.66359],[-103.35691,25.66497],[-103.35979,25.66525],[-103.36041,25.66397],[-103.35721,25.66359]]],[[[-103.33835,25.61822],[-103.33695,25.61799],[-103.33502,25.62148],[-103.33902,25.62211],[-103.34046,25.61858],[-103.33835,25.61822]]],[[[-103.32689,25.60205],[-103.32772,25.60241],[-103.33081,25.60092],[-103.32762,25.59996],[-103.32689,25.60205]]],[[[-103.31762,25.61832],[-103.31726,25.61902],[-103.32835,25.62053],[-103.32666,25.61951],[-103.31762,25.61832]]],[[[-103.34039,25.61171],[-103.33715,25.61761],[-103.34069,25.6182],[-103.3413,25.61722],[-103.34004,25.61627],[-103.34213,25.61221],[-103.34039,25.61171]]],[[[-103.3371,25.61019],[-103.34014,25.61119],[-103.34299,25.60596],[-103.33842,25.60428],[-103.33567,25.60971],[-103.3371,25.61019]]],[[[-103.33814,25.61485],[-103.33994,25.61156],[-103.33548,25.61009],[-103.33235,25.6167],[-103.33668,25.61753],[-103.33814,25.61485]]],[[[-103.351,25.6485],[-103.35237,25.64779],[-103.35104,25.64756],[-103.351,25.6485]]],[[[-103.34265,25.6112],[-103.34493,25.60668],[-103.34341,25.60612],[-103.34055,25.61133],[-103.34229,25.6119],[-103.34265,25.6112]]],[[[-103.33024,25.6208],[-103.33455,25.62141],[-103.33647,25.61792],[-103.33206,25.61723],[-103.33024,25.6208]]],[[[-103.34401,25.60472],[-103.34348,25.6057],[-103.34522,25.60635],[-103.34584,25.6053],[-103.34401,25.60472]]],[[[-103.3372,25.60274],[-103.3368,25.60349],[-103.33801,25.60371],[-103.33932,25.6014],[-103.33796,25.60128],[-103.3372,25.60274]]],[[[-103.34048,25.60356],[-103.34001,25.60443],[-103.34326,25.60563],[-103.34375,25.60473],[-103.34048,25.60356]]]]},"properties":{"SIMBOLOGIA":"Agroindustria (AI)"}},{"type":"Feature","geometry":{"type":"MultiPolygon","coordinates":[[[[-103.34481,25.52065],[-103.34296,25.5169],[-103.34125,25.51786],[-103.34335,25.522],[-103.34496,25.5218],[-103.34481,25.52065]]],[[[-103.33189,25.52708],[-103.33297,25.52711],[-103.33224,25.52501],[-103.33033,25.52398],[-103.32854,25.52389],[-103.32878,25.52623],[-103.33188,25.52626],[-103.33189,25.52708]]],[[[-103.34227,25.52045],[-103.34107,25.51794],[-103.33916,25.51903],[-103.34072,25.52247],[-103.34317,25.52203],[-103.34227,25.52045]]],[[[-103.33703,25.5206],[-103.33581,25.52096],[-103.33595,25.52135],[-103.33689,25.52154],[-103.33703,25.5206]]],[[[-103.32856,25.52241],[-103.32857,25.52312],[-103.33236,25.5241],[-103.33374,25.52336],[-103.33302,25.52061],[-103.32856,25.52241]]],[[[-103.31807,25.52019],[-103.321,25.52062],[-103.32198,25.51634],[-103.3235,25.51486],[-103.32052,25.5108],[-103.31807,25.52019]]],[[[-103.32368,25.51501],[-103.3222,25.51645],[-103.32124,25.52065],[-103.3277,25.52161],[-103.32761,25.51938],[-103.32368,25.51501]]],[[[-103.32365,25.50773],[-103.32082,25.50984],[-103.32407,25.51423],[-103.32859,25.51184],[-103.32414,25.50737],[-103.32365,25.50773]]],[[[-103.32881,25.5179],[-103.32778,25.51818],[-103.32837,25.51891],[-103.33547,25.51553],[-103.33368,25.5132],[-103.32951,25.5145],[-103.3292,25.51661],[-103.32981,25.51777],[-103.32881,25.5179]]],[[[-103.33505,25.51976],[-103.33564,25.52092],[-103.3386,25.52017],[-103.33813,25.51922],[-103.33505,25.51976]]],[[[-103.3221,25.50525],[-103.32102,25.50941],[-103.32397,25.50719],[-103.3221,25.50525]]],[[[-103.3301,25.50804],[-103.32747,25.50499],[-103.32433,25.50724],[-103.32884,25.51176],[-103.3314,25.51026],[-103.3301,25.50804]]],[[[-103.33861,25.52019],[-103.33774,25.52053],[-103.33821,25.52149],[-103.33951,25.522],[-103.33861,25.52019]]],[[[-103.31591,25.61118],[-103.31517,25.61253],[-103.31619,25.61289],[-103.31708,25.6114],[-103.31591,25.61118]]],[[[-103.30826,25.60714],[-103.30657,25.60666],[-103.30617,25.60836],[-103.30787,25.60891],[-103.30826,25.60714]]],[[[-103.29642,25.60327],[-103.29834,25.60353],[-103.29916,25.60002],[-103.29335,25.59896],[-103.29299,25.60046],[-103.29701,25.60118],[-103.29495,25.60088],[-103.29455,25.60266],[-103.29642,25.60327],[-103.29684,25.60144],[-103.29642,25.60327]]],[[[-103.27013,25.5885],[-103.27055,25.58759],[-103.26957,25.58874],[-103.27013,25.5885]]],[[[-103.3145,25.59594],[-103.31511,25.59614],[-103.31543,25.59492],[-103.31159,25.59379],[-103.31128,25.59486],[-103.3145,25.59594]]],[[[-103.28433,25.60895],[-103.28537,25.60915],[-103.28559,25.60827],[-103.28452,25.60807],[-103.28433,25.60895]]],[[[-103.28212,25.60826],[-103.28427,25.60895],[-103.28448,25.60802],[-103.28235,25.60745],[-103.28212,25.60826]]],[[[-103.2929,25.61673],[-103.2956,25.61609],[-103.27474,25.61294],[-103.2882,25.61547],[-103.28893,25.61835],[-103.2929,25.61673]]],[[[-103.27145,25.58181],[-103.26814,25.58126],[-103.26833,25.58249],[-103.26682,25.58223],[-103.26659,25.58084],[-103.26534,25.58058],[-103.26554,25.58202],[-103.26316,25.58163],[-103.2655,25.58198],[-103.26529,25.58061],[-103.25957,25.57951],[-103.26127,25.58284],[-103.27195,25.58415],[-103.27145,25.58181]]],[[[-103.26538,25.58536],[-103.26701,25.58561],[-103.2666,25.58383],[-103.26701,25.58561],[-103.2709,25.58612],[-103.2713,25.58443],[-103.26131,25.5831],[-103.26204,25.58488],[-103.26538,25.58536]]],[[[-103.26927,25.59677],[-103.27184,25.58963],[-103.26986,25.58922],[-103.267,25.59594],[-103.26764,25.59735],[-103.269,25.59761],[-103.26927,25.59677]]],[[[-103.27171,25.59756],[-103.27378,25.59004],[-103.27187,25.58964],[-103.26903,25.59761],[-103.27161,25.59798],[-103.27171,25.59756]]],[[[-103.26688,25.5886],[-103.26547,25.58831],[-103.26504,25.58968],[-103.26643,25.58987],[-103.26413,25.58949],[-103.26699,25.5959],[-103.26851,25.5923],[-103.26567,25.59191],[-103.26851,25.59226],[-103.26939,25.59024],[-103.2672,25.5899],[-103.2694,25.59021],[-103.26983,25.58922],[-103.26688,25.5886]]],[[[-103.27082,25.60072],[-103.27152,25.59838],[-103.26891,25.598],[-103.26851,25.59922],[-103.27038,25.60332],[-103.27334,25.60346],[-103.27351,25.60283],[-103.27334,25.60346],[-103.27675,25.60411],[-103.27704,25.60303],[-103.27532,25.60267],[-103.27704,25.60297],[-103.27746,25.60132],[-103.27576,25.60108],[-103.27579,25.59982],[-103.27507,25.60011],[-103.27595,25.599],[-103.27372,25.59869],[-103.27312,25.60089],[-103.27367,25.59868],[-103.27156,25.59838],[-103.27054,25.60194],[-103.27082,25.60072]]],[[[-103.27398,25.59785],[-103.27383,25.59829],[-103.27605,25.59861],[-103.27793,25.59091],[-103.27589,25.59048],[-103.27398,25.59785]]],[[[-103.27171,25.59778],[-103.27377,25.59828],[-103.27586,25.59047],[-103.27386,25.59005],[-103.27171,25.59778]]],[[[-103.26458,25.58813],[-103.26341,25.58788],[-103.26413,25.58949],[-103.26504,25.58968],[-103.26548,25.58828],[-103.26458,25.58813]]],[[[-103.2647,25.58773],[-103.26782,25.58838],[-103.26818,25.58725],[-103.26628,25.58752],[-103.26568,25.58707],[-103.26624,25.58555],[-103.26246,25.58499],[-103.2632,25.58742],[-103.2647,25.58773]]],[[[-103.27421,25.58867],[-103.27396,25.58966],[-103.27597,25.59008],[-103.27721,25.58532],[-103.27525,25.5849],[-103.27421,25.58867]]],[[[-103.2724,25.58813],[-103.27201,25.58925],[-103.27389,25.58964],[-103.27471,25.58668],[-103.27308,25.58625],[-103.2724,25.58813]]],[[[-103.27228,25.58837],[-103.27334,25.58526],[-103.27176,25.58503],[-103.27003,25.58884],[-103.27197,25.58924],[-103.27228,25.58837]]],[[[-103.27615,25.59943],[-103.27584,25.60105],[-103.27748,25.60126],[-103.27799,25.59929],[-103.27615,25.59943]]],[[[-103.29363,25.61519],[-103.28953,25.61438],[-103.2894,25.61484],[-103.2956,25.61584],[-103.29574,25.61522],[-103.29363,25.61519]]],[[[-103.28098,25.61322],[-103.28088,25.61362],[-103.28305,25.61392],[-103.28314,25.61351],[-103.28098,25.61322]]],[[[-103.28992,25.61226],[-103.29112,25.60725],[-103.28492,25.60608],[-103.28448,25.60793],[-103.28662,25.60819],[-103.28533,25.61358],[-103.28947,25.61415],[-103.28992,25.61226]]],[[[-103.27696,25.61244],[-103.27901,25.61272],[-103.27926,25.61166],[-103.27722,25.61138],[-103.27696,25.61244]]],[[[-103.27644,25.59836],[-103.27809,25.5989],[-103.27999,25.59133],[-103.27812,25.59094],[-103.27644,25.59836]]],[[[-103.28518,25.60502],[-103.28502,25.60568],[-103.29121,25.60686],[-103.29171,25.60474],[-103.28549,25.60367],[-103.28518,25.60502]]],[[[-103.28128,25.60376],[-103.28102,25.60492],[-103.2829,25.60528],[-103.28341,25.60331],[-103.28151,25.60304],[-103.28128,25.60376]]],[[[-103.27709,25.60309],[-103.27681,25.60412],[-103.27881,25.6045],[-103.27921,25.60278],[-103.27722,25.6025],[-103.27709,25.60309]]],[[[-103.28349,25.60351],[-103.28305,25.60531],[-103.28498,25.60567],[-103.28543,25.60366],[-103.28349,25.60351]]],[[[-103.27937,25.60304],[-103.27893,25.60452],[-103.28092,25.6049],[-103.28138,25.60307],[-103.27937,25.60304]]],[[[-103.27324,25.60386],[-103.27057,25.60375],[-103.27476,25.61213],[-103.27665,25.60451],[-103.27324,25.60386]]],[[[-103.27707,25.61181],[-103.27872,25.6049],[-103.2767,25.60451],[-103.2748,25.61214],[-103.27692,25.61243],[-103.27707,25.61181]]],[[[-103.29638,25.61238],[-103.29726,25.60842],[-103.29335,25.60768],[-103.29215,25.61284],[-103.2961,25.61363],[-103.29638,25.61238]]],[[[-103.28156,25.61088],[-103.28104,25.61299],[-103.28318,25.61329],[-103.28422,25.60892],[-103.28219,25.60834],[-103.28156,25.61088]]],[[[-103.27986,25.60971],[-103.27911,25.61273],[-103.28101,25.61299],[-103.28212,25.60834],[-103.28033,25.60783],[-103.27986,25.60971]]],[[[-103.27722,25.61134],[-103.27927,25.6116],[-103.27965,25.60999],[-103.27763,25.60974],[-103.27722,25.61134]]],[[[-103.27801,25.60823],[-103.27765,25.60968],[-103.27968,25.60995],[-103.28081,25.6053],[-103.27883,25.60492],[-103.27801,25.60823]]],[[[-103.28252,25.60678],[-103.2828,25.60567],[-103.28093,25.60532],[-103.28034,25.60779],[-103.28218,25.60827],[-103.28252,25.60678]]],[[[-103.28459,25.60731],[-103.28489,25.60607],[-103.28295,25.6057],[-103.28252,25.60743],[-103.28443,25.60796],[-103.28459,25.60731]]],[[[-103.29013,25.61245],[-103.28972,25.61417],[-103.29374,25.61472],[-103.29409,25.6133],[-103.29206,25.61291],[-103.2933,25.60767],[-103.29136,25.6073],[-103.29013,25.61245]]],[[[-103.28359,25.61334],[-103.28528,25.61358],[-103.28633,25.60933],[-103.28429,25.60895],[-103.28359,25.61334]]],[[[-103.2938,25.61473],[-103.29579,25.615],[-103.2961,25.61369],[-103.29412,25.6133],[-103.2938,25.61473]]],[[[-103.28733,25.61446],[-103.28946,25.61455],[-103.28739,25.61404],[-103.28733,25.61446]]],[[[-103.27638,25.58882],[-103.27601,25.59008],[-103.27789,25.59048],[-103.27908,25.58561],[-103.27728,25.58533],[-103.27638,25.58882]]],[[[-103.29346,25.60716],[-103.29734,25.60805],[-103.29772,25.60639],[-103.29382,25.60567],[-103.29346,25.60716]]],[[[-103.29164,25.60612],[-103.29145,25.6069],[-103.29339,25.60727],[-103.29444,25.60305],[-103.29252,25.60242],[-103.29164,25.60612]]],[[[-103.29268,25.60176],[-103.29453,25.60265],[-103.2949,25.60087],[-103.29297,25.60051],[-103.29268,25.60176]]],[[[-103.29328,25.59815],[-103.29405,25.59502],[-103.29134,25.5945],[-103.29098,25.59605],[-103.28965,25.59579],[-103.28851,25.60048],[-103.29238,25.60192],[-103.29252,25.60135],[-103.29192,25.60124],[-103.29253,25.60135],[-103.29328,25.59815]]],[[[-103.2864,25.59977],[-103.28806,25.59302],[-103.28609,25.5926],[-103.28486,25.5975],[-103.28657,25.59782],[-103.28485,25.59754],[-103.28437,25.5998],[-103.2864,25.59977]]],[[[-103.28055,25.59761],[-103.28199,25.59175],[-103.28004,25.59134],[-103.27814,25.5989],[-103.28016,25.59919],[-103.28055,25.59761]]],[[[-103.29435,25.60356],[-103.29383,25.60563],[-103.2958,25.606],[-103.29634,25.60367],[-103.29446,25.60306],[-103.29435,25.60356]]],[[[-103.28491,25.58898],[-103.28427,25.59181],[-103.28612,25.59219],[-103.28694,25.58906],[-103.28619,25.59221],[-103.29021,25.59304],[-103.29142,25.58749],[-103.28551,25.58661],[-103.28491,25.58898]]],[[[-103.28426,25.60019],[-103.28413,25.6006],[-103.28616,25.60101],[-103.28625,25.60051],[-103.28426,25.60019]]],[[[-103.29915,25.59537],[-103.29444,25.59435],[-103.29411,25.59573],[-103.29988,25.5968],[-103.30015,25.59559],[-103.29915,25.59537]]],[[[-103.28372,25.59406],[-103.28236,25.5995],[-103.28428,25.59979],[-103.28602,25.59259],[-103.28417,25.5922],[-103.28372,25.59406]]],[[[-103.28177,25.59306],[-103.28025,25.5992],[-103.28228,25.59949],[-103.28409,25.59219],[-103.28209,25.59177],[-103.28177,25.59306]]],[[[-103.2927,25.59303],[-103.2904,25.59259],[-103.29029,25.59306],[-103.29433,25.5939],[-103.29445,25.59343],[-103.2927,25.59303]]],[[[-103.28219,25.59135],[-103.28418,25.59179],[-103.28544,25.5866],[-103.28338,25.58628],[-103.28219,25.59135]]],[[[-103.29408,25.59332],[-103.29553,25.58857],[-103.29524,25.58892],[-103.2916,25.58752],[-103.2904,25.59259],[-103.29408,25.59332]]],[[[-103.28037,25.59018],[-103.28015,25.59095],[-103.28209,25.59135],[-103.28331,25.58627],[-103.28137,25.58597],[-103.28037,25.59018]]],[[[-103.2783,25.59026],[-103.28009,25.59094],[-103.28133,25.58596],[-103.27942,25.58567],[-103.2783,25.59026]]],[[[-103.29883,25.5983],[-103.29373,25.59736],[-103.29336,25.59891],[-103.29918,25.59998],[-103.29961,25.59848],[-103.29883,25.5983]]],[[[-103.29786,25.60583],[-103.29829,25.60393],[-103.29636,25.60367],[-103.29584,25.60601],[-103.29773,25.60636],[-103.29786,25.60583]]],[[[-103.29082,25.60273],[-103.28812,25.60218],[-103.2877,25.60396],[-103.29173,25.60468],[-103.29213,25.60298],[-103.29082,25.60273]]],[[[-103.28772,25.60137],[-103.28414,25.60067],[-103.28349,25.60327],[-103.28764,25.60397],[-103.28823,25.60146],[-103.28772,25.60137]]],[[[-103.28357,25.60281],[-103.28418,25.60018],[-103.28226,25.5999],[-103.2815,25.60298],[-103.28344,25.60326],[-103.28357,25.60281]]],[[[-103.28153,25.60254],[-103.28219,25.59989],[-103.28016,25.5996],[-103.27939,25.60264],[-103.28142,25.60298],[-103.28153,25.60254]]],[[[-103.27764,25.6009],[-103.27728,25.60231],[-103.27932,25.60263],[-103.28006,25.59959],[-103.27804,25.5993],[-103.27764,25.6009]]],[[[-103.28866,25.60098],[-103.28813,25.60212],[-103.29214,25.60294],[-103.29228,25.60234],[-103.28866,25.60098]]],[[[-103.2991,25.59675],[-103.2941,25.59579],[-103.29373,25.59733],[-103.29955,25.59842],[-103.29986,25.5969],[-103.2991,25.59675]]],[[[-103.29134,25.5945],[-103.29405,25.59502],[-103.29423,25.5943],[-103.29019,25.59346],[-103.28965,25.59579],[-103.29098,25.59604],[-103.29134,25.5945]]],[[[-103.2938,25.58604],[-103.27969,25.58329],[-103.28072,25.58557],[-103.29566,25.58816],[-103.29632,25.5865],[-103.2938,25.58604]]],[[[-103.27703,25.58279],[-103.27182,25.58187],[-103.27214,25.5841],[-103.2807,25.58555],[-103.27969,25.58329],[-103.27703,25.58279]]],[[[-103.31084,25.61554],[-103.3066,25.61465],[-103.30605,25.61717],[-103.31143,25.61806],[-103.31217,25.61684],[-103.31143,25.61806],[-103.3169,25.61897],[-103.3175,25.61783],[-103.31084,25.61554]]],[[[-103.31039,25.60697],[-103.31656,25.60902],[-103.31815,25.60573],[-103.30969,25.60487],[-103.30886,25.60651],[-103.31039,25.60697]]],[[[-103.30844,25.60839],[-103.30807,25.61009],[-103.31484,25.61243],[-103.3165,25.60915],[-103.30884,25.60663],[-103.30844,25.60839]]],[[[-103.3185,25.6131],[-103.31821,25.61358],[-103.31992,25.61415],[-103.32176,25.6109],[-103.32019,25.61039],[-103.3185,25.6131]]],[[[-103.31795,25.614],[-103.315,25.61292],[-103.31302,25.61604],[-103.31762,25.61763],[-103.31953,25.6145],[-103.31795,25.614]]],[[[-103.31372,25.61433],[-103.31464,25.61279],[-103.30798,25.6105],[-103.30757,25.61235],[-103.30899,25.61268],[-103.30757,25.61235],[-103.30711,25.61441],[-103.31272,25.61594],[-103.31372,25.61433]]],[[[-103.31735,25.60942],[-103.31693,25.60928],[-103.31597,25.61089],[-103.31733,25.61138],[-103.31818,25.6097],[-103.31735,25.60942]]],[[[-103.31908,25.6015],[-103.31979,25.60172],[-103.32039,25.60022],[-103.31947,25.59994],[-103.31908,25.6015]]],[[[-103.31733,25.60524],[-103.31818,25.60532],[-103.31884,25.60374],[-103.31806,25.60347],[-103.31733,25.60524]]],[[[-103.31741,25.60375],[-103.31857,25.60177],[-103.31346,25.60012],[-103.30998,25.60449],[-103.31718,25.60522],[-103.31741,25.60375]]],[[[-103.31932,25.60201],[-103.31875,25.60183],[-103.3181,25.60342],[-103.31893,25.60373],[-103.31932,25.60201]]],[[[-103.31408,25.5979],[-103.31451,25.59803],[-103.31512,25.59613],[-103.31138,25.59494],[-103.31093,25.59693],[-103.31408,25.5979]]],[[[-103.31363,25.59922],[-103.31439,25.59828],[-103.31084,25.59718],[-103.31049,25.59873],[-103.31331,25.59963],[-103.31363,25.59922]]],[[[-103.31646,25.60051],[-103.31878,25.60141],[-103.31906,25.60067],[-103.31669,25.59992],[-103.31646,25.60051]]],[[[-103.31618,25.59648],[-103.31554,25.59627],[-103.31494,25.59814],[-103.31616,25.59649],[-103.31492,25.59816],[-103.31614,25.59856],[-103.31687,25.59761],[-103.31596,25.5973],[-103.31618,25.59648]]],[[[-103.30916,25.60441],[-103.31301,25.6],[-103.31035,25.59911],[-103.30916,25.60441]]],[[[-103.30461,25.60508],[-103.29865,25.60407],[-103.30826,25.60713],[-103.30846,25.60632],[-103.30461,25.60508]]],[[[-103.29826,25.60578],[-103.29773,25.60809],[-103.30764,25.60997],[-103.30782,25.60915],[-103.30557,25.60877],[-103.30622,25.60657],[-103.29864,25.60414],[-103.29826,25.60578]]],[[[-103.30751,25.60214],[-103.30707,25.60423],[-103.30905,25.6044],[-103.31028,25.59904],[-103.30836,25.59853],[-103.30751,25.60214]]],[[[-103.31374,25.59978],[-103.31636,25.60065],[-103.31667,25.59986],[-103.31907,25.60063],[-103.31936,25.59988],[-103.31483,25.59842],[-103.31374,25.59978]]],[[[-103.32046,25.5977],[-103.32094,25.5994],[-103.32179,25.5982],[-103.32097,25.59797],[-103.32145,25.59686],[-103.3201,25.59642],[-103.32046,25.5977]]],[[[-103.31869,25.59602],[-103.31585,25.59506],[-103.31554,25.59628],[-103.31661,25.59664],[-103.31627,25.59723],[-103.31696,25.59755],[-103.31637,25.59863],[-103.32052,25.59997],[-103.3197,25.59629],[-103.31869,25.59602]]],[[[-103.32189,25.59838],[-103.32101,25.60014],[-103.32309,25.60089],[-103.32372,25.59877],[-103.32189,25.59838]]],[[[-103.32319,25.60092],[-103.32493,25.60155],[-103.32568,25.59936],[-103.32378,25.59882],[-103.32319,25.60092]]],[[[-103.32502,25.60158],[-103.32678,25.60221],[-103.32754,25.59991],[-103.32579,25.59941],[-103.32502,25.60158]]],[[[-103.32023,25.60186],[-103.32604,25.60372],[-103.32675,25.60249],[-103.32089,25.60041],[-103.32023,25.60186]]],[[[-103.31941,25.60373],[-103.3249,25.60555],[-103.32585,25.60403],[-103.32012,25.60219],[-103.31941,25.60373]]],[[[-103.31867,25.6054],[-103.32424,25.6066],[-103.32486,25.60561],[-103.31936,25.60378],[-103.31867,25.6054]]],[[[-103.30697,25.60463],[-103.30673,25.60572],[-103.30848,25.60624],[-103.30897,25.60479],[-103.30697,25.60463]]],[[[-103.3066,25.61465],[-103.29609,25.61528],[-103.29598,25.61575],[-103.30605,25.61717],[-103.3066,25.61465]]],[[[-103.29614,25.61505],[-103.30665,25.61441],[-103.30754,25.61041],[-103.29765,25.60849],[-103.29614,25.61505]],[[-103.29911,25.61276],[-103.29996,25.60942],[-103.30494,25.61023],[-103.3042,25.61343],[-103.29911,25.61276]]],[[[-103.26785,25.59781],[-103.26849,25.59921],[-103.26888,25.59799],[-103.26785,25.59781]]],[[[-103.28633,25.60052],[-103.2862,25.60105],[-103.28825,25.60143],[-103.28838,25.60087],[-103.28633,25.60052]]],[[[-103.28642,25.60013],[-103.28847,25.60047],[-103.29012,25.59344],[-103.28818,25.59304],[-103.28642,25.60013]]],[[[-103.27691,25.61266],[-103.27885,25.61337],[-103.27896,25.61294],[-103.27691,25.61266]]],[[[-103.28344,25.61396],[-103.28522,25.6138],[-103.28321,25.61352],[-103.28344,25.61396]]],[[[-103.27906,25.61295],[-103.27896,25.61337],[-103.28084,25.61364],[-103.28095,25.61321],[-103.27906,25.61295]]],[[[-103.32591,25.50578],[-103.32535,25.50521],[-103.32365,25.50647],[-103.32415,25.50704],[-103.32591,25.50578]]],[[[-103.33571,25.51574],[-103.32849,25.51919],[-103.32858,25.52153],[-103.33468,25.51893],[-103.3377,25.51838],[-103.33571,25.51574]]],[[[-103.31708,25.6114],[-103.31619,25.61289],[-103.31821,25.61358],[-103.31963,25.61129],[-103.31772,25.6106],[-103.31708,25.6114]]]]},"properties":{"SIMBOLOGIA":"Agricola de Riego (AR)"}},{"type":"Feature","geometry":{"type":"MultiPolygon","coordinates":[[[[-103.35821,25.5701],[-103.35647,25.57029],[-103.36128,25.57077],[-103.35962,25.56995],[-103.35821,25.5701]]],[[[-103.36724,25.57063],[-103.36788,25.57164],[-103.36936,25.57066],[-103.37003,25.57091],[-103.3693,25.57012],[-103.37038,25.57014],[-103.36929,25.57007],[-103.36971,25.56885],[-103.36907,25.56861],[-103.36645,25.56893],[-103.36724,25.57063]]],[[[-103.37112,25.57503],[-103.37255,25.57499],[-103.37251,25.5745],[-103.36946,25.57367],[-103.36982,25.57551],[-103.36882,25.57541],[-103.36982,25.5754],[-103.3697,25.57405],[-103.36953,25.57521],[-103.3685,25.57523],[-103.36835,25.57336],[-103.36639,25.5728],[-103.36671,25.57434],[-103.36817,25.57409],[-103.36825,25.57542],[-103.36871,25.57541],[-103.36825,25.5766],[-103.37263,25.57633],[-103.37255,25.57499],[-103.37112,25.57503]]],[[[-103.36643,25.57161],[-103.36673,25.57218],[-103.36768,25.57173],[-103.36625,25.56896],[-103.36512,25.56914],[-103.36643,25.57161]]],[[[-103.37334,25.56925],[-103.37293,25.568],[-103.37239,25.56809],[-103.37334,25.56925]]],[[[-103.37169,25.57714],[-103.37269,25.57715],[-103.37263,25.57633],[-103.37161,25.57637],[-103.37169,25.57714]]],[[[-103.36145,25.57763],[-103.36193,25.57776],[-103.3608,25.57683],[-103.363,25.57518],[-103.36189,25.57577],[-103.36294,25.57475],[-103.36308,25.5743],[-103.36235,25.57434],[-103.36308,25.5743],[-103.36336,25.57288],[-103.36273,25.57311],[-103.36336,25.57288],[-103.36277,25.57173],[-103.36158,25.57143],[-103.3609,25.57173],[-103.36182,25.57322],[-103.36016,25.57487],[-103.36135,25.57629],[-103.35994,25.57458],[-103.35843,25.57527],[-103.35757,25.57513],[-103.35784,25.57432],[-103.35716,25.57454],[-103.35758,25.57442],[-103.35756,25.57657],[-103.35638,25.57932],[-103.3602,25.57852],[-103.36145,25.57763]]],[[[-103.36141,25.57295],[-103.36182,25.57322],[-103.35984,25.57232],[-103.35951,25.57292],[-103.36141,25.57295]]],[[[-103.36228,25.57077],[-103.3631,25.57109],[-103.36158,25.57079],[-103.36228,25.57077]]],[[[-103.35674,25.57061],[-103.35674,25.57117],[-103.35969,25.57075],[-103.35674,25.57061]]],[[[-103.35929,25.57282],[-103.35956,25.57225],[-103.35852,25.57196],[-103.35666,25.57226],[-103.35929,25.57282]]],[[[-103.35671,25.57329],[-103.35665,25.57436],[-103.35742,25.57421],[-103.35683,25.57412],[-103.35671,25.57329]]],[[[-103.36525,25.57192],[-103.3667,25.57213],[-103.36576,25.57034],[-103.3661,25.57148],[-103.36525,25.57192]]],[[[-103.36443,25.5708],[-103.36347,25.56951],[-103.35973,25.56996],[-103.36152,25.56986],[-103.36217,25.57059],[-103.36189,25.57008],[-103.36331,25.56973],[-103.36399,25.57093],[-103.36331,25.57137],[-103.3642,25.57163],[-103.36443,25.5708]]],[[[-103.3648,25.57143],[-103.36559,25.57076],[-103.3645,25.57112],[-103.3648,25.57143]]],[[[-103.36524,25.5724],[-103.36345,25.57194],[-103.36388,25.57269],[-103.36524,25.5724]]],[[[-103.35816,25.57137],[-103.35703,25.57185],[-103.35945,25.57146],[-103.35816,25.57137]]],[[[-103.36253,25.57774],[-103.36327,25.57746],[-103.36285,25.5769],[-103.36253,25.57774]]],[[[-103.37227,25.57042],[-103.37251,25.57376],[-103.37377,25.57411],[-103.3737,25.57337],[-103.37305,25.57335],[-103.3737,25.57337],[-103.37335,25.57022],[-103.37227,25.57042]]],[[[-103.35998,25.57174],[-103.36135,25.57246],[-103.36072,25.57142],[-103.35998,25.57174]]],[[[-103.35918,25.57336],[-103.36095,25.57441],[-103.36063,25.57367],[-103.35918,25.57336]]],[[[-103.35585,25.57328],[-103.35594,25.57173],[-103.3552,25.57173],[-103.35575,25.57195],[-103.35585,25.57328]]],[[[-103.35382,25.57333],[-103.35487,25.57336],[-103.35379,25.57315],[-103.35383,25.57197],[-103.35438,25.57174],[-103.35366,25.57174],[-103.35382,25.57333]]],[[[-103.36004,25.57974],[-103.36106,25.57951],[-103.36093,25.57884],[-103.35993,25.5791],[-103.35981,25.57979],[-103.36067,25.58119],[-103.36159,25.58073],[-103.36168,25.57927],[-103.36297,25.57793],[-103.36149,25.57913],[-103.36129,25.58062],[-103.36056,25.58094],[-103.36004,25.57974]]],[[[-103.36021,25.57974],[-103.36126,25.57967],[-103.36111,25.5785],[-103.36106,25.57951],[-103.36021,25.57974]]],[[[-103.3695,25.57234],[-103.36999,25.57119],[-103.36741,25.57233],[-103.3689,25.57275],[-103.36815,25.57225],[-103.36941,25.57168],[-103.36897,25.57296],[-103.3695,25.57234]]],[[[-103.37184,25.57371],[-103.37243,25.57391],[-103.37237,25.57308],[-103.37184,25.57371]]],[[[-103.36999,25.57201],[-103.36982,25.5725],[-103.37052,25.57176],[-103.36999,25.57201]]],[[[-103.37088,25.57159],[-103.3704,25.57243],[-103.37149,25.5717],[-103.37088,25.57159]]],[[[-103.37016,25.57173],[-103.37226,25.57136],[-103.37219,25.57046],[-103.37016,25.57173]]],[[[-103.37097,25.57287],[-103.37154,25.573],[-103.36969,25.57282],[-103.37101,25.57334],[-103.37097,25.57287]]],[[[-103.37015,25.57258],[-103.36969,25.57282],[-103.37095,25.57266],[-103.37015,25.57258]]],[[[-103.35657,25.57649],[-103.35584,25.57658],[-103.35731,25.57681],[-103.35657,25.57649]]],[[[-103.3555,25.57388],[-103.35548,25.57442],[-103.3535,25.57452],[-103.35569,25.57457],[-103.3555,25.57388]]],[[[-103.35355,25.5737],[-103.35372,25.57422],[-103.35375,25.5735],[-103.35487,25.57336],[-103.35355,25.5737]]],[[[-103.35398,25.57227],[-103.3544,25.57271],[-103.35444,25.57205],[-103.35398,25.57227]]],[[[-103.36433,25.5597],[-103.36101,25.56143],[-103.36194,25.56447],[-103.3657,25.56262],[-103.36433,25.5597]]],[[[-103.35526,25.56317],[-103.35525,25.5665],[-103.35832,25.56591],[-103.35736,25.56319],[-103.35526,25.56317]]],[[[-103.36464,25.55852],[-103.36632,25.56217],[-103.36989,25.56021],[-103.36884,25.55847],[-103.36464,25.55852]]],[[[-103.35526,25.56045],[-103.35526,25.56292],[-103.35736,25.56292],[-103.35736,25.56044],[-103.35526,25.56045]]],[[[-103.35759,25.55847],[-103.35756,25.56292],[-103.36068,25.5613],[-103.35982,25.55846],[-103.35759,25.55847]]],[[[-103.36422,25.55945],[-103.36379,25.55853],[-103.3601,25.55847],[-103.36093,25.56117],[-103.36422,25.55945]]],[[[-103.36167,25.56461],[-103.36076,25.56157],[-103.35756,25.56319],[-103.3585,25.56584],[-103.36167,25.56461]]],[[[-103.35681,25.57985],[-103.35793,25.58018],[-103.3579,25.57958],[-103.35681,25.57985]]],[[[-103.36723,25.64656],[-103.36762,25.64709],[-103.36889,25.64676],[-103.36883,25.6444],[-103.36738,25.64479],[-103.36723,25.64656]]],[[[-103.37329,25.64407],[-103.3772,25.64322],[-103.37691,25.64227],[-103.37304,25.64329],[-103.37329,25.64407]]],[[[-103.37154,25.64369],[-103.36904,25.64438],[-103.36926,25.64511],[-103.37313,25.64411],[-103.37289,25.64333],[-103.37154,25.64369]]],[[[-103.3755,25.64129],[-103.37266,25.64206],[-103.373,25.64315],[-103.37704,25.64209],[-103.37649,25.64104],[-103.3755,25.64129]]],[[[-103.37209,25.64224],[-103.37242,25.64331],[-103.37285,25.64319],[-103.37251,25.64211],[-103.37209,25.64224]]],[[[-103.36968,25.64295],[-103.37,25.64395],[-103.37242,25.64331],[-103.37209,25.64225],[-103.36968,25.64295]]],[[[-103.36968,25.64295],[-103.36869,25.64325],[-103.36899,25.64421],[-103.37,25.64394],[-103.36968,25.64295]]],[[[-103.37483,25.64035],[-103.37235,25.64108],[-103.37265,25.64203],[-103.37638,25.64104],[-103.37599,25.63985],[-103.37483,25.64035]]],[[[-103.37117,25.64141],[-103.37152,25.64238],[-103.3725,25.64207],[-103.3722,25.64112],[-103.37117,25.64141]]],[[[-103.40353,25.60167],[-103.40386,25.60055],[-103.40341,25.60061],[-103.40353,25.60167]]],[[[-103.40473,25.60222],[-103.40336,25.6022],[-103.40519,25.60254],[-103.40473,25.60222]]],[[[-103.40412,25.60169],[-103.4053,25.60214],[-103.40537,25.60153],[-103.40412,25.60169]]]]},"properties":{"SIMBOLOGIA":"Habitacional densidad Media (H3)"}}]}